key,policy,scans,aLead_changed_scans,lead_aLead_changed
00000243--a4d9c0a5dd--0,E,621,144,0
00000243--a4d9c0a5dd--0,E1,621,0,0
00000243--a4d9c0a5dd--0,E2,621,144,0
00000243--a4d9c0a5dd--0,E3,621,144,0
00000243--a4d9c0a5dd--0,E4,621,20,0
00000243--a4d9c0a5dd--0,E5,621,507,231
00000245--2c15eb5d45--12,E,600,11,0
00000245--2c15eb5d45--12,E1,600,0,0
00000245--2c15eb5d45--12,E2,600,11,0
00000245--2c15eb5d45--12,E3,600,11,0
00000245--2c15eb5d45--12,E4,600,0,0
00000245--2c15eb5d45--12,E5,600,86,0
00000245--2c15eb5d45--19,E,600,163,0
00000245--2c15eb5d45--19,E1,600,12,0
00000245--2c15eb5d45--19,E2,600,173,0
00000245--2c15eb5d45--19,E3,600,173,0
00000245--2c15eb5d45--19,E4,600,26,0
00000245--2c15eb5d45--19,E5,600,399,0
00000245--2c15eb5d45--21,E,600,25,0
00000245--2c15eb5d45--21,E1,600,0,0
00000245--2c15eb5d45--21,E2,600,25,0
00000245--2c15eb5d45--21,E3,600,25,0
00000245--2c15eb5d45--21,E4,600,0,0
00000245--2c15eb5d45--21,E5,600,415,0
00000245--2c15eb5d45--32,E,600,29,0
00000245--2c15eb5d45--32,E1,600,10,0
00000245--2c15eb5d45--32,E2,600,10,0
00000245--2c15eb5d45--32,E3,600,10,0
00000245--2c15eb5d45--32,E4,600,0,0
00000245--2c15eb5d45--32,E5,600,248,0
00000245--2c15eb5d45--7,E,600,46,0
00000245--2c15eb5d45--7,E1,600,5,0
00000245--2c15eb5d45--7,E2,600,34,0
00000245--2c15eb5d45--7,E3,600,34,0
00000245--2c15eb5d45--7,E4,600,23,0
00000245--2c15eb5d45--7,E5,600,312,0
00000247--b657952782--0,E,619,140,0
00000247--b657952782--0,E1,619,0,0
00000247--b657952782--0,E2,619,140,0
00000247--b657952782--0,E3,619,140,0
00000247--b657952782--0,E4,619,0,0
00000247--b657952782--0,E5,619,450,0
00000247--b657952782--1,E,600,169,0
00000247--b657952782--1,E1,600,35,0
00000247--b657952782--1,E2,600,136,0
00000247--b657952782--1,E3,600,136,0
00000247--b657952782--1,E4,600,37,0
00000247--b657952782--1,E5,600,511,0
00000247--b657952782--10,E,600,0,0
00000247--b657952782--10,E1,600,0,0
00000247--b657952782--10,E2,600,0,0
00000247--b657952782--10,E3,600,0,0
00000247--b657952782--10,E4,600,0,0
00000247--b657952782--10,E5,600,141,0
00000247--b657952782--11,E,600,0,0
00000247--b657952782--11,E1,600,0,0
00000247--b657952782--11,E2,600,0,0
00000247--b657952782--11,E3,600,0,0
00000247--b657952782--11,E4,600,0,0
00000247--b657952782--11,E5,600,515,0
00000247--b657952782--12,E,600,22,0
00000247--b657952782--12,E1,600,0,0
00000247--b657952782--12,E2,600,22,0
00000247--b657952782--12,E3,600,22,0
00000247--b657952782--12,E4,600,0,0
00000247--b657952782--12,E5,600,536,0
00000247--b657952782--13,E,600,51,0
00000247--b657952782--13,E1,600,0,0
00000247--b657952782--13,E2,600,51,0
00000247--b657952782--13,E3,600,51,0
00000247--b657952782--13,E4,600,0,0
00000247--b657952782--13,E5,600,338,0
00000247--b657952782--14,E,600,52,0
00000247--b657952782--14,E1,600,0,0
00000247--b657952782--14,E2,600,52,0
00000247--b657952782--14,E3,600,52,0
00000247--b657952782--14,E4,600,25,0
00000247--b657952782--14,E5,600,258,0
00000247--b657952782--15,E,600,41,0
00000247--b657952782--15,E1,600,0,0
00000247--b657952782--15,E2,600,39,0
00000247--b657952782--15,E3,600,39,0
00000247--b657952782--15,E4,600,32,0
00000247--b657952782--15,E5,600,336,220
00000247--b657952782--16,E,600,36,0
00000247--b657952782--16,E1,600,12,0
00000247--b657952782--16,E2,600,12,0
00000247--b657952782--16,E3,600,12,0
00000247--b657952782--16,E4,600,0,0
00000247--b657952782--16,E5,600,61,0
00000247--b657952782--17,E,600,5,0
00000247--b657952782--17,E1,600,0,0
00000247--b657952782--17,E2,600,5,0
00000247--b657952782--17,E3,600,5,0
00000247--b657952782--17,E4,600,5,0
00000247--b657952782--17,E5,600,369,0
00000247--b657952782--18,E,600,3,0
00000247--b657952782--18,E1,600,0,0
00000247--b657952782--18,E2,600,0,0
00000247--b657952782--18,E3,600,0,0
00000247--b657952782--18,E4,600,0,0
00000247--b657952782--18,E5,600,199,0
00000247--b657952782--19,E,600,0,0
00000247--b657952782--19,E1,600,0,0
00000247--b657952782--19,E2,600,0,0
00000247--b657952782--19,E3,600,0,0
00000247--b657952782--19,E4,600,0,0
00000247--b657952782--19,E5,600,140,0
00000247--b657952782--2,E,599,234,0
00000247--b657952782--2,E1,599,5,0
00000247--b657952782--2,E2,599,7,0
00000247--b657952782--2,E3,599,7,0
00000247--b657952782--2,E4,599,7,0
00000247--b657952782--2,E5,599,441,3
00000247--b657952782--20,E,600,22,0
00000247--b657952782--20,E1,600,46,0
00000247--b657952782--20,E2,600,22,0
00000247--b657952782--20,E3,600,22,0
00000247--b657952782--20,E4,600,0,0
00000247--b657952782--20,E5,600,179,0
00000247--b657952782--21,E,600,27,0
00000247--b657952782--21,E1,600,11,0
00000247--b657952782--21,E2,600,27,0
00000247--b657952782--21,E3,600,27,0
00000247--b657952782--21,E4,600,10,0
00000247--b657952782--21,E5,600,109,0
00000247--b657952782--22,E,600,98,0
00000247--b657952782--22,E1,600,30,0
00000247--b657952782--22,E2,600,56,0
00000247--b657952782--22,E3,600,56,0
00000247--b657952782--22,E4,600,23,0
00000247--b657952782--22,E5,600,304,0
00000247--b657952782--23,E,600,49,0
00000247--b657952782--23,E1,600,24,0
00000247--b657952782--23,E2,600,37,0
00000247--b657952782--23,E3,600,37,0
00000247--b657952782--23,E4,600,1,0
00000247--b657952782--23,E5,600,103,0
00000247--b657952782--24,E,600,137,0
00000247--b657952782--24,E1,600,46,0
00000247--b657952782--24,E2,600,131,0
00000247--b657952782--24,E3,600,131,0
00000247--b657952782--24,E4,600,85,0
00000247--b657952782--24,E5,600,499,0
00000247--b657952782--25,E,600,81,0
00000247--b657952782--25,E1,600,50,0
00000247--b657952782--25,E2,600,80,0
00000247--b657952782--25,E3,600,80,0
00000247--b657952782--25,E4,600,0,0
00000247--b657952782--25,E5,600,521,0
00000247--b657952782--26,E,600,12,0
00000247--b657952782--26,E1,600,0,0
00000247--b657952782--26,E2,600,12,0
00000247--b657952782--26,E3,600,12,0
00000247--b657952782--26,E4,600,0,0
00000247--b657952782--26,E5,600,433,0
00000247--b657952782--27,E,600,84,0
00000247--b657952782--27,E1,600,38,0
00000247--b657952782--27,E2,600,84,0
00000247--b657952782--27,E3,600,84,0
00000247--b657952782--27,E4,600,0,0
00000247--b657952782--27,E5,600,406,0
00000247--b657952782--28,E,600,0,0
00000247--b657952782--28,E1,600,0,0
00000247--b657952782--28,E2,600,0,0
00000247--b657952782--28,E3,600,0,0
00000247--b657952782--28,E4,600,0,0
00000247--b657952782--28,E5,600,448,0
00000247--b657952782--29,E,600,47,0
00000247--b657952782--29,E1,600,0,0
00000247--b657952782--29,E2,600,20,0
00000247--b657952782--29,E3,600,20,0
00000247--b657952782--29,E4,600,0,0
00000247--b657952782--29,E5,600,182,0
00000247--b657952782--3,E,600,39,0
00000247--b657952782--3,E1,600,42,0
00000247--b657952782--3,E2,600,50,0
00000247--b657952782--3,E3,600,39,0
00000247--b657952782--3,E4,600,8,0
00000247--b657952782--3,E5,600,570,0
00000247--b657952782--30,E,599,1,0
00000247--b657952782--30,E1,599,0,0
00000247--b657952782--30,E2,599,0,0
00000247--b657952782--30,E3,599,0,0
00000247--b657952782--30,E4,599,0,0
00000247--b657952782--30,E5,599,128,0
00000247--b657952782--31,E,600,13,0
00000247--b657952782--31,E1,600,0,0
00000247--b657952782--31,E2,600,13,0
00000247--b657952782--31,E3,600,13,0
00000247--b657952782--31,E4,600,0,0
00000247--b657952782--31,E5,600,322,0
00000247--b657952782--32,E,599,59,0
00000247--b657952782--32,E1,599,0,0
00000247--b657952782--32,E2,599,26,0
00000247--b657952782--32,E3,599,26,0
00000247--b657952782--32,E4,599,0,0
00000247--b657952782--32,E5,599,389,0
00000247--b657952782--33,E,599,50,0
00000247--b657952782--33,E1,599,0,0
00000247--b657952782--33,E2,599,6,0
00000247--b657952782--33,E3,599,6,0
00000247--b657952782--33,E4,599,0,0
00000247--b657952782--33,E5,599,137,0
00000247--b657952782--34,E,599,0,0
00000247--b657952782--34,E1,599,0,0
00000247--b657952782--34,E2,599,0,0
00000247--b657952782--34,E3,599,0,0
00000247--b657952782--34,E4,599,0,0
00000247--b657952782--34,E5,599,554,0
00000247--b657952782--35,E,599,0,0
00000247--b657952782--35,E1,599,0,0
00000247--b657952782--35,E2,599,0,0
00000247--b657952782--35,E3,599,0,0
00000247--b657952782--35,E4,599,0,0
00000247--b657952782--35,E5,599,305,0
00000247--b657952782--36,E,599,280,0
00000247--b657952782--36,E1,599,0,0
00000247--b657952782--36,E2,599,280,0
00000247--b657952782--36,E3,599,280,0
00000247--b657952782--36,E4,599,18,0
00000247--b657952782--36,E5,599,227,0
00000247--b657952782--37,E,599,14,0
00000247--b657952782--37,E1,599,0,0
00000247--b657952782--37,E2,599,0,0
00000247--b657952782--37,E3,599,0,0
00000247--b657952782--37,E4,599,0,0
00000247--b657952782--37,E5,599,14,0
00000247--b657952782--38,E,599,97,0
00000247--b657952782--38,E1,599,5,0
00000247--b657952782--38,E2,599,58,0
00000247--b657952782--38,E3,599,58,0
00000247--b657952782--38,E4,599,5,0
00000247--b657952782--38,E5,599,321,0
00000247--b657952782--39,E,585,20,0
00000247--b657952782--39,E1,585,0,0
00000247--b657952782--39,E2,585,20,0
00000247--b657952782--39,E3,585,20,0
00000247--b657952782--39,E4,585,0,0
00000247--b657952782--39,E5,585,504,0
00000247--b657952782--4,E,599,18,0
00000247--b657952782--4,E1,599,0,0
00000247--b657952782--4,E2,599,18,0
00000247--b657952782--4,E3,599,18,0
00000247--b657952782--4,E4,599,18,0
00000247--b657952782--4,E5,599,139,0
00000247--b657952782--5,E,599,46,0
00000247--b657952782--5,E1,599,0,0
00000247--b657952782--5,E2,599,46,0
00000247--b657952782--5,E3,599,46,0
00000247--b657952782--5,E4,599,0,0
00000247--b657952782--5,E5,599,345,0
00000247--b657952782--6,E,600,126,0
00000247--b657952782--6,E1,600,0,0
00000247--b657952782--6,E2,600,126,0
00000247--b657952782--6,E3,600,126,0
00000247--b657952782--6,E4,600,15,0
00000247--b657952782--6,E5,600,411,219
00000247--b657952782--7,E,600,40,0
00000247--b657952782--7,E1,600,33,0
00000247--b657952782--7,E2,600,40,0
00000247--b657952782--7,E3,600,40,0
00000247--b657952782--7,E4,600,77,0
00000247--b657952782--7,E5,600,408,0
00000247--b657952782--8,E,599,155,0
00000247--b657952782--8,E1,599,109,0
00000247--b657952782--8,E2,599,109,0
00000247--b657952782--8,E3,599,109,0
00000247--b657952782--8,E4,599,0,0
00000247--b657952782--8,E5,599,337,0
00000247--b657952782--9,E,600,0,0
00000247--b657952782--9,E1,600,0,0
00000247--b657952782--9,E2,600,0,0
00000247--b657952782--9,E3,600,0,0
00000247--b657952782--9,E4,600,0,0
00000247--b657952782--9,E5,600,471,0
00000250--8354d55131--0,E,621,0,0
00000250--8354d55131--0,E1,621,0,0
00000250--8354d55131--0,E2,621,0,0
00000250--8354d55131--0,E3,621,0,0
00000250--8354d55131--0,E4,621,0,0
00000250--8354d55131--0,E5,621,386,133
00000250--8354d55131--1,E,599,53,0
00000250--8354d55131--1,E1,599,0,0
00000250--8354d55131--1,E2,599,49,0
00000250--8354d55131--1,E3,599,49,0
00000250--8354d55131--1,E4,599,49,0
00000250--8354d55131--1,E5,599,398,0
00000250--8354d55131--2,E,377,0,0
00000250--8354d55131--2,E1,377,0,0
00000250--8354d55131--2,E2,377,0,0
00000250--8354d55131--2,E3,377,0,0
00000250--8354d55131--2,E4,377,0,0
00000250--8354d55131--2,E5,377,159,127
00000252--d191bee66c--0,E,617,60,3
00000252--d191bee66c--0,E1,617,0,0
00000252--d191bee66c--0,E2,617,49,3
00000252--d191bee66c--0,E3,617,49,3
00000252--d191bee66c--0,E4,617,3,0
00000252--d191bee66c--0,E5,617,387,182
00000252--d191bee66c--1,E,600,85,0
00000252--d191bee66c--1,E1,600,0,0
00000252--d191bee66c--1,E2,600,85,0
00000252--d191bee66c--1,E3,600,85,0
00000252--d191bee66c--1,E4,600,0,0
00000252--d191bee66c--1,E5,600,325,35
00000252--d191bee66c--2,E,333,0,0
00000252--d191bee66c--2,E1,333,0,0
00000252--d191bee66c--2,E2,333,0,0
00000252--d191bee66c--2,E3,333,0,0
00000252--d191bee66c--2,E4,333,0,0
00000252--d191bee66c--2,E5,333,0,0
00000254--0ac259250e--0,E,620,29,0
00000254--0ac259250e--0,E1,620,0,0
00000254--0ac259250e--0,E2,620,0,0
00000254--0ac259250e--0,E3,620,0,0
00000254--0ac259250e--0,E4,620,0,0
00000254--0ac259250e--0,E5,620,425,168
00000254--0ac259250e--1,E,600,79,0
00000254--0ac259250e--1,E1,600,0,0
00000254--0ac259250e--1,E2,600,79,0
00000254--0ac259250e--1,E3,600,79,0
00000254--0ac259250e--1,E4,600,3,0
00000254--0ac259250e--1,E5,600,496,85
00000254--0ac259250e--10,E,599,72,0
00000254--0ac259250e--10,E1,599,0,0
00000254--0ac259250e--10,E2,599,72,0
00000254--0ac259250e--10,E3,599,72,0
00000254--0ac259250e--10,E4,599,33,0
00000254--0ac259250e--10,E5,599,209,0
00000254--0ac259250e--11,E,599,116,0
00000254--0ac259250e--11,E1,599,23,0
00000254--0ac259250e--11,E2,599,119,0
00000254--0ac259250e--11,E3,599,119,0
00000254--0ac259250e--11,E4,599,73,0
00000254--0ac259250e--11,E5,599,457,4
00000254--0ac259250e--12,E,600,63,0
00000254--0ac259250e--12,E1,600,7,0
00000254--0ac259250e--12,E2,600,63,0
00000254--0ac259250e--12,E3,600,63,0
00000254--0ac259250e--12,E4,600,4,0
00000254--0ac259250e--12,E5,600,561,0
00000254--0ac259250e--13,E,600,0,0
00000254--0ac259250e--13,E1,600,0,0
00000254--0ac259250e--13,E2,600,0,0
00000254--0ac259250e--13,E3,600,0,0
00000254--0ac259250e--13,E4,600,0,0
00000254--0ac259250e--13,E5,600,575,575
00000254--0ac259250e--14,E,600,63,0
00000254--0ac259250e--14,E1,600,16,0
00000254--0ac259250e--14,E2,600,63,0
00000254--0ac259250e--14,E3,600,63,0
00000254--0ac259250e--14,E4,600,10,0
00000254--0ac259250e--14,E5,600,466,453
00000254--0ac259250e--15,E,600,83,0
00000254--0ac259250e--15,E1,600,26,0
00000254--0ac259250e--15,E2,600,83,0
00000254--0ac259250e--15,E3,600,83,0
00000254--0ac259250e--15,E4,600,0,0
00000254--0ac259250e--15,E5,600,159,41
00000254--0ac259250e--16,E,600,0,0
00000254--0ac259250e--16,E1,600,0,0
00000254--0ac259250e--16,E2,600,0,0
00000254--0ac259250e--16,E3,600,0,0
00000254--0ac259250e--16,E4,600,0,0
00000254--0ac259250e--16,E5,600,436,285
00000254--0ac259250e--17,E,600,103,0
00000254--0ac259250e--17,E1,600,20,0
00000254--0ac259250e--17,E2,600,78,0
00000254--0ac259250e--17,E3,600,78,0
00000254--0ac259250e--17,E4,600,29,0
00000254--0ac259250e--17,E5,600,204,0
00000254--0ac259250e--18,E,600,68,0
00000254--0ac259250e--18,E1,600,0,0
00000254--0ac259250e--18,E2,600,5,0
00000254--0ac259250e--18,E3,600,5,0
00000254--0ac259250e--18,E4,600,0,0
00000254--0ac259250e--18,E5,600,88,0
00000254--0ac259250e--19,E,600,80,0
00000254--0ac259250e--19,E1,600,52,0
00000254--0ac259250e--19,E2,600,80,0
00000254--0ac259250e--19,E3,600,80,0
00000254--0ac259250e--19,E4,600,0,0
00000254--0ac259250e--19,E5,600,247,0
00000254--0ac259250e--2,E,599,137,4
00000254--0ac259250e--2,E1,599,24,0
00000254--0ac259250e--2,E2,599,137,4
00000254--0ac259250e--2,E3,599,137,4
00000254--0ac259250e--2,E4,599,17,0
00000254--0ac259250e--2,E5,599,477,30
00000254--0ac259250e--20,E,600,109,0
00000254--0ac259250e--20,E1,600,69,0
00000254--0ac259250e--20,E2,600,95,0
00000254--0ac259250e--20,E3,600,95,0
00000254--0ac259250e--20,E4,600,68,0
00000254--0ac259250e--20,E5,600,277,0
00000254--0ac259250e--21,E,599,21,0
00000254--0ac259250e--21,E1,599,0,0
00000254--0ac259250e--21,E2,599,21,0
00000254--0ac259250e--21,E3,599,21,0
00000254--0ac259250e--21,E4,599,0,0
00000254--0ac259250e--21,E5,599,367,0
00000254--0ac259250e--22,E,600,206,0
00000254--0ac259250e--22,E1,600,36,0
00000254--0ac259250e--22,E2,600,170,0
00000254--0ac259250e--22,E3,600,206,0
00000254--0ac259250e--22,E4,600,8,0
00000254--0ac259250e--22,E5,600,357,0
00000254--0ac259250e--23,E,600,126,0
00000254--0ac259250e--23,E1,600,69,0
00000254--0ac259250e--23,E2,600,123,0
00000254--0ac259250e--23,E3,600,123,0
00000254--0ac259250e--23,E4,600,0,0
00000254--0ac259250e--23,E5,600,343,0
00000254--0ac259250e--24,E,600,153,0
00000254--0ac259250e--24,E1,600,0,0
00000254--0ac259250e--24,E2,600,146,0
00000254--0ac259250e--24,E3,600,146,0
00000254--0ac259250e--24,E4,600,0,0
00000254--0ac259250e--24,E5,600,497,6
00000254--0ac259250e--25,E,600,360,0
00000254--0ac259250e--25,E1,600,0,0
00000254--0ac259250e--25,E2,600,355,0
00000254--0ac259250e--25,E3,600,355,0
00000254--0ac259250e--25,E4,600,0,0
00000254--0ac259250e--25,E5,600,518,0
00000254--0ac259250e--26,E,600,111,0
00000254--0ac259250e--26,E1,600,9,0
00000254--0ac259250e--26,E2,600,109,0
00000254--0ac259250e--26,E3,600,109,0
00000254--0ac259250e--26,E4,600,1,0
00000254--0ac259250e--26,E5,600,386,0
00000254--0ac259250e--27,E,600,0,0
00000254--0ac259250e--27,E1,600,0,0
00000254--0ac259250e--27,E2,600,0,0
00000254--0ac259250e--27,E3,600,0,0
00000254--0ac259250e--27,E4,600,0,0
00000254--0ac259250e--27,E5,600,329,0
00000254--0ac259250e--28,E,600,60,0
00000254--0ac259250e--28,E1,600,0,0
00000254--0ac259250e--28,E2,600,0,0
00000254--0ac259250e--28,E3,600,0,0
00000254--0ac259250e--28,E4,600,0,0
00000254--0ac259250e--28,E5,600,380,0
00000254--0ac259250e--29,E,600,128,0
00000254--0ac259250e--29,E1,600,33,0
00000254--0ac259250e--29,E2,600,117,0
00000254--0ac259250e--29,E3,600,117,0
00000254--0ac259250e--29,E4,600,43,0
00000254--0ac259250e--29,E5,600,500,0
00000254--0ac259250e--3,E,599,110,0
00000254--0ac259250e--3,E1,599,0,0
00000254--0ac259250e--3,E2,599,110,0
00000254--0ac259250e--3,E3,599,110,0
00000254--0ac259250e--3,E4,599,16,0
00000254--0ac259250e--3,E5,599,365,0
00000254--0ac259250e--30,E,599,189,0
00000254--0ac259250e--30,E1,599,15,0
00000254--0ac259250e--30,E2,599,189,0
00000254--0ac259250e--30,E3,599,189,0
00000254--0ac259250e--30,E4,599,17,0
00000254--0ac259250e--30,E5,599,329,0
00000254--0ac259250e--31,E,600,0,0
00000254--0ac259250e--31,E1,600,0,0
00000254--0ac259250e--31,E2,600,0,0
00000254--0ac259250e--31,E3,600,0,0
00000254--0ac259250e--31,E4,600,0,0
00000254--0ac259250e--31,E5,600,193,0
00000254--0ac259250e--32,E,600,0,0
00000254--0ac259250e--32,E1,600,0,0
00000254--0ac259250e--32,E2,600,0,0
00000254--0ac259250e--32,E3,600,0,0
00000254--0ac259250e--32,E4,600,0,0
00000254--0ac259250e--32,E5,600,105,0
00000254--0ac259250e--33,E,600,68,0
00000254--0ac259250e--33,E1,600,0,0
00000254--0ac259250e--33,E2,600,59,0
00000254--0ac259250e--33,E3,600,59,0
00000254--0ac259250e--33,E4,600,0,0
00000254--0ac259250e--33,E5,600,305,0
00000254--0ac259250e--34,E,600,115,0
00000254--0ac259250e--34,E1,600,32,0
00000254--0ac259250e--34,E2,600,109,0
00000254--0ac259250e--34,E3,600,109,0
00000254--0ac259250e--34,E4,600,0,0
00000254--0ac259250e--34,E5,600,400,0
00000254--0ac259250e--35,E,600,5,0
00000254--0ac259250e--35,E1,600,0,0
00000254--0ac259250e--35,E2,600,5,0
00000254--0ac259250e--35,E3,600,5,0
00000254--0ac259250e--35,E4,600,0,0
00000254--0ac259250e--35,E5,600,342,6
00000254--0ac259250e--36,E,600,99,0
00000254--0ac259250e--36,E1,600,0,0
00000254--0ac259250e--36,E2,600,99,0
00000254--0ac259250e--36,E3,600,99,0
00000254--0ac259250e--36,E4,600,99,0
00000254--0ac259250e--36,E5,600,173,0
00000254--0ac259250e--37,E,600,16,0
00000254--0ac259250e--37,E1,600,3,0
00000254--0ac259250e--37,E2,600,11,0
00000254--0ac259250e--37,E3,600,11,0
00000254--0ac259250e--37,E4,600,5,0
00000254--0ac259250e--37,E5,600,490,1
00000254--0ac259250e--38,E,600,4,0
00000254--0ac259250e--38,E1,600,0,0
00000254--0ac259250e--38,E2,600,0,0
00000254--0ac259250e--38,E3,600,0,0
00000254--0ac259250e--38,E4,600,0,0
00000254--0ac259250e--38,E5,600,558,0
00000254--0ac259250e--39,E,600,0,0
00000254--0ac259250e--39,E1,600,0,0
00000254--0ac259250e--39,E2,600,0,0
00000254--0ac259250e--39,E3,600,0,0
00000254--0ac259250e--39,E4,600,0,0
00000254--0ac259250e--39,E5,600,282,149
00000254--0ac259250e--4,E,600,29,0
00000254--0ac259250e--4,E1,600,0,0
00000254--0ac259250e--4,E2,600,24,0
00000254--0ac259250e--4,E3,600,24,0
00000254--0ac259250e--4,E4,600,0,0
00000254--0ac259250e--4,E5,600,150,0
00000254--0ac259250e--40,E,600,43,0
00000254--0ac259250e--40,E1,600,0,0
00000254--0ac259250e--40,E2,600,43,0
00000254--0ac259250e--40,E3,600,43,0
00000254--0ac259250e--40,E4,600,9,0
00000254--0ac259250e--40,E5,600,435,44
00000254--0ac259250e--41,E,600,63,1
00000254--0ac259250e--41,E1,600,7,0
00000254--0ac259250e--41,E2,600,63,1
00000254--0ac259250e--41,E3,600,63,1
00000254--0ac259250e--41,E4,600,7,0
00000254--0ac259250e--41,E5,600,361,9
00000254--0ac259250e--42,E,152,0,0
00000254--0ac259250e--42,E1,152,0,0
00000254--0ac259250e--42,E2,152,0,0
00000254--0ac259250e--42,E3,152,0,0
00000254--0ac259250e--42,E4,152,0,0
00000254--0ac259250e--42,E5,152,124,44
00000254--0ac259250e--5,E,599,101,0
00000254--0ac259250e--5,E1,599,22,0
00000254--0ac259250e--5,E2,599,101,0
00000254--0ac259250e--5,E3,599,101,0
00000254--0ac259250e--5,E4,599,29,0
00000254--0ac259250e--5,E5,599,432,165
00000254--0ac259250e--6,E,599,120,0
00000254--0ac259250e--6,E1,599,112,0
00000254--0ac259250e--6,E2,599,120,0
00000254--0ac259250e--6,E3,599,120,0
00000254--0ac259250e--6,E4,599,51,0
00000254--0ac259250e--6,E5,599,528,0
00000254--0ac259250e--7,E,599,0,0
00000254--0ac259250e--7,E1,599,0,0
00000254--0ac259250e--7,E2,599,0,0
00000254--0ac259250e--7,E3,599,0,0
00000254--0ac259250e--7,E4,599,0,0
00000254--0ac259250e--7,E5,599,0,0
00000254--0ac259250e--8,E,600,109,0
00000254--0ac259250e--8,E1,600,28,0
00000254--0ac259250e--8,E2,600,69,0
00000254--0ac259250e--8,E3,600,69,0
00000254--0ac259250e--8,E4,600,21,0
00000254--0ac259250e--8,E5,600,245,0
00000254--0ac259250e--9,E,600,99,0
00000254--0ac259250e--9,E1,600,30,0
00000254--0ac259250e--9,E2,600,98,0
00000254--0ac259250e--9,E3,600,98,0
00000254--0ac259250e--9,E4,600,0,0
00000254--0ac259250e--9,E5,600,157,0
00000255--d1d0ee73c5--21,E,599,0,0
00000255--d1d0ee73c5--21,E1,599,0,0
00000255--d1d0ee73c5--21,E2,599,0,0
00000255--d1d0ee73c5--21,E3,599,0,0
00000255--d1d0ee73c5--21,E4,599,0,0
00000255--d1d0ee73c5--21,E5,599,30,0
00000255--d1d0ee73c5--22,E,599,74,0
00000255--d1d0ee73c5--22,E1,599,0,0
00000255--d1d0ee73c5--22,E2,599,74,0
00000255--d1d0ee73c5--22,E3,599,74,0
00000255--d1d0ee73c5--22,E4,599,51,0
00000255--d1d0ee73c5--22,E5,599,109,0
00000255--d1d0ee73c5--23,E,599,105,0
00000255--d1d0ee73c5--23,E1,599,15,0
00000255--d1d0ee73c5--23,E2,599,58,0
00000255--d1d0ee73c5--23,E3,599,63,0
00000255--d1d0ee73c5--23,E4,599,0,0
00000255--d1d0ee73c5--23,E5,599,139,0
00000255--d1d0ee73c5--24,E,600,96,0
00000255--d1d0ee73c5--24,E1,600,32,0
00000255--d1d0ee73c5--24,E2,600,96,0
00000255--d1d0ee73c5--24,E3,600,96,0
00000255--d1d0ee73c5--24,E4,600,0,0
00000255--d1d0ee73c5--24,E5,600,423,0
00000255--d1d0ee73c5--25,E,599,117,0
00000255--d1d0ee73c5--25,E1,599,106,0
00000255--d1d0ee73c5--25,E2,599,117,0
00000255--d1d0ee73c5--25,E3,599,117,0
00000255--d1d0ee73c5--25,E4,599,11,0
00000255--d1d0ee73c5--25,E5,599,120,0
00000255--d1d0ee73c5--26,E,599,0,0
00000255--d1d0ee73c5--26,E1,599,0,0
00000255--d1d0ee73c5--26,E2,599,0,0
00000255--d1d0ee73c5--26,E3,599,0,0
00000255--d1d0ee73c5--26,E4,599,0,0
00000255--d1d0ee73c5--26,E5,599,0,0
00000255--d1d0ee73c5--27,E,600,7,0
00000255--d1d0ee73c5--27,E1,600,7,0
00000255--d1d0ee73c5--27,E2,600,7,0
00000255--d1d0ee73c5--27,E3,600,7,0
00000255--d1d0ee73c5--27,E4,600,0,0
00000255--d1d0ee73c5--27,E5,600,298,0
00000255--d1d0ee73c5--28,E,599,473,0
00000255--d1d0ee73c5--28,E1,599,0,0
00000255--d1d0ee73c5--28,E2,599,473,0
00000255--d1d0ee73c5--28,E3,599,473,0
00000255--d1d0ee73c5--28,E4,599,0,0
00000255--d1d0ee73c5--28,E5,599,507,0
00000255--d1d0ee73c5--29,E,600,27,0
00000255--d1d0ee73c5--29,E1,600,0,0
00000255--d1d0ee73c5--29,E2,600,5,0
00000255--d1d0ee73c5--29,E3,600,5,0
00000255--d1d0ee73c5--29,E4,600,5,0
00000255--d1d0ee73c5--29,E5,600,70,0
00000255--d1d0ee73c5--30,E,600,41,0
00000255--d1d0ee73c5--30,E1,600,7,0
00000255--d1d0ee73c5--30,E2,600,37,0
00000255--d1d0ee73c5--30,E3,600,37,0
00000255--d1d0ee73c5--30,E4,600,12,0
00000255--d1d0ee73c5--30,E5,600,460,0
00000255--d1d0ee73c5--31,E,600,12,0
00000255--d1d0ee73c5--31,E1,600,0,0
00000255--d1d0ee73c5--31,E2,600,12,0
00000255--d1d0ee73c5--31,E3,600,12,0
00000255--d1d0ee73c5--31,E4,600,0,0
00000255--d1d0ee73c5--31,E5,600,87,0
00000255--d1d0ee73c5--32,E,600,36,0
00000255--d1d0ee73c5--32,E1,600,0,0
00000255--d1d0ee73c5--32,E2,600,36,0
00000255--d1d0ee73c5--32,E3,600,36,0
00000255--d1d0ee73c5--32,E4,600,0,0
00000255--d1d0ee73c5--32,E5,600,393,0
00000255--d1d0ee73c5--33,E,600,163,0
00000255--d1d0ee73c5--33,E1,600,68,0
00000255--d1d0ee73c5--33,E2,600,96,0
00000255--d1d0ee73c5--33,E3,600,106,0
00000255--d1d0ee73c5--33,E4,600,26,0
00000255--d1d0ee73c5--33,E5,600,466,0
00000255--d1d0ee73c5--34,E,600,24,0
00000255--d1d0ee73c5--34,E1,600,0,0
00000255--d1d0ee73c5--34,E2,600,19,0
00000255--d1d0ee73c5--34,E3,600,19,0
00000255--d1d0ee73c5--34,E4,600,0,0
00000255--d1d0ee73c5--34,E5,600,269,0
00000255--d1d0ee73c5--35,E,600,120,0
00000255--d1d0ee73c5--35,E1,600,18,0
00000255--d1d0ee73c5--35,E2,600,120,0
00000255--d1d0ee73c5--35,E3,600,120,0
00000255--d1d0ee73c5--35,E4,600,8,0
00000255--d1d0ee73c5--35,E5,600,326,0
00000255--d1d0ee73c5--36,E,600,0,0
00000255--d1d0ee73c5--36,E1,600,0,0
00000255--d1d0ee73c5--36,E2,600,0,0
00000255--d1d0ee73c5--36,E3,600,0,0
00000255--d1d0ee73c5--36,E4,600,0,0
00000255--d1d0ee73c5--36,E5,600,499,0
00000255--d1d0ee73c5--37,E,600,36,0
00000255--d1d0ee73c5--37,E1,600,7,0
00000255--d1d0ee73c5--37,E2,600,36,0
00000255--d1d0ee73c5--37,E3,600,36,0
00000255--d1d0ee73c5--37,E4,600,0,0
00000255--d1d0ee73c5--37,E5,600,555,435
00000255--d1d0ee73c5--38,E,600,87,0
00000255--d1d0ee73c5--38,E1,600,7,0
00000255--d1d0ee73c5--38,E2,600,87,0
00000255--d1d0ee73c5--38,E3,600,87,0
00000255--d1d0ee73c5--38,E4,600,0,0
00000255--d1d0ee73c5--38,E5,600,294,0
00000255--d1d0ee73c5--39,E,600,143,0
00000255--d1d0ee73c5--39,E1,600,49,0
00000255--d1d0ee73c5--39,E2,600,146,0
00000255--d1d0ee73c5--39,E3,600,143,0
00000255--d1d0ee73c5--39,E4,600,0,0
00000255--d1d0ee73c5--39,E5,600,461,20
00000255--d1d0ee73c5--40,E,420,10,0
00000255--d1d0ee73c5--40,E1,420,0,0
00000255--d1d0ee73c5--40,E2,420,10,0
00000255--d1d0ee73c5--40,E3,420,10,0
00000255--d1d0ee73c5--40,E4,420,10,0
00000255--d1d0ee73c5--40,E5,420,131,0
00000257--d1cacb63a0--0,E,619,8,0
00000257--d1cacb63a0--0,E1,619,0,0
00000257--d1cacb63a0--0,E2,619,8,0
00000257--d1cacb63a0--0,E3,619,8,0
00000257--d1cacb63a0--0,E4,619,0,0
00000257--d1cacb63a0--0,E5,619,445,9
00000257--d1cacb63a0--1,E,600,42,0
00000257--d1cacb63a0--1,E1,600,0,0
00000257--d1cacb63a0--1,E2,600,42,0
00000257--d1cacb63a0--1,E3,600,42,0
00000257--d1cacb63a0--1,E4,600,10,0
00000257--d1cacb63a0--1,E5,600,228,12
00000257--d1cacb63a0--10,E,599,0,0
00000257--d1cacb63a0--10,E1,599,0,0
00000257--d1cacb63a0--10,E2,599,0,0
00000257--d1cacb63a0--10,E3,599,0,0
00000257--d1cacb63a0--10,E4,599,0,0
00000257--d1cacb63a0--10,E5,599,120,0
00000257--d1cacb63a0--11,E,600,14,0
00000257--d1cacb63a0--11,E1,600,0,0
00000257--d1cacb63a0--11,E2,600,14,0
00000257--d1cacb63a0--11,E3,600,14,0
00000257--d1cacb63a0--11,E4,600,0,0
00000257--d1cacb63a0--11,E5,600,77,0
00000257--d1cacb63a0--12,E,599,145,0
00000257--d1cacb63a0--12,E1,599,0,0
00000257--d1cacb63a0--12,E2,599,145,0
00000257--d1cacb63a0--12,E3,599,145,0
00000257--d1cacb63a0--12,E4,599,56,0
00000257--d1cacb63a0--12,E5,599,325,0
00000257--d1cacb63a0--13,E,600,27,0
00000257--d1cacb63a0--13,E1,600,0,0
00000257--d1cacb63a0--13,E2,600,27,0
00000257--d1cacb63a0--13,E3,600,27,0
00000257--d1cacb63a0--13,E4,600,27,0
00000257--d1cacb63a0--13,E5,600,432,0
00000257--d1cacb63a0--14,E,599,307,0
00000257--d1cacb63a0--14,E1,599,138,0
00000257--d1cacb63a0--14,E2,599,254,0
00000257--d1cacb63a0--14,E3,599,254,0
00000257--d1cacb63a0--14,E4,599,45,0
00000257--d1cacb63a0--14,E5,599,490,0
00000257--d1cacb63a0--15,E,600,120,0
00000257--d1cacb63a0--15,E1,600,0,0
00000257--d1cacb63a0--15,E2,600,76,0
00000257--d1cacb63a0--15,E3,600,76,0
00000257--d1cacb63a0--15,E4,600,3,0
00000257--d1cacb63a0--15,E5,600,297,0
00000257--d1cacb63a0--16,E,600,15,0
00000257--d1cacb63a0--16,E1,600,0,0
00000257--d1cacb63a0--16,E2,600,15,0
00000257--d1cacb63a0--16,E3,600,15,0
00000257--d1cacb63a0--16,E4,600,0,0
00000257--d1cacb63a0--16,E5,600,593,0
00000257--d1cacb63a0--17,E,600,35,0
00000257--d1cacb63a0--17,E1,600,0,0
00000257--d1cacb63a0--17,E2,600,35,0
00000257--d1cacb63a0--17,E3,600,35,0
00000257--d1cacb63a0--17,E4,600,0,0
00000257--d1cacb63a0--17,E5,600,245,0
00000257--d1cacb63a0--18,E,600,17,0
00000257--d1cacb63a0--18,E1,600,0,0
00000257--d1cacb63a0--18,E2,600,17,0
00000257--d1cacb63a0--18,E3,600,17,0
00000257--d1cacb63a0--18,E4,600,12,0
00000257--d1cacb63a0--18,E5,600,180,0
00000257--d1cacb63a0--19,E,600,285,0
00000257--d1cacb63a0--19,E1,600,0,0
00000257--d1cacb63a0--19,E2,600,285,0
00000257--d1cacb63a0--19,E3,600,285,0
00000257--d1cacb63a0--19,E4,600,0,0
00000257--d1cacb63a0--19,E5,600,415,0
00000257--d1cacb63a0--2,E,600,272,0
00000257--d1cacb63a0--2,E1,600,0,0
00000257--d1cacb63a0--2,E2,600,240,0
00000257--d1cacb63a0--2,E3,600,240,0
00000257--d1cacb63a0--2,E4,600,23,0
00000257--d1cacb63a0--2,E5,600,519,224
00000257--d1cacb63a0--20,E,600,0,0
00000257--d1cacb63a0--20,E1,600,0,0
00000257--d1cacb63a0--20,E2,600,0,0
00000257--d1cacb63a0--20,E3,600,0,0
00000257--d1cacb63a0--20,E4,600,0,0
00000257--d1cacb63a0--20,E5,600,376,0
00000257--d1cacb63a0--21,E,600,29,0
00000257--d1cacb63a0--21,E1,600,0,0
00000257--d1cacb63a0--21,E2,600,23,0
00000257--d1cacb63a0--21,E3,600,23,0
00000257--d1cacb63a0--21,E4,600,0,0
00000257--d1cacb63a0--21,E5,600,135,0
00000257--d1cacb63a0--22,E,600,160,0
00000257--d1cacb63a0--22,E1,600,66,0
00000257--d1cacb63a0--22,E2,600,156,0
00000257--d1cacb63a0--22,E3,600,156,0
00000257--d1cacb63a0--22,E4,600,40,0
00000257--d1cacb63a0--22,E5,600,440,0
00000257--d1cacb63a0--23,E,600,0,0
00000257--d1cacb63a0--23,E1,600,0,0
00000257--d1cacb63a0--23,E2,600,0,0
00000257--d1cacb63a0--23,E3,600,0,0
00000257--d1cacb63a0--23,E4,600,0,0
00000257--d1cacb63a0--23,E5,600,242,0
00000257--d1cacb63a0--24,E,600,52,0
00000257--d1cacb63a0--24,E1,600,19,0
00000257--d1cacb63a0--24,E2,600,42,0
00000257--d1cacb63a0--24,E3,600,42,0
00000257--d1cacb63a0--24,E4,600,0,0
00000257--d1cacb63a0--24,E5,600,222,0
00000257--d1cacb63a0--25,E,600,170,0
00000257--d1cacb63a0--25,E1,600,32,0
00000257--d1cacb63a0--25,E2,600,170,0
00000257--d1cacb63a0--25,E3,600,170,0
00000257--d1cacb63a0--25,E4,600,97,0
00000257--d1cacb63a0--25,E5,600,595,217
00000257--d1cacb63a0--26,E,600,209,0
00000257--d1cacb63a0--26,E1,600,92,0
00000257--d1cacb63a0--26,E2,600,183,0
00000257--d1cacb63a0--26,E3,600,183,0
00000257--d1cacb63a0--26,E4,600,22,0
00000257--d1cacb63a0--26,E5,600,356,7
00000257--d1cacb63a0--27,E,600,0,0
00000257--d1cacb63a0--27,E1,600,0,0
00000257--d1cacb63a0--27,E2,600,0,0
00000257--d1cacb63a0--27,E3,600,0,0
00000257--d1cacb63a0--27,E4,600,0,0
00000257--d1cacb63a0--27,E5,600,342,124
00000257--d1cacb63a0--28,E,600,180,0
00000257--d1cacb63a0--28,E1,600,17,0
00000257--d1cacb63a0--28,E2,600,204,0
00000257--d1cacb63a0--28,E3,600,204,0
00000257--d1cacb63a0--28,E4,600,77,0
00000257--d1cacb63a0--28,E5,600,579,0
00000257--d1cacb63a0--29,E,599,97,0
00000257--d1cacb63a0--29,E1,599,18,0
00000257--d1cacb63a0--29,E2,599,97,0
00000257--d1cacb63a0--29,E3,599,97,0
00000257--d1cacb63a0--29,E4,599,0,0
00000257--d1cacb63a0--29,E5,599,486,1
00000257--d1cacb63a0--3,E,600,133,0
00000257--d1cacb63a0--3,E1,600,60,0
00000257--d1cacb63a0--3,E2,600,133,0
00000257--d1cacb63a0--3,E3,600,133,0
00000257--d1cacb63a0--3,E4,600,8,0
00000257--d1cacb63a0--3,E5,600,383,186
00000257--d1cacb63a0--30,E,600,15,0
00000257--d1cacb63a0--30,E1,600,0,0
00000257--d1cacb63a0--30,E2,600,15,0
00000257--d1cacb63a0--30,E3,600,15,0
00000257--d1cacb63a0--30,E4,600,0,0
00000257--d1cacb63a0--30,E5,600,466,7
00000257--d1cacb63a0--31,E,431,0,0
00000257--d1cacb63a0--31,E1,431,0,0
00000257--d1cacb63a0--31,E2,431,0,0
00000257--d1cacb63a0--31,E3,431,0,0
00000257--d1cacb63a0--31,E4,431,0,0
00000257--d1cacb63a0--31,E5,431,302,0
00000257--d1cacb63a0--4,E,600,101,0
00000257--d1cacb63a0--4,E1,600,62,0
00000257--d1cacb63a0--4,E2,600,96,0
00000257--d1cacb63a0--4,E3,600,96,0
00000257--d1cacb63a0--4,E4,600,16,0
00000257--d1cacb63a0--4,E5,600,230,0
00000257--d1cacb63a0--5,E,600,88,0
00000257--d1cacb63a0--5,E1,600,0,0
00000257--d1cacb63a0--5,E2,600,58,0
00000257--d1cacb63a0--5,E3,600,88,0
00000257--d1cacb63a0--5,E4,600,33,0
00000257--d1cacb63a0--5,E5,600,354,0
00000257--d1cacb63a0--6,E,599,41,0
00000257--d1cacb63a0--6,E1,599,0,0
00000257--d1cacb63a0--6,E2,599,41,0
00000257--d1cacb63a0--6,E3,599,41,0
00000257--d1cacb63a0--6,E4,599,0,0
00000257--d1cacb63a0--6,E5,599,304,3
00000257--d1cacb63a0--7,E,599,212,0
00000257--d1cacb63a0--7,E1,599,58,0
00000257--d1cacb63a0--7,E2,599,138,0
00000257--d1cacb63a0--7,E3,599,143,0
00000257--d1cacb63a0--7,E4,599,84,0
00000257--d1cacb63a0--7,E5,599,571,0
00000257--d1cacb63a0--8,E,599,0,0
00000257--d1cacb63a0--8,E1,599,0,0
00000257--d1cacb63a0--8,E2,599,0,0
00000257--d1cacb63a0--8,E3,599,0,0
00000257--d1cacb63a0--8,E4,599,0,0
00000257--d1cacb63a0--8,E5,599,207,0
00000257--d1cacb63a0--9,E,599,34,0
00000257--d1cacb63a0--9,E1,599,0,0
00000257--d1cacb63a0--9,E2,599,34,0
00000257--d1cacb63a0--9,E3,599,34,0
00000257--d1cacb63a0--9,E4,599,7,0
00000257--d1cacb63a0--9,E5,599,280,0
00000259--f920fb6ddd--0,E,622,56,0
00000259--f920fb6ddd--0,E1,622,0,0
00000259--f920fb6ddd--0,E2,622,56,0
00000259--f920fb6ddd--0,E3,622,56,0
00000259--f920fb6ddd--0,E4,622,5,0
00000259--f920fb6ddd--0,E5,622,458,1
00000259--f920fb6ddd--1,E,600,405,0
00000259--f920fb6ddd--1,E1,600,0,0
00000259--f920fb6ddd--1,E2,600,399,0
00000259--f920fb6ddd--1,E3,600,399,0
00000259--f920fb6ddd--1,E4,600,353,0
00000259--f920fb6ddd--1,E5,600,428,1
00000259--f920fb6ddd--10,E,600,90,0
00000259--f920fb6ddd--10,E1,600,29,0
00000259--f920fb6ddd--10,E2,600,77,0
00000259--f920fb6ddd--10,E3,600,77,0
00000259--f920fb6ddd--10,E4,600,25,0
00000259--f920fb6ddd--10,E5,600,389,0
00000259--f920fb6ddd--11,E,600,77,0
00000259--f920fb6ddd--11,E1,600,0,0
00000259--f920fb6ddd--11,E2,600,77,0
00000259--f920fb6ddd--11,E3,600,77,0
00000259--f920fb6ddd--11,E4,600,0,0
00000259--f920fb6ddd--11,E5,600,145,0
00000259--f920fb6ddd--12,E,600,0,0
00000259--f920fb6ddd--12,E1,600,0,0
00000259--f920fb6ddd--12,E2,600,0,0
00000259--f920fb6ddd--12,E3,600,0,0
00000259--f920fb6ddd--12,E4,600,0,0
00000259--f920fb6ddd--12,E5,600,64,0
00000259--f920fb6ddd--13,E,600,282,0
00000259--f920fb6ddd--13,E1,600,127,0
00000259--f920fb6ddd--13,E2,600,237,0
00000259--f920fb6ddd--13,E3,600,237,0
00000259--f920fb6ddd--13,E4,600,0,0
00000259--f920fb6ddd--13,E5,600,359,0
00000259--f920fb6ddd--14,E,600,85,0
00000259--f920fb6ddd--14,E1,600,43,0
00000259--f920fb6ddd--14,E2,600,47,0
00000259--f920fb6ddd--14,E3,600,47,0
00000259--f920fb6ddd--14,E4,600,0,0
00000259--f920fb6ddd--14,E5,600,231,0
00000259--f920fb6ddd--15,E,600,49,0
00000259--f920fb6ddd--15,E1,600,29,0
00000259--f920fb6ddd--15,E2,600,49,0
00000259--f920fb6ddd--15,E3,600,49,0
00000259--f920fb6ddd--15,E4,600,30,0
00000259--f920fb6ddd--15,E5,600,308,0
00000259--f920fb6ddd--16,E,599,140,0
00000259--f920fb6ddd--16,E1,599,0,0
00000259--f920fb6ddd--16,E2,599,78,0
00000259--f920fb6ddd--16,E3,599,78,0
00000259--f920fb6ddd--16,E4,599,0,0
00000259--f920fb6ddd--16,E5,599,222,0
00000259--f920fb6ddd--17,E,600,125,0
00000259--f920fb6ddd--17,E1,600,0,0
00000259--f920fb6ddd--17,E2,600,124,0
00000259--f920fb6ddd--17,E3,600,124,0
00000259--f920fb6ddd--17,E4,600,44,0
00000259--f920fb6ddd--17,E5,600,160,0
00000259--f920fb6ddd--18,E,600,95,0
00000259--f920fb6ddd--18,E1,600,7,0
00000259--f920fb6ddd--18,E2,600,33,0
00000259--f920fb6ddd--18,E3,600,33,0
00000259--f920fb6ddd--18,E4,600,19,0
00000259--f920fb6ddd--18,E5,600,256,0
00000259--f920fb6ddd--19,E,599,362,0
00000259--f920fb6ddd--19,E1,599,236,0
00000259--f920fb6ddd--19,E2,599,348,0
00000259--f920fb6ddd--19,E3,599,348,0
00000259--f920fb6ddd--19,E4,599,58,0
00000259--f920fb6ddd--19,E5,599,498,0
00000259--f920fb6ddd--2,E,600,0,0
00000259--f920fb6ddd--2,E1,600,0,0
00000259--f920fb6ddd--2,E2,600,0,0
00000259--f920fb6ddd--2,E3,600,0,0
00000259--f920fb6ddd--2,E4,600,0,0
00000259--f920fb6ddd--2,E5,600,518,426
00000259--f920fb6ddd--20,E,600,20,0
00000259--f920fb6ddd--20,E1,600,0,0
00000259--f920fb6ddd--20,E2,600,20,0
00000259--f920fb6ddd--20,E3,600,20,0
00000259--f920fb6ddd--20,E4,600,1,0
00000259--f920fb6ddd--20,E5,600,316,0
00000259--f920fb6ddd--21,E,599,24,0
00000259--f920fb6ddd--21,E1,599,0,0
00000259--f920fb6ddd--21,E2,599,24,0
00000259--f920fb6ddd--21,E3,599,24,0
00000259--f920fb6ddd--21,E4,599,0,0
00000259--f920fb6ddd--21,E5,599,340,0
00000259--f920fb6ddd--22,E,599,446,0
00000259--f920fb6ddd--22,E1,599,0,0
00000259--f920fb6ddd--22,E2,599,446,0
00000259--f920fb6ddd--22,E3,599,446,0
00000259--f920fb6ddd--22,E4,599,0,0
00000259--f920fb6ddd--22,E5,599,454,0
00000259--f920fb6ddd--23,E,599,94,0
00000259--f920fb6ddd--23,E1,599,23,0
00000259--f920fb6ddd--23,E2,599,91,0
00000259--f920fb6ddd--23,E3,599,94,0
00000259--f920fb6ddd--23,E4,599,36,0
00000259--f920fb6ddd--23,E5,599,325,0
00000259--f920fb6ddd--24,E,599,111,0
00000259--f920fb6ddd--24,E1,599,70,0
00000259--f920fb6ddd--24,E2,599,111,0
00000259--f920fb6ddd--24,E3,599,111,0
00000259--f920fb6ddd--24,E4,599,70,0
00000259--f920fb6ddd--24,E5,599,140,0
00000259--f920fb6ddd--25,E,600,14,0
00000259--f920fb6ddd--25,E1,600,0,0
00000259--f920fb6ddd--25,E2,600,14,0
00000259--f920fb6ddd--25,E3,600,14,0
00000259--f920fb6ddd--25,E4,600,8,0
00000259--f920fb6ddd--25,E5,600,369,0
00000259--f920fb6ddd--26,E,598,54,0
00000259--f920fb6ddd--26,E1,598,8,0
00000259--f920fb6ddd--26,E2,598,18,0
00000259--f920fb6ddd--26,E3,598,18,0
00000259--f920fb6ddd--26,E4,598,0,0
00000259--f920fb6ddd--26,E5,598,365,0
00000259--f920fb6ddd--27,E,599,2,0
00000259--f920fb6ddd--27,E1,599,2,0
00000259--f920fb6ddd--27,E2,599,2,0
00000259--f920fb6ddd--27,E3,599,2,0
00000259--f920fb6ddd--27,E4,599,0,0
00000259--f920fb6ddd--27,E5,599,84,0
00000259--f920fb6ddd--28,E,600,4,0
00000259--f920fb6ddd--28,E1,600,0,0
00000259--f920fb6ddd--28,E2,600,4,0
00000259--f920fb6ddd--28,E3,600,4,0
00000259--f920fb6ddd--28,E4,600,0,0
00000259--f920fb6ddd--28,E5,600,84,0
00000259--f920fb6ddd--29,E,600,22,0
00000259--f920fb6ddd--29,E1,600,7,0
00000259--f920fb6ddd--29,E2,600,20,0
00000259--f920fb6ddd--29,E3,600,20,0
00000259--f920fb6ddd--29,E4,600,0,0
00000259--f920fb6ddd--29,E5,600,129,0
00000259--f920fb6ddd--3,E,600,87,0
00000259--f920fb6ddd--3,E1,600,0,0
00000259--f920fb6ddd--3,E2,600,83,0
00000259--f920fb6ddd--3,E3,600,83,0
00000259--f920fb6ddd--3,E4,600,3,0
00000259--f920fb6ddd--3,E5,600,238,0
00000259--f920fb6ddd--30,E,600,9,0
00000259--f920fb6ddd--30,E1,600,0,0
00000259--f920fb6ddd--30,E2,600,9,0
00000259--f920fb6ddd--30,E3,600,9,0
00000259--f920fb6ddd--30,E4,600,9,0
00000259--f920fb6ddd--30,E5,600,98,0
00000259--f920fb6ddd--31,E,600,0,0
00000259--f920fb6ddd--31,E1,600,0,0
00000259--f920fb6ddd--31,E2,600,0,0
00000259--f920fb6ddd--31,E3,600,0,0
00000259--f920fb6ddd--31,E4,600,0,0
00000259--f920fb6ddd--31,E5,600,152,0
00000259--f920fb6ddd--32,E,600,0,0
00000259--f920fb6ddd--32,E1,600,0,0
00000259--f920fb6ddd--32,E2,600,0,0
00000259--f920fb6ddd--32,E3,600,0,0
00000259--f920fb6ddd--32,E4,600,0,0
00000259--f920fb6ddd--32,E5,600,269,150
00000259--f920fb6ddd--33,E,600,0,0
00000259--f920fb6ddd--33,E1,600,0,0
00000259--f920fb6ddd--33,E2,600,0,0
00000259--f920fb6ddd--33,E3,600,0,0
00000259--f920fb6ddd--33,E4,600,0,0
00000259--f920fb6ddd--33,E5,600,208,0
00000259--f920fb6ddd--34,E,600,25,0
00000259--f920fb6ddd--34,E1,600,0,0
00000259--f920fb6ddd--34,E2,600,4,0
00000259--f920fb6ddd--34,E3,600,4,0
00000259--f920fb6ddd--34,E4,600,4,0
00000259--f920fb6ddd--34,E5,600,213,0
00000259--f920fb6ddd--35,E,600,171,0
00000259--f920fb6ddd--35,E1,600,55,0
00000259--f920fb6ddd--35,E2,600,134,0
00000259--f920fb6ddd--35,E3,600,134,0
00000259--f920fb6ddd--35,E4,600,15,0
00000259--f920fb6ddd--35,E5,600,434,0
00000259--f920fb6ddd--36,E,600,45,0
00000259--f920fb6ddd--36,E1,600,13,0
00000259--f920fb6ddd--36,E2,600,20,0
00000259--f920fb6ddd--36,E3,600,20,0
00000259--f920fb6ddd--36,E4,600,20,0
00000259--f920fb6ddd--36,E5,600,398,0
00000259--f920fb6ddd--37,E,600,28,0
00000259--f920fb6ddd--37,E1,600,0,0
00000259--f920fb6ddd--37,E2,600,0,0
00000259--f920fb6ddd--37,E3,600,0,0
00000259--f920fb6ddd--37,E4,600,0,0
00000259--f920fb6ddd--37,E5,600,271,0
00000259--f920fb6ddd--38,E,600,8,0
00000259--f920fb6ddd--38,E1,600,0,0
00000259--f920fb6ddd--38,E2,600,0,0
00000259--f920fb6ddd--38,E3,600,0,0
00000259--f920fb6ddd--38,E4,600,0,0
00000259--f920fb6ddd--38,E5,600,90,0
00000259--f920fb6ddd--39,E,600,0,0
00000259--f920fb6ddd--39,E1,600,0,0
00000259--f920fb6ddd--39,E2,600,0,0
00000259--f920fb6ddd--39,E3,600,0,0
00000259--f920fb6ddd--39,E4,600,0,0
00000259--f920fb6ddd--39,E5,600,0,0
00000259--f920fb6ddd--4,E,600,147,0
00000259--f920fb6ddd--4,E1,600,0,0
00000259--f920fb6ddd--4,E2,600,137,0
00000259--f920fb6ddd--4,E3,600,137,0
00000259--f920fb6ddd--4,E4,600,3,0
00000259--f920fb6ddd--4,E5,600,474,0
00000259--f920fb6ddd--40,E,600,95,0
00000259--f920fb6ddd--40,E1,600,0,0
00000259--f920fb6ddd--40,E2,600,92,0
00000259--f920fb6ddd--40,E3,600,92,0
00000259--f920fb6ddd--40,E4,600,3,0
00000259--f920fb6ddd--40,E5,600,144,0
00000259--f920fb6ddd--41,E,600,14,0
00000259--f920fb6ddd--41,E1,600,0,0
00000259--f920fb6ddd--41,E2,600,14,0
00000259--f920fb6ddd--41,E3,600,14,0
00000259--f920fb6ddd--41,E4,600,0,0
00000259--f920fb6ddd--41,E5,600,344,58
00000259--f920fb6ddd--42,E,66,0,0
00000259--f920fb6ddd--42,E1,66,0,0
00000259--f920fb6ddd--42,E2,66,0,0
00000259--f920fb6ddd--42,E3,66,0,0
00000259--f920fb6ddd--42,E4,66,0,0
00000259--f920fb6ddd--42,E5,66,51,51
00000259--f920fb6ddd--5,E,600,74,0
00000259--f920fb6ddd--5,E1,600,7,0
00000259--f920fb6ddd--5,E2,600,66,0
00000259--f920fb6ddd--5,E3,600,66,0
00000259--f920fb6ddd--5,E4,600,56,0
00000259--f920fb6ddd--5,E5,600,300,173
00000259--f920fb6ddd--6,E,600,69,0
00000259--f920fb6ddd--6,E1,600,0,0
00000259--f920fb6ddd--6,E2,600,69,0
00000259--f920fb6ddd--6,E3,600,69,0
00000259--f920fb6ddd--6,E4,600,0,0
00000259--f920fb6ddd--6,E5,600,127,0
00000259--f920fb6ddd--7,E,600,18,0
00000259--f920fb6ddd--7,E1,600,0,0
00000259--f920fb6ddd--7,E2,600,18,0
00000259--f920fb6ddd--7,E3,600,18,0
00000259--f920fb6ddd--7,E4,600,0,0
00000259--f920fb6ddd--7,E5,600,128,0
00000259--f920fb6ddd--8,E,600,0,0
00000259--f920fb6ddd--8,E1,600,0,0
00000259--f920fb6ddd--8,E2,600,0,0
00000259--f920fb6ddd--8,E3,600,0,0
00000259--f920fb6ddd--8,E4,600,0,0
00000259--f920fb6ddd--8,E5,600,0,0
00000259--f920fb6ddd--9,E,600,294,0
00000259--f920fb6ddd--9,E1,600,211,0
00000259--f920fb6ddd--9,E2,600,268,0
00000259--f920fb6ddd--9,E3,600,268,0
00000259--f920fb6ddd--9,E4,600,57,0
00000259--f920fb6ddd--9,E5,600,377,0
0000025b--22177da8d7--0,E,620,35,0
0000025b--22177da8d7--0,E1,620,7,0
0000025b--22177da8d7--0,E2,620,35,0
0000025b--22177da8d7--0,E3,620,35,0
0000025b--22177da8d7--0,E4,620,27,0
0000025b--22177da8d7--0,E5,620,385,24
0000025b--22177da8d7--1,E,600,23,0
0000025b--22177da8d7--1,E1,600,0,0
0000025b--22177da8d7--1,E2,600,23,0
0000025b--22177da8d7--1,E3,600,23,0
0000025b--22177da8d7--1,E4,600,0,0
0000025b--22177da8d7--1,E5,600,590,590
0000025b--22177da8d7--2,E,600,0,0
0000025b--22177da8d7--2,E1,600,0,0
0000025b--22177da8d7--2,E2,600,0,0
0000025b--22177da8d7--2,E3,600,0,0
0000025b--22177da8d7--2,E4,600,0,0
0000025b--22177da8d7--2,E5,600,21,21
0000025b--22177da8d7--3,E,600,3,0
0000025b--22177da8d7--3,E1,600,0,0
0000025b--22177da8d7--3,E2,600,2,0
0000025b--22177da8d7--3,E3,600,2,0
0000025b--22177da8d7--3,E4,600,0,0
0000025b--22177da8d7--3,E5,600,41,0
0000025c--0795289e2c--1,E,600,97,0
0000025c--0795289e2c--1,E1,600,0,0
0000025c--0795289e2c--1,E2,600,96,0
0000025c--0795289e2c--1,E3,600,96,0
0000025c--0795289e2c--1,E4,600,30,0
0000025c--0795289e2c--1,E5,600,270,0
0000025c--0795289e2c--2,E,600,476,0
0000025c--0795289e2c--2,E1,600,446,0
0000025c--0795289e2c--2,E2,600,239,0
0000025c--0795289e2c--2,E3,600,476,0
0000025c--0795289e2c--2,E4,600,71,0
0000025c--0795289e2c--2,E5,600,536,0
0000025c--0795289e2c--3,E,600,71,0
0000025c--0795289e2c--3,E1,600,13,0
0000025c--0795289e2c--3,E2,600,39,0
0000025c--0795289e2c--3,E3,600,39,0
0000025c--0795289e2c--3,E4,600,0,0
0000025c--0795289e2c--3,E5,600,520,0
0000025c--0795289e2c--4,E,600,9,0
0000025c--0795289e2c--4,E1,600,3,0
0000025c--0795289e2c--4,E2,600,9,0
0000025c--0795289e2c--4,E3,600,9,0
0000025c--0795289e2c--4,E4,600,2,0
0000025c--0795289e2c--4,E5,600,297,0
0000025c--0795289e2c--5,E,600,18,0
0000025c--0795289e2c--5,E1,600,11,0
0000025c--0795289e2c--5,E2,600,18,0
0000025c--0795289e2c--5,E3,600,18,0
0000025c--0795289e2c--5,E4,600,0,0
0000025c--0795289e2c--5,E5,600,86,0
0000025c--0795289e2c--6,E,599,27,0
0000025c--0795289e2c--6,E1,599,0,0
0000025c--0795289e2c--6,E2,599,27,0
0000025c--0795289e2c--6,E3,599,27,0
0000025c--0795289e2c--6,E4,599,0,0
0000025c--0795289e2c--6,E5,599,170,0
0000025c--0795289e2c--7,E,600,0,0
0000025c--0795289e2c--7,E1,600,0,0
0000025c--0795289e2c--7,E2,600,0,0
0000025c--0795289e2c--7,E3,600,0,0
0000025c--0795289e2c--7,E4,600,0,0
0000025c--0795289e2c--7,E5,600,147,0
0000025c--0795289e2c--8,E,600,0,0
0000025c--0795289e2c--8,E1,600,0,0
0000025c--0795289e2c--8,E2,600,0,0
0000025c--0795289e2c--8,E3,600,0,0
0000025c--0795289e2c--8,E4,600,0,0
0000025c--0795289e2c--8,E5,600,164,0
0000025d--70dff69b9d--0,E,621,46,0
0000025d--70dff69b9d--0,E1,621,43,0
0000025d--70dff69b9d--0,E2,621,39,0
0000025d--70dff69b9d--0,E3,621,43,0
0000025d--70dff69b9d--0,E4,621,39,0
0000025d--70dff69b9d--0,E5,621,161,0
0000025d--70dff69b9d--1,E,600,36,0
0000025d--70dff69b9d--1,E1,600,0,0
0000025d--70dff69b9d--1,E2,600,20,0
0000025d--70dff69b9d--1,E3,600,20,0
0000025d--70dff69b9d--1,E4,600,0,0
0000025d--70dff69b9d--1,E5,600,137,0
0000025d--70dff69b9d--10,E,600,279,0
0000025d--70dff69b9d--10,E1,600,41,0
0000025d--70dff69b9d--10,E2,600,104,0
0000025d--70dff69b9d--10,E3,600,104,0
0000025d--70dff69b9d--10,E4,600,0,0
0000025d--70dff69b9d--10,E5,600,317,0
0000025d--70dff69b9d--11,E,600,0,0
0000025d--70dff69b9d--11,E1,600,0,0
0000025d--70dff69b9d--11,E2,600,0,0
0000025d--70dff69b9d--11,E3,600,0,0
0000025d--70dff69b9d--11,E4,600,0,0
0000025d--70dff69b9d--11,E5,600,0,0
0000025d--70dff69b9d--15,E,600,508,0
0000025d--70dff69b9d--15,E1,600,0,0
0000025d--70dff69b9d--15,E2,600,508,0
0000025d--70dff69b9d--15,E3,600,508,0
0000025d--70dff69b9d--15,E4,600,0,0
0000025d--70dff69b9d--15,E5,600,121,0
0000025d--70dff69b9d--18,E,599,67,0
0000025d--70dff69b9d--18,E1,599,0,0
0000025d--70dff69b9d--18,E2,599,67,0
0000025d--70dff69b9d--18,E3,599,67,0
0000025d--70dff69b9d--18,E4,599,0,0
0000025d--70dff69b9d--18,E5,599,338,0
0000025d--70dff69b9d--19,E,599,47,0
0000025d--70dff69b9d--19,E1,599,0,0
0000025d--70dff69b9d--19,E2,599,47,0
0000025d--70dff69b9d--19,E3,599,47,0
0000025d--70dff69b9d--19,E4,599,0,0
0000025d--70dff69b9d--19,E5,599,186,0
0000025d--70dff69b9d--2,E,600,17,0
0000025d--70dff69b9d--2,E1,600,14,0
0000025d--70dff69b9d--2,E2,600,17,0
0000025d--70dff69b9d--2,E3,600,17,0
0000025d--70dff69b9d--2,E4,600,3,0
0000025d--70dff69b9d--2,E5,600,149,0
0000025d--70dff69b9d--20,E,600,189,0
0000025d--70dff69b9d--20,E1,600,0,0
0000025d--70dff69b9d--20,E2,600,189,0
0000025d--70dff69b9d--20,E3,600,189,0
0000025d--70dff69b9d--20,E4,600,0,0
0000025d--70dff69b9d--20,E5,600,213,0
0000025d--70dff69b9d--21,E,600,0,0
0000025d--70dff69b9d--21,E1,600,0,0
0000025d--70dff69b9d--21,E2,600,0,0
0000025d--70dff69b9d--21,E3,600,0,0
0000025d--70dff69b9d--21,E4,600,0,0
0000025d--70dff69b9d--21,E5,600,0,0
0000025d--70dff69b9d--22,E,600,12,0
0000025d--70dff69b9d--22,E1,600,0,0
0000025d--70dff69b9d--22,E2,600,12,0
0000025d--70dff69b9d--22,E3,600,12,0
0000025d--70dff69b9d--22,E4,600,12,0
0000025d--70dff69b9d--22,E5,600,67,0
0000025d--70dff69b9d--23,E,600,183,26
0000025d--70dff69b9d--23,E1,600,0,0
0000025d--70dff69b9d--23,E2,600,146,26
0000025d--70dff69b9d--23,E3,600,146,26
0000025d--70dff69b9d--23,E4,600,84,26
0000025d--70dff69b9d--23,E5,600,498,26
0000025d--70dff69b9d--3,E,600,72,0
0000025d--70dff69b9d--3,E1,600,0,0
0000025d--70dff69b9d--3,E2,600,68,0
0000025d--70dff69b9d--3,E3,600,68,0
0000025d--70dff69b9d--3,E4,600,16,0
0000025d--70dff69b9d--3,E5,600,187,0
0000025d--70dff69b9d--4,E,600,13,0
0000025d--70dff69b9d--4,E1,600,13,0
0000025d--70dff69b9d--4,E2,600,13,0
0000025d--70dff69b9d--4,E3,600,13,0
0000025d--70dff69b9d--4,E4,600,13,0
0000025d--70dff69b9d--4,E5,600,170,0
0000025d--70dff69b9d--5,E,600,104,0
0000025d--70dff69b9d--5,E1,600,52,0
0000025d--70dff69b9d--5,E2,600,103,0
0000025d--70dff69b9d--5,E3,600,103,0
0000025d--70dff69b9d--5,E4,600,0,0
0000025d--70dff69b9d--5,E5,600,485,0
0000025d--70dff69b9d--6,E,600,44,0
0000025d--70dff69b9d--6,E1,600,0,0
0000025d--70dff69b9d--6,E2,600,5,0
0000025d--70dff69b9d--6,E3,600,5,0
0000025d--70dff69b9d--6,E4,600,0,0
0000025d--70dff69b9d--6,E5,600,202,0
0000025d--70dff69b9d--7,E,600,354,0
0000025d--70dff69b9d--7,E1,600,333,0
0000025d--70dff69b9d--7,E2,600,354,0
0000025d--70dff69b9d--7,E3,600,354,0
0000025d--70dff69b9d--7,E4,600,137,0
0000025d--70dff69b9d--7,E5,600,410,0
0000025d--70dff69b9d--8,E,599,47,0
0000025d--70dff69b9d--8,E1,599,43,0
0000025d--70dff69b9d--8,E2,599,47,0
0000025d--70dff69b9d--8,E3,599,47,0
0000025d--70dff69b9d--8,E4,599,37,0
0000025d--70dff69b9d--8,E5,599,349,0
0000025d--70dff69b9d--9,E,599,0,0
0000025d--70dff69b9d--9,E1,599,0,0
0000025d--70dff69b9d--9,E2,599,0,0
0000025d--70dff69b9d--9,E3,599,0,0
0000025d--70dff69b9d--9,E4,599,0,0
0000025d--70dff69b9d--9,E5,599,97,0
00000261--4ff9c41127--0,E,616,37,0
00000261--4ff9c41127--0,E1,616,0,0
00000261--4ff9c41127--0,E2,616,31,0
00000261--4ff9c41127--0,E3,616,31,0
00000261--4ff9c41127--0,E4,616,0,0
00000261--4ff9c41127--0,E5,616,237,0
00000261--4ff9c41127--1,E,599,84,0
00000261--4ff9c41127--1,E1,599,0,0
00000261--4ff9c41127--1,E2,599,84,0
00000261--4ff9c41127--1,E3,599,84,0
00000261--4ff9c41127--1,E4,599,24,0
00000261--4ff9c41127--1,E5,599,179,0
00000261--4ff9c41127--10,E,600,26,0
00000261--4ff9c41127--10,E1,600,0,0
00000261--4ff9c41127--10,E2,600,12,0
00000261--4ff9c41127--10,E3,600,12,0
00000261--4ff9c41127--10,E4,600,0,0
00000261--4ff9c41127--10,E5,600,419,87
00000261--4ff9c41127--11,E,600,36,0
00000261--4ff9c41127--11,E1,600,36,0
00000261--4ff9c41127--11,E2,600,0,0
00000261--4ff9c41127--11,E3,600,0,0
00000261--4ff9c41127--11,E4,600,0,0
00000261--4ff9c41127--11,E5,600,152,0
00000261--4ff9c41127--12,E,600,56,0
00000261--4ff9c41127--12,E1,600,18,0
00000261--4ff9c41127--12,E2,600,48,0
00000261--4ff9c41127--12,E3,600,48,0
00000261--4ff9c41127--12,E4,600,22,0
00000261--4ff9c41127--12,E5,600,370,122
00000261--4ff9c41127--13,E,600,95,0
00000261--4ff9c41127--13,E1,600,60,0
00000261--4ff9c41127--13,E2,600,95,0
00000261--4ff9c41127--13,E3,600,95,0
00000261--4ff9c41127--13,E4,600,0,0
00000261--4ff9c41127--13,E5,600,400,0
00000261--4ff9c41127--14,E,600,46,0
00000261--4ff9c41127--14,E1,600,6,0
00000261--4ff9c41127--14,E2,600,30,0
00000261--4ff9c41127--14,E3,600,46,0
00000261--4ff9c41127--14,E4,600,17,0
00000261--4ff9c41127--14,E5,600,478,0
00000261--4ff9c41127--15,E,600,131,0
00000261--4ff9c41127--15,E1,600,11,0
00000261--4ff9c41127--15,E2,600,123,0
00000261--4ff9c41127--15,E3,600,123,0
00000261--4ff9c41127--15,E4,600,0,0
00000261--4ff9c41127--15,E5,600,441,0
00000261--4ff9c41127--16,E,600,136,0
00000261--4ff9c41127--16,E1,600,25,0
00000261--4ff9c41127--16,E2,600,136,0
00000261--4ff9c41127--16,E3,600,136,0
00000261--4ff9c41127--16,E4,600,11,0
00000261--4ff9c41127--16,E5,600,516,0
00000261--4ff9c41127--17,E,600,138,0
00000261--4ff9c41127--17,E1,600,109,0
00000261--4ff9c41127--17,E2,600,138,0
00000261--4ff9c41127--17,E3,600,138,0
00000261--4ff9c41127--17,E4,600,0,0
00000261--4ff9c41127--17,E5,600,364,0
00000261--4ff9c41127--18,E,599,110,0
00000261--4ff9c41127--18,E1,599,0,0
00000261--4ff9c41127--18,E2,599,75,0
00000261--4ff9c41127--18,E3,599,75,0
00000261--4ff9c41127--18,E4,599,57,0
00000261--4ff9c41127--18,E5,599,439,0
00000261--4ff9c41127--19,E,600,226,0
00000261--4ff9c41127--19,E1,600,36,0
00000261--4ff9c41127--19,E2,600,168,0
00000261--4ff9c41127--19,E3,600,168,0
00000261--4ff9c41127--19,E4,600,5,0
00000261--4ff9c41127--19,E5,600,505,0
00000261--4ff9c41127--2,E,599,120,0
00000261--4ff9c41127--2,E1,599,92,0
00000261--4ff9c41127--2,E2,599,120,0
00000261--4ff9c41127--2,E3,599,120,0
00000261--4ff9c41127--2,E4,599,73,0
00000261--4ff9c41127--2,E5,599,405,0
00000261--4ff9c41127--20,E,600,83,0
00000261--4ff9c41127--20,E1,600,37,0
00000261--4ff9c41127--20,E2,600,65,0
00000261--4ff9c41127--20,E3,600,65,0
00000261--4ff9c41127--20,E4,600,0,0
00000261--4ff9c41127--20,E5,600,490,0
00000261--4ff9c41127--21,E,599,112,0
00000261--4ff9c41127--21,E1,599,60,0
00000261--4ff9c41127--21,E2,599,98,0
00000261--4ff9c41127--21,E3,599,98,0
00000261--4ff9c41127--21,E4,599,0,0
00000261--4ff9c41127--21,E5,599,400,0
00000261--4ff9c41127--22,E,600,106,0
00000261--4ff9c41127--22,E1,600,55,0
00000261--4ff9c41127--22,E2,600,104,0
00000261--4ff9c41127--22,E3,600,104,0
00000261--4ff9c41127--22,E4,600,37,0
00000261--4ff9c41127--22,E5,600,406,0
00000261--4ff9c41127--23,E,600,87,0
00000261--4ff9c41127--23,E1,600,71,0
00000261--4ff9c41127--23,E2,600,87,0
00000261--4ff9c41127--23,E3,600,87,0
00000261--4ff9c41127--23,E4,600,0,0
00000261--4ff9c41127--23,E5,600,298,0
00000261--4ff9c41127--24,E,600,41,0
00000261--4ff9c41127--24,E1,600,0,0
00000261--4ff9c41127--24,E2,600,41,0
00000261--4ff9c41127--24,E3,600,41,0
00000261--4ff9c41127--24,E4,600,22,0
00000261--4ff9c41127--24,E5,600,403,0
00000261--4ff9c41127--25,E,599,93,0
00000261--4ff9c41127--25,E1,599,0,0
00000261--4ff9c41127--25,E2,599,46,0
00000261--4ff9c41127--25,E3,599,46,0
00000261--4ff9c41127--25,E4,599,1,0
00000261--4ff9c41127--25,E5,599,150,0
00000261--4ff9c41127--26,E,599,94,0
00000261--4ff9c41127--26,E1,599,0,0
00000261--4ff9c41127--26,E2,599,92,0
00000261--4ff9c41127--26,E3,599,92,0
00000261--4ff9c41127--26,E4,599,66,0
00000261--4ff9c41127--26,E5,599,531,0
00000261--4ff9c41127--27,E,599,27,0
00000261--4ff9c41127--27,E1,599,17,0
00000261--4ff9c41127--27,E2,599,27,0
00000261--4ff9c41127--27,E3,599,27,0
00000261--4ff9c41127--27,E4,599,5,0
00000261--4ff9c41127--27,E5,599,332,0
00000261--4ff9c41127--28,E,444,4,0
00000261--4ff9c41127--28,E1,444,0,0
00000261--4ff9c41127--28,E2,444,4,0
00000261--4ff9c41127--28,E3,444,4,0
00000261--4ff9c41127--28,E4,444,4,0
00000261--4ff9c41127--28,E5,444,211,0
00000261--4ff9c41127--3,E,600,71,0
00000261--4ff9c41127--3,E1,600,0,0
00000261--4ff9c41127--3,E2,600,71,0
00000261--4ff9c41127--3,E3,600,71,0
00000261--4ff9c41127--3,E4,600,11,0
00000261--4ff9c41127--3,E5,600,179,0
00000261--4ff9c41127--4,E,600,32,0
00000261--4ff9c41127--4,E1,600,0,0
00000261--4ff9c41127--4,E2,600,30,0
00000261--4ff9c41127--4,E3,600,30,0
00000261--4ff9c41127--4,E4,600,0,0
00000261--4ff9c41127--4,E5,600,394,0
00000261--4ff9c41127--5,E,600,43,0
00000261--4ff9c41127--5,E1,600,0,0
00000261--4ff9c41127--5,E2,600,43,0
00000261--4ff9c41127--5,E3,600,43,0
00000261--4ff9c41127--5,E4,600,43,0
00000261--4ff9c41127--5,E5,600,283,11
00000261--4ff9c41127--6,E,600,154,0
00000261--4ff9c41127--6,E1,600,16,0
00000261--4ff9c41127--6,E2,600,123,0
00000261--4ff9c41127--6,E3,600,123,0
00000261--4ff9c41127--6,E4,600,29,0
00000261--4ff9c41127--6,E5,600,383,0
00000261--4ff9c41127--7,E,600,214,10
00000261--4ff9c41127--7,E1,600,0,0
00000261--4ff9c41127--7,E2,600,197,10
00000261--4ff9c41127--7,E3,600,197,10
00000261--4ff9c41127--7,E4,600,147,0
00000261--4ff9c41127--7,E5,600,333,31
00000261--4ff9c41127--8,E,600,153,0
00000261--4ff9c41127--8,E1,600,22,0
00000261--4ff9c41127--8,E2,600,116,0
00000261--4ff9c41127--8,E3,600,116,0
00000261--4ff9c41127--8,E4,600,30,0
00000261--4ff9c41127--8,E5,600,465,0
00000261--4ff9c41127--9,E,600,228,0
00000261--4ff9c41127--9,E1,600,22,0
00000261--4ff9c41127--9,E2,600,228,0
00000261--4ff9c41127--9,E3,600,228,0
00000261--4ff9c41127--9,E4,600,20,0
00000261--4ff9c41127--9,E5,600,464,0
00000264--31b802e87a--1,E,600,55,4
00000264--31b802e87a--1,E1,600,0,0
00000264--31b802e87a--1,E2,600,54,4
00000264--31b802e87a--1,E3,600,54,4
00000264--31b802e87a--1,E4,600,0,0
00000264--31b802e87a--1,E5,600,235,23
00000264--31b802e87a--10,E,599,31,0
00000264--31b802e87a--10,E1,599,13,0
00000264--31b802e87a--10,E2,599,26,0
00000264--31b802e87a--10,E3,599,26,0
00000264--31b802e87a--10,E4,599,0,0
00000264--31b802e87a--10,E5,599,127,0
00000264--31b802e87a--11,E,600,13,0
00000264--31b802e87a--11,E1,600,13,0
00000264--31b802e87a--11,E2,600,13,0
00000264--31b802e87a--11,E3,600,13,0
00000264--31b802e87a--11,E4,600,5,0
00000264--31b802e87a--11,E5,600,223,0
00000264--31b802e87a--12,E,600,47,0
00000264--31b802e87a--12,E1,600,34,0
00000264--31b802e87a--12,E2,600,47,0
00000264--31b802e87a--12,E3,600,47,0
00000264--31b802e87a--12,E4,600,10,0
00000264--31b802e87a--12,E5,600,247,0
00000264--31b802e87a--13,E,600,27,0
00000264--31b802e87a--13,E1,600,0,0
00000264--31b802e87a--13,E2,600,17,0
00000264--31b802e87a--13,E3,600,17,0
00000264--31b802e87a--13,E4,600,6,0
00000264--31b802e87a--13,E5,600,122,0
00000264--31b802e87a--14,E,600,33,0
00000264--31b802e87a--14,E1,600,0,0
00000264--31b802e87a--14,E2,600,33,0
00000264--31b802e87a--14,E3,600,33,0
00000264--31b802e87a--14,E4,600,0,0
00000264--31b802e87a--14,E5,600,432,0
00000264--31b802e87a--15,E,600,15,0
00000264--31b802e87a--15,E1,600,0,0
00000264--31b802e87a--15,E2,600,15,0
00000264--31b802e87a--15,E3,600,15,0
00000264--31b802e87a--15,E4,600,15,0
00000264--31b802e87a--15,E5,600,76,0
00000264--31b802e87a--16,E,600,27,0
00000264--31b802e87a--16,E1,600,3,0
00000264--31b802e87a--16,E2,600,4,0
00000264--31b802e87a--16,E3,600,4,0
00000264--31b802e87a--16,E4,600,4,0
00000264--31b802e87a--16,E5,600,175,0
00000264--31b802e87a--17,E,600,49,0
00000264--31b802e87a--17,E1,600,7,0
00000264--31b802e87a--17,E2,600,49,0
00000264--31b802e87a--17,E3,600,49,0
00000264--31b802e87a--17,E4,600,0,0
00000264--31b802e87a--17,E5,600,315,0
00000264--31b802e87a--18,E,600,23,0
00000264--31b802e87a--18,E1,600,21,0
00000264--31b802e87a--18,E2,600,23,0
00000264--31b802e87a--18,E3,600,23,0
00000264--31b802e87a--18,E4,600,2,0
00000264--31b802e87a--18,E5,600,144,0
00000264--31b802e87a--19,E,600,47,0
00000264--31b802e87a--19,E1,600,6,0
00000264--31b802e87a--19,E2,600,46,0
00000264--31b802e87a--19,E3,600,43,0
00000264--31b802e87a--19,E4,600,43,0
00000264--31b802e87a--19,E5,600,189,0
00000264--31b802e87a--2,E,600,0,0
00000264--31b802e87a--2,E1,600,0,0
00000264--31b802e87a--2,E2,600,0,0
00000264--31b802e87a--2,E3,600,0,0
00000264--31b802e87a--2,E4,600,0,0
00000264--31b802e87a--2,E5,600,206,0
00000264--31b802e87a--20,E,600,27,0
00000264--31b802e87a--20,E1,600,0,0
00000264--31b802e87a--20,E2,600,27,0
00000264--31b802e87a--20,E3,600,27,0
00000264--31b802e87a--20,E4,600,27,0
00000264--31b802e87a--20,E5,600,86,0
00000264--31b802e87a--21,E,600,139,0
00000264--31b802e87a--21,E1,600,12,0
00000264--31b802e87a--21,E2,600,121,0
00000264--31b802e87a--21,E3,600,121,0
00000264--31b802e87a--21,E4,600,32,0
00000264--31b802e87a--21,E5,600,497,0
00000264--31b802e87a--22,E,600,168,0
00000264--31b802e87a--22,E1,600,60,0
00000264--31b802e87a--22,E2,600,148,0
00000264--31b802e87a--22,E3,600,148,0
00000264--31b802e87a--22,E4,600,39,0
00000264--31b802e87a--22,E5,600,472,0
00000264--31b802e87a--23,E,600,0,0
00000264--31b802e87a--23,E1,600,0,0
00000264--31b802e87a--23,E2,600,0,0
00000264--31b802e87a--23,E3,600,0,0
00000264--31b802e87a--23,E4,600,0,0
00000264--31b802e87a--23,E5,600,307,0
00000264--31b802e87a--24,E,600,136,0
00000264--31b802e87a--24,E1,600,8,0
00000264--31b802e87a--24,E2,600,131,0
00000264--31b802e87a--24,E3,600,131,0
00000264--31b802e87a--24,E4,600,42,0
00000264--31b802e87a--24,E5,600,305,0
00000264--31b802e87a--25,E,600,38,0
00000264--31b802e87a--25,E1,600,38,0
00000264--31b802e87a--25,E2,600,38,0
00000264--31b802e87a--25,E3,600,38,0
00000264--31b802e87a--25,E4,600,0,0
00000264--31b802e87a--25,E5,600,254,0
00000264--31b802e87a--26,E,600,23,0
00000264--31b802e87a--26,E1,600,0,0
00000264--31b802e87a--26,E2,600,23,0
00000264--31b802e87a--26,E3,600,23,0
00000264--31b802e87a--26,E4,600,0,0
00000264--31b802e87a--26,E5,600,271,0
00000264--31b802e87a--27,E,600,0,0
00000264--31b802e87a--27,E1,600,0,0
00000264--31b802e87a--27,E2,600,0,0
00000264--31b802e87a--27,E3,600,0,0
00000264--31b802e87a--27,E4,600,0,0
00000264--31b802e87a--27,E5,600,0,0
00000264--31b802e87a--28,E,600,40,0
00000264--31b802e87a--28,E1,600,24,0
00000264--31b802e87a--28,E2,600,40,0
00000264--31b802e87a--28,E3,600,40,0
00000264--31b802e87a--28,E4,600,0,0
00000264--31b802e87a--28,E5,600,47,0
00000264--31b802e87a--29,E,600,188,0
00000264--31b802e87a--29,E1,600,18,0
00000264--31b802e87a--29,E2,600,133,0
00000264--31b802e87a--29,E3,600,133,0
00000264--31b802e87a--29,E4,600,51,0
00000264--31b802e87a--29,E5,600,280,0
00000264--31b802e87a--3,E,599,0,0
00000264--31b802e87a--3,E1,599,0,0
00000264--31b802e87a--3,E2,599,0,0
00000264--31b802e87a--3,E3,599,0,0
00000264--31b802e87a--3,E4,599,0,0
00000264--31b802e87a--3,E5,599,132,0
00000264--31b802e87a--30,E,600,42,0
00000264--31b802e87a--30,E1,600,0,0
00000264--31b802e87a--30,E2,600,42,0
00000264--31b802e87a--30,E3,600,42,0
00000264--31b802e87a--30,E4,600,0,0
00000264--31b802e87a--30,E5,600,401,0
00000264--31b802e87a--31,E,599,244,0
00000264--31b802e87a--31,E1,599,29,0
00000264--31b802e87a--31,E2,599,155,0
00000264--31b802e87a--31,E3,599,184,0
00000264--31b802e87a--31,E4,599,86,0
00000264--31b802e87a--31,E5,599,354,0
00000264--31b802e87a--32,E,600,0,0
00000264--31b802e87a--32,E1,600,0,0
00000264--31b802e87a--32,E2,600,0,0
00000264--31b802e87a--32,E3,600,0,0
00000264--31b802e87a--32,E4,600,0,0
00000264--31b802e87a--32,E5,600,354,0
00000264--31b802e87a--33,E,599,0,0
00000264--31b802e87a--33,E1,599,0,0
00000264--31b802e87a--33,E2,599,0,0
00000264--31b802e87a--33,E3,599,0,0
00000264--31b802e87a--33,E4,599,0,0
00000264--31b802e87a--33,E5,599,0,0
00000264--31b802e87a--34,E,600,125,0
00000264--31b802e87a--34,E1,600,19,0
00000264--31b802e87a--34,E2,600,122,0
00000264--31b802e87a--34,E3,600,122,0
00000264--31b802e87a--34,E4,600,11,0
00000264--31b802e87a--34,E5,600,328,0
00000264--31b802e87a--35,E,599,54,0
00000264--31b802e87a--35,E1,599,0,0
00000264--31b802e87a--35,E2,599,54,0
00000264--31b802e87a--35,E3,599,54,0
00000264--31b802e87a--35,E4,599,0,0
00000264--31b802e87a--35,E5,599,352,0
00000264--31b802e87a--36,E,599,0,0
00000264--31b802e87a--36,E1,599,0,0
00000264--31b802e87a--36,E2,599,0,0
00000264--31b802e87a--36,E3,599,0,0
00000264--31b802e87a--36,E4,599,0,0
00000264--31b802e87a--36,E5,599,0,0
00000264--31b802e87a--37,E,599,0,0
00000264--31b802e87a--37,E1,599,0,0
00000264--31b802e87a--37,E2,599,0,0
00000264--31b802e87a--37,E3,599,0,0
00000264--31b802e87a--37,E4,599,0,0
00000264--31b802e87a--37,E5,599,34,0
00000264--31b802e87a--38,E,599,171,0
00000264--31b802e87a--38,E1,599,74,0
00000264--31b802e87a--38,E2,599,114,0
00000264--31b802e87a--38,E3,599,114,0
00000264--31b802e87a--38,E4,599,12,0
00000264--31b802e87a--38,E5,599,335,0
00000264--31b802e87a--39,E,599,101,0
00000264--31b802e87a--39,E1,599,5,0
00000264--31b802e87a--39,E2,599,101,0
00000264--31b802e87a--39,E3,599,101,0
00000264--31b802e87a--39,E4,599,22,0
00000264--31b802e87a--39,E5,599,431,0
00000264--31b802e87a--4,E,599,19,0
00000264--31b802e87a--4,E1,599,10,0
00000264--31b802e87a--4,E2,599,19,0
00000264--31b802e87a--4,E3,599,19,0
00000264--31b802e87a--4,E4,599,0,0
00000264--31b802e87a--4,E5,599,110,0
00000264--31b802e87a--40,E,600,5,0
00000264--31b802e87a--40,E1,600,0,0
00000264--31b802e87a--40,E2,600,4,0
00000264--31b802e87a--40,E3,600,4,0
00000264--31b802e87a--40,E4,600,4,0
00000264--31b802e87a--40,E5,600,435,17
00000264--31b802e87a--41,E,396,0,0
00000264--31b802e87a--41,E1,396,0,0
00000264--31b802e87a--41,E2,396,0,0
00000264--31b802e87a--41,E3,396,0,0
00000264--31b802e87a--41,E4,396,0,0
00000264--31b802e87a--41,E5,396,378,0
00000264--31b802e87a--5,E,599,101,0
00000264--31b802e87a--5,E1,599,12,0
00000264--31b802e87a--5,E2,599,12,0
00000264--31b802e87a--5,E3,599,12,0
00000264--31b802e87a--5,E4,599,9,0
00000264--31b802e87a--5,E5,599,272,0
00000264--31b802e87a--6,E,600,0,0
00000264--31b802e87a--6,E1,600,0,0
00000264--31b802e87a--6,E2,600,0,0
00000264--31b802e87a--6,E3,600,0,0
00000264--31b802e87a--6,E4,600,0,0
00000264--31b802e87a--6,E5,600,590,528
00000264--31b802e87a--7,E,599,43,0
00000264--31b802e87a--7,E1,599,0,0
00000264--31b802e87a--7,E2,599,42,0
00000264--31b802e87a--7,E3,599,42,0
00000264--31b802e87a--7,E4,599,0,0
00000264--31b802e87a--7,E5,599,204,0
00000264--31b802e87a--8,E,599,139,0
00000264--31b802e87a--8,E1,599,69,0
00000264--31b802e87a--8,E2,599,139,0
00000264--31b802e87a--8,E3,599,139,0
00000264--31b802e87a--8,E4,599,22,0
00000264--31b802e87a--8,E5,599,480,0
00000264--31b802e87a--9,E,599,0,0
00000264--31b802e87a--9,E1,599,0,0
00000264--31b802e87a--9,E2,599,0,0
00000264--31b802e87a--9,E3,599,0,0
00000264--31b802e87a--9,E4,599,0,0
00000264--31b802e87a--9,E5,599,193,0
00000266--f9c40304ea--0,E,621,52,0
00000266--f9c40304ea--0,E1,621,0,0
00000266--f9c40304ea--0,E2,621,52,0
00000266--f9c40304ea--0,E3,621,52,0
00000266--f9c40304ea--0,E4,621,0,0
00000266--f9c40304ea--0,E5,621,564,11
00000266--f9c40304ea--1,E,600,112,0
00000266--f9c40304ea--1,E1,600,10,0
00000266--f9c40304ea--1,E2,600,112,0
00000266--f9c40304ea--1,E3,600,112,0
00000266--f9c40304ea--1,E4,600,7,0
00000266--f9c40304ea--1,E5,600,410,0
00000266--f9c40304ea--10,E,599,60,0
00000266--f9c40304ea--10,E1,599,0,0
00000266--f9c40304ea--10,E2,599,60,0
00000266--f9c40304ea--10,E3,599,60,0
00000266--f9c40304ea--10,E4,599,10,0
00000266--f9c40304ea--10,E5,599,172,0
00000266--f9c40304ea--11,E,600,542,0
00000266--f9c40304ea--11,E1,600,64,0
00000266--f9c40304ea--11,E2,600,542,0
00000266--f9c40304ea--11,E3,600,542,0
00000266--f9c40304ea--11,E4,600,3,0
00000266--f9c40304ea--11,E5,600,549,0
00000266--f9c40304ea--12,E,600,149,0
00000266--f9c40304ea--12,E1,600,29,0
00000266--f9c40304ea--12,E2,600,102,0
00000266--f9c40304ea--12,E3,600,102,0
00000266--f9c40304ea--12,E4,600,20,0
00000266--f9c40304ea--12,E5,600,337,0
00000266--f9c40304ea--13,E,600,40,0
00000266--f9c40304ea--13,E1,600,0,0
00000266--f9c40304ea--13,E2,600,40,0
00000266--f9c40304ea--13,E3,600,40,0
00000266--f9c40304ea--13,E4,600,0,0
00000266--f9c40304ea--13,E5,600,189,0
00000266--f9c40304ea--14,E,600,155,0
00000266--f9c40304ea--14,E1,600,41,0
00000266--f9c40304ea--14,E2,600,155,0
00000266--f9c40304ea--14,E3,600,155,0
00000266--f9c40304ea--14,E4,600,26,0
00000266--f9c40304ea--14,E5,600,420,0
00000266--f9c40304ea--15,E,600,80,0
00000266--f9c40304ea--15,E1,600,62,0
00000266--f9c40304ea--15,E2,600,80,0
00000266--f9c40304ea--15,E3,600,80,0
00000266--f9c40304ea--15,E4,600,35,0
00000266--f9c40304ea--15,E5,600,256,0
00000266--f9c40304ea--16,E,600,0,0
00000266--f9c40304ea--16,E1,600,0,0
00000266--f9c40304ea--16,E2,600,0,0
00000266--f9c40304ea--16,E3,600,0,0
00000266--f9c40304ea--16,E4,600,0,0
00000266--f9c40304ea--16,E5,600,521,380
00000266--f9c40304ea--17,E,600,304,0
00000266--f9c40304ea--17,E1,600,56,0
00000266--f9c40304ea--17,E2,600,273,0
00000266--f9c40304ea--17,E3,600,291,0
00000266--f9c40304ea--17,E4,600,55,0
00000266--f9c40304ea--17,E5,600,551,0
00000266--f9c40304ea--18,E,600,266,0
00000266--f9c40304ea--18,E1,600,0,0
00000266--f9c40304ea--18,E2,600,194,0
00000266--f9c40304ea--18,E3,600,194,0
00000266--f9c40304ea--18,E4,600,0,0
00000266--f9c40304ea--18,E5,600,595,593
00000266--f9c40304ea--19,E,600,104,0
00000266--f9c40304ea--19,E1,600,73,0
00000266--f9c40304ea--19,E2,600,81,0
00000266--f9c40304ea--19,E3,600,81,0
00000266--f9c40304ea--19,E4,600,23,0
00000266--f9c40304ea--19,E5,600,435,0
00000266--f9c40304ea--2,E,600,290,0
00000266--f9c40304ea--2,E1,600,0,0
00000266--f9c40304ea--2,E2,600,82,0
00000266--f9c40304ea--2,E3,600,84,0
00000266--f9c40304ea--2,E4,600,29,0
00000266--f9c40304ea--2,E5,600,524,377
00000266--f9c40304ea--20,E,600,0,0
00000266--f9c40304ea--20,E1,600,0,0
00000266--f9c40304ea--20,E2,600,0,0
00000266--f9c40304ea--20,E3,600,0,0
00000266--f9c40304ea--20,E4,600,0,0
00000266--f9c40304ea--20,E5,600,587,0
00000266--f9c40304ea--21,E,600,74,0
00000266--f9c40304ea--21,E1,600,61,0
00000266--f9c40304ea--21,E2,600,73,0
00000266--f9c40304ea--21,E3,600,73,0
00000266--f9c40304ea--21,E4,600,48,0
00000266--f9c40304ea--21,E5,600,466,8
00000266--f9c40304ea--22,E,600,0,0
00000266--f9c40304ea--22,E1,600,0,0
00000266--f9c40304ea--22,E2,600,0,0
00000266--f9c40304ea--22,E3,600,0,0
00000266--f9c40304ea--22,E4,600,0,0
00000266--f9c40304ea--22,E5,600,380,0
00000266--f9c40304ea--23,E,594,0,0
00000266--f9c40304ea--23,E1,594,0,0
00000266--f9c40304ea--23,E2,594,0,0
00000266--f9c40304ea--23,E3,594,0,0
00000266--f9c40304ea--23,E4,594,0,0
00000266--f9c40304ea--23,E5,594,0,0
00000266--f9c40304ea--3,E,600,73,0
00000266--f9c40304ea--3,E1,600,43,0
00000266--f9c40304ea--3,E2,600,67,0
00000266--f9c40304ea--3,E3,600,67,0
00000266--f9c40304ea--3,E4,600,0,0
00000266--f9c40304ea--3,E5,600,427,0
00000266--f9c40304ea--4,E,599,23,0
00000266--f9c40304ea--4,E1,599,0,0
00000266--f9c40304ea--4,E2,599,0,0
00000266--f9c40304ea--4,E3,599,0,0
00000266--f9c40304ea--4,E4,599,0,0
00000266--f9c40304ea--4,E5,599,138,0
00000266--f9c40304ea--5,E,600,36,0
00000266--f9c40304ea--5,E1,600,0,0
00000266--f9c40304ea--5,E2,600,36,0
00000266--f9c40304ea--5,E3,600,36,0
00000266--f9c40304ea--5,E4,600,0,0
00000266--f9c40304ea--5,E5,600,305,0
00000266--f9c40304ea--6,E,599,64,0
00000266--f9c40304ea--6,E1,599,28,0
00000266--f9c40304ea--6,E2,599,64,0
00000266--f9c40304ea--6,E3,599,64,0
00000266--f9c40304ea--6,E4,599,0,0
00000266--f9c40304ea--6,E5,599,207,0
00000266--f9c40304ea--7,E,600,39,0
00000266--f9c40304ea--7,E1,600,0,0
00000266--f9c40304ea--7,E2,600,13,0
00000266--f9c40304ea--7,E3,600,13,0
00000266--f9c40304ea--7,E4,600,5,0
00000266--f9c40304ea--7,E5,600,520,196
00000266--f9c40304ea--8,E,599,124,0
00000266--f9c40304ea--8,E1,599,93,0
00000266--f9c40304ea--8,E2,599,124,0
00000266--f9c40304ea--8,E3,599,124,0
00000266--f9c40304ea--8,E4,599,0,0
00000266--f9c40304ea--8,E5,599,423,0
00000266--f9c40304ea--9,E,600,0,0
00000266--f9c40304ea--9,E1,600,0,0
00000266--f9c40304ea--9,E2,600,0,0
00000266--f9c40304ea--9,E3,600,0,0
00000266--f9c40304ea--9,E4,600,0,0
00000266--f9c40304ea--9,E5,600,456,0
00000267--5bcd0e5bb8--0,E,622,8,0
00000267--5bcd0e5bb8--0,E1,622,0,0
00000267--5bcd0e5bb8--0,E2,622,8,0
00000267--5bcd0e5bb8--0,E3,622,8,0
00000267--5bcd0e5bb8--0,E4,622,0,0
00000267--5bcd0e5bb8--0,E5,622,241,51
00000267--5bcd0e5bb8--1,E,600,200,0
00000267--5bcd0e5bb8--1,E1,600,55,0
00000267--5bcd0e5bb8--1,E2,600,176,0
00000267--5bcd0e5bb8--1,E3,600,176,0
00000267--5bcd0e5bb8--1,E4,600,7,0
00000267--5bcd0e5bb8--1,E5,600,475,0
00000267--5bcd0e5bb8--10,E,600,58,0
00000267--5bcd0e5bb8--10,E1,600,27,0
00000267--5bcd0e5bb8--10,E2,600,58,0
00000267--5bcd0e5bb8--10,E3,600,58,0
00000267--5bcd0e5bb8--10,E4,600,0,0
00000267--5bcd0e5bb8--10,E5,600,511,0
00000267--5bcd0e5bb8--11,E,600,320,0
00000267--5bcd0e5bb8--11,E1,600,20,0
00000267--5bcd0e5bb8--11,E2,600,43,0
00000267--5bcd0e5bb8--11,E3,600,43,0
00000267--5bcd0e5bb8--11,E4,600,0,0
00000267--5bcd0e5bb8--11,E5,600,532,0
00000267--5bcd0e5bb8--12,E,600,0,0
00000267--5bcd0e5bb8--12,E1,600,0,0
00000267--5bcd0e5bb8--12,E2,600,0,0
00000267--5bcd0e5bb8--12,E3,600,0,0
00000267--5bcd0e5bb8--12,E4,600,0,0
00000267--5bcd0e5bb8--12,E5,600,43,0
00000267--5bcd0e5bb8--13,E,600,122,0
00000267--5bcd0e5bb8--13,E1,600,3,0
00000267--5bcd0e5bb8--13,E2,600,81,0
00000267--5bcd0e5bb8--13,E3,600,81,0
00000267--5bcd0e5bb8--13,E4,600,20,0
00000267--5bcd0e5bb8--13,E5,600,474,0
00000267--5bcd0e5bb8--14,E,600,79,0
00000267--5bcd0e5bb8--14,E1,600,25,0
00000267--5bcd0e5bb8--14,E2,600,73,0
00000267--5bcd0e5bb8--14,E3,600,73,0
00000267--5bcd0e5bb8--14,E4,600,3,0
00000267--5bcd0e5bb8--14,E5,600,553,450
00000267--5bcd0e5bb8--15,E,599,0,0
00000267--5bcd0e5bb8--15,E1,599,0,0
00000267--5bcd0e5bb8--15,E2,599,0,0
00000267--5bcd0e5bb8--15,E3,599,0,0
00000267--5bcd0e5bb8--15,E4,599,0,0
00000267--5bcd0e5bb8--15,E5,599,418,266
00000267--5bcd0e5bb8--16,E,600,18,0
00000267--5bcd0e5bb8--16,E1,600,0,0
00000267--5bcd0e5bb8--16,E2,600,18,0
00000267--5bcd0e5bb8--16,E3,600,18,0
00000267--5bcd0e5bb8--16,E4,600,11,0
00000267--5bcd0e5bb8--16,E5,600,524,168
00000267--5bcd0e5bb8--17,E,599,362,0
00000267--5bcd0e5bb8--17,E1,599,0,0
00000267--5bcd0e5bb8--17,E2,599,362,0
00000267--5bcd0e5bb8--17,E3,599,362,0
00000267--5bcd0e5bb8--17,E4,599,18,0
00000267--5bcd0e5bb8--17,E5,599,435,0
00000267--5bcd0e5bb8--18,E,599,97,0
00000267--5bcd0e5bb8--18,E1,599,0,0
00000267--5bcd0e5bb8--18,E2,599,97,0
00000267--5bcd0e5bb8--18,E3,599,97,0
00000267--5bcd0e5bb8--18,E4,599,0,0
00000267--5bcd0e5bb8--18,E5,599,464,0
00000267--5bcd0e5bb8--19,E,343,0,0
00000267--5bcd0e5bb8--19,E1,343,0,0
00000267--5bcd0e5bb8--19,E2,343,0,0
00000267--5bcd0e5bb8--19,E3,343,0,0
00000267--5bcd0e5bb8--19,E4,343,0,0
00000267--5bcd0e5bb8--19,E5,343,327,317
00000267--5bcd0e5bb8--2,E,600,0,0
00000267--5bcd0e5bb8--2,E1,600,0,0
00000267--5bcd0e5bb8--2,E2,600,0,0
00000267--5bcd0e5bb8--2,E3,600,0,0
00000267--5bcd0e5bb8--2,E4,600,0,0
00000267--5bcd0e5bb8--2,E5,600,564,0
00000267--5bcd0e5bb8--3,E,600,201,0
00000267--5bcd0e5bb8--3,E1,600,67,0
00000267--5bcd0e5bb8--3,E2,600,158,0
00000267--5bcd0e5bb8--3,E3,600,158,0
00000267--5bcd0e5bb8--3,E4,600,17,0
00000267--5bcd0e5bb8--3,E5,600,505,0
00000267--5bcd0e5bb8--4,E,600,221,0
00000267--5bcd0e5bb8--4,E1,600,12,0
00000267--5bcd0e5bb8--4,E2,600,221,0
00000267--5bcd0e5bb8--4,E3,600,221,0
00000267--5bcd0e5bb8--4,E4,600,117,0
00000267--5bcd0e5bb8--4,E5,600,401,0
00000267--5bcd0e5bb8--5,E,600,135,0
00000267--5bcd0e5bb8--5,E1,600,13,0
00000267--5bcd0e5bb8--5,E2,600,135,0
00000267--5bcd0e5bb8--5,E3,600,135,0
00000267--5bcd0e5bb8--5,E4,600,102,0
00000267--5bcd0e5bb8--5,E5,600,343,0
00000267--5bcd0e5bb8--6,E,600,21,0
00000267--5bcd0e5bb8--6,E1,600,4,0
00000267--5bcd0e5bb8--6,E2,600,21,0
00000267--5bcd0e5bb8--6,E3,600,21,0
00000267--5bcd0e5bb8--6,E4,600,7,0
00000267--5bcd0e5bb8--6,E5,600,182,0
00000267--5bcd0e5bb8--7,E,600,46,0
00000267--5bcd0e5bb8--7,E1,600,32,0
00000267--5bcd0e5bb8--7,E2,600,46,0
00000267--5bcd0e5bb8--7,E3,600,46,0
00000267--5bcd0e5bb8--7,E4,600,22,0
00000267--5bcd0e5bb8--7,E5,600,292,0
00000267--5bcd0e5bb8--8,E,600,130,0
00000267--5bcd0e5bb8--8,E1,600,55,0
00000267--5bcd0e5bb8--8,E2,600,130,0
00000267--5bcd0e5bb8--8,E3,600,130,0
00000267--5bcd0e5bb8--8,E4,600,39,0
00000267--5bcd0e5bb8--8,E5,600,562,0
00000267--5bcd0e5bb8--9,E,600,21,0
00000267--5bcd0e5bb8--9,E1,600,0,0
00000267--5bcd0e5bb8--9,E2,600,0,0
00000267--5bcd0e5bb8--9,E3,600,0,0
00000267--5bcd0e5bb8--9,E4,600,0,0
00000267--5bcd0e5bb8--9,E5,600,299,0
00000269--4014745f93--0,E,620,195,0
00000269--4014745f93--0,E1,620,0,0
00000269--4014745f93--0,E2,620,0,0
00000269--4014745f93--0,E3,620,0,0
00000269--4014745f93--0,E4,620,0,0
00000269--4014745f93--0,E5,620,471,0
00000269--4014745f93--1,E,600,0,0
00000269--4014745f93--1,E1,600,0,0
00000269--4014745f93--1,E2,600,0,0
00000269--4014745f93--1,E3,600,0,0
00000269--4014745f93--1,E4,600,0,0
00000269--4014745f93--1,E5,600,87,0
00000269--4014745f93--10,E,600,18,0
00000269--4014745f93--10,E1,600,18,0
00000269--4014745f93--10,E2,600,18,0
00000269--4014745f93--10,E3,600,18,0
00000269--4014745f93--10,E4,600,0,0
00000269--4014745f93--10,E5,600,265,0
00000269--4014745f93--11,E,600,49,0
00000269--4014745f93--11,E1,600,0,0
00000269--4014745f93--11,E2,600,49,0
00000269--4014745f93--11,E3,600,49,0
00000269--4014745f93--11,E4,600,0,0
00000269--4014745f93--11,E5,600,300,0
00000269--4014745f93--12,E,600,22,0
00000269--4014745f93--12,E1,600,6,0
00000269--4014745f93--12,E2,600,22,0
00000269--4014745f93--12,E3,600,22,0
00000269--4014745f93--12,E4,600,0,0
00000269--4014745f93--12,E5,600,290,0
00000269--4014745f93--13,E,600,47,0
00000269--4014745f93--13,E1,600,0,0
00000269--4014745f93--13,E2,600,47,0
00000269--4014745f93--13,E3,600,47,0
00000269--4014745f93--13,E4,600,31,0
00000269--4014745f93--13,E5,600,145,0
00000269--4014745f93--14,E,600,126,0
00000269--4014745f93--14,E1,600,11,0
00000269--4014745f93--14,E2,600,107,0
00000269--4014745f93--14,E3,600,107,0
00000269--4014745f93--14,E4,600,49,0
00000269--4014745f93--14,E5,600,252,0
00000269--4014745f93--15,E,600,22,0
00000269--4014745f93--15,E1,600,0,0
00000269--4014745f93--15,E2,600,15,0
00000269--4014745f93--15,E3,600,15,0
00000269--4014745f93--15,E4,600,0,0
00000269--4014745f93--15,E5,600,109,0
00000269--4014745f93--16,E,600,48,0
00000269--4014745f93--16,E1,600,5,0
00000269--4014745f93--16,E2,600,19,0
00000269--4014745f93--16,E3,600,19,0
00000269--4014745f93--16,E4,600,0,0
00000269--4014745f93--16,E5,600,180,0
00000269--4014745f93--17,E,600,156,0
00000269--4014745f93--17,E1,600,0,0
00000269--4014745f93--17,E2,600,36,0
00000269--4014745f93--17,E3,600,36,0
00000269--4014745f93--17,E4,600,0,0
00000269--4014745f93--17,E5,600,304,0
00000269--4014745f93--18,E,600,53,0
00000269--4014745f93--18,E1,600,0,0
00000269--4014745f93--18,E2,600,49,0
00000269--4014745f93--18,E3,600,49,0
00000269--4014745f93--18,E4,600,0,0
00000269--4014745f93--18,E5,600,200,0
00000269--4014745f93--19,E,600,28,0
00000269--4014745f93--19,E1,600,10,0
00000269--4014745f93--19,E2,600,10,0
00000269--4014745f93--19,E3,600,10,0
00000269--4014745f93--19,E4,600,0,0
00000269--4014745f93--19,E5,600,235,0
00000269--4014745f93--2,E,599,169,0
00000269--4014745f93--2,E1,599,0,0
00000269--4014745f93--2,E2,599,169,0
00000269--4014745f93--2,E3,599,169,0
00000269--4014745f93--2,E4,599,0,0
00000269--4014745f93--2,E5,599,360,0
00000269--4014745f93--20,E,600,0,0
00000269--4014745f93--20,E1,600,0,0
00000269--4014745f93--20,E2,600,0,0
00000269--4014745f93--20,E3,600,0,0
00000269--4014745f93--20,E4,600,0,0
00000269--4014745f93--20,E5,600,140,0
00000269--4014745f93--21,E,600,0,0
00000269--4014745f93--21,E1,600,0,0
00000269--4014745f93--21,E2,600,0,0
00000269--4014745f93--21,E3,600,0,0
00000269--4014745f93--21,E4,600,0,0
00000269--4014745f93--21,E5,600,207,0
00000269--4014745f93--22,E,600,186,0
00000269--4014745f93--22,E1,600,103,0
00000269--4014745f93--22,E2,600,144,0
00000269--4014745f93--22,E3,600,144,0
00000269--4014745f93--22,E4,600,15,0
00000269--4014745f93--22,E5,600,472,0
00000269--4014745f93--23,E,600,5,0
00000269--4014745f93--23,E1,600,0,0
00000269--4014745f93--23,E2,600,5,0
00000269--4014745f93--23,E3,600,5,0
00000269--4014745f93--23,E4,600,5,0
00000269--4014745f93--23,E5,600,347,0
00000269--4014745f93--24,E,600,17,0
00000269--4014745f93--24,E1,600,0,0
00000269--4014745f93--24,E2,600,12,0
00000269--4014745f93--24,E3,600,12,0
00000269--4014745f93--24,E4,600,0,0
00000269--4014745f93--24,E5,600,179,109
00000269--4014745f93--25,E,600,59,0
00000269--4014745f93--25,E1,600,13,0
00000269--4014745f93--25,E2,600,37,0
00000269--4014745f93--25,E3,600,37,0
00000269--4014745f93--25,E4,600,0,0
00000269--4014745f93--25,E5,600,260,96
00000269--4014745f93--26,E,600,71,0
00000269--4014745f93--26,E1,600,0,0
00000269--4014745f93--26,E2,600,70,0
00000269--4014745f93--26,E3,600,70,0
00000269--4014745f93--26,E4,600,64,0
00000269--4014745f93--26,E5,600,313,0
00000269--4014745f93--27,E,600,15,0
00000269--4014745f93--27,E1,600,0,0
00000269--4014745f93--27,E2,600,15,0
00000269--4014745f93--27,E3,600,15,0
00000269--4014745f93--27,E4,600,15,0
00000269--4014745f93--27,E5,600,534,294
00000269--4014745f93--3,E,599,202,0
00000269--4014745f93--3,E1,599,84,0
00000269--4014745f93--3,E2,599,191,0
00000269--4014745f93--3,E3,599,191,0
00000269--4014745f93--3,E4,599,55,0
00000269--4014745f93--3,E5,599,496,0
00000269--4014745f93--4,E,599,30,0
00000269--4014745f93--4,E1,599,0,0
00000269--4014745f93--4,E2,599,0,0
00000269--4014745f93--4,E3,599,0,0
00000269--4014745f93--4,E4,599,0,0
00000269--4014745f93--4,E5,599,396,0
00000269--4014745f93--5,E,599,0,0
00000269--4014745f93--5,E1,599,0,0
00000269--4014745f93--5,E2,599,0,0
00000269--4014745f93--5,E3,599,0,0
00000269--4014745f93--5,E4,599,0,0
00000269--4014745f93--5,E5,599,475,0
00000269--4014745f93--6,E,599,97,0
00000269--4014745f93--6,E1,599,50,0
00000269--4014745f93--6,E2,599,95,0
00000269--4014745f93--6,E3,599,95,0
00000269--4014745f93--6,E4,599,1,0
00000269--4014745f93--6,E5,599,320,0
00000269--4014745f93--7,E,600,169,0
00000269--4014745f93--7,E1,600,21,0
00000269--4014745f93--7,E2,600,142,0
00000269--4014745f93--7,E3,600,142,0
00000269--4014745f93--7,E4,600,38,0
00000269--4014745f93--7,E5,600,461,127
00000269--4014745f93--8,E,599,0,0
00000269--4014745f93--8,E1,599,0,0
00000269--4014745f93--8,E2,599,0,0
00000269--4014745f93--8,E3,599,0,0
00000269--4014745f93--8,E4,599,0,0
00000269--4014745f93--8,E5,599,184,0
00000269--4014745f93--9,E,600,48,0
00000269--4014745f93--9,E1,600,2,0
00000269--4014745f93--9,E2,600,45,0
00000269--4014745f93--9,E3,600,45,0
00000269--4014745f93--9,E4,600,0,0
00000269--4014745f93--9,E5,600,215,0
0000026a--171a0a1f5c--0,E,620,103,0
0000026a--171a0a1f5c--0,E1,620,0,0
0000026a--171a0a1f5c--0,E2,620,92,0
0000026a--171a0a1f5c--0,E3,620,92,0
0000026a--171a0a1f5c--0,E4,620,78,0
0000026a--171a0a1f5c--0,E5,620,358,0
0000026a--171a0a1f5c--1,E,600,0,0
0000026a--171a0a1f5c--1,E1,600,0,0
0000026a--171a0a1f5c--1,E2,600,0,0
0000026a--171a0a1f5c--1,E3,600,0,0
0000026a--171a0a1f5c--1,E4,600,0,0
0000026a--171a0a1f5c--1,E5,600,22,0
0000026a--171a0a1f5c--10,E,599,219,0
0000026a--171a0a1f5c--10,E1,599,135,0
0000026a--171a0a1f5c--10,E2,599,198,0
0000026a--171a0a1f5c--10,E3,599,198,0
0000026a--171a0a1f5c--10,E4,599,47,0
0000026a--171a0a1f5c--10,E5,599,549,0
0000026a--171a0a1f5c--11,E,599,0,0
0000026a--171a0a1f5c--11,E1,599,0,0
0000026a--171a0a1f5c--11,E2,599,0,0
0000026a--171a0a1f5c--11,E3,599,0,0
0000026a--171a0a1f5c--11,E4,599,0,0
0000026a--171a0a1f5c--11,E5,599,263,0
0000026a--171a0a1f5c--12,E,600,10,0
0000026a--171a0a1f5c--12,E1,600,0,0
0000026a--171a0a1f5c--12,E2,600,16,0
0000026a--171a0a1f5c--12,E3,600,16,0
0000026a--171a0a1f5c--12,E4,600,0,0
0000026a--171a0a1f5c--12,E5,600,46,0
0000026a--171a0a1f5c--13,E,600,24,0
0000026a--171a0a1f5c--13,E1,600,0,0
0000026a--171a0a1f5c--13,E2,600,8,0
0000026a--171a0a1f5c--13,E3,600,8,0
0000026a--171a0a1f5c--13,E4,600,0,0
0000026a--171a0a1f5c--13,E5,600,158,0
0000026a--171a0a1f5c--14,E,600,28,0
0000026a--171a0a1f5c--14,E1,600,9,0
0000026a--171a0a1f5c--14,E2,600,28,0
0000026a--171a0a1f5c--14,E3,600,28,0
0000026a--171a0a1f5c--14,E4,600,0,0
0000026a--171a0a1f5c--14,E5,600,187,0
0000026a--171a0a1f5c--15,E,600,25,0
0000026a--171a0a1f5c--15,E1,600,0,0
0000026a--171a0a1f5c--15,E2,600,15,0
0000026a--171a0a1f5c--15,E3,600,15,0
0000026a--171a0a1f5c--15,E4,600,9,0
0000026a--171a0a1f5c--15,E5,600,140,0
0000026a--171a0a1f5c--16,E,600,26,0
0000026a--171a0a1f5c--16,E1,600,10,0
0000026a--171a0a1f5c--16,E2,600,26,0
0000026a--171a0a1f5c--16,E3,600,26,0
0000026a--171a0a1f5c--16,E4,600,0,0
0000026a--171a0a1f5c--16,E5,600,301,0
0000026a--171a0a1f5c--17,E,600,0,0
0000026a--171a0a1f5c--17,E1,600,0,0
0000026a--171a0a1f5c--17,E2,600,0,0
0000026a--171a0a1f5c--17,E3,600,0,0
0000026a--171a0a1f5c--17,E4,600,0,0
0000026a--171a0a1f5c--17,E5,600,188,0
0000026a--171a0a1f5c--18,E,600,0,0
0000026a--171a0a1f5c--18,E1,600,0,0
0000026a--171a0a1f5c--18,E2,600,0,0
0000026a--171a0a1f5c--18,E3,600,0,0
0000026a--171a0a1f5c--18,E4,600,0,0
0000026a--171a0a1f5c--18,E5,600,0,0
0000026a--171a0a1f5c--19,E,600,18,0
0000026a--171a0a1f5c--19,E1,600,0,0
0000026a--171a0a1f5c--19,E2,600,16,0
0000026a--171a0a1f5c--19,E3,600,16,0
0000026a--171a0a1f5c--19,E4,600,0,0
0000026a--171a0a1f5c--19,E5,600,62,0
0000026a--171a0a1f5c--2,E,600,154,0
0000026a--171a0a1f5c--2,E1,600,0,0
0000026a--171a0a1f5c--2,E2,600,154,0
0000026a--171a0a1f5c--2,E3,600,154,0
0000026a--171a0a1f5c--2,E4,600,0,0
0000026a--171a0a1f5c--2,E5,600,312,0
0000026a--171a0a1f5c--20,E,600,65,0
0000026a--171a0a1f5c--20,E1,600,14,0
0000026a--171a0a1f5c--20,E2,600,65,0
0000026a--171a0a1f5c--20,E3,600,65,0
0000026a--171a0a1f5c--20,E4,600,15,0
0000026a--171a0a1f5c--20,E5,600,218,0
0000026a--171a0a1f5c--21,E,600,46,0
0000026a--171a0a1f5c--21,E1,600,8,0
0000026a--171a0a1f5c--21,E2,600,0,0
0000026a--171a0a1f5c--21,E3,600,8,0
0000026a--171a0a1f5c--21,E4,600,0,0
0000026a--171a0a1f5c--21,E5,600,133,0
0000026a--171a0a1f5c--22,E,600,7,0
0000026a--171a0a1f5c--22,E1,600,0,0
0000026a--171a0a1f5c--22,E2,600,7,0
0000026a--171a0a1f5c--22,E3,600,7,0
0000026a--171a0a1f5c--22,E4,600,0,0
0000026a--171a0a1f5c--22,E5,600,11,0
0000026a--171a0a1f5c--23,E,600,57,0
0000026a--171a0a1f5c--23,E1,600,18,0
0000026a--171a0a1f5c--23,E2,600,57,0
0000026a--171a0a1f5c--23,E3,600,57,0
0000026a--171a0a1f5c--23,E4,600,0,0
0000026a--171a0a1f5c--23,E5,600,171,0
0000026a--171a0a1f5c--24,E,600,57,0
0000026a--171a0a1f5c--24,E1,600,45,0
0000026a--171a0a1f5c--24,E2,600,47,0
0000026a--171a0a1f5c--24,E3,600,47,0
0000026a--171a0a1f5c--24,E4,600,19,0
0000026a--171a0a1f5c--24,E5,600,108,0
0000026a--171a0a1f5c--25,E,600,487,0
0000026a--171a0a1f5c--25,E1,600,50,0
0000026a--171a0a1f5c--25,E2,600,86,0
0000026a--171a0a1f5c--25,E3,600,86,0
0000026a--171a0a1f5c--25,E4,600,57,0
0000026a--171a0a1f5c--25,E5,600,527,0
0000026a--171a0a1f5c--26,E,600,112,0
0000026a--171a0a1f5c--26,E1,600,28,0
0000026a--171a0a1f5c--26,E2,600,76,0
0000026a--171a0a1f5c--26,E3,600,76,0
0000026a--171a0a1f5c--26,E4,600,10,0
0000026a--171a0a1f5c--26,E5,600,472,0
0000026a--171a0a1f5c--27,E,600,94,0
0000026a--171a0a1f5c--27,E1,600,0,0
0000026a--171a0a1f5c--27,E2,600,84,0
0000026a--171a0a1f5c--27,E3,600,84,0
0000026a--171a0a1f5c--27,E4,600,0,0
0000026a--171a0a1f5c--27,E5,600,470,0
0000026a--171a0a1f5c--28,E,600,414,0
0000026a--171a0a1f5c--28,E1,600,153,0
0000026a--171a0a1f5c--28,E2,600,405,0
0000026a--171a0a1f5c--28,E3,600,405,0
0000026a--171a0a1f5c--28,E4,600,7,0
0000026a--171a0a1f5c--28,E5,600,500,0
0000026a--171a0a1f5c--29,E,600,77,0
0000026a--171a0a1f5c--29,E1,600,0,0
0000026a--171a0a1f5c--29,E2,600,77,0
0000026a--171a0a1f5c--29,E3,600,77,0
0000026a--171a0a1f5c--29,E4,600,77,0
0000026a--171a0a1f5c--29,E5,600,503,0
0000026a--171a0a1f5c--3,E,600,61,0
0000026a--171a0a1f5c--3,E1,600,19,0
0000026a--171a0a1f5c--3,E2,600,40,0
0000026a--171a0a1f5c--3,E3,600,40,0
0000026a--171a0a1f5c--3,E4,600,25,0
0000026a--171a0a1f5c--3,E5,600,219,3
0000026a--171a0a1f5c--30,E,600,53,0
0000026a--171a0a1f5c--30,E1,600,41,0
0000026a--171a0a1f5c--30,E2,600,53,0
0000026a--171a0a1f5c--30,E3,600,53,0
0000026a--171a0a1f5c--30,E4,600,40,0
0000026a--171a0a1f5c--30,E5,600,268,0
0000026a--171a0a1f5c--31,E,599,0,0
0000026a--171a0a1f5c--31,E1,599,0,0
0000026a--171a0a1f5c--31,E2,599,0,0
0000026a--171a0a1f5c--31,E3,599,0,0
0000026a--171a0a1f5c--31,E4,599,0,0
0000026a--171a0a1f5c--31,E5,599,116,0
0000026a--171a0a1f5c--32,E,599,110,0
0000026a--171a0a1f5c--32,E1,599,0,0
0000026a--171a0a1f5c--32,E2,599,110,0
0000026a--171a0a1f5c--32,E3,599,110,0
0000026a--171a0a1f5c--32,E4,599,90,0
0000026a--171a0a1f5c--32,E5,599,365,0
0000026a--171a0a1f5c--33,E,599,234,0
0000026a--171a0a1f5c--33,E1,599,9,0
0000026a--171a0a1f5c--33,E2,599,129,0
0000026a--171a0a1f5c--33,E3,599,129,0
0000026a--171a0a1f5c--33,E4,599,24,0
0000026a--171a0a1f5c--33,E5,599,434,0
0000026a--171a0a1f5c--34,E,349,22,0
0000026a--171a0a1f5c--34,E1,349,0,0
0000026a--171a0a1f5c--34,E2,349,18,0
0000026a--171a0a1f5c--34,E3,349,22,0
0000026a--171a0a1f5c--34,E4,349,6,0
0000026a--171a0a1f5c--34,E5,349,264,0
0000026a--171a0a1f5c--4,E,600,11,0
0000026a--171a0a1f5c--4,E1,600,0,0
0000026a--171a0a1f5c--4,E2,600,11,0
0000026a--171a0a1f5c--4,E3,600,11,0
0000026a--171a0a1f5c--4,E4,600,0,0
0000026a--171a0a1f5c--4,E5,600,111,0
0000026a--171a0a1f5c--5,E,599,0,0
0000026a--171a0a1f5c--5,E1,599,0,0
0000026a--171a0a1f5c--5,E2,599,0,0
0000026a--171a0a1f5c--5,E3,599,0,0
0000026a--171a0a1f5c--5,E4,599,0,0
0000026a--171a0a1f5c--5,E5,599,0,0
0000026a--171a0a1f5c--6,E,600,0,0
0000026a--171a0a1f5c--6,E1,600,0,0
0000026a--171a0a1f5c--6,E2,600,0,0
0000026a--171a0a1f5c--6,E3,600,0,0
0000026a--171a0a1f5c--6,E4,600,0,0
0000026a--171a0a1f5c--6,E5,600,0,0
0000026a--171a0a1f5c--7,E,599,20,0
0000026a--171a0a1f5c--7,E1,599,0,0
0000026a--171a0a1f5c--7,E2,599,20,0
0000026a--171a0a1f5c--7,E3,599,20,0
0000026a--171a0a1f5c--7,E4,599,0,0
0000026a--171a0a1f5c--7,E5,599,335,0
0000026a--171a0a1f5c--8,E,599,0,0
0000026a--171a0a1f5c--8,E1,599,0,0
0000026a--171a0a1f5c--8,E2,599,0,0
0000026a--171a0a1f5c--8,E3,599,0,0
0000026a--171a0a1f5c--8,E4,599,0,0
0000026a--171a0a1f5c--8,E5,599,0,0
0000026a--171a0a1f5c--9,E,599,37,0
0000026a--171a0a1f5c--9,E1,599,0,0
0000026a--171a0a1f5c--9,E2,599,36,0
0000026a--171a0a1f5c--9,E3,599,36,0
0000026a--171a0a1f5c--9,E4,599,0,0
0000026a--171a0a1f5c--9,E5,599,95,0
0000026b--4dfb361eee--0,E,621,127,0
0000026b--4dfb361eee--0,E1,621,41,0
0000026b--4dfb361eee--0,E2,621,114,0
0000026b--4dfb361eee--0,E3,621,114,0
0000026b--4dfb361eee--0,E4,621,54,0
0000026b--4dfb361eee--0,E5,621,333,0
0000026b--4dfb361eee--1,E,600,43,0
0000026b--4dfb361eee--1,E1,600,3,0
0000026b--4dfb361eee--1,E2,600,28,0
0000026b--4dfb361eee--1,E3,600,28,0
0000026b--4dfb361eee--1,E4,600,28,0
0000026b--4dfb361eee--1,E5,600,485,0
0000026b--4dfb361eee--10,E,600,274,208
0000026b--4dfb361eee--10,E1,600,0,0
0000026b--4dfb361eee--10,E2,600,274,208
0000026b--4dfb361eee--10,E3,600,274,208
0000026b--4dfb361eee--10,E4,600,0,0
0000026b--4dfb361eee--10,E5,600,492,208
0000026b--4dfb361eee--11,E,596,17,0
0000026b--4dfb361eee--11,E1,596,0,0
0000026b--4dfb361eee--11,E2,596,17,0
0000026b--4dfb361eee--11,E3,596,17,0
0000026b--4dfb361eee--11,E4,596,2,0
0000026b--4dfb361eee--11,E5,596,345,1
0000026b--4dfb361eee--2,E,600,0,0
0000026b--4dfb361eee--2,E1,600,0,0
0000026b--4dfb361eee--2,E2,600,0,0
0000026b--4dfb361eee--2,E3,600,0,0
0000026b--4dfb361eee--2,E4,600,0,0
0000026b--4dfb361eee--2,E5,600,146,0
0000026b--4dfb361eee--3,E,600,0,0
0000026b--4dfb361eee--3,E1,600,0,0
0000026b--4dfb361eee--3,E2,600,0,0
0000026b--4dfb361eee--3,E3,600,0,0
0000026b--4dfb361eee--3,E4,600,0,0
0000026b--4dfb361eee--3,E5,600,564,0
0000026b--4dfb361eee--4,E,600,69,0
0000026b--4dfb361eee--4,E1,600,11,0
0000026b--4dfb361eee--4,E2,600,69,0
0000026b--4dfb361eee--4,E3,600,69,0
0000026b--4dfb361eee--4,E4,600,45,0
0000026b--4dfb361eee--4,E5,600,193,0
0000026b--4dfb361eee--5,E,600,57,0
0000026b--4dfb361eee--5,E1,600,0,0
0000026b--4dfb361eee--5,E2,600,53,0
0000026b--4dfb361eee--5,E3,600,53,0
0000026b--4dfb361eee--5,E4,600,10,0
0000026b--4dfb361eee--5,E5,600,170,0
0000026b--4dfb361eee--6,E,600,0,0
0000026b--4dfb361eee--6,E1,600,0,0
0000026b--4dfb361eee--6,E2,600,0,0
0000026b--4dfb361eee--6,E3,600,0,0
0000026b--4dfb361eee--6,E4,600,0,0
0000026b--4dfb361eee--6,E5,600,98,0
0000026b--4dfb361eee--7,E,600,0,0
0000026b--4dfb361eee--7,E1,600,0,0
0000026b--4dfb361eee--7,E2,600,0,0
0000026b--4dfb361eee--7,E3,600,0,0
0000026b--4dfb361eee--7,E4,600,0,0
0000026b--4dfb361eee--7,E5,600,0,0
0000026b--4dfb361eee--8,E,600,199,0
0000026b--4dfb361eee--8,E1,600,142,0
0000026b--4dfb361eee--8,E2,600,199,0
0000026b--4dfb361eee--8,E3,600,199,0
0000026b--4dfb361eee--8,E4,600,11,0
0000026b--4dfb361eee--8,E5,600,268,0
0000026b--4dfb361eee--9,E,600,46,0
0000026b--4dfb361eee--9,E1,600,0,0
0000026b--4dfb361eee--9,E2,600,25,0
0000026b--4dfb361eee--9,E3,600,25,0
0000026b--4dfb361eee--9,E4,600,0,0
0000026b--4dfb361eee--9,E5,600,427,5
0000026d--2363789071--0,E,617,0,0
0000026d--2363789071--0,E1,617,0,0
0000026d--2363789071--0,E2,617,0,0
0000026d--2363789071--0,E3,617,0,0
0000026d--2363789071--0,E4,617,0,0
0000026d--2363789071--0,E5,617,435,0
0000026d--2363789071--1,E,600,57,0
0000026d--2363789071--1,E1,600,0,0
0000026d--2363789071--1,E2,600,57,0
0000026d--2363789071--1,E3,600,57,0
0000026d--2363789071--1,E4,600,26,0
0000026d--2363789071--1,E5,600,271,0
0000026d--2363789071--10,E,600,54,0
0000026d--2363789071--10,E1,600,28,0
0000026d--2363789071--10,E2,600,54,0
0000026d--2363789071--10,E3,600,54,0
0000026d--2363789071--10,E4,600,29,0
0000026d--2363789071--10,E5,600,66,0
0000026d--2363789071--11,E,600,0,0
0000026d--2363789071--11,E1,600,0,0
0000026d--2363789071--11,E2,600,0,0
0000026d--2363789071--11,E3,600,0,0
0000026d--2363789071--11,E4,600,0,0
0000026d--2363789071--11,E5,600,29,0
0000026d--2363789071--12,E,600,24,0
0000026d--2363789071--12,E1,600,0,0
0000026d--2363789071--12,E2,600,21,0
0000026d--2363789071--12,E3,600,21,0
0000026d--2363789071--12,E4,600,0,0
0000026d--2363789071--12,E5,600,40,0
0000026d--2363789071--13,E,600,24,0
0000026d--2363789071--13,E1,600,0,0
0000026d--2363789071--13,E2,600,0,0
0000026d--2363789071--13,E3,600,0,0
0000026d--2363789071--13,E4,600,0,0
0000026d--2363789071--13,E5,600,136,0
0000026d--2363789071--14,E,600,0,0
0000026d--2363789071--14,E1,600,0,0
0000026d--2363789071--14,E2,600,0,0
0000026d--2363789071--14,E3,600,0,0
0000026d--2363789071--14,E4,600,0,0
0000026d--2363789071--14,E5,600,69,0
0000026d--2363789071--15,E,600,0,0
0000026d--2363789071--15,E1,600,0,0
0000026d--2363789071--15,E2,600,0,0
0000026d--2363789071--15,E3,600,0,0
0000026d--2363789071--15,E4,600,0,0
0000026d--2363789071--15,E5,600,49,0
0000026d--2363789071--16,E,600,39,0
0000026d--2363789071--16,E1,600,0,0
0000026d--2363789071--16,E2,600,33,0
0000026d--2363789071--16,E3,600,33,0
0000026d--2363789071--16,E4,600,16,0
0000026d--2363789071--16,E5,600,276,0
0000026d--2363789071--17,E,600,0,0
0000026d--2363789071--17,E1,600,0,0
0000026d--2363789071--17,E2,600,0,0
0000026d--2363789071--17,E3,600,0,0
0000026d--2363789071--17,E4,600,0,0
0000026d--2363789071--17,E5,600,26,0
0000026d--2363789071--18,E,600,7,0
0000026d--2363789071--18,E1,600,2,0
0000026d--2363789071--18,E2,600,2,0
0000026d--2363789071--18,E3,600,2,0
0000026d--2363789071--18,E4,600,2,0
0000026d--2363789071--18,E5,600,93,0
0000026d--2363789071--19,E,600,172,0
0000026d--2363789071--19,E1,600,32,0
0000026d--2363789071--19,E2,600,28,0
0000026d--2363789071--19,E3,600,46,0
0000026d--2363789071--19,E4,600,0,0
0000026d--2363789071--19,E5,600,265,0
0000026d--2363789071--2,E,599,25,0
0000026d--2363789071--2,E1,599,10,0
0000026d--2363789071--2,E2,599,18,0
0000026d--2363789071--2,E3,599,18,0
0000026d--2363789071--2,E4,599,0,0
0000026d--2363789071--2,E5,599,147,0
0000026d--2363789071--20,E,600,44,0
0000026d--2363789071--20,E1,600,32,0
0000026d--2363789071--20,E2,600,44,0
0000026d--2363789071--20,E3,600,44,0
0000026d--2363789071--20,E4,600,0,0
0000026d--2363789071--20,E5,600,155,0
0000026d--2363789071--21,E,600,10,0
0000026d--2363789071--21,E1,600,0,0
0000026d--2363789071--21,E2,600,10,0
0000026d--2363789071--21,E3,600,10,0
0000026d--2363789071--21,E4,600,10,0
0000026d--2363789071--21,E5,600,224,0
0000026d--2363789071--22,E,599,19,0
0000026d--2363789071--22,E1,599,0,0
0000026d--2363789071--22,E2,599,4,0
0000026d--2363789071--22,E3,599,4,0
0000026d--2363789071--22,E4,599,0,0
0000026d--2363789071--22,E5,599,92,0
0000026d--2363789071--23,E,600,23,0
0000026d--2363789071--23,E1,600,0,0
0000026d--2363789071--23,E2,600,23,0
0000026d--2363789071--23,E3,600,23,0
0000026d--2363789071--23,E4,600,23,0
0000026d--2363789071--23,E5,600,102,0
0000026d--2363789071--24,E,599,42,0
0000026d--2363789071--24,E1,599,0,0
0000026d--2363789071--24,E2,599,42,0
0000026d--2363789071--24,E3,599,42,0
0000026d--2363789071--24,E4,599,42,0
0000026d--2363789071--24,E5,599,121,0
0000026d--2363789071--25,E,600,12,0
0000026d--2363789071--25,E1,600,12,0
0000026d--2363789071--25,E2,600,12,0
0000026d--2363789071--25,E3,600,12,0
0000026d--2363789071--25,E4,600,0,0
0000026d--2363789071--25,E5,600,108,0
0000026d--2363789071--26,E,599,39,0
0000026d--2363789071--26,E1,599,0,0
0000026d--2363789071--26,E2,599,39,0
0000026d--2363789071--26,E3,599,39,0
0000026d--2363789071--26,E4,599,0,0
0000026d--2363789071--26,E5,599,54,0
0000026d--2363789071--27,E,599,0,0
0000026d--2363789071--27,E1,599,0,0
0000026d--2363789071--27,E2,599,0,0
0000026d--2363789071--27,E3,599,0,0
0000026d--2363789071--27,E4,599,0,0
0000026d--2363789071--27,E5,599,77,0
0000026d--2363789071--28,E,599,2,0
0000026d--2363789071--28,E1,599,0,0
0000026d--2363789071--28,E2,599,0,0
0000026d--2363789071--28,E3,599,0,0
0000026d--2363789071--28,E4,599,0,0
0000026d--2363789071--28,E5,599,89,0
0000026d--2363789071--29,E,599,0,0
0000026d--2363789071--29,E1,599,0,0
0000026d--2363789071--29,E2,599,0,0
0000026d--2363789071--29,E3,599,0,0
0000026d--2363789071--29,E4,599,0,0
0000026d--2363789071--29,E5,599,271,0
0000026d--2363789071--3,E,599,20,0
0000026d--2363789071--3,E1,599,0,0
0000026d--2363789071--3,E2,599,5,0
0000026d--2363789071--3,E3,599,5,0
0000026d--2363789071--3,E4,599,0,0
0000026d--2363789071--3,E5,599,136,0
0000026d--2363789071--30,E,600,0,0
0000026d--2363789071--30,E1,600,0,0
0000026d--2363789071--30,E2,600,0,0
0000026d--2363789071--30,E3,600,0,0
0000026d--2363789071--30,E4,600,0,0
0000026d--2363789071--30,E5,600,56,0
0000026d--2363789071--31,E,600,29,0
0000026d--2363789071--31,E1,600,0,0
0000026d--2363789071--31,E2,600,0,0
0000026d--2363789071--31,E3,600,0,0
0000026d--2363789071--31,E4,600,0,0
0000026d--2363789071--31,E5,600,56,0
0000026d--2363789071--32,E,600,0,0
0000026d--2363789071--32,E1,600,0,0
0000026d--2363789071--32,E2,600,0,0
0000026d--2363789071--32,E3,600,0,0
0000026d--2363789071--32,E4,600,0,0
0000026d--2363789071--32,E5,600,2,0
0000026d--2363789071--33,E,600,30,0
0000026d--2363789071--33,E1,600,30,0
0000026d--2363789071--33,E2,600,30,0
0000026d--2363789071--33,E3,600,30,0
0000026d--2363789071--33,E4,600,25,0
0000026d--2363789071--33,E5,600,71,0
0000026d--2363789071--34,E,600,23,0
0000026d--2363789071--34,E1,600,0,0
0000026d--2363789071--34,E2,600,23,0
0000026d--2363789071--34,E3,600,23,0
0000026d--2363789071--34,E4,600,0,0
0000026d--2363789071--34,E5,600,23,0
0000026d--2363789071--35,E,600,14,0
0000026d--2363789071--35,E1,600,0,0
0000026d--2363789071--35,E2,600,14,0
0000026d--2363789071--35,E3,600,14,0
0000026d--2363789071--35,E4,600,14,0
0000026d--2363789071--35,E5,600,14,0
0000026d--2363789071--36,E,600,34,0
0000026d--2363789071--36,E1,600,5,0
0000026d--2363789071--36,E2,600,18,0
0000026d--2363789071--36,E3,600,18,0
0000026d--2363789071--36,E4,600,0,0
0000026d--2363789071--36,E5,600,39,0
0000026d--2363789071--37,E,600,0,0
0000026d--2363789071--37,E1,600,0,0
0000026d--2363789071--37,E2,600,0,0
0000026d--2363789071--37,E3,600,0,0
0000026d--2363789071--37,E4,600,0,0
0000026d--2363789071--37,E5,600,146,0
0000026d--2363789071--38,E,600,4,0
0000026d--2363789071--38,E1,600,0,0
0000026d--2363789071--38,E2,600,0,0
0000026d--2363789071--38,E3,600,0,0
0000026d--2363789071--38,E4,600,0,0
0000026d--2363789071--38,E5,600,59,0
0000026d--2363789071--39,E,600,4,0
0000026d--2363789071--39,E1,600,3,0
0000026d--2363789071--39,E2,600,4,0
0000026d--2363789071--39,E3,600,4,0
0000026d--2363789071--39,E4,600,4,0
0000026d--2363789071--39,E5,600,117,0
0000026d--2363789071--4,E,599,21,0
0000026d--2363789071--4,E1,599,0,0
0000026d--2363789071--4,E2,599,21,0
0000026d--2363789071--4,E3,599,21,0
0000026d--2363789071--4,E4,599,0,0
0000026d--2363789071--4,E5,599,111,0
0000026d--2363789071--40,E,600,0,0
0000026d--2363789071--40,E1,600,0,0
0000026d--2363789071--40,E2,600,0,0
0000026d--2363789071--40,E3,600,0,0
0000026d--2363789071--40,E4,600,0,0
0000026d--2363789071--40,E5,600,30,0
0000026d--2363789071--41,E,600,14,0
0000026d--2363789071--41,E1,600,0,0
0000026d--2363789071--41,E2,600,14,0
0000026d--2363789071--41,E3,600,14,0
0000026d--2363789071--41,E4,600,14,0
0000026d--2363789071--41,E5,600,26,0
0000026d--2363789071--42,E,600,10,0
0000026d--2363789071--42,E1,600,0,0
0000026d--2363789071--42,E2,600,10,0
0000026d--2363789071--42,E3,600,10,0
0000026d--2363789071--42,E4,600,0,0
0000026d--2363789071--42,E5,600,106,0
0000026d--2363789071--43,E,600,83,0
0000026d--2363789071--43,E1,600,31,0
0000026d--2363789071--43,E2,600,79,0
0000026d--2363789071--43,E3,600,79,0
0000026d--2363789071--43,E4,600,31,0
0000026d--2363789071--43,E5,600,114,0
0000026d--2363789071--44,E,600,0,0
0000026d--2363789071--44,E1,600,0,0
0000026d--2363789071--44,E2,600,0,0
0000026d--2363789071--44,E3,600,0,0
0000026d--2363789071--44,E4,600,0,0
0000026d--2363789071--44,E5,600,0,0
0000026d--2363789071--45,E,600,15,0
0000026d--2363789071--45,E1,600,15,0
0000026d--2363789071--45,E2,600,15,0
0000026d--2363789071--45,E3,600,15,0
0000026d--2363789071--45,E4,600,12,0
0000026d--2363789071--45,E5,600,102,0
0000026d--2363789071--46,E,600,2,0
0000026d--2363789071--46,E1,600,0,0
0000026d--2363789071--46,E2,600,2,0
0000026d--2363789071--46,E3,600,2,0
0000026d--2363789071--46,E4,600,0,0
0000026d--2363789071--46,E5,600,449,0
0000026d--2363789071--47,E,600,3,0
0000026d--2363789071--47,E1,600,0,0
0000026d--2363789071--47,E2,600,3,0
0000026d--2363789071--47,E3,600,3,0
0000026d--2363789071--47,E4,600,0,0
0000026d--2363789071--47,E5,600,64,0
0000026d--2363789071--48,E,600,21,0
0000026d--2363789071--48,E1,600,0,0
0000026d--2363789071--48,E2,600,21,0
0000026d--2363789071--48,E3,600,21,0
0000026d--2363789071--48,E4,600,1,0
0000026d--2363789071--48,E5,600,77,0
0000026d--2363789071--49,E,600,17,0
0000026d--2363789071--49,E1,600,0,0
0000026d--2363789071--49,E2,600,12,0
0000026d--2363789071--49,E3,600,12,0
0000026d--2363789071--49,E4,600,3,0
0000026d--2363789071--49,E5,600,120,0
0000026d--2363789071--5,E,599,54,0
0000026d--2363789071--5,E1,599,47,0
0000026d--2363789071--5,E2,599,54,0
0000026d--2363789071--5,E3,599,54,0
0000026d--2363789071--5,E4,599,0,0
0000026d--2363789071--5,E5,599,179,0
0000026d--2363789071--50,E,600,2,0
0000026d--2363789071--50,E1,600,2,0
0000026d--2363789071--50,E2,600,2,0
0000026d--2363789071--50,E3,600,2,0
0000026d--2363789071--50,E4,600,0,0
0000026d--2363789071--50,E5,600,154,0
0000026d--2363789071--51,E,599,34,0
0000026d--2363789071--51,E1,599,0,0
0000026d--2363789071--51,E2,599,0,0
0000026d--2363789071--51,E3,599,0,0
0000026d--2363789071--51,E4,599,0,0
0000026d--2363789071--51,E5,599,73,0
0000026d--2363789071--52,E,599,8,0
0000026d--2363789071--52,E1,599,0,0
0000026d--2363789071--52,E2,599,8,0
0000026d--2363789071--52,E3,599,8,0
0000026d--2363789071--52,E4,599,0,0
0000026d--2363789071--52,E5,599,16,0
0000026d--2363789071--53,E,599,18,0
0000026d--2363789071--53,E1,599,0,0
0000026d--2363789071--53,E2,599,18,0
0000026d--2363789071--53,E3,599,18,0
0000026d--2363789071--53,E4,599,0,0
0000026d--2363789071--53,E5,599,18,0
0000026d--2363789071--54,E,599,59,0
0000026d--2363789071--54,E1,599,0,0
0000026d--2363789071--54,E2,599,23,0
0000026d--2363789071--54,E3,599,23,0
0000026d--2363789071--54,E4,599,0,0
0000026d--2363789071--54,E5,599,437,0
0000026d--2363789071--55,E,599,140,0
0000026d--2363789071--55,E1,599,88,0
0000026d--2363789071--55,E2,599,140,0
0000026d--2363789071--55,E3,599,140,0
0000026d--2363789071--55,E4,599,104,0
0000026d--2363789071--55,E5,599,174,0
0000026d--2363789071--56,E,599,51,0
0000026d--2363789071--56,E1,599,7,0
0000026d--2363789071--56,E2,599,39,0
0000026d--2363789071--56,E3,599,39,0
0000026d--2363789071--56,E4,599,10,0
0000026d--2363789071--56,E5,599,87,0
0000026d--2363789071--57,E,600,22,0
0000026d--2363789071--57,E1,600,13,0
0000026d--2363789071--57,E2,600,22,0
0000026d--2363789071--57,E3,600,22,0
0000026d--2363789071--57,E4,600,0,0
0000026d--2363789071--57,E5,600,403,0
0000026d--2363789071--58,E,600,55,0
0000026d--2363789071--58,E1,600,23,0
0000026d--2363789071--58,E2,600,55,0
0000026d--2363789071--58,E3,600,55,0
0000026d--2363789071--58,E4,600,17,0
0000026d--2363789071--58,E5,600,88,0
0000026d--2363789071--59,E,600,59,0
0000026d--2363789071--59,E1,600,0,0
0000026d--2363789071--59,E2,600,20,0
0000026d--2363789071--59,E3,600,20,0
0000026d--2363789071--59,E4,600,0,0
0000026d--2363789071--59,E5,600,89,0
0000026d--2363789071--6,E,599,36,0
0000026d--2363789071--6,E1,599,10,0
0000026d--2363789071--6,E2,599,16,0
0000026d--2363789071--6,E3,599,16,0
0000026d--2363789071--6,E4,599,0,0
0000026d--2363789071--6,E5,599,86,0
0000026d--2363789071--60,E,600,0,0
0000026d--2363789071--60,E1,600,0,0
0000026d--2363789071--60,E2,600,0,0
0000026d--2363789071--60,E3,600,0,0
0000026d--2363789071--60,E4,600,0,0
0000026d--2363789071--60,E5,600,11,0
0000026d--2363789071--61,E,600,54,0
0000026d--2363789071--61,E1,600,0,0
0000026d--2363789071--61,E2,600,44,0
0000026d--2363789071--61,E3,600,44,0
0000026d--2363789071--61,E4,600,40,0
0000026d--2363789071--61,E5,600,113,0
0000026d--2363789071--62,E,600,0,0
0000026d--2363789071--62,E1,600,0,0
0000026d--2363789071--62,E2,600,0,0
0000026d--2363789071--62,E3,600,0,0
0000026d--2363789071--62,E4,600,0,0
0000026d--2363789071--62,E5,600,69,0
0000026d--2363789071--63,E,600,0,0
0000026d--2363789071--63,E1,600,0,0
0000026d--2363789071--63,E2,600,0,0
0000026d--2363789071--63,E3,600,0,0
0000026d--2363789071--63,E4,600,0,0
0000026d--2363789071--63,E5,600,101,0
0000026d--2363789071--64,E,600,0,0
0000026d--2363789071--64,E1,600,0,0
0000026d--2363789071--64,E2,600,0,0
0000026d--2363789071--64,E3,600,0,0
0000026d--2363789071--64,E4,600,0,0
0000026d--2363789071--64,E5,600,0,0
0000026d--2363789071--65,E,600,0,0
0000026d--2363789071--65,E1,600,0,0
0000026d--2363789071--65,E2,600,0,0
0000026d--2363789071--65,E3,600,0,0
0000026d--2363789071--65,E4,600,0,0
0000026d--2363789071--65,E5,600,47,0
0000026d--2363789071--66,E,600,18,0
0000026d--2363789071--66,E1,600,55,0
0000026d--2363789071--66,E2,600,18,0
0000026d--2363789071--66,E3,600,18,0
0000026d--2363789071--66,E4,600,8,0
0000026d--2363789071--66,E5,600,78,0
0000026d--2363789071--67,E,600,0,0
0000026d--2363789071--67,E1,600,0,0
0000026d--2363789071--67,E2,600,0,0
0000026d--2363789071--67,E3,600,0,0
0000026d--2363789071--67,E4,600,0,0
0000026d--2363789071--67,E5,600,98,0
0000026d--2363789071--68,E,600,0,0
0000026d--2363789071--68,E1,600,13,0
0000026d--2363789071--68,E2,600,0,0
0000026d--2363789071--68,E3,600,0,0
0000026d--2363789071--68,E4,600,0,0
0000026d--2363789071--68,E5,600,40,0
0000026d--2363789071--69,E,600,0,0
0000026d--2363789071--69,E1,600,0,0
0000026d--2363789071--69,E2,600,0,0
0000026d--2363789071--69,E3,600,0,0
0000026d--2363789071--69,E4,600,0,0
0000026d--2363789071--69,E5,600,0,0
0000026d--2363789071--7,E,600,37,0
0000026d--2363789071--7,E1,600,17,0
0000026d--2363789071--7,E2,600,36,0
0000026d--2363789071--7,E3,600,36,0
0000026d--2363789071--7,E4,600,0,0
0000026d--2363789071--7,E5,600,152,0
0000026d--2363789071--70,E,600,27,0
0000026d--2363789071--70,E1,600,0,0
0000026d--2363789071--70,E2,600,27,0
0000026d--2363789071--70,E3,600,27,0
0000026d--2363789071--70,E4,600,0,0
0000026d--2363789071--70,E5,600,99,0
0000026d--2363789071--71,E,600,47,0
0000026d--2363789071--71,E1,600,5,0
0000026d--2363789071--71,E2,600,27,0
0000026d--2363789071--71,E3,600,27,0
0000026d--2363789071--71,E4,600,22,0
0000026d--2363789071--71,E5,600,113,0
0000026d--2363789071--72,E,600,10,0
0000026d--2363789071--72,E1,600,0,0
0000026d--2363789071--72,E2,600,10,0
0000026d--2363789071--72,E3,600,10,0
0000026d--2363789071--72,E4,600,0,0
0000026d--2363789071--72,E5,600,10,0
0000026d--2363789071--73,E,600,40,0
0000026d--2363789071--73,E1,600,36,0
0000026d--2363789071--73,E2,600,40,0
0000026d--2363789071--73,E3,600,40,0
0000026d--2363789071--73,E4,600,0,0
0000026d--2363789071--73,E5,600,117,0
0000026d--2363789071--74,E,600,29,0
0000026d--2363789071--74,E1,600,5,0
0000026d--2363789071--74,E2,600,29,0
0000026d--2363789071--74,E3,600,29,0
0000026d--2363789071--74,E4,600,0,0
0000026d--2363789071--74,E5,600,70,0
0000026d--2363789071--75,E,600,32,0
0000026d--2363789071--75,E1,600,0,0
0000026d--2363789071--75,E2,600,32,0
0000026d--2363789071--75,E3,600,32,0
0000026d--2363789071--75,E4,600,0,0
0000026d--2363789071--75,E5,600,64,0
0000026d--2363789071--76,E,600,44,0
0000026d--2363789071--76,E1,600,0,0
0000026d--2363789071--76,E2,600,8,0
0000026d--2363789071--76,E3,600,8,0
0000026d--2363789071--76,E4,600,0,0
0000026d--2363789071--76,E5,600,87,0
0000026d--2363789071--77,E,599,19,0
0000026d--2363789071--77,E1,599,0,0
0000026d--2363789071--77,E2,599,0,0
0000026d--2363789071--77,E3,599,0,0
0000026d--2363789071--77,E4,599,0,0
0000026d--2363789071--77,E5,599,99,0
0000026d--2363789071--78,E,599,45,0
0000026d--2363789071--78,E1,599,30,0
0000026d--2363789071--78,E2,599,32,0
0000026d--2363789071--78,E3,599,45,0
0000026d--2363789071--78,E4,599,2,0
0000026d--2363789071--78,E5,599,133,0
0000026d--2363789071--79,E,599,0,0
0000026d--2363789071--79,E1,599,0,0
0000026d--2363789071--79,E2,599,0,0
0000026d--2363789071--79,E3,599,0,0
0000026d--2363789071--79,E4,599,0,0
0000026d--2363789071--79,E5,599,30,0
0000026d--2363789071--8,E,600,4,0
0000026d--2363789071--8,E1,600,4,0
0000026d--2363789071--8,E2,600,4,0
0000026d--2363789071--8,E3,600,4,0
0000026d--2363789071--8,E4,600,0,0
0000026d--2363789071--8,E5,600,114,0
0000026d--2363789071--80,E,600,15,0
0000026d--2363789071--80,E1,600,0,0
0000026d--2363789071--80,E2,600,7,0
0000026d--2363789071--80,E3,600,7,0
0000026d--2363789071--80,E4,600,0,0
0000026d--2363789071--80,E5,600,56,0
0000026d--2363789071--81,E,600,13,0
0000026d--2363789071--81,E1,600,0,0
0000026d--2363789071--81,E2,600,13,0
0000026d--2363789071--81,E3,600,13,0
0000026d--2363789071--81,E4,600,0,0
0000026d--2363789071--81,E5,600,95,0
0000026d--2363789071--82,E,599,0,0
0000026d--2363789071--82,E1,599,0,0
0000026d--2363789071--82,E2,599,0,0
0000026d--2363789071--82,E3,599,0,0
0000026d--2363789071--82,E4,599,0,0
0000026d--2363789071--82,E5,599,0,0
0000026d--2363789071--83,E,599,8,0
0000026d--2363789071--83,E1,599,0,0
0000026d--2363789071--83,E2,599,0,0
0000026d--2363789071--83,E3,599,0,0
0000026d--2363789071--83,E4,599,0,0
0000026d--2363789071--83,E5,599,71,0
0000026d--2363789071--84,E,599,11,0
0000026d--2363789071--84,E1,599,0,0
0000026d--2363789071--84,E2,599,0,0
0000026d--2363789071--84,E3,599,0,0
0000026d--2363789071--84,E4,599,0,0
0000026d--2363789071--84,E5,599,11,0
0000026d--2363789071--85,E,600,13,0
0000026d--2363789071--85,E1,600,0,0
0000026d--2363789071--85,E2,600,13,0
0000026d--2363789071--85,E3,600,13,0
0000026d--2363789071--85,E4,600,0,0
0000026d--2363789071--85,E5,600,28,0
0000026d--2363789071--86,E,600,21,0
0000026d--2363789071--86,E1,600,21,0
0000026d--2363789071--86,E2,600,21,0
0000026d--2363789071--86,E3,600,21,0
0000026d--2363789071--86,E4,600,21,0
0000026d--2363789071--86,E5,600,22,0
0000026d--2363789071--87,E,600,10,0
0000026d--2363789071--87,E1,600,0,0
0000026d--2363789071--87,E2,600,0,0
0000026d--2363789071--87,E3,600,0,0
0000026d--2363789071--87,E4,600,0,0
0000026d--2363789071--87,E5,600,66,0
0000026d--2363789071--88,E,600,15,0
0000026d--2363789071--88,E1,600,15,0
0000026d--2363789071--88,E2,600,15,0
0000026d--2363789071--88,E3,600,15,0
0000026d--2363789071--88,E4,600,0,0
0000026d--2363789071--88,E5,600,128,0
0000026d--2363789071--89,E,600,11,0
0000026d--2363789071--89,E1,600,11,0
0000026d--2363789071--89,E2,600,11,0
0000026d--2363789071--89,E3,600,11,0
0000026d--2363789071--89,E4,600,0,0
0000026d--2363789071--89,E5,600,42,0
0000026d--2363789071--9,E,600,28,0
0000026d--2363789071--9,E1,600,28,0
0000026d--2363789071--9,E2,600,28,0
0000026d--2363789071--9,E3,600,28,0
0000026d--2363789071--9,E4,600,0,0
0000026d--2363789071--9,E5,600,180,0
0000026d--2363789071--90,E,600,35,0
0000026d--2363789071--90,E1,600,30,0
0000026d--2363789071--90,E2,600,45,0
0000026d--2363789071--90,E3,600,45,0
0000026d--2363789071--90,E4,600,29,0
0000026d--2363789071--90,E5,600,153,0
0000026d--2363789071--91,E,600,0,0
0000026d--2363789071--91,E1,600,0,0
0000026d--2363789071--91,E2,600,0,0
0000026d--2363789071--91,E3,600,0,0
0000026d--2363789071--91,E4,600,0,0
0000026d--2363789071--91,E5,600,132,0
0000026d--2363789071--92,E,600,0,0
0000026d--2363789071--92,E1,600,0,0
0000026d--2363789071--92,E2,600,0,0
0000026d--2363789071--92,E3,600,0,0
0000026d--2363789071--92,E4,600,0,0
0000026d--2363789071--92,E5,600,46,0
0000026d--2363789071--93,E,600,0,0
0000026d--2363789071--93,E1,600,0,0
0000026d--2363789071--93,E2,600,0,0
0000026d--2363789071--93,E3,600,0,0
0000026d--2363789071--93,E4,600,0,0
0000026d--2363789071--93,E5,600,52,0
0000026d--2363789071--94,E,600,32,0
0000026d--2363789071--94,E1,600,0,0
0000026d--2363789071--94,E2,600,32,0
0000026d--2363789071--94,E3,600,32,0
0000026d--2363789071--94,E4,600,0,0
0000026d--2363789071--94,E5,600,64,0
0000026d--2363789071--95,E,600,149,0
0000026d--2363789071--95,E1,600,36,0
0000026d--2363789071--95,E2,600,144,0
0000026d--2363789071--95,E3,600,144,0
0000026d--2363789071--95,E4,600,71,0
0000026d--2363789071--95,E5,600,397,0
0000026d--2363789071--96,E,600,224,0
0000026d--2363789071--96,E1,600,18,0
0000026d--2363789071--96,E2,600,206,0
0000026d--2363789071--96,E3,600,206,0
0000026d--2363789071--96,E4,600,30,0
0000026d--2363789071--96,E5,600,401,1
0000026d--2363789071--97,E,600,52,0
0000026d--2363789071--97,E1,600,0,0
0000026d--2363789071--97,E2,600,52,0
0000026d--2363789071--97,E3,600,52,0
0000026d--2363789071--97,E4,600,0,0
0000026d--2363789071--97,E5,600,290,0
0000026d--2363789071--98,E,600,167,0
0000026d--2363789071--98,E1,600,49,0
0000026d--2363789071--98,E2,600,126,0
0000026d--2363789071--98,E3,600,138,0
0000026d--2363789071--98,E4,600,29,0
0000026d--2363789071--98,E5,600,503,0
0000026d--2363789071--99,E,600,136,0
0000026d--2363789071--99,E1,600,0,0
0000026d--2363789071--99,E2,600,136,0
0000026d--2363789071--99,E3,600,136,0
0000026d--2363789071--99,E4,600,53,0
0000026d--2363789071--99,E5,600,327,60
00000273--d384c0a41a--0,E,618,0,0
00000273--d384c0a41a--0,E1,618,0,0
00000273--d384c0a41a--0,E2,618,0,0
00000273--d384c0a41a--0,E3,618,0,0
00000273--d384c0a41a--0,E4,618,0,0
00000273--d384c0a41a--0,E5,618,40,0
00000273--d384c0a41a--1,E,600,51,0
00000273--d384c0a41a--1,E1,600,44,0
00000273--d384c0a41a--1,E2,600,24,0
00000273--d384c0a41a--1,E3,600,24,0
00000273--d384c0a41a--1,E4,600,0,0
00000273--d384c0a41a--1,E5,600,116,0
00000273--d384c0a41a--10,E,599,16,0
00000273--d384c0a41a--10,E1,599,0,0
00000273--d384c0a41a--10,E2,599,0,0
00000273--d384c0a41a--10,E3,599,0,0
00000273--d384c0a41a--10,E4,599,0,0
00000273--d384c0a41a--10,E5,599,16,0
00000273--d384c0a41a--11,E,600,0,0
00000273--d384c0a41a--11,E1,600,0,0
00000273--d384c0a41a--11,E2,600,0,0
00000273--d384c0a41a--11,E3,600,0,0
00000273--d384c0a41a--11,E4,600,0,0
00000273--d384c0a41a--11,E5,600,9,0
00000273--d384c0a41a--12,E,600,8,0
00000273--d384c0a41a--12,E1,600,0,0
00000273--d384c0a41a--12,E2,600,0,0
00000273--d384c0a41a--12,E3,600,0,0
00000273--d384c0a41a--12,E4,600,0,0
00000273--d384c0a41a--12,E5,600,33,0
00000273--d384c0a41a--13,E,600,34,0
00000273--d384c0a41a--13,E1,600,23,0
00000273--d384c0a41a--13,E2,600,34,0
00000273--d384c0a41a--13,E3,600,34,0
00000273--d384c0a41a--13,E4,600,23,0
00000273--d384c0a41a--13,E5,600,113,0
00000273--d384c0a41a--14,E,600,0,0
00000273--d384c0a41a--14,E1,600,0,0
00000273--d384c0a41a--14,E2,600,0,0
00000273--d384c0a41a--14,E3,600,0,0
00000273--d384c0a41a--14,E4,600,0,0
00000273--d384c0a41a--14,E5,600,76,0
00000273--d384c0a41a--15,E,600,36,0
00000273--d384c0a41a--15,E1,600,3,0
00000273--d384c0a41a--15,E2,600,36,0
00000273--d384c0a41a--15,E3,600,36,0
00000273--d384c0a41a--15,E4,600,0,0
00000273--d384c0a41a--15,E5,600,82,0
00000273--d384c0a41a--16,E,600,0,0
00000273--d384c0a41a--16,E1,600,0,0
00000273--d384c0a41a--16,E2,600,0,0
00000273--d384c0a41a--16,E3,600,0,0
00000273--d384c0a41a--16,E4,600,0,0
00000273--d384c0a41a--16,E5,600,56,0
00000273--d384c0a41a--17,E,600,36,0
00000273--d384c0a41a--17,E1,600,0,0
00000273--d384c0a41a--17,E2,600,36,0
00000273--d384c0a41a--17,E3,600,36,0
00000273--d384c0a41a--17,E4,600,0,0
00000273--d384c0a41a--17,E5,600,115,0
00000273--d384c0a41a--18,E,600,0,0
00000273--d384c0a41a--18,E1,600,0,0
00000273--d384c0a41a--18,E2,600,0,0
00000273--d384c0a41a--18,E3,600,0,0
00000273--d384c0a41a--18,E4,600,0,0
00000273--d384c0a41a--18,E5,600,20,0
00000273--d384c0a41a--19,E,600,23,0
00000273--d384c0a41a--19,E1,600,0,0
00000273--d384c0a41a--19,E2,600,1,0
00000273--d384c0a41a--19,E3,600,1,0
00000273--d384c0a41a--19,E4,600,0,0
00000273--d384c0a41a--19,E5,600,93,0
00000273--d384c0a41a--2,E,600,5,0
00000273--d384c0a41a--2,E1,600,5,0
00000273--d384c0a41a--2,E2,600,5,0
00000273--d384c0a41a--2,E3,600,5,0
00000273--d384c0a41a--2,E4,600,0,0
00000273--d384c0a41a--2,E5,600,22,0
00000273--d384c0a41a--20,E,600,5,0
00000273--d384c0a41a--20,E1,600,0,0
00000273--d384c0a41a--20,E2,600,5,0
00000273--d384c0a41a--20,E3,600,5,0
00000273--d384c0a41a--20,E4,600,0,0
00000273--d384c0a41a--20,E5,600,41,0
00000273--d384c0a41a--21,E,600,41,0
00000273--d384c0a41a--21,E1,600,3,0
00000273--d384c0a41a--21,E2,600,32,0
00000273--d384c0a41a--21,E3,600,32,0
00000273--d384c0a41a--21,E4,600,0,0
00000273--d384c0a41a--21,E5,600,141,0
00000273--d384c0a41a--22,E,600,58,0
00000273--d384c0a41a--22,E1,600,0,0
00000273--d384c0a41a--22,E2,600,58,0
00000273--d384c0a41a--22,E3,600,58,0
00000273--d384c0a41a--22,E4,600,0,0
00000273--d384c0a41a--22,E5,600,80,0
00000273--d384c0a41a--23,E,600,18,0
00000273--d384c0a41a--23,E1,600,0,0
00000273--d384c0a41a--23,E2,600,18,0
00000273--d384c0a41a--23,E3,600,18,0
00000273--d384c0a41a--23,E4,600,11,0
00000273--d384c0a41a--23,E5,600,36,0
00000273--d384c0a41a--24,E,600,0,0
00000273--d384c0a41a--24,E1,600,0,0
00000273--d384c0a41a--24,E2,600,0,0
00000273--d384c0a41a--24,E3,600,0,0
00000273--d384c0a41a--24,E4,600,0,0
00000273--d384c0a41a--24,E5,600,41,0
00000273--d384c0a41a--25,E,600,138,0
00000273--d384c0a41a--25,E1,600,0,0
00000273--d384c0a41a--25,E2,600,133,0
00000273--d384c0a41a--25,E3,600,133,0
00000273--d384c0a41a--25,E4,600,0,0
00000273--d384c0a41a--25,E5,600,140,0
00000273--d384c0a41a--26,E,599,53,0
00000273--d384c0a41a--26,E1,599,10,0
00000273--d384c0a41a--26,E2,599,53,0
00000273--d384c0a41a--26,E3,599,53,0
00000273--d384c0a41a--26,E4,599,8,0
00000273--d384c0a41a--26,E5,599,121,0
00000273--d384c0a41a--27,E,599,122,0
00000273--d384c0a41a--27,E1,599,0,0
00000273--d384c0a41a--27,E2,599,70,0
00000273--d384c0a41a--27,E3,599,70,0
00000273--d384c0a41a--27,E4,599,37,0
00000273--d384c0a41a--27,E5,599,152,0
00000273--d384c0a41a--28,E,599,28,0
00000273--d384c0a41a--28,E1,599,23,0
00000273--d384c0a41a--28,E2,599,28,0
00000273--d384c0a41a--28,E3,599,28,0
00000273--d384c0a41a--28,E4,599,0,0
00000273--d384c0a41a--28,E5,599,166,0
00000273--d384c0a41a--29,E,599,0,0
00000273--d384c0a41a--29,E1,599,0,0
00000273--d384c0a41a--29,E2,599,0,0
00000273--d384c0a41a--29,E3,599,0,0
00000273--d384c0a41a--29,E4,599,0,0
00000273--d384c0a41a--29,E5,599,66,0
00000273--d384c0a41a--3,E,599,0,0
00000273--d384c0a41a--3,E1,599,15,0
00000273--d384c0a41a--3,E2,599,0,0
00000273--d384c0a41a--3,E3,599,0,0
00000273--d384c0a41a--3,E4,599,0,0
00000273--d384c0a41a--3,E5,599,64,0
00000273--d384c0a41a--30,E,600,29,0
00000273--d384c0a41a--30,E1,600,0,0
00000273--d384c0a41a--30,E2,600,0,0
00000273--d384c0a41a--30,E3,600,29,0
00000273--d384c0a41a--30,E4,600,0,0
00000273--d384c0a41a--30,E5,600,29,0
00000273--d384c0a41a--31,E,600,4,0
00000273--d384c0a41a--31,E1,600,4,0
00000273--d384c0a41a--31,E2,600,4,0
00000273--d384c0a41a--31,E3,600,4,0
00000273--d384c0a41a--31,E4,600,0,0
00000273--d384c0a41a--31,E5,600,97,0
00000273--d384c0a41a--32,E,599,94,0
00000273--d384c0a41a--32,E1,599,33,0
00000273--d384c0a41a--32,E2,599,78,0
00000273--d384c0a41a--32,E3,599,94,0
00000273--d384c0a41a--32,E4,599,0,0
00000273--d384c0a41a--32,E5,599,147,0
00000273--d384c0a41a--33,E,600,18,0
00000273--d384c0a41a--33,E1,600,0,0
00000273--d384c0a41a--33,E2,600,6,0
00000273--d384c0a41a--33,E3,600,6,0
00000273--d384c0a41a--33,E4,600,0,0
00000273--d384c0a41a--33,E5,600,65,0
00000273--d384c0a41a--34,E,599,0,0
00000273--d384c0a41a--34,E1,599,0,0
00000273--d384c0a41a--34,E2,599,0,0
00000273--d384c0a41a--34,E3,599,0,0
00000273--d384c0a41a--34,E4,599,0,0
00000273--d384c0a41a--34,E5,599,39,0
00000273--d384c0a41a--35,E,600,32,0
00000273--d384c0a41a--35,E1,600,32,0
00000273--d384c0a41a--35,E2,600,32,0
00000273--d384c0a41a--35,E3,600,32,0
00000273--d384c0a41a--35,E4,600,0,0
00000273--d384c0a41a--35,E5,600,123,0
00000273--d384c0a41a--36,E,600,0,0
00000273--d384c0a41a--36,E1,600,0,0
00000273--d384c0a41a--36,E2,600,0,0
00000273--d384c0a41a--36,E3,600,0,0
00000273--d384c0a41a--36,E4,600,0,0
00000273--d384c0a41a--36,E5,600,46,0
00000273--d384c0a41a--37,E,600,3,0
00000273--d384c0a41a--37,E1,600,3,0
00000273--d384c0a41a--37,E2,600,3,0
00000273--d384c0a41a--37,E3,600,3,0
00000273--d384c0a41a--37,E4,600,0,0
00000273--d384c0a41a--37,E5,600,126,0
00000273--d384c0a41a--38,E,600,23,0
00000273--d384c0a41a--38,E1,600,15,0
00000273--d384c0a41a--38,E2,600,17,0
00000273--d384c0a41a--38,E3,600,17,0
00000273--d384c0a41a--38,E4,600,3,0
00000273--d384c0a41a--38,E5,600,48,0
00000273--d384c0a41a--39,E,600,0,0
00000273--d384c0a41a--39,E1,600,0,0
00000273--d384c0a41a--39,E2,600,0,0
00000273--d384c0a41a--39,E3,600,0,0
00000273--d384c0a41a--39,E4,600,0,0
00000273--d384c0a41a--39,E5,600,26,0
00000273--d384c0a41a--4,E,599,41,0
00000273--d384c0a41a--4,E1,599,0,0
00000273--d384c0a41a--4,E2,599,0,0
00000273--d384c0a41a--4,E3,599,0,0
00000273--d384c0a41a--4,E4,599,0,0
00000273--d384c0a41a--4,E5,599,86,0
00000273--d384c0a41a--40,E,600,2,0
00000273--d384c0a41a--40,E1,600,0,0
00000273--d384c0a41a--40,E2,600,2,0
00000273--d384c0a41a--40,E3,600,2,0
00000273--d384c0a41a--40,E4,600,0,0
00000273--d384c0a41a--40,E5,600,66,0
00000273--d384c0a41a--41,E,600,45,0
00000273--d384c0a41a--41,E1,600,37,0
00000273--d384c0a41a--41,E2,600,37,0
00000273--d384c0a41a--41,E3,600,37,0
00000273--d384c0a41a--41,E4,600,0,0
00000273--d384c0a41a--41,E5,600,81,0
00000273--d384c0a41a--42,E,561,14,0
00000273--d384c0a41a--42,E1,561,0,0
00000273--d384c0a41a--42,E2,561,4,0
00000273--d384c0a41a--42,E3,561,4,0
00000273--d384c0a41a--42,E4,561,0,0
00000273--d384c0a41a--42,E5,561,443,265
00000273--d384c0a41a--5,E,600,42,0
00000273--d384c0a41a--5,E1,600,15,0
00000273--d384c0a41a--5,E2,600,42,0
00000273--d384c0a41a--5,E3,600,42,0
00000273--d384c0a41a--5,E4,600,2,0
00000273--d384c0a41a--5,E5,600,103,0
00000273--d384c0a41a--6,E,600,25,0
00000273--d384c0a41a--6,E1,600,0,0
00000273--d384c0a41a--6,E2,600,25,0
00000273--d384c0a41a--6,E3,600,25,0
00000273--d384c0a41a--6,E4,600,25,0
00000273--d384c0a41a--6,E5,600,40,0
00000273--d384c0a41a--7,E,599,0,0
00000273--d384c0a41a--7,E1,599,0,0
00000273--d384c0a41a--7,E2,599,0,0
00000273--d384c0a41a--7,E3,599,0,0
00000273--d384c0a41a--7,E4,599,0,0
00000273--d384c0a41a--7,E5,599,41,0
00000273--d384c0a41a--8,E,599,40,0
00000273--d384c0a41a--8,E1,599,27,0
00000273--d384c0a41a--8,E2,599,40,0
00000273--d384c0a41a--8,E3,599,40,0
00000273--d384c0a41a--8,E4,599,0,0
00000273--d384c0a41a--8,E5,599,135,0
00000273--d384c0a41a--9,E,600,16,0
00000273--d384c0a41a--9,E1,600,0,0
00000273--d384c0a41a--9,E2,600,9,0
00000273--d384c0a41a--9,E3,600,9,0
00000273--d384c0a41a--9,E4,600,0,0
00000273--d384c0a41a--9,E5,600,51,0
00000274--d3bbe6ddcd--19,E,599,7,0
00000274--d3bbe6ddcd--19,E1,599,1,0
00000274--d3bbe6ddcd--19,E2,599,7,0
00000274--d3bbe6ddcd--19,E3,599,7,0
00000274--d3bbe6ddcd--19,E4,599,6,0
00000274--d3bbe6ddcd--19,E5,599,183,0
00000274--d3bbe6ddcd--33,E,600,16,0
00000274--d3bbe6ddcd--33,E1,600,8,0
00000274--d3bbe6ddcd--33,E2,600,16,0
00000274--d3bbe6ddcd--33,E3,600,16,0
00000274--d3bbe6ddcd--33,E4,600,8,0
00000274--d3bbe6ddcd--33,E5,600,28,0
00000274--d3bbe6ddcd--34,E,600,0,0
00000274--d3bbe6ddcd--34,E1,600,0,0
00000274--d3bbe6ddcd--34,E2,600,0,0
00000274--d3bbe6ddcd--34,E3,600,0,0
00000274--d3bbe6ddcd--34,E4,600,0,0
00000274--d3bbe6ddcd--34,E5,600,410,0
0000027f--cb2a133365--10,E,600,0,0
0000027f--cb2a133365--10,E1,600,0,0
0000027f--cb2a133365--10,E2,600,0,0
0000027f--cb2a133365--10,E3,600,0,0
0000027f--cb2a133365--10,E4,600,0,0
0000027f--cb2a133365--10,E5,600,298,0
0000027f--cb2a133365--11,E,600,212,0
0000027f--cb2a133365--11,E1,600,7,0
0000027f--cb2a133365--11,E2,600,172,0
0000027f--cb2a133365--11,E3,600,172,0
0000027f--cb2a133365--11,E4,600,95,0
0000027f--cb2a133365--11,E5,600,397,0
0000027f--cb2a133365--12,E,600,147,0
0000027f--cb2a133365--12,E1,600,0,0
0000027f--cb2a133365--12,E2,600,125,0
0000027f--cb2a133365--12,E3,600,125,0
0000027f--cb2a133365--12,E4,600,4,0
0000027f--cb2a133365--12,E5,600,570,0
0000027f--cb2a133365--13,E,600,0,0
0000027f--cb2a133365--13,E1,600,0,0
0000027f--cb2a133365--13,E2,600,0,0
0000027f--cb2a133365--13,E3,600,0,0
0000027f--cb2a133365--13,E4,600,0,0
0000027f--cb2a133365--13,E5,600,0,0
0000027f--cb2a133365--14,E,600,47,0
0000027f--cb2a133365--14,E1,600,0,0
0000027f--cb2a133365--14,E2,600,15,0
0000027f--cb2a133365--14,E3,600,15,0
0000027f--cb2a133365--14,E4,600,15,0
0000027f--cb2a133365--14,E5,600,185,0
0000027f--cb2a133365--15,E,600,57,0
0000027f--cb2a133365--15,E1,600,30,0
0000027f--cb2a133365--15,E2,600,57,0
0000027f--cb2a133365--15,E3,600,57,0
0000027f--cb2a133365--15,E4,600,0,0
0000027f--cb2a133365--15,E5,600,58,0
0000027f--cb2a133365--16,E,600,60,0
0000027f--cb2a133365--16,E1,600,5,0
0000027f--cb2a133365--16,E2,600,50,0
0000027f--cb2a133365--16,E3,600,50,0
0000027f--cb2a133365--16,E4,600,0,0
0000027f--cb2a133365--16,E5,600,247,0
0000027f--cb2a133365--17,E,600,7,0
0000027f--cb2a133365--17,E1,600,0,0
0000027f--cb2a133365--17,E2,600,7,0
0000027f--cb2a133365--17,E3,600,7,0
0000027f--cb2a133365--17,E4,600,0,0
0000027f--cb2a133365--17,E5,600,7,0
0000027f--cb2a133365--18,E,600,98,6
0000027f--cb2a133365--18,E1,600,85,0
0000027f--cb2a133365--18,E2,600,245,0
0000027f--cb2a133365--18,E3,600,245,0
0000027f--cb2a133365--18,E4,600,17,0
0000027f--cb2a133365--18,E5,600,218,6
0000027f--cb2a133365--19,E,600,0,0
0000027f--cb2a133365--19,E1,600,0,0
0000027f--cb2a133365--19,E2,600,0,0
0000027f--cb2a133365--19,E3,600,0,0
0000027f--cb2a133365--19,E4,600,0,0
0000027f--cb2a133365--19,E5,600,480,0
0000027f--cb2a133365--2,E,599,41,0
0000027f--cb2a133365--2,E1,599,17,0
0000027f--cb2a133365--2,E2,599,41,0
0000027f--cb2a133365--2,E3,599,41,0
0000027f--cb2a133365--2,E4,599,5,0
0000027f--cb2a133365--2,E5,599,149,0
0000027f--cb2a133365--20,E,600,127,0
0000027f--cb2a133365--20,E1,600,0,0
0000027f--cb2a133365--20,E2,600,60,0
0000027f--cb2a133365--20,E3,600,60,0
0000027f--cb2a133365--20,E4,600,60,0
0000027f--cb2a133365--20,E5,600,344,0
0000027f--cb2a133365--21,E,600,295,0
0000027f--cb2a133365--21,E1,600,49,0
0000027f--cb2a133365--21,E2,600,234,0
0000027f--cb2a133365--21,E3,600,234,0
0000027f--cb2a133365--21,E4,600,66,0
0000027f--cb2a133365--21,E5,600,473,0
0000027f--cb2a133365--22,E,599,117,0
0000027f--cb2a133365--22,E1,599,56,0
0000027f--cb2a133365--22,E2,599,112,0
0000027f--cb2a133365--22,E3,599,112,0
0000027f--cb2a133365--22,E4,599,0,0
0000027f--cb2a133365--22,E5,599,476,0
0000027f--cb2a133365--23,E,600,0,0
0000027f--cb2a133365--23,E1,600,0,0
0000027f--cb2a133365--23,E2,600,0,0
0000027f--cb2a133365--23,E3,600,0,0
0000027f--cb2a133365--23,E4,600,0,0
0000027f--cb2a133365--23,E5,600,0,0
0000027f--cb2a133365--24,E,599,0,0
0000027f--cb2a133365--24,E1,599,0,0
0000027f--cb2a133365--24,E2,599,0,0
0000027f--cb2a133365--24,E3,599,0,0
0000027f--cb2a133365--24,E4,599,0,0
0000027f--cb2a133365--24,E5,599,430,0
0000027f--cb2a133365--25,E,599,89,0
0000027f--cb2a133365--25,E1,599,0,0
0000027f--cb2a133365--25,E2,599,89,0
0000027f--cb2a133365--25,E3,599,89,0
0000027f--cb2a133365--25,E4,599,10,0
0000027f--cb2a133365--25,E5,599,345,0
0000027f--cb2a133365--26,E,600,64,0
0000027f--cb2a133365--26,E1,600,0,0
0000027f--cb2a133365--26,E2,600,64,0
0000027f--cb2a133365--26,E3,600,64,0
0000027f--cb2a133365--26,E4,600,0,0
0000027f--cb2a133365--26,E5,600,512,0
0000027f--cb2a133365--27,E,599,35,0
0000027f--cb2a133365--27,E1,599,8,0
0000027f--cb2a133365--27,E2,599,35,0
0000027f--cb2a133365--27,E3,599,35,0
0000027f--cb2a133365--27,E4,599,11,0
0000027f--cb2a133365--27,E5,599,207,177
0000027f--cb2a133365--3,E,600,3,0
0000027f--cb2a133365--3,E1,600,0,0
0000027f--cb2a133365--3,E2,600,0,0
0000027f--cb2a133365--3,E3,600,0,0
0000027f--cb2a133365--3,E4,600,0,0
0000027f--cb2a133365--3,E5,600,55,0
0000027f--cb2a133365--4,E,600,47,0
0000027f--cb2a133365--4,E1,600,0,0
0000027f--cb2a133365--4,E2,600,7,0
0000027f--cb2a133365--4,E3,600,7,0
0000027f--cb2a133365--4,E4,600,7,0
0000027f--cb2a133365--4,E5,600,139,18
0000027f--cb2a133365--5,E,600,0,0
0000027f--cb2a133365--5,E1,600,0,0
0000027f--cb2a133365--5,E2,600,0,0
0000027f--cb2a133365--5,E3,600,0,0
0000027f--cb2a133365--5,E4,600,0,0
0000027f--cb2a133365--5,E5,600,595,585
0000027f--cb2a133365--6,E,600,146,0
0000027f--cb2a133365--6,E1,600,12,0
0000027f--cb2a133365--6,E2,600,118,0
0000027f--cb2a133365--6,E3,600,118,0
0000027f--cb2a133365--6,E4,600,0,0
0000027f--cb2a133365--6,E5,600,305,0
0000027f--cb2a133365--7,E,600,0,0
0000027f--cb2a133365--7,E1,600,0,0
0000027f--cb2a133365--7,E2,600,0,0
0000027f--cb2a133365--7,E3,600,0,0
0000027f--cb2a133365--7,E4,600,0,0
0000027f--cb2a133365--7,E5,600,194,0
0000027f--cb2a133365--8,E,600,111,0
0000027f--cb2a133365--8,E1,600,55,0
0000027f--cb2a133365--8,E2,600,89,0
0000027f--cb2a133365--8,E3,600,89,0
0000027f--cb2a133365--8,E4,600,31,0
0000027f--cb2a133365--8,E5,600,433,0
0000027f--cb2a133365--9,E,600,0,0
0000027f--cb2a133365--9,E1,600,0,0
0000027f--cb2a133365--9,E2,600,0,0
0000027f--cb2a133365--9,E3,600,0,0
0000027f--cb2a133365--9,E4,600,0,0
0000027f--cb2a133365--9,E5,600,214,0
00000280--91181081d4--10,E,600,22,0
00000280--91181081d4--10,E1,600,7,0
00000280--91181081d4--10,E2,600,22,0
00000280--91181081d4--10,E3,600,22,0
00000280--91181081d4--10,E4,600,0,0
00000280--91181081d4--10,E5,600,94,0
00000280--91181081d4--11,E,600,105,0
00000280--91181081d4--11,E1,600,26,0
00000280--91181081d4--11,E2,600,54,0
00000280--91181081d4--11,E3,600,54,0
00000280--91181081d4--11,E4,600,0,0
00000280--91181081d4--11,E5,600,219,0
00000280--91181081d4--12,E,600,0,0
00000280--91181081d4--12,E1,600,12,0
00000280--91181081d4--12,E2,600,0,0
00000280--91181081d4--12,E3,600,0,0
00000280--91181081d4--12,E4,600,0,0
00000280--91181081d4--12,E5,600,338,0
00000280--91181081d4--13,E,600,13,0
00000280--91181081d4--13,E1,600,11,0
00000280--91181081d4--13,E2,600,13,0
00000280--91181081d4--13,E3,600,13,0
00000280--91181081d4--13,E4,600,13,0
00000280--91181081d4--13,E5,600,63,0
00000280--91181081d4--14,E,600,24,0
00000280--91181081d4--14,E1,600,0,0
00000280--91181081d4--14,E2,600,34,0
00000280--91181081d4--14,E3,600,34,0
00000280--91181081d4--14,E4,600,11,0
00000280--91181081d4--14,E5,600,346,0
00000280--91181081d4--15,E,599,52,0
00000280--91181081d4--15,E1,599,46,0
00000280--91181081d4--15,E2,599,51,0
00000280--91181081d4--15,E3,599,51,0
00000280--91181081d4--15,E4,599,0,0
00000280--91181081d4--15,E5,599,107,0
00000280--91181081d4--16,E,600,0,0
00000280--91181081d4--16,E1,600,0,0
00000280--91181081d4--16,E2,600,0,0
00000280--91181081d4--16,E3,600,0,0
00000280--91181081d4--16,E4,600,0,0
00000280--91181081d4--16,E5,600,50,0
00000280--91181081d4--17,E,600,55,0
00000280--91181081d4--17,E1,600,7,0
00000280--91181081d4--17,E2,600,55,0
00000280--91181081d4--17,E3,600,55,0
00000280--91181081d4--17,E4,600,0,0
00000280--91181081d4--17,E5,600,279,0
00000280--91181081d4--18,E,600,0,0
00000280--91181081d4--18,E1,600,0,0
00000280--91181081d4--18,E2,600,0,0
00000280--91181081d4--18,E3,600,0,0
00000280--91181081d4--18,E4,600,0,0
00000280--91181081d4--18,E5,600,50,0
00000280--91181081d4--19,E,600,14,0
00000280--91181081d4--19,E1,600,0,0
00000280--91181081d4--19,E2,600,30,0
00000280--91181081d4--19,E3,600,30,0
00000280--91181081d4--19,E4,600,5,0
00000280--91181081d4--19,E5,600,129,0
00000280--91181081d4--20,E,600,40,0
00000280--91181081d4--20,E1,600,0,0
00000280--91181081d4--20,E2,600,19,0
00000280--91181081d4--20,E3,600,19,0
00000280--91181081d4--20,E4,600,19,0
00000280--91181081d4--20,E5,600,91,0
00000280--91181081d4--21,E,600,476,469
00000280--91181081d4--21,E1,600,18,0
00000280--91181081d4--21,E2,600,44,0
00000280--91181081d4--21,E3,600,44,0
00000280--91181081d4--21,E4,600,0,0
00000280--91181081d4--21,E5,600,478,478
00000280--91181081d4--22,E,600,0,0
00000280--91181081d4--22,E1,600,0,0
00000280--91181081d4--22,E2,600,0,0
00000280--91181081d4--22,E3,600,0,0
00000280--91181081d4--22,E4,600,0,0
00000280--91181081d4--22,E5,600,38,0
00000280--91181081d4--23,E,600,56,0
00000280--91181081d4--23,E1,600,15,0
00000280--91181081d4--23,E2,600,56,0
00000280--91181081d4--23,E3,600,56,0
00000280--91181081d4--23,E4,600,56,0
00000280--91181081d4--23,E5,600,156,0
00000280--91181081d4--24,E,600,57,0
00000280--91181081d4--24,E1,600,7,0
00000280--91181081d4--24,E2,600,37,0
00000280--91181081d4--24,E3,600,37,0
00000280--91181081d4--24,E4,600,32,0
00000280--91181081d4--24,E5,600,446,0
00000280--91181081d4--25,E,600,125,0
00000280--91181081d4--25,E1,600,5,0
00000280--91181081d4--25,E2,600,76,0
00000280--91181081d4--25,E3,600,76,0
00000280--91181081d4--25,E4,600,40,0
00000280--91181081d4--25,E5,600,441,0
00000280--91181081d4--29,E,599,26,0
00000280--91181081d4--29,E1,599,0,0
00000280--91181081d4--29,E2,599,0,0
00000280--91181081d4--29,E3,599,0,0
00000280--91181081d4--29,E4,599,0,0
00000280--91181081d4--29,E5,599,543,0
00000280--91181081d4--30,E,599,178,0
00000280--91181081d4--30,E1,599,67,0
00000280--91181081d4--30,E2,599,140,0
00000280--91181081d4--30,E3,599,140,0
00000280--91181081d4--30,E4,599,43,0
00000280--91181081d4--30,E5,599,538,0
00000280--91181081d4--31,E,600,97,0
00000280--91181081d4--31,E1,600,27,0
00000280--91181081d4--31,E2,600,86,0
00000280--91181081d4--31,E3,600,86,0
00000280--91181081d4--31,E4,600,35,0
00000280--91181081d4--31,E5,600,411,0
00000280--91181081d4--32,E,599,21,0
00000280--91181081d4--32,E1,599,0,0
00000280--91181081d4--32,E2,599,21,0
00000280--91181081d4--32,E3,599,21,0
00000280--91181081d4--32,E4,599,0,0
00000280--91181081d4--32,E5,599,71,0
00000280--91181081d4--33,E,600,541,0
00000280--91181081d4--33,E1,600,62,0
00000280--91181081d4--33,E2,600,535,0
00000280--91181081d4--33,E3,600,535,0
00000280--91181081d4--33,E4,600,56,0
00000280--91181081d4--33,E5,600,572,0
00000280--91181081d4--34,E,600,8,0
00000280--91181081d4--34,E1,600,0,0
00000280--91181081d4--34,E2,600,8,0
00000280--91181081d4--34,E3,600,8,0
00000280--91181081d4--34,E4,600,0,0
00000280--91181081d4--34,E5,600,451,179
00000280--91181081d4--35,E,600,180,0
00000280--91181081d4--35,E1,600,35,0
00000280--91181081d4--35,E2,600,157,0
00000280--91181081d4--35,E3,600,157,0
00000280--91181081d4--35,E4,600,25,0
00000280--91181081d4--35,E5,600,413,0
00000280--91181081d4--36,E,600,113,0
00000280--91181081d4--36,E1,600,37,0
00000280--91181081d4--36,E2,600,113,0
00000280--91181081d4--36,E3,600,113,0
00000280--91181081d4--36,E4,600,0,0
00000280--91181081d4--36,E5,600,412,0
00000280--91181081d4--37,E,600,90,0
00000280--91181081d4--37,E1,600,0,0
00000280--91181081d4--37,E2,600,90,0
00000280--91181081d4--37,E3,600,90,0
00000280--91181081d4--37,E4,600,0,0
00000280--91181081d4--37,E5,600,342,182
00000280--91181081d4--38,E,600,91,0
00000280--91181081d4--38,E1,600,0,0
00000280--91181081d4--38,E2,600,83,0
00000280--91181081d4--38,E3,600,83,0
00000280--91181081d4--38,E4,600,59,0
00000280--91181081d4--38,E5,600,140,0
00000280--91181081d4--39,E,600,122,0
00000280--91181081d4--39,E1,600,113,0
00000280--91181081d4--39,E2,600,11,0
00000280--91181081d4--39,E3,600,124,0
00000280--91181081d4--39,E4,600,9,0
00000280--91181081d4--39,E5,600,340,0
00000280--91181081d4--4,E,600,144,0
00000280--91181081d4--4,E1,600,49,0
00000280--91181081d4--4,E2,600,144,0
00000280--91181081d4--4,E3,600,144,0
00000280--91181081d4--4,E4,600,63,0
00000280--91181081d4--4,E5,600,421,0
00000280--91181081d4--40,E,600,82,0
00000280--91181081d4--40,E1,600,26,0
00000280--91181081d4--40,E2,600,47,0
00000280--91181081d4--40,E3,600,47,0
00000280--91181081d4--40,E4,600,0,0
00000280--91181081d4--40,E5,600,231,0
00000280--91181081d4--41,E,600,76,0
00000280--91181081d4--41,E1,600,10,0
00000280--91181081d4--41,E2,600,74,0
00000280--91181081d4--41,E3,600,74,0
00000280--91181081d4--41,E4,600,19,0
00000280--91181081d4--41,E5,600,464,0
00000280--91181081d4--42,E,600,105,0
00000280--91181081d4--42,E1,600,2,0
00000280--91181081d4--42,E2,600,74,0
00000280--91181081d4--42,E3,600,74,0
00000280--91181081d4--42,E4,600,24,0
00000280--91181081d4--42,E5,600,478,0
00000280--91181081d4--43,E,600,106,0
00000280--91181081d4--43,E1,600,0,0
00000280--91181081d4--43,E2,600,89,0
00000280--91181081d4--43,E3,600,89,0
00000280--91181081d4--43,E4,600,31,0
00000280--91181081d4--43,E5,600,254,0
00000280--91181081d4--44,E,600,113,0
00000280--91181081d4--44,E1,600,0,0
00000280--91181081d4--44,E2,600,87,0
00000280--91181081d4--44,E3,600,87,0
00000280--91181081d4--44,E4,600,13,0
00000280--91181081d4--44,E5,600,261,25
00000280--91181081d4--5,E,599,129,0
00000280--91181081d4--5,E1,599,0,0
00000280--91181081d4--5,E2,599,105,0
00000280--91181081d4--5,E3,599,105,0
00000280--91181081d4--5,E4,599,0,0
00000280--91181081d4--5,E5,599,426,0
00000280--91181081d4--6,E,600,156,0
00000280--91181081d4--6,E1,600,2,0
00000280--91181081d4--6,E2,600,77,0
00000280--91181081d4--6,E3,600,77,0
00000280--91181081d4--6,E4,600,0,0
00000280--91181081d4--6,E5,600,259,0
00000280--91181081d4--7,E,600,38,0
00000280--91181081d4--7,E1,600,38,0
00000280--91181081d4--7,E2,600,38,0
00000280--91181081d4--7,E3,600,38,0
00000280--91181081d4--7,E4,600,0,0
00000280--91181081d4--7,E5,600,264,0
00000280--91181081d4--8,E,600,0,0
00000280--91181081d4--8,E1,600,3,0
00000280--91181081d4--8,E2,600,0,0
00000280--91181081d4--8,E3,600,0,0
00000280--91181081d4--8,E4,600,0,0
00000280--91181081d4--8,E5,600,164,0
00000280--91181081d4--9,E,600,0,0
00000280--91181081d4--9,E1,600,0,0
00000280--91181081d4--9,E2,600,0,0
00000280--91181081d4--9,E3,600,0,0
00000280--91181081d4--9,E4,600,0,0
00000280--91181081d4--9,E5,600,33,0
00000283--b395338ef9--0,E,620,165,0
00000283--b395338ef9--0,E1,620,6,0
00000283--b395338ef9--0,E2,620,157,0
00000283--b395338ef9--0,E3,620,157,0
00000283--b395338ef9--0,E4,620,14,0
00000283--b395338ef9--0,E5,620,471,157
00000283--b395338ef9--1,E,600,0,0
00000283--b395338ef9--1,E1,600,0,0
00000283--b395338ef9--1,E2,600,0,0
00000283--b395338ef9--1,E3,600,0,0
00000283--b395338ef9--1,E4,600,0,0
00000283--b395338ef9--1,E5,600,92,0
00000283--b395338ef9--10,E,600,36,0
00000283--b395338ef9--10,E1,600,36,0
00000283--b395338ef9--10,E2,600,36,0
00000283--b395338ef9--10,E3,600,36,0
00000283--b395338ef9--10,E4,600,0,0
00000283--b395338ef9--10,E5,600,238,0
00000283--b395338ef9--11,E,600,18,0
00000283--b395338ef9--11,E1,600,11,0
00000283--b395338ef9--11,E2,600,18,0
00000283--b395338ef9--11,E3,600,18,0
00000283--b395338ef9--11,E4,600,7,0
00000283--b395338ef9--11,E5,600,55,0
00000283--b395338ef9--12,E,600,103,0
00000283--b395338ef9--12,E1,600,11,0
00000283--b395338ef9--12,E2,600,78,0
00000283--b395338ef9--12,E3,600,78,0
00000283--b395338ef9--12,E4,600,31,0
00000283--b395338ef9--12,E5,600,260,0
00000283--b395338ef9--13,E,600,44,0
00000283--b395338ef9--13,E1,600,0,0
00000283--b395338ef9--13,E2,600,30,0
00000283--b395338ef9--13,E3,600,30,0
00000283--b395338ef9--13,E4,600,30,0
00000283--b395338ef9--13,E5,600,82,0
00000283--b395338ef9--14,E,600,46,0
00000283--b395338ef9--14,E1,600,4,0
00000283--b395338ef9--14,E2,600,46,0
00000283--b395338ef9--14,E3,600,46,0
00000283--b395338ef9--14,E4,600,4,0
00000283--b395338ef9--14,E5,600,101,0
00000283--b395338ef9--15,E,600,30,0
00000283--b395338ef9--15,E1,600,0,0
00000283--b395338ef9--15,E2,600,30,0
00000283--b395338ef9--15,E3,600,30,0
00000283--b395338ef9--15,E4,600,0,0
00000283--b395338ef9--15,E5,600,89,0
00000283--b395338ef9--16,E,600,27,0
00000283--b395338ef9--16,E1,600,0,0
00000283--b395338ef9--16,E2,600,0,0
00000283--b395338ef9--16,E3,600,0,0
00000283--b395338ef9--16,E4,600,0,0
00000283--b395338ef9--16,E5,600,47,0
00000283--b395338ef9--17,E,599,34,0
00000283--b395338ef9--17,E1,599,0,0
00000283--b395338ef9--17,E2,599,34,0
00000283--b395338ef9--17,E3,599,34,0
00000283--b395338ef9--17,E4,599,17,0
00000283--b395338ef9--17,E5,599,98,0
00000283--b395338ef9--18,E,599,60,0
00000283--b395338ef9--18,E1,599,16,0
00000283--b395338ef9--18,E2,599,34,0
00000283--b395338ef9--18,E3,599,34,0
00000283--b395338ef9--18,E4,599,0,0
00000283--b395338ef9--18,E5,599,163,0
00000283--b395338ef9--19,E,600,30,0
00000283--b395338ef9--19,E1,600,25,0
00000283--b395338ef9--19,E2,600,30,0
00000283--b395338ef9--19,E3,600,30,0
00000283--b395338ef9--19,E4,600,0,0
00000283--b395338ef9--19,E5,600,450,0
00000283--b395338ef9--2,E,600,8,0
00000283--b395338ef9--2,E1,600,0,0
00000283--b395338ef9--2,E2,600,0,0
00000283--b395338ef9--2,E3,600,0,0
00000283--b395338ef9--2,E4,600,0,0
00000283--b395338ef9--2,E5,600,108,0
00000283--b395338ef9--20,E,599,55,0
00000283--b395338ef9--20,E1,599,7,0
00000283--b395338ef9--20,E2,599,55,0
00000283--b395338ef9--20,E3,599,55,0
00000283--b395338ef9--20,E4,599,36,0
00000283--b395338ef9--20,E5,599,187,0
00000283--b395338ef9--21,E,600,15,0
00000283--b395338ef9--21,E1,600,9,0
00000283--b395338ef9--21,E2,600,15,0
00000283--b395338ef9--21,E3,600,15,0
00000283--b395338ef9--21,E4,600,0,0
00000283--b395338ef9--21,E5,600,107,0
00000283--b395338ef9--22,E,600,64,0
00000283--b395338ef9--22,E1,600,0,0
00000283--b395338ef9--22,E2,600,54,0
00000283--b395338ef9--22,E3,600,54,0
00000283--b395338ef9--22,E4,600,41,0
00000283--b395338ef9--22,E5,600,108,0
00000283--b395338ef9--23,E,599,53,0
00000283--b395338ef9--23,E1,599,31,0
00000283--b395338ef9--23,E2,599,48,0
00000283--b395338ef9--23,E3,599,48,0
00000283--b395338ef9--23,E4,599,4,0
00000283--b395338ef9--23,E5,599,194,0
00000283--b395338ef9--24,E,599,15,0
00000283--b395338ef9--24,E1,599,0,0
00000283--b395338ef9--24,E2,599,15,0
00000283--b395338ef9--24,E3,599,15,0
00000283--b395338ef9--24,E4,599,13,0
00000283--b395338ef9--24,E5,599,210,0
00000283--b395338ef9--25,E,600,148,0
00000283--b395338ef9--25,E1,600,15,0
00000283--b395338ef9--25,E2,600,133,0
00000283--b395338ef9--25,E3,600,133,0
00000283--b395338ef9--25,E4,600,35,0
00000283--b395338ef9--25,E5,600,408,0
00000283--b395338ef9--26,E,600,74,0
00000283--b395338ef9--26,E1,600,65,0
00000283--b395338ef9--26,E2,600,74,0
00000283--b395338ef9--26,E3,600,74,0
00000283--b395338ef9--26,E4,600,45,0
00000283--b395338ef9--26,E5,600,385,9
00000283--b395338ef9--27,E,600,18,0
00000283--b395338ef9--27,E1,600,3,0
00000283--b395338ef9--27,E2,600,15,0
00000283--b395338ef9--27,E3,600,15,0
00000283--b395338ef9--27,E4,600,12,0
00000283--b395338ef9--27,E5,600,228,0
00000283--b395338ef9--28,E,600,54,0
00000283--b395338ef9--28,E1,600,7,0
00000283--b395338ef9--28,E2,600,48,0
00000283--b395338ef9--28,E3,600,48,0
00000283--b395338ef9--28,E4,600,0,0
00000283--b395338ef9--28,E5,600,157,0
00000283--b395338ef9--29,E,600,19,0
00000283--b395338ef9--29,E1,600,0,0
00000283--b395338ef9--29,E2,600,19,0
00000283--b395338ef9--29,E3,600,19,0
00000283--b395338ef9--29,E4,600,0,0
00000283--b395338ef9--29,E5,600,168,0
00000283--b395338ef9--3,E,600,10,0
00000283--b395338ef9--3,E1,600,0,0
00000283--b395338ef9--3,E2,600,0,0
00000283--b395338ef9--3,E3,600,0,0
00000283--b395338ef9--3,E4,600,0,0
00000283--b395338ef9--3,E5,600,218,0
00000283--b395338ef9--30,E,600,65,0
00000283--b395338ef9--30,E1,600,0,0
00000283--b395338ef9--30,E2,600,25,0
00000283--b395338ef9--30,E3,600,25,0
00000283--b395338ef9--30,E4,600,0,0
00000283--b395338ef9--30,E5,600,150,0
00000283--b395338ef9--31,E,600,118,0
00000283--b395338ef9--31,E1,600,0,0
00000283--b395338ef9--31,E2,600,118,0
00000283--b395338ef9--31,E3,600,118,0
00000283--b395338ef9--31,E4,600,0,0
00000283--b395338ef9--31,E5,600,228,0
00000283--b395338ef9--32,E,600,61,0
00000283--b395338ef9--32,E1,600,24,0
00000283--b395338ef9--32,E2,600,58,0
00000283--b395338ef9--32,E3,600,58,0
00000283--b395338ef9--32,E4,600,17,0
00000283--b395338ef9--32,E5,600,220,0
00000283--b395338ef9--33,E,600,14,0
00000283--b395338ef9--33,E1,600,0,0
00000283--b395338ef9--33,E2,600,14,0
00000283--b395338ef9--33,E3,600,14,0
00000283--b395338ef9--33,E4,600,14,0
00000283--b395338ef9--33,E5,600,28,0
00000283--b395338ef9--34,E,600,31,0
00000283--b395338ef9--34,E1,600,0,0
00000283--b395338ef9--34,E2,600,31,0
00000283--b395338ef9--34,E3,600,31,0
00000283--b395338ef9--34,E4,600,0,0
00000283--b395338ef9--34,E5,600,51,0
00000283--b395338ef9--35,E,600,4,0
00000283--b395338ef9--35,E1,600,0,0
00000283--b395338ef9--35,E2,600,4,0
00000283--b395338ef9--35,E3,600,4,0
00000283--b395338ef9--35,E4,600,4,0
00000283--b395338ef9--35,E5,600,4,0
00000283--b395338ef9--36,E,600,56,0
00000283--b395338ef9--36,E1,600,0,0
00000283--b395338ef9--36,E2,600,56,0
00000283--b395338ef9--36,E3,600,56,0
00000283--b395338ef9--36,E4,600,0,0
00000283--b395338ef9--36,E5,600,268,0
00000283--b395338ef9--37,E,600,23,0
00000283--b395338ef9--37,E1,600,15,0
00000283--b395338ef9--37,E2,600,23,0
00000283--b395338ef9--37,E3,600,23,0
00000283--b395338ef9--37,E4,600,3,0
00000283--b395338ef9--37,E5,600,137,0
00000283--b395338ef9--38,E,600,32,0
00000283--b395338ef9--38,E1,600,32,0
00000283--b395338ef9--38,E2,600,32,0
00000283--b395338ef9--38,E3,600,32,0
00000283--b395338ef9--38,E4,600,0,0
00000283--b395338ef9--38,E5,600,394,0
00000283--b395338ef9--39,E,600,16,0
00000283--b395338ef9--39,E1,600,16,0
00000283--b395338ef9--39,E2,600,16,0
00000283--b395338ef9--39,E3,600,16,0
00000283--b395338ef9--39,E4,600,0,0
00000283--b395338ef9--39,E5,600,42,0
00000283--b395338ef9--4,E,600,0,0
00000283--b395338ef9--4,E1,600,0,0
00000283--b395338ef9--4,E2,600,0,0
00000283--b395338ef9--4,E3,600,0,0
00000283--b395338ef9--4,E4,600,0,0
00000283--b395338ef9--4,E5,600,0,0
00000283--b395338ef9--40,E,600,417,0
00000283--b395338ef9--40,E1,600,0,0
00000283--b395338ef9--40,E2,600,417,0
00000283--b395338ef9--40,E3,600,417,0
00000283--b395338ef9--40,E4,600,0,0
00000283--b395338ef9--40,E5,600,425,0
00000283--b395338ef9--41,E,600,0,0
00000283--b395338ef9--41,E1,600,0,0
00000283--b395338ef9--41,E2,600,0,0
00000283--b395338ef9--41,E3,600,0,0
00000283--b395338ef9--41,E4,600,0,0
00000283--b395338ef9--41,E5,600,71,0
00000283--b395338ef9--42,E,600,0,0
00000283--b395338ef9--42,E1,600,0,0
00000283--b395338ef9--42,E2,600,0,0
00000283--b395338ef9--42,E3,600,0,0
00000283--b395338ef9--42,E4,600,0,0
00000283--b395338ef9--42,E5,600,21,0
00000283--b395338ef9--43,E,600,14,0
00000283--b395338ef9--43,E1,600,0,0
00000283--b395338ef9--43,E2,600,10,0
00000283--b395338ef9--43,E3,600,10,0
00000283--b395338ef9--43,E4,600,0,0
00000283--b395338ef9--43,E5,600,121,0
00000283--b395338ef9--44,E,600,45,0
00000283--b395338ef9--44,E1,600,16,0
00000283--b395338ef9--44,E2,600,45,0
00000283--b395338ef9--44,E3,600,45,0
00000283--b395338ef9--44,E4,600,8,0
00000283--b395338ef9--44,E5,600,228,0
00000283--b395338ef9--45,E,599,104,0
00000283--b395338ef9--45,E1,599,0,0
00000283--b395338ef9--45,E2,599,82,0
00000283--b395338ef9--45,E3,599,82,0
00000283--b395338ef9--45,E4,599,17,0
00000283--b395338ef9--45,E5,599,489,0
00000283--b395338ef9--46,E,600,0,0
00000283--b395338ef9--46,E1,600,0,0
00000283--b395338ef9--46,E2,600,0,0
00000283--b395338ef9--46,E3,600,0,0
00000283--b395338ef9--46,E4,600,0,0
00000283--b395338ef9--46,E5,600,546,0
00000283--b395338ef9--47,E,599,50,0
00000283--b395338ef9--47,E1,599,12,0
00000283--b395338ef9--47,E2,599,45,0
00000283--b395338ef9--47,E3,599,45,0
00000283--b395338ef9--47,E4,599,15,0
00000283--b395338ef9--47,E5,599,250,0
00000283--b395338ef9--48,E,599,30,0
00000283--b395338ef9--48,E1,599,0,0
00000283--b395338ef9--48,E2,599,30,0
00000283--b395338ef9--48,E3,599,30,0
00000283--b395338ef9--48,E4,599,0,0
00000283--b395338ef9--48,E5,599,515,226
00000283--b395338ef9--49,E,28,0,0
00000283--b395338ef9--49,E1,28,0,0
00000283--b395338ef9--49,E2,28,0,0
00000283--b395338ef9--49,E3,28,0,0
00000283--b395338ef9--49,E4,28,0,0
00000283--b395338ef9--49,E5,28,0,0
00000283--b395338ef9--5,E,600,0,0
00000283--b395338ef9--5,E1,600,0,0
00000283--b395338ef9--5,E2,600,0,0
00000283--b395338ef9--5,E3,600,0,0
00000283--b395338ef9--5,E4,600,0,0
00000283--b395338ef9--5,E5,600,151,0
00000283--b395338ef9--6,E,600,50,0
00000283--b395338ef9--6,E1,600,0,0
00000283--b395338ef9--6,E2,600,48,0
00000283--b395338ef9--6,E3,600,48,0
00000283--b395338ef9--6,E4,600,0,0
00000283--b395338ef9--6,E5,600,480,0
00000283--b395338ef9--7,E,600,0,0
00000283--b395338ef9--7,E1,600,0,0
00000283--b395338ef9--7,E2,600,0,0
00000283--b395338ef9--7,E3,600,0,0
00000283--b395338ef9--7,E4,600,0,0
00000283--b395338ef9--7,E5,600,14,0
00000283--b395338ef9--8,E,600,79,0
00000283--b395338ef9--8,E1,600,14,0
00000283--b395338ef9--8,E2,600,42,0
00000283--b395338ef9--8,E3,600,42,0
00000283--b395338ef9--8,E4,600,37,0
00000283--b395338ef9--8,E5,600,241,0
00000283--b395338ef9--9,E,600,0,0
00000283--b395338ef9--9,E1,600,0,0
00000283--b395338ef9--9,E2,600,0,0
00000283--b395338ef9--9,E3,600,0,0
00000283--b395338ef9--9,E4,600,0,0
00000283--b395338ef9--9,E5,600,56,0
00000285--27dca1de75--10,E,599,26,0
00000285--27dca1de75--10,E1,599,0,0
00000285--27dca1de75--10,E2,599,26,0
00000285--27dca1de75--10,E3,599,26,0
00000285--27dca1de75--10,E4,599,13,0
00000285--27dca1de75--10,E5,599,449,0
00000285--27dca1de75--11,E,599,4,0
00000285--27dca1de75--11,E1,599,3,0
00000285--27dca1de75--11,E2,599,4,0
00000285--27dca1de75--11,E3,599,4,0
00000285--27dca1de75--11,E4,599,4,0
00000285--27dca1de75--11,E5,599,76,0
00000285--27dca1de75--12,E,600,10,0
00000285--27dca1de75--12,E1,600,9,0
00000285--27dca1de75--12,E2,600,10,0
00000285--27dca1de75--12,E3,600,10,0
00000285--27dca1de75--12,E4,600,0,0
00000285--27dca1de75--12,E5,600,145,0
00000285--27dca1de75--13,E,600,43,0
00000285--27dca1de75--13,E1,600,0,0
00000285--27dca1de75--13,E2,600,35,0
00000285--27dca1de75--13,E3,600,37,0
00000285--27dca1de75--13,E4,600,27,0
00000285--27dca1de75--13,E5,600,438,0
00000285--27dca1de75--14,E,600,15,0
00000285--27dca1de75--14,E1,600,3,0
00000285--27dca1de75--14,E2,600,3,0
00000285--27dca1de75--14,E3,600,3,0
00000285--27dca1de75--14,E4,600,0,0
00000285--27dca1de75--14,E5,600,45,0
00000285--27dca1de75--15,E,600,64,0
00000285--27dca1de75--15,E1,600,54,0
00000285--27dca1de75--15,E2,600,64,0
00000285--27dca1de75--15,E3,600,64,0
00000285--27dca1de75--15,E4,600,0,0
00000285--27dca1de75--15,E5,600,149,0
00000285--27dca1de75--16,E,600,63,0
00000285--27dca1de75--16,E1,600,31,0
00000285--27dca1de75--16,E2,600,63,0
00000285--27dca1de75--16,E3,600,63,0
00000285--27dca1de75--16,E4,600,0,0
00000285--27dca1de75--16,E5,600,124,0
00000285--27dca1de75--17,E,600,47,0
00000285--27dca1de75--17,E1,600,16,0
00000285--27dca1de75--17,E2,600,44,0
00000285--27dca1de75--17,E3,600,44,0
00000285--27dca1de75--17,E4,600,0,0
00000285--27dca1de75--17,E5,600,128,0
00000285--27dca1de75--18,E,600,18,0
00000285--27dca1de75--18,E1,600,0,0
00000285--27dca1de75--18,E2,600,16,0
00000285--27dca1de75--18,E3,600,16,0
00000285--27dca1de75--18,E4,600,0,0
00000285--27dca1de75--18,E5,600,168,0
00000285--27dca1de75--19,E,600,20,0
00000285--27dca1de75--19,E1,600,0,0
00000285--27dca1de75--19,E2,600,17,0
00000285--27dca1de75--19,E3,600,17,0
00000285--27dca1de75--19,E4,600,17,0
00000285--27dca1de75--19,E5,600,402,0
00000285--27dca1de75--2,E,600,187,0
00000285--27dca1de75--2,E1,600,151,0
00000285--27dca1de75--2,E2,600,172,0
00000285--27dca1de75--2,E3,600,172,0
00000285--27dca1de75--2,E4,600,108,0
00000285--27dca1de75--2,E5,600,573,258
00000285--27dca1de75--20,E,600,34,0
00000285--27dca1de75--20,E1,600,0,0
00000285--27dca1de75--20,E2,600,0,0
00000285--27dca1de75--20,E3,600,0,0
00000285--27dca1de75--20,E4,600,0,0
00000285--27dca1de75--20,E5,600,154,0
00000285--27dca1de75--21,E,600,54,0
00000285--27dca1de75--21,E1,600,30,0
00000285--27dca1de75--21,E2,600,30,0
00000285--27dca1de75--21,E3,600,30,0
00000285--27dca1de75--21,E4,600,26,0
00000285--27dca1de75--21,E5,600,119,0
00000285--27dca1de75--22,E,600,223,0
00000285--27dca1de75--22,E1,600,223,0
00000285--27dca1de75--22,E2,600,223,0
00000285--27dca1de75--22,E3,600,223,0
00000285--27dca1de75--22,E4,600,19,0
00000285--27dca1de75--22,E5,600,256,0
00000285--27dca1de75--23,E,600,64,0
00000285--27dca1de75--23,E1,600,64,0
00000285--27dca1de75--23,E2,600,64,0
00000285--27dca1de75--23,E3,600,64,0
00000285--27dca1de75--23,E4,600,55,0
00000285--27dca1de75--23,E5,600,193,0
00000285--27dca1de75--24,E,600,26,0
00000285--27dca1de75--24,E1,600,24,0
00000285--27dca1de75--24,E2,600,26,0
00000285--27dca1de75--24,E3,600,26,0
00000285--27dca1de75--24,E4,600,0,0
00000285--27dca1de75--24,E5,600,96,0
00000285--27dca1de75--25,E,600,0,0
00000285--27dca1de75--25,E1,600,0,0
00000285--27dca1de75--25,E2,600,0,0
00000285--27dca1de75--25,E3,600,0,0
00000285--27dca1de75--25,E4,600,0,0
00000285--27dca1de75--25,E5,600,97,0
00000285--27dca1de75--26,E,600,69,0
00000285--27dca1de75--26,E1,600,30,0
00000285--27dca1de75--26,E2,600,30,0
00000285--27dca1de75--26,E3,600,30,0
00000285--27dca1de75--26,E4,600,0,0
00000285--27dca1de75--26,E5,600,170,0
00000285--27dca1de75--27,E,599,28,0
00000285--27dca1de75--27,E1,599,0,0
00000285--27dca1de75--27,E2,599,28,0
00000285--27dca1de75--27,E3,599,28,0
00000285--27dca1de75--27,E4,599,28,0
00000285--27dca1de75--27,E5,599,167,0
00000285--27dca1de75--28,E,599,194,0
00000285--27dca1de75--28,E1,599,0,0
00000285--27dca1de75--28,E2,599,194,0
00000285--27dca1de75--28,E3,599,194,0
00000285--27dca1de75--28,E4,599,66,0
00000285--27dca1de75--28,E5,599,412,0
00000285--27dca1de75--29,E,600,230,0
00000285--27dca1de75--29,E1,600,14,0
00000285--27dca1de75--29,E2,600,166,0
00000285--27dca1de75--29,E3,600,166,0
00000285--27dca1de75--29,E4,600,36,0
00000285--27dca1de75--29,E5,600,554,0
00000285--27dca1de75--3,E,599,30,0
00000285--27dca1de75--3,E1,599,0,0
00000285--27dca1de75--3,E2,599,30,0
00000285--27dca1de75--3,E3,599,30,0
00000285--27dca1de75--3,E4,599,30,0
00000285--27dca1de75--3,E5,599,174,0
00000285--27dca1de75--30,E,600,13,0
00000285--27dca1de75--30,E1,600,0,0
00000285--27dca1de75--30,E2,600,13,0
00000285--27dca1de75--30,E3,600,13,0
00000285--27dca1de75--30,E4,600,13,0
00000285--27dca1de75--30,E5,600,411,0
00000285--27dca1de75--31,E,599,0,0
00000285--27dca1de75--31,E1,599,0,0
00000285--27dca1de75--31,E2,599,0,0
00000285--27dca1de75--31,E3,599,0,0
00000285--27dca1de75--31,E4,599,0,0
00000285--27dca1de75--31,E5,599,444,6
00000285--27dca1de75--32,E,599,85,0
00000285--27dca1de75--32,E1,599,0,0
00000285--27dca1de75--32,E2,599,62,0
00000285--27dca1de75--32,E3,599,62,0
00000285--27dca1de75--32,E4,599,3,0
00000285--27dca1de75--32,E5,599,237,0
00000285--27dca1de75--33,E,599,546,0
00000285--27dca1de75--33,E1,599,0,0
00000285--27dca1de75--33,E2,599,546,0
00000285--27dca1de75--33,E3,599,546,0
00000285--27dca1de75--33,E4,599,0,0
00000285--27dca1de75--33,E5,599,418,0
00000285--27dca1de75--34,E,189,0,0
00000285--27dca1de75--34,E1,189,0,0
00000285--27dca1de75--34,E2,189,0,0
00000285--27dca1de75--34,E3,189,0,0
00000285--27dca1de75--34,E4,189,0,0
00000285--27dca1de75--34,E5,189,0,0
00000285--27dca1de75--4,E,599,47,0
00000285--27dca1de75--4,E1,599,0,0
00000285--27dca1de75--4,E2,599,44,0
00000285--27dca1de75--4,E3,599,44,0
00000285--27dca1de75--4,E4,599,0,0
00000285--27dca1de75--4,E5,599,39,0
00000285--27dca1de75--5,E,599,41,0
00000285--27dca1de75--5,E1,599,0,0
00000285--27dca1de75--5,E2,599,41,0
00000285--27dca1de75--5,E3,599,41,0
00000285--27dca1de75--5,E4,599,38,0
00000285--27dca1de75--5,E5,599,271,0
00000285--27dca1de75--6,E,599,0,0
00000285--27dca1de75--6,E1,599,0,0
00000285--27dca1de75--6,E2,599,0,0
00000285--27dca1de75--6,E3,599,0,0
00000285--27dca1de75--6,E4,599,0,0
00000285--27dca1de75--6,E5,599,75,0
00000285--27dca1de75--7,E,599,11,0
00000285--27dca1de75--7,E1,599,0,0
00000285--27dca1de75--7,E2,599,11,0
00000285--27dca1de75--7,E3,599,11,0
00000285--27dca1de75--7,E4,599,7,0
00000285--27dca1de75--7,E5,599,130,0
00000285--27dca1de75--8,E,600,0,0
00000285--27dca1de75--8,E1,600,0,0
00000285--27dca1de75--8,E2,600,0,0
00000285--27dca1de75--8,E3,600,0,0
00000285--27dca1de75--8,E4,600,0,0
00000285--27dca1de75--8,E5,600,27,0
00000285--27dca1de75--9,E,600,28,0
00000285--27dca1de75--9,E1,600,0,0
00000285--27dca1de75--9,E2,600,28,0
00000285--27dca1de75--9,E3,600,28,0
00000285--27dca1de75--9,E4,600,0,0
00000285--27dca1de75--9,E5,600,168,0
00000286--de6bd2c087--11,E,600,28,0
00000286--de6bd2c087--11,E1,600,0,0
00000286--de6bd2c087--11,E2,600,15,0
00000286--de6bd2c087--11,E3,600,15,0
00000286--de6bd2c087--11,E4,600,0,0
00000286--de6bd2c087--11,E5,600,468,0
00000286--de6bd2c087--12,E,600,41,0
00000286--de6bd2c087--12,E1,600,27,0
00000286--de6bd2c087--12,E2,600,31,0
00000286--de6bd2c087--12,E3,600,31,0
00000286--de6bd2c087--12,E4,600,0,0
00000286--de6bd2c087--12,E5,600,160,0
00000286--de6bd2c087--13,E,600,30,0
00000286--de6bd2c087--13,E1,600,0,0
00000286--de6bd2c087--13,E2,600,0,0
00000286--de6bd2c087--13,E3,600,30,0
00000286--de6bd2c087--13,E4,600,0,0
00000286--de6bd2c087--13,E5,600,126,0
00000286--de6bd2c087--14,E,600,45,0
00000286--de6bd2c087--14,E1,600,0,0
00000286--de6bd2c087--14,E2,600,45,0
00000286--de6bd2c087--14,E3,600,45,0
00000286--de6bd2c087--14,E4,600,0,0
00000286--de6bd2c087--14,E5,600,208,0
00000286--de6bd2c087--15,E,600,38,0
00000286--de6bd2c087--15,E1,600,11,0
00000286--de6bd2c087--15,E2,600,38,0
00000286--de6bd2c087--15,E3,600,38,0
00000286--de6bd2c087--15,E4,600,2,0
00000286--de6bd2c087--15,E5,600,124,0
00000286--de6bd2c087--16,E,600,53,0
00000286--de6bd2c087--16,E1,600,30,0
00000286--de6bd2c087--16,E2,600,53,0
00000286--de6bd2c087--16,E3,600,53,0
00000286--de6bd2c087--16,E4,600,0,0
00000286--de6bd2c087--16,E5,600,271,0
00000286--de6bd2c087--17,E,600,0,0
00000286--de6bd2c087--17,E1,600,0,0
00000286--de6bd2c087--17,E2,600,0,0
00000286--de6bd2c087--17,E3,600,0,0
00000286--de6bd2c087--17,E4,600,0,0
00000286--de6bd2c087--17,E5,600,62,0
00000286--de6bd2c087--18,E,600,94,0
00000286--de6bd2c087--18,E1,600,11,0
00000286--de6bd2c087--18,E2,600,87,0
00000286--de6bd2c087--18,E3,600,87,0
00000286--de6bd2c087--18,E4,600,56,0
00000286--de6bd2c087--18,E5,600,125,0
00000286--de6bd2c087--19,E,600,32,0
00000286--de6bd2c087--19,E1,600,18,0
00000286--de6bd2c087--19,E2,600,23,0
00000286--de6bd2c087--19,E3,600,23,0
00000286--de6bd2c087--19,E4,600,0,0
00000286--de6bd2c087--19,E5,600,163,0
00000286--de6bd2c087--20,E,599,4,0
00000286--de6bd2c087--20,E1,599,3,0
00000286--de6bd2c087--20,E2,599,4,0
00000286--de6bd2c087--20,E3,599,4,0
00000286--de6bd2c087--20,E4,599,4,0
00000286--de6bd2c087--20,E5,599,33,0
00000286--de6bd2c087--21,E,599,31,0
00000286--de6bd2c087--21,E1,599,13,0
00000286--de6bd2c087--21,E2,599,31,0
00000286--de6bd2c087--21,E3,599,31,0
00000286--de6bd2c087--21,E4,599,0,0
00000286--de6bd2c087--21,E5,599,57,0
00000286--de6bd2c087--22,E,600,0,0
00000286--de6bd2c087--22,E1,600,0,0
00000286--de6bd2c087--22,E2,600,0,0
00000286--de6bd2c087--22,E3,600,0,0
00000286--de6bd2c087--22,E4,600,0,0
00000286--de6bd2c087--22,E5,600,17,0
00000286--de6bd2c087--23,E,600,0,0
00000286--de6bd2c087--23,E1,600,0,0
00000286--de6bd2c087--23,E2,600,0,0
00000286--de6bd2c087--23,E3,600,0,0
00000286--de6bd2c087--23,E4,600,0,0
00000286--de6bd2c087--23,E5,600,0,0
00000286--de6bd2c087--24,E,599,66,0
00000286--de6bd2c087--24,E1,599,60,0
00000286--de6bd2c087--24,E2,599,65,0
00000286--de6bd2c087--24,E3,599,65,0
00000286--de6bd2c087--24,E4,599,0,0
00000286--de6bd2c087--24,E5,599,182,0
00000286--de6bd2c087--25,E,599,60,0
00000286--de6bd2c087--25,E1,599,31,0
00000286--de6bd2c087--25,E2,599,60,0
00000286--de6bd2c087--25,E3,599,60,0
00000286--de6bd2c087--25,E4,599,0,0
00000286--de6bd2c087--25,E5,599,136,0
00000286--de6bd2c087--26,E,599,39,0
00000286--de6bd2c087--26,E1,599,9,0
00000286--de6bd2c087--26,E2,599,39,0
00000286--de6bd2c087--26,E3,599,39,0
00000286--de6bd2c087--26,E4,599,5,0
00000286--de6bd2c087--26,E5,599,99,0
00000286--de6bd2c087--27,E,599,45,0
00000286--de6bd2c087--27,E1,599,17,0
00000286--de6bd2c087--27,E2,599,43,0
00000286--de6bd2c087--27,E3,599,43,0
00000286--de6bd2c087--27,E4,599,1,0
00000286--de6bd2c087--27,E5,599,428,0
00000286--de6bd2c087--28,E,600,41,0
00000286--de6bd2c087--28,E1,600,0,0
00000286--de6bd2c087--28,E2,600,27,0
00000286--de6bd2c087--28,E3,600,27,0
00000286--de6bd2c087--28,E4,600,0,0
00000286--de6bd2c087--28,E5,600,120,0
00000286--de6bd2c087--29,E,599,28,0
00000286--de6bd2c087--29,E1,599,28,0
00000286--de6bd2c087--29,E2,599,28,0
00000286--de6bd2c087--29,E3,599,28,0
00000286--de6bd2c087--29,E4,599,0,0
00000286--de6bd2c087--29,E5,599,120,0
00000286--de6bd2c087--30,E,600,0,0
00000286--de6bd2c087--30,E1,600,0,0
00000286--de6bd2c087--30,E2,600,0,0
00000286--de6bd2c087--30,E3,600,0,0
00000286--de6bd2c087--30,E4,600,0,0
00000286--de6bd2c087--30,E5,600,21,0
00000286--de6bd2c087--31,E,600,504,0
00000286--de6bd2c087--31,E1,600,370,0
00000286--de6bd2c087--31,E2,600,504,0
00000286--de6bd2c087--31,E3,600,504,0
00000286--de6bd2c087--31,E4,600,368,0
00000286--de6bd2c087--31,E5,600,237,0
00000286--de6bd2c087--32,E,600,0,0
00000286--de6bd2c087--32,E1,600,0,0
00000286--de6bd2c087--32,E2,600,0,0
00000286--de6bd2c087--32,E3,600,0,0
00000286--de6bd2c087--32,E4,600,0,0
00000286--de6bd2c087--32,E5,600,55,0
00000286--de6bd2c087--33,E,600,4,0
00000286--de6bd2c087--33,E1,600,0,0
00000286--de6bd2c087--33,E2,600,4,0
00000286--de6bd2c087--33,E3,600,4,0
00000286--de6bd2c087--33,E4,600,0,0
00000286--de6bd2c087--33,E5,600,4,0
00000286--de6bd2c087--34,E,600,0,0
00000286--de6bd2c087--34,E1,600,0,0
00000286--de6bd2c087--34,E2,600,0,0
00000286--de6bd2c087--34,E3,600,0,0
00000286--de6bd2c087--34,E4,600,0,0
00000286--de6bd2c087--34,E5,600,122,0
0000028b--ca855432c0--10,E,600,24,0
0000028b--ca855432c0--10,E1,600,0,0
0000028b--ca855432c0--10,E2,600,24,0
0000028b--ca855432c0--10,E3,600,24,0
0000028b--ca855432c0--10,E4,600,0,0
0000028b--ca855432c0--10,E5,600,197,0
0000028b--ca855432c0--11,E,599,37,0
0000028b--ca855432c0--11,E1,599,0,0
0000028b--ca855432c0--11,E2,599,37,0
0000028b--ca855432c0--11,E3,599,37,0
0000028b--ca855432c0--11,E4,599,11,0
0000028b--ca855432c0--11,E5,599,194,0
0000028b--ca855432c0--24,E,600,56,0
0000028b--ca855432c0--24,E1,600,18,0
0000028b--ca855432c0--24,E2,600,56,0
0000028b--ca855432c0--24,E3,600,56,0
0000028b--ca855432c0--24,E4,600,0,0
0000028b--ca855432c0--24,E5,600,208,0
0000028b--ca855432c0--25,E,600,0,0
0000028b--ca855432c0--25,E1,600,0,0
0000028b--ca855432c0--25,E2,600,0,0
0000028b--ca855432c0--25,E3,600,0,0
0000028b--ca855432c0--25,E4,600,0,0
0000028b--ca855432c0--25,E5,600,161,0
0000028b--ca855432c0--33,E,599,55,0
0000028b--ca855432c0--33,E1,599,52,0
0000028b--ca855432c0--33,E2,599,55,0
0000028b--ca855432c0--33,E3,599,55,0
0000028b--ca855432c0--33,E4,599,35,0
0000028b--ca855432c0--33,E5,599,128,0
0000028b--ca855432c0--57,E,599,121,0
0000028b--ca855432c0--57,E1,599,30,0
0000028b--ca855432c0--57,E2,599,121,0
0000028b--ca855432c0--57,E3,599,121,0
0000028b--ca855432c0--57,E4,599,2,0
0000028b--ca855432c0--57,E5,599,523,0
0000028b--ca855432c0--58,E,600,174,0
0000028b--ca855432c0--58,E1,600,20,0
0000028b--ca855432c0--58,E2,600,92,0
0000028b--ca855432c0--58,E3,600,92,0
0000028b--ca855432c0--58,E4,600,34,0
0000028b--ca855432c0--58,E5,600,494,0
0000028b--ca855432c0--78,E,600,38,0
0000028b--ca855432c0--78,E1,600,16,0
0000028b--ca855432c0--78,E2,600,38,0
0000028b--ca855432c0--78,E3,600,38,0
0000028b--ca855432c0--78,E4,600,38,0
0000028b--ca855432c0--78,E5,600,364,0
0000028f--bc6e81a93a--32,E,600,54,0
0000028f--bc6e81a93a--32,E1,600,36,0
0000028f--bc6e81a93a--32,E2,600,47,0
0000028f--bc6e81a93a--32,E3,600,47,0
0000028f--bc6e81a93a--32,E4,600,7,0
0000028f--bc6e81a93a--32,E5,600,207,0
0000028f--bc6e81a93a--35,E,600,72,0
0000028f--bc6e81a93a--35,E1,600,18,0
0000028f--bc6e81a93a--35,E2,600,72,0
0000028f--bc6e81a93a--35,E3,600,72,0
0000028f--bc6e81a93a--35,E4,600,4,0
0000028f--bc6e81a93a--35,E5,600,138,0
0000028f--bc6e81a93a--36,E,599,86,0
0000028f--bc6e81a93a--36,E1,599,30,0
0000028f--bc6e81a93a--36,E2,599,86,0
0000028f--bc6e81a93a--36,E3,599,86,0
0000028f--bc6e81a93a--36,E4,599,0,0
0000028f--bc6e81a93a--36,E5,599,370,0
0000028f--bc6e81a93a--37,E,600,289,0
0000028f--bc6e81a93a--37,E1,600,92,0
0000028f--bc6e81a93a--37,E2,600,289,0
0000028f--bc6e81a93a--37,E3,600,289,0
0000028f--bc6e81a93a--37,E4,600,25,0
0000028f--bc6e81a93a--37,E5,600,446,0
0000028f--bc6e81a93a--38,E,600,80,0
0000028f--bc6e81a93a--38,E1,600,52,0
0000028f--bc6e81a93a--38,E2,600,76,0
0000028f--bc6e81a93a--38,E3,600,76,0
0000028f--bc6e81a93a--38,E4,600,0,0
0000028f--bc6e81a93a--38,E5,600,416,0
00000292--6d6fbf4d88--17,E,600,44,0
00000292--6d6fbf4d88--17,E1,600,41,0
00000292--6d6fbf4d88--17,E2,600,44,0
00000292--6d6fbf4d88--17,E3,600,44,0
00000292--6d6fbf4d88--17,E4,600,0,0
00000292--6d6fbf4d88--17,E5,600,118,0
00000294--307ed6c5e3--0,E,615,124,0
00000294--307ed6c5e3--0,E1,615,56,0
00000294--307ed6c5e3--0,E2,615,97,0
00000294--307ed6c5e3--0,E3,615,97,0
00000294--307ed6c5e3--0,E4,615,8,0
00000294--307ed6c5e3--0,E5,615,301,0
00000294--307ed6c5e3--1,E,600,85,0
00000294--307ed6c5e3--1,E1,600,0,0
00000294--307ed6c5e3--1,E2,600,9,0
00000294--307ed6c5e3--1,E3,600,9,0
00000294--307ed6c5e3--1,E4,600,9,0
00000294--307ed6c5e3--1,E5,600,489,470
00000294--307ed6c5e3--10,E,599,74,0
00000294--307ed6c5e3--10,E1,599,0,0
00000294--307ed6c5e3--10,E2,599,49,0
00000294--307ed6c5e3--10,E3,599,50,0
00000294--307ed6c5e3--10,E4,599,10,0
00000294--307ed6c5e3--10,E5,599,321,0
00000294--307ed6c5e3--11,E,599,21,0
00000294--307ed6c5e3--11,E1,599,47,0
00000294--307ed6c5e3--11,E2,599,21,0
00000294--307ed6c5e3--11,E3,599,21,0
00000294--307ed6c5e3--11,E4,599,0,0
00000294--307ed6c5e3--11,E5,599,132,0
00000294--307ed6c5e3--12,E,599,21,0
00000294--307ed6c5e3--12,E1,599,0,0
00000294--307ed6c5e3--12,E2,599,16,0
00000294--307ed6c5e3--12,E3,599,16,0
00000294--307ed6c5e3--12,E4,599,16,0
00000294--307ed6c5e3--12,E5,599,74,0
00000294--307ed6c5e3--13,E,599,62,0
00000294--307ed6c5e3--13,E1,599,23,0
00000294--307ed6c5e3--13,E2,599,62,0
00000294--307ed6c5e3--13,E3,599,62,0
00000294--307ed6c5e3--13,E4,599,15,0
00000294--307ed6c5e3--13,E5,599,177,0
00000294--307ed6c5e3--14,E,600,0,0
00000294--307ed6c5e3--14,E1,600,0,0
00000294--307ed6c5e3--14,E2,600,0,0
00000294--307ed6c5e3--14,E3,600,0,0
00000294--307ed6c5e3--14,E4,600,0,0
00000294--307ed6c5e3--14,E5,600,40,0
00000294--307ed6c5e3--15,E,600,54,0
00000294--307ed6c5e3--15,E1,600,14,0
00000294--307ed6c5e3--15,E2,600,38,0
00000294--307ed6c5e3--15,E3,600,38,0
00000294--307ed6c5e3--15,E4,600,24,0
00000294--307ed6c5e3--15,E5,600,206,0
00000294--307ed6c5e3--16,E,599,117,0
00000294--307ed6c5e3--16,E1,599,56,0
00000294--307ed6c5e3--16,E2,599,79,0
00000294--307ed6c5e3--16,E3,599,79,0
00000294--307ed6c5e3--16,E4,599,25,0
00000294--307ed6c5e3--16,E5,599,228,0
00000294--307ed6c5e3--17,E,600,47,0
00000294--307ed6c5e3--17,E1,600,21,0
00000294--307ed6c5e3--17,E2,600,42,0
00000294--307ed6c5e3--17,E3,600,42,0
00000294--307ed6c5e3--17,E4,600,0,0
00000294--307ed6c5e3--17,E5,600,458,0
00000294--307ed6c5e3--18,E,600,23,0
00000294--307ed6c5e3--18,E1,600,0,0
00000294--307ed6c5e3--18,E2,600,23,0
00000294--307ed6c5e3--18,E3,600,23,0
00000294--307ed6c5e3--18,E4,600,9,0
00000294--307ed6c5e3--18,E5,600,395,0
00000294--307ed6c5e3--19,E,600,180,0
00000294--307ed6c5e3--19,E1,600,102,0
00000294--307ed6c5e3--19,E2,600,191,0
00000294--307ed6c5e3--19,E3,600,206,0
00000294--307ed6c5e3--19,E4,600,33,0
00000294--307ed6c5e3--19,E5,600,525,0
00000294--307ed6c5e3--2,E,600,74,0
00000294--307ed6c5e3--2,E1,600,0,0
00000294--307ed6c5e3--2,E2,600,74,0
00000294--307ed6c5e3--2,E3,600,74,0
00000294--307ed6c5e3--2,E4,600,0,0
00000294--307ed6c5e3--2,E5,600,429,0
00000294--307ed6c5e3--20,E,600,246,0
00000294--307ed6c5e3--20,E1,600,68,0
00000294--307ed6c5e3--20,E2,600,225,0
00000294--307ed6c5e3--20,E3,600,225,0
00000294--307ed6c5e3--20,E4,600,5,0
00000294--307ed6c5e3--20,E5,600,396,0
00000294--307ed6c5e3--21,E,600,105,0
00000294--307ed6c5e3--21,E1,600,0,0
00000294--307ed6c5e3--21,E2,600,100,0
00000294--307ed6c5e3--21,E3,600,100,0
00000294--307ed6c5e3--21,E4,600,0,0
00000294--307ed6c5e3--21,E5,600,400,10
00000294--307ed6c5e3--22,E,600,0,0
00000294--307ed6c5e3--22,E1,600,0,0
00000294--307ed6c5e3--22,E2,600,0,0
00000294--307ed6c5e3--22,E3,600,0,0
00000294--307ed6c5e3--22,E4,600,0,0
00000294--307ed6c5e3--22,E5,600,233,0
00000294--307ed6c5e3--23,E,600,0,0
00000294--307ed6c5e3--23,E1,600,0,0
00000294--307ed6c5e3--23,E2,600,0,0
00000294--307ed6c5e3--23,E3,600,0,0
00000294--307ed6c5e3--23,E4,600,0,0
00000294--307ed6c5e3--23,E5,600,0,0
00000294--307ed6c5e3--24,E,600,176,0
00000294--307ed6c5e3--24,E1,600,28,0
00000294--307ed6c5e3--24,E2,600,86,0
00000294--307ed6c5e3--24,E3,600,86,0
00000294--307ed6c5e3--24,E4,600,64,0
00000294--307ed6c5e3--24,E5,600,293,0
00000294--307ed6c5e3--25,E,600,99,0
00000294--307ed6c5e3--25,E1,600,0,0
00000294--307ed6c5e3--25,E2,600,0,0
00000294--307ed6c5e3--25,E3,600,0,0
00000294--307ed6c5e3--25,E4,600,0,0
00000294--307ed6c5e3--25,E5,600,383,0
00000294--307ed6c5e3--26,E,600,0,0
00000294--307ed6c5e3--26,E1,600,0,0
00000294--307ed6c5e3--26,E2,600,0,0
00000294--307ed6c5e3--26,E3,600,0,0
00000294--307ed6c5e3--26,E4,600,0,0
00000294--307ed6c5e3--26,E5,600,343,0
00000294--307ed6c5e3--27,E,600,0,0
00000294--307ed6c5e3--27,E1,600,0,0
00000294--307ed6c5e3--27,E2,600,0,0
00000294--307ed6c5e3--27,E3,600,0,0
00000294--307ed6c5e3--27,E4,600,0,0
00000294--307ed6c5e3--27,E5,600,0,0
00000294--307ed6c5e3--28,E,600,80,0
00000294--307ed6c5e3--28,E1,600,59,0
00000294--307ed6c5e3--28,E2,600,80,0
00000294--307ed6c5e3--28,E3,600,80,0
00000294--307ed6c5e3--28,E4,600,58,0
00000294--307ed6c5e3--28,E5,600,271,0
00000294--307ed6c5e3--3,E,600,0,0
00000294--307ed6c5e3--3,E1,600,0,0
00000294--307ed6c5e3--3,E2,600,0,0
00000294--307ed6c5e3--3,E3,600,0,0
00000294--307ed6c5e3--3,E4,600,0,0
00000294--307ed6c5e3--3,E5,600,111,66
00000294--307ed6c5e3--4,E,600,128,0
00000294--307ed6c5e3--4,E1,600,16,0
00000294--307ed6c5e3--4,E2,600,126,0
00000294--307ed6c5e3--4,E3,600,126,0
00000294--307ed6c5e3--4,E4,600,0,0
00000294--307ed6c5e3--4,E5,600,417,0
00000294--307ed6c5e3--5,E,600,24,0
00000294--307ed6c5e3--5,E1,600,0,0
00000294--307ed6c5e3--5,E2,600,14,0
00000294--307ed6c5e3--5,E3,600,14,0
00000294--307ed6c5e3--5,E4,600,0,0
00000294--307ed6c5e3--5,E5,600,263,0
00000294--307ed6c5e3--6,E,600,36,0
00000294--307ed6c5e3--6,E1,600,0,0
00000294--307ed6c5e3--6,E2,600,26,0
00000294--307ed6c5e3--6,E3,600,26,0
00000294--307ed6c5e3--6,E4,600,0,0
00000294--307ed6c5e3--6,E5,600,152,0
00000294--307ed6c5e3--7,E,600,266,0
00000294--307ed6c5e3--7,E1,600,265,0
00000294--307ed6c5e3--7,E2,600,266,0
00000294--307ed6c5e3--7,E3,600,266,0
00000294--307ed6c5e3--7,E4,600,0,0
00000294--307ed6c5e3--7,E5,600,328,0
00000294--307ed6c5e3--8,E,599,12,0
00000294--307ed6c5e3--8,E1,599,0,0
00000294--307ed6c5e3--8,E2,599,11,0
00000294--307ed6c5e3--8,E3,599,11,0
00000294--307ed6c5e3--8,E4,599,4,0
00000294--307ed6c5e3--8,E5,599,180,0
00000294--307ed6c5e3--9,E,599,14,0
00000294--307ed6c5e3--9,E1,599,14,0
00000294--307ed6c5e3--9,E2,599,14,0
00000294--307ed6c5e3--9,E3,599,14,0
00000294--307ed6c5e3--9,E4,599,8,0
00000294--307ed6c5e3--9,E5,599,79,0
00000299--4e4dc57170--0,E,620,32,0
00000299--4e4dc57170--0,E1,620,0,0
00000299--4e4dc57170--0,E2,620,32,0
00000299--4e4dc57170--0,E3,620,32,0
00000299--4e4dc57170--0,E4,620,7,0
00000299--4e4dc57170--0,E5,620,291,210
00000299--4e4dc57170--1,E,600,34,0
00000299--4e4dc57170--1,E1,600,0,0
00000299--4e4dc57170--1,E2,600,34,0
00000299--4e4dc57170--1,E3,600,34,0
00000299--4e4dc57170--1,E4,600,27,0
00000299--4e4dc57170--1,E5,600,392,179
00000299--4e4dc57170--10,E,600,48,0
00000299--4e4dc57170--10,E1,600,11,0
00000299--4e4dc57170--10,E2,600,33,0
00000299--4e4dc57170--10,E3,600,33,0
00000299--4e4dc57170--10,E4,600,14,0
00000299--4e4dc57170--10,E5,600,407,0
00000299--4e4dc57170--11,E,600,74,0
00000299--4e4dc57170--11,E1,600,34,0
00000299--4e4dc57170--11,E2,600,74,0
00000299--4e4dc57170--11,E3,600,74,0
00000299--4e4dc57170--11,E4,600,25,0
00000299--4e4dc57170--11,E5,600,229,0
00000299--4e4dc57170--12,E,600,363,0
00000299--4e4dc57170--12,E1,600,2,0
00000299--4e4dc57170--12,E2,600,335,0
00000299--4e4dc57170--12,E3,600,335,0
00000299--4e4dc57170--12,E4,600,36,0
00000299--4e4dc57170--12,E5,600,308,0
00000299--4e4dc57170--13,E,599,304,0
00000299--4e4dc57170--13,E1,599,274,0
00000299--4e4dc57170--13,E2,599,274,0
00000299--4e4dc57170--13,E3,599,274,0
00000299--4e4dc57170--13,E4,599,0,0
00000299--4e4dc57170--13,E5,599,443,0
00000299--4e4dc57170--14,E,599,0,0
00000299--4e4dc57170--14,E1,599,0,0
00000299--4e4dc57170--14,E2,599,0,0
00000299--4e4dc57170--14,E3,599,0,0
00000299--4e4dc57170--14,E4,599,0,0
00000299--4e4dc57170--14,E5,599,326,0
00000299--4e4dc57170--15,E,599,0,0
00000299--4e4dc57170--15,E1,599,0,0
00000299--4e4dc57170--15,E2,599,0,0
00000299--4e4dc57170--15,E3,599,0,0
00000299--4e4dc57170--15,E4,599,0,0
00000299--4e4dc57170--15,E5,599,88,0
00000299--4e4dc57170--16,E,599,35,0
00000299--4e4dc57170--16,E1,599,15,0
00000299--4e4dc57170--16,E2,599,24,0
00000299--4e4dc57170--16,E3,599,24,0
00000299--4e4dc57170--16,E4,599,0,0
00000299--4e4dc57170--16,E5,599,136,0
00000299--4e4dc57170--17,E,600,21,0
00000299--4e4dc57170--17,E1,600,0,0
00000299--4e4dc57170--17,E2,600,21,0
00000299--4e4dc57170--17,E3,600,21,0
00000299--4e4dc57170--17,E4,600,21,0
00000299--4e4dc57170--17,E5,600,147,0
00000299--4e4dc57170--18,E,599,63,0
00000299--4e4dc57170--18,E1,599,8,0
00000299--4e4dc57170--18,E2,599,56,0
00000299--4e4dc57170--18,E3,599,56,0
00000299--4e4dc57170--18,E4,599,25,0
00000299--4e4dc57170--18,E5,599,256,0
00000299--4e4dc57170--19,E,600,30,0
00000299--4e4dc57170--19,E1,600,10,0
00000299--4e4dc57170--19,E2,600,30,0
00000299--4e4dc57170--19,E3,600,30,0
00000299--4e4dc57170--19,E4,600,0,0
00000299--4e4dc57170--19,E5,600,142,0
00000299--4e4dc57170--2,E,600,72,0
00000299--4e4dc57170--2,E1,600,0,0
00000299--4e4dc57170--2,E2,600,23,0
00000299--4e4dc57170--2,E3,600,23,0
00000299--4e4dc57170--2,E4,600,0,0
00000299--4e4dc57170--2,E5,600,153,0
00000299--4e4dc57170--20,E,600,22,0
00000299--4e4dc57170--20,E1,600,10,0
00000299--4e4dc57170--20,E2,600,22,0
00000299--4e4dc57170--20,E3,600,22,0
00000299--4e4dc57170--20,E4,600,0,0
00000299--4e4dc57170--20,E5,600,166,0
00000299--4e4dc57170--21,E,600,90,0
00000299--4e4dc57170--21,E1,600,0,0
00000299--4e4dc57170--21,E2,600,48,0
00000299--4e4dc57170--21,E3,600,48,0
00000299--4e4dc57170--21,E4,600,22,0
00000299--4e4dc57170--21,E5,600,490,0
00000299--4e4dc57170--22,E,600,0,0
00000299--4e4dc57170--22,E1,600,0,0
00000299--4e4dc57170--22,E2,600,0,0
00000299--4e4dc57170--22,E3,600,0,0
00000299--4e4dc57170--22,E4,600,0,0
00000299--4e4dc57170--22,E5,600,191,0
00000299--4e4dc57170--23,E,600,0,0
00000299--4e4dc57170--23,E1,600,0,0
00000299--4e4dc57170--23,E2,600,0,0
00000299--4e4dc57170--23,E3,600,0,0
00000299--4e4dc57170--23,E4,600,0,0
00000299--4e4dc57170--23,E5,600,155,0
00000299--4e4dc57170--24,E,600,62,0
00000299--4e4dc57170--24,E1,600,4,0
00000299--4e4dc57170--24,E2,600,45,0
00000299--4e4dc57170--24,E3,600,45,0
00000299--4e4dc57170--24,E4,600,0,0
00000299--4e4dc57170--24,E5,600,445,0
00000299--4e4dc57170--25,E,600,54,0
00000299--4e4dc57170--25,E1,600,7,0
00000299--4e4dc57170--25,E2,600,54,0
00000299--4e4dc57170--25,E3,600,54,0
00000299--4e4dc57170--25,E4,600,36,0
00000299--4e4dc57170--25,E5,600,219,0
00000299--4e4dc57170--26,E,600,45,0
00000299--4e4dc57170--26,E1,600,15,0
00000299--4e4dc57170--26,E2,600,45,0
00000299--4e4dc57170--26,E3,600,45,0
00000299--4e4dc57170--26,E4,600,0,0
00000299--4e4dc57170--26,E5,600,279,0
00000299--4e4dc57170--27,E,600,231,0
00000299--4e4dc57170--27,E1,600,57,0
00000299--4e4dc57170--27,E2,600,175,0
00000299--4e4dc57170--27,E3,600,175,0
00000299--4e4dc57170--27,E4,600,25,0
00000299--4e4dc57170--27,E5,600,483,0
00000299--4e4dc57170--3,E,600,29,0
00000299--4e4dc57170--3,E1,600,6,0
00000299--4e4dc57170--3,E2,600,29,0
00000299--4e4dc57170--3,E3,600,29,0
00000299--4e4dc57170--3,E4,600,0,0
00000299--4e4dc57170--3,E5,600,213,0
00000299--4e4dc57170--4,E,600,76,0
00000299--4e4dc57170--4,E1,600,43,0
00000299--4e4dc57170--4,E2,600,54,0
00000299--4e4dc57170--4,E3,600,54,0
00000299--4e4dc57170--4,E4,600,0,0
00000299--4e4dc57170--4,E5,600,145,0
00000299--4e4dc57170--5,E,600,0,0
00000299--4e4dc57170--5,E1,600,0,0
00000299--4e4dc57170--5,E2,600,0,0
00000299--4e4dc57170--5,E3,600,0,0
00000299--4e4dc57170--5,E4,600,0,0
00000299--4e4dc57170--5,E5,600,0,0
00000299--4e4dc57170--6,E,600,176,0
00000299--4e4dc57170--6,E1,600,69,0
00000299--4e4dc57170--6,E2,600,159,0
00000299--4e4dc57170--6,E3,600,159,0
00000299--4e4dc57170--6,E4,600,79,0
00000299--4e4dc57170--6,E5,600,361,130
00000299--4e4dc57170--7,E,600,260,0
00000299--4e4dc57170--7,E1,600,56,0
00000299--4e4dc57170--7,E2,600,225,0
00000299--4e4dc57170--7,E3,600,225,0
00000299--4e4dc57170--7,E4,600,19,0
00000299--4e4dc57170--7,E5,600,495,52
00000299--4e4dc57170--8,E,600,83,0
00000299--4e4dc57170--8,E1,600,0,0
00000299--4e4dc57170--8,E2,600,83,0
00000299--4e4dc57170--8,E3,600,83,0
00000299--4e4dc57170--8,E4,600,0,0
00000299--4e4dc57170--8,E5,600,159,0
00000299--4e4dc57170--9,E,599,135,0
00000299--4e4dc57170--9,E1,599,0,0
00000299--4e4dc57170--9,E2,599,103,0
00000299--4e4dc57170--9,E3,599,103,0
00000299--4e4dc57170--9,E4,599,0,0
00000299--4e4dc57170--9,E5,599,324,147
0000029b--52f66a3abc--0,E,616,81,0
0000029b--52f66a3abc--0,E1,616,37,0
0000029b--52f66a3abc--0,E2,616,56,0
0000029b--52f66a3abc--0,E3,616,56,0
0000029b--52f66a3abc--0,E4,616,14,0
0000029b--52f66a3abc--0,E5,616,227,0
0000029b--52f66a3abc--1,E,599,42,0
0000029b--52f66a3abc--1,E1,599,0,0
0000029b--52f66a3abc--1,E2,599,42,0
0000029b--52f66a3abc--1,E3,599,42,0
0000029b--52f66a3abc--1,E4,599,2,0
0000029b--52f66a3abc--1,E5,599,130,0
0000029b--52f66a3abc--10,E,600,7,0
0000029b--52f66a3abc--10,E1,600,0,0
0000029b--52f66a3abc--10,E2,600,0,0
0000029b--52f66a3abc--10,E3,600,0,0
0000029b--52f66a3abc--10,E4,600,0,0
0000029b--52f66a3abc--10,E5,600,76,0
0000029b--52f66a3abc--11,E,600,42,0
0000029b--52f66a3abc--11,E1,600,0,0
0000029b--52f66a3abc--11,E2,600,42,0
0000029b--52f66a3abc--11,E3,600,42,0
0000029b--52f66a3abc--11,E4,600,38,0
0000029b--52f66a3abc--11,E5,600,227,0
0000029b--52f66a3abc--12,E,600,49,0
0000029b--52f66a3abc--12,E1,600,0,0
0000029b--52f66a3abc--12,E2,600,30,0
0000029b--52f66a3abc--12,E3,600,30,0
0000029b--52f66a3abc--12,E4,600,0,0
0000029b--52f66a3abc--12,E5,600,172,0
0000029b--52f66a3abc--13,E,600,32,0
0000029b--52f66a3abc--13,E1,600,0,0
0000029b--52f66a3abc--13,E2,600,32,0
0000029b--52f66a3abc--13,E3,600,32,0
0000029b--52f66a3abc--13,E4,600,0,0
0000029b--52f66a3abc--13,E5,600,157,0
0000029b--52f66a3abc--14,E,600,43,0
0000029b--52f66a3abc--14,E1,600,0,0
0000029b--52f66a3abc--14,E2,600,43,0
0000029b--52f66a3abc--14,E3,600,43,0
0000029b--52f66a3abc--14,E4,600,43,0
0000029b--52f66a3abc--14,E5,600,187,0
0000029b--52f66a3abc--15,E,600,6,0
0000029b--52f66a3abc--15,E1,600,0,0
0000029b--52f66a3abc--15,E2,600,6,0
0000029b--52f66a3abc--15,E3,600,6,0
0000029b--52f66a3abc--15,E4,600,0,0
0000029b--52f66a3abc--15,E5,600,151,0
0000029b--52f66a3abc--16,E,600,24,0
0000029b--52f66a3abc--16,E1,600,0,0
0000029b--52f66a3abc--16,E2,600,24,0
0000029b--52f66a3abc--16,E3,600,24,0
0000029b--52f66a3abc--16,E4,600,24,0
0000029b--52f66a3abc--16,E5,600,182,0
0000029b--52f66a3abc--17,E,600,74,0
0000029b--52f66a3abc--17,E1,600,0,0
0000029b--52f66a3abc--17,E2,600,30,0
0000029b--52f66a3abc--17,E3,600,30,0
0000029b--52f66a3abc--17,E4,600,22,0
0000029b--52f66a3abc--17,E5,600,203,0
0000029b--52f66a3abc--18,E,600,0,0
0000029b--52f66a3abc--18,E1,600,0,0
0000029b--52f66a3abc--18,E2,600,22,0
0000029b--52f66a3abc--18,E3,600,22,0
0000029b--52f66a3abc--18,E4,600,0,0
0000029b--52f66a3abc--18,E5,600,88,0
0000029b--52f66a3abc--19,E,600,160,0
0000029b--52f66a3abc--19,E1,600,37,0
0000029b--52f66a3abc--19,E2,600,126,0
0000029b--52f66a3abc--19,E3,600,126,0
0000029b--52f66a3abc--19,E4,600,38,0
0000029b--52f66a3abc--19,E5,600,362,0
0000029b--52f66a3abc--2,E,599,0,0
0000029b--52f66a3abc--2,E1,599,0,0
0000029b--52f66a3abc--2,E2,599,0,0
0000029b--52f66a3abc--2,E3,599,0,0
0000029b--52f66a3abc--2,E4,599,0,0
0000029b--52f66a3abc--2,E5,599,0,0
0000029b--52f66a3abc--20,E,600,99,0
0000029b--52f66a3abc--20,E1,600,0,0
0000029b--52f66a3abc--20,E2,600,79,0
0000029b--52f66a3abc--20,E3,600,79,0
0000029b--52f66a3abc--20,E4,600,0,0
0000029b--52f66a3abc--20,E5,600,423,0
0000029b--52f66a3abc--21,E,600,103,0
0000029b--52f66a3abc--21,E1,600,25,0
0000029b--52f66a3abc--21,E2,600,103,0
0000029b--52f66a3abc--21,E3,600,103,0
0000029b--52f66a3abc--21,E4,600,0,0
0000029b--52f66a3abc--21,E5,600,395,0
0000029b--52f66a3abc--22,E,599,193,0
0000029b--52f66a3abc--22,E1,599,119,0
0000029b--52f66a3abc--22,E2,599,191,0
0000029b--52f66a3abc--22,E3,599,191,0
0000029b--52f66a3abc--22,E4,599,57,0
0000029b--52f66a3abc--22,E5,599,468,0
0000029b--52f66a3abc--23,E,600,0,0
0000029b--52f66a3abc--23,E1,600,0,0
0000029b--52f66a3abc--23,E2,600,0,0
0000029b--52f66a3abc--23,E3,600,0,0
0000029b--52f66a3abc--23,E4,600,0,0
0000029b--52f66a3abc--23,E5,600,44,0
0000029b--52f66a3abc--24,E,599,88,0
0000029b--52f66a3abc--24,E1,599,39,0
0000029b--52f66a3abc--24,E2,599,63,0
0000029b--52f66a3abc--24,E3,599,63,0
0000029b--52f66a3abc--24,E4,599,27,0
0000029b--52f66a3abc--24,E5,599,255,0
0000029b--52f66a3abc--25,E,599,0,0
0000029b--52f66a3abc--25,E1,599,0,0
0000029b--52f66a3abc--25,E2,599,0,0
0000029b--52f66a3abc--25,E3,599,0,0
0000029b--52f66a3abc--25,E4,599,0,0
0000029b--52f66a3abc--25,E5,599,109,0
0000029b--52f66a3abc--26,E,599,124,0
0000029b--52f66a3abc--26,E1,599,5,0
0000029b--52f66a3abc--26,E2,599,71,0
0000029b--52f66a3abc--26,E3,599,71,0
0000029b--52f66a3abc--26,E4,599,0,0
0000029b--52f66a3abc--26,E5,599,278,0
0000029b--52f66a3abc--27,E,599,239,0
0000029b--52f66a3abc--27,E1,599,5,0
0000029b--52f66a3abc--27,E2,599,239,0
0000029b--52f66a3abc--27,E3,599,239,0
0000029b--52f66a3abc--27,E4,599,67,0
0000029b--52f66a3abc--27,E5,599,470,0
0000029b--52f66a3abc--28,E,600,163,0
0000029b--52f66a3abc--28,E1,600,52,0
0000029b--52f66a3abc--28,E2,600,161,0
0000029b--52f66a3abc--28,E3,600,161,0
0000029b--52f66a3abc--28,E4,600,34,0
0000029b--52f66a3abc--28,E5,600,291,0
0000029b--52f66a3abc--29,E,599,98,0
0000029b--52f66a3abc--29,E1,599,0,0
0000029b--52f66a3abc--29,E2,599,98,0
0000029b--52f66a3abc--29,E3,599,98,0
0000029b--52f66a3abc--29,E4,599,0,0
0000029b--52f66a3abc--29,E5,599,179,0
0000029b--52f66a3abc--3,E,600,0,0
0000029b--52f66a3abc--3,E1,600,0,0
0000029b--52f66a3abc--3,E2,600,0,0
0000029b--52f66a3abc--3,E3,600,0,0
0000029b--52f66a3abc--3,E4,600,0,0
0000029b--52f66a3abc--3,E5,600,5,0
0000029b--52f66a3abc--30,E,600,39,0
0000029b--52f66a3abc--30,E1,600,0,0
0000029b--52f66a3abc--30,E2,600,39,0
0000029b--52f66a3abc--30,E3,600,39,0
0000029b--52f66a3abc--30,E4,600,5,0
0000029b--52f66a3abc--30,E5,600,223,0
0000029b--52f66a3abc--4,E,600,288,0
0000029b--52f66a3abc--4,E1,600,54,0
0000029b--52f66a3abc--4,E2,600,271,0
0000029b--52f66a3abc--4,E3,600,271,0
0000029b--52f66a3abc--4,E4,600,90,0
0000029b--52f66a3abc--4,E5,600,436,0
0000029b--52f66a3abc--5,E,600,68,0
0000029b--52f66a3abc--5,E1,600,39,0
0000029b--52f66a3abc--5,E2,600,55,0
0000029b--52f66a3abc--5,E3,600,55,0
0000029b--52f66a3abc--5,E4,600,0,0
0000029b--52f66a3abc--5,E5,600,519,0
0000029b--52f66a3abc--6,E,600,3,0
0000029b--52f66a3abc--6,E1,600,0,0
0000029b--52f66a3abc--6,E2,600,3,0
0000029b--52f66a3abc--6,E3,600,3,0
0000029b--52f66a3abc--6,E4,600,0,0
0000029b--52f66a3abc--6,E5,600,216,0
0000029b--52f66a3abc--7,E,600,0,0
0000029b--52f66a3abc--7,E1,600,0,0
0000029b--52f66a3abc--7,E2,600,0,0
0000029b--52f66a3abc--7,E3,600,0,0
0000029b--52f66a3abc--7,E4,600,0,0
0000029b--52f66a3abc--7,E5,600,113,0
0000029b--52f66a3abc--8,E,600,9,0
0000029b--52f66a3abc--8,E1,600,16,0
0000029b--52f66a3abc--8,E2,600,2,0
0000029b--52f66a3abc--8,E3,600,2,0
0000029b--52f66a3abc--8,E4,600,2,0
0000029b--52f66a3abc--8,E5,600,396,0
0000029b--52f66a3abc--9,E,600,10,0
0000029b--52f66a3abc--9,E1,600,0,0
0000029b--52f66a3abc--9,E2,600,10,0
0000029b--52f66a3abc--9,E3,600,10,0
0000029b--52f66a3abc--9,E4,600,10,0
0000029b--52f66a3abc--9,E5,600,258,0
000002a2--b53d86b8b1--10,E,599,0,0
000002a2--b53d86b8b1--10,E1,599,0,0
000002a2--b53d86b8b1--10,E2,599,0,0
000002a2--b53d86b8b1--10,E3,599,0,0
000002a2--b53d86b8b1--10,E4,599,0,0
000002a2--b53d86b8b1--10,E5,599,134,0
000002a2--b53d86b8b1--11,E,600,53,0
000002a2--b53d86b8b1--11,E1,600,0,0
000002a2--b53d86b8b1--11,E2,600,36,0
000002a2--b53d86b8b1--11,E3,600,36,0
000002a2--b53d86b8b1--11,E4,600,0,0
000002a2--b53d86b8b1--11,E5,600,122,0
000002a2--b53d86b8b1--12,E,600,69,0
000002a2--b53d86b8b1--12,E1,600,39,0
000002a2--b53d86b8b1--12,E2,600,69,0
000002a2--b53d86b8b1--12,E3,600,69,0
000002a2--b53d86b8b1--12,E4,600,0,0
000002a2--b53d86b8b1--12,E5,600,347,0
000002a2--b53d86b8b1--13,E,600,20,0
000002a2--b53d86b8b1--13,E1,600,0,0
000002a2--b53d86b8b1--13,E2,600,20,0
000002a2--b53d86b8b1--13,E3,600,20,0
000002a2--b53d86b8b1--13,E4,600,0,0
000002a2--b53d86b8b1--13,E5,600,327,226
000002a2--b53d86b8b1--14,E,600,0,0
000002a2--b53d86b8b1--14,E1,600,0,0
000002a2--b53d86b8b1--14,E2,600,0,0
000002a2--b53d86b8b1--14,E3,600,0,0
000002a2--b53d86b8b1--14,E4,600,0,0
000002a2--b53d86b8b1--14,E5,600,522,181
000002a2--b53d86b8b1--15,E,600,0,0
000002a2--b53d86b8b1--15,E1,600,0,0
000002a2--b53d86b8b1--15,E2,600,0,0
000002a2--b53d86b8b1--15,E3,600,0,0
000002a2--b53d86b8b1--15,E4,600,0,0
000002a2--b53d86b8b1--15,E5,600,447,1
000002a2--b53d86b8b1--17,E,600,28,0
000002a2--b53d86b8b1--17,E1,600,0,0
000002a2--b53d86b8b1--17,E2,600,28,0
000002a2--b53d86b8b1--17,E3,600,28,0
000002a2--b53d86b8b1--17,E4,600,0,0
000002a2--b53d86b8b1--17,E5,600,420,420
000002a2--b53d86b8b1--18,E,599,0,0
000002a2--b53d86b8b1--18,E1,599,0,0
000002a2--b53d86b8b1--18,E2,599,0,0
000002a2--b53d86b8b1--18,E3,599,0,0
000002a2--b53d86b8b1--18,E4,599,0,0
000002a2--b53d86b8b1--18,E5,599,325,320
000002a2--b53d86b8b1--19,E,600,0,0
000002a2--b53d86b8b1--19,E1,600,0,0
000002a2--b53d86b8b1--19,E2,600,0,0
000002a2--b53d86b8b1--19,E3,600,0,0
000002a2--b53d86b8b1--19,E4,600,0,0
000002a2--b53d86b8b1--19,E5,600,63,0
000002a2--b53d86b8b1--20,E,599,0,0
000002a2--b53d86b8b1--20,E1,599,0,0
000002a2--b53d86b8b1--20,E2,599,0,0
000002a2--b53d86b8b1--20,E3,599,0,0
000002a2--b53d86b8b1--20,E4,599,0,0
000002a2--b53d86b8b1--20,E5,599,41,0
000002a2--b53d86b8b1--21,E,599,0,0
000002a2--b53d86b8b1--21,E1,599,0,0
000002a2--b53d86b8b1--21,E2,599,0,0
000002a2--b53d86b8b1--21,E3,599,0,0
000002a2--b53d86b8b1--21,E4,599,0,0
000002a2--b53d86b8b1--21,E5,599,123,0
000002a2--b53d86b8b1--22,E,599,0,0
000002a2--b53d86b8b1--22,E1,599,0,0
000002a2--b53d86b8b1--22,E2,599,0,0
000002a2--b53d86b8b1--22,E3,599,0,0
000002a2--b53d86b8b1--22,E4,599,0,0
000002a2--b53d86b8b1--22,E5,599,397,0
000002a2--b53d86b8b1--23,E,599,0,0
000002a2--b53d86b8b1--23,E1,599,0,0
000002a2--b53d86b8b1--23,E2,599,0,0
000002a2--b53d86b8b1--23,E3,599,0,0
000002a2--b53d86b8b1--23,E4,599,0,0
000002a2--b53d86b8b1--23,E5,599,103,0
000002a2--b53d86b8b1--24,E,600,24,0
000002a2--b53d86b8b1--24,E1,600,0,0
000002a2--b53d86b8b1--24,E2,600,24,0
000002a2--b53d86b8b1--24,E3,600,24,0
000002a2--b53d86b8b1--24,E4,600,7,0
000002a2--b53d86b8b1--24,E5,600,49,0
000002a2--b53d86b8b1--25,E,599,0,0
000002a2--b53d86b8b1--25,E1,599,0,0
000002a2--b53d86b8b1--25,E2,599,0,0
000002a2--b53d86b8b1--25,E3,599,0,0
000002a2--b53d86b8b1--25,E4,599,0,0
000002a2--b53d86b8b1--25,E5,599,13,0
000002a2--b53d86b8b1--27,E,600,148,0
000002a2--b53d86b8b1--27,E1,600,2,0
000002a2--b53d86b8b1--27,E2,600,141,0
000002a2--b53d86b8b1--27,E3,600,141,0
000002a2--b53d86b8b1--27,E4,600,99,0
000002a2--b53d86b8b1--27,E5,600,306,9
000002a2--b53d86b8b1--28,E,600,0,0
000002a2--b53d86b8b1--28,E1,600,0,0
000002a2--b53d86b8b1--28,E2,600,0,0
000002a2--b53d86b8b1--28,E3,600,0,0
000002a2--b53d86b8b1--28,E4,600,0,0
000002a2--b53d86b8b1--28,E5,600,499,326
000002a2--b53d86b8b1--9,E,600,120,0
000002a2--b53d86b8b1--9,E1,600,19,0
000002a2--b53d86b8b1--9,E2,600,73,0
000002a2--b53d86b8b1--9,E3,600,73,0
000002a2--b53d86b8b1--9,E4,600,20,0
000002a2--b53d86b8b1--9,E5,600,448,0
