key,policy,scans,radarstate_changed_scans,planner_input_changed_scans,lead_coordinate_only,lead_id_changed,lead_gain,lead_loss,lead1_lead2_change,lead_aLead_changed
00000243--a4d9c0a5dd--0,E,621,0,0,0,0,0,0,0,0
00000243--a4d9c0a5dd--0,E1,621,0,0,0,0,0,0,0,0
00000243--a4d9c0a5dd--0,E2,621,0,0,0,0,0,0,0,0
00000243--a4d9c0a5dd--0,E3,621,0,0,0,0,0,0,0,0
00000243--a4d9c0a5dd--0,E4,621,0,0,0,0,0,0,0,0
00000243--a4d9c0a5dd--0,E5,621,237,237,6,0,0,0,0,231
00000245--2c15eb5d45--12,E,600,0,0,0,0,0,0,0,0
00000245--2c15eb5d45--12,E1,600,0,0,0,0,0,0,0,0
00000245--2c15eb5d45--12,E2,600,0,0,0,0,0,0,0,0
00000245--2c15eb5d45--12,E3,600,0,0,0,0,0,0,0,0
00000245--2c15eb5d45--12,E4,600,0,0,0,0,0,0,0,0
00000245--2c15eb5d45--12,E5,600,0,0,0,0,0,0,0,0
00000245--2c15eb5d45--19,E,600,0,0,0,0,0,0,0,0
00000245--2c15eb5d45--19,E1,600,0,0,0,0,0,0,0,0
00000245--2c15eb5d45--19,E2,600,0,0,0,0,0,0,0,0
00000245--2c15eb5d45--19,E3,600,0,0,0,0,0,0,0,0
00000245--2c15eb5d45--19,E4,600,0,0,0,0,0,0,0,0
00000245--2c15eb5d45--19,E5,600,0,0,0,0,0,0,0,0
00000245--2c15eb5d45--21,E,600,0,0,0,0,0,0,0,0
00000245--2c15eb5d45--21,E1,600,0,0,0,0,0,0,0,0
00000245--2c15eb5d45--21,E2,600,0,0,0,0,0,0,0,0
00000245--2c15eb5d45--21,E3,600,0,0,0,0,0,0,0,0
00000245--2c15eb5d45--21,E4,600,0,0,0,0,0,0,0,0
00000245--2c15eb5d45--21,E5,600,0,0,0,0,0,0,0,0
00000245--2c15eb5d45--32,E,600,0,0,0,0,0,0,0,0
00000245--2c15eb5d45--32,E1,600,0,0,0,0,0,0,0,0
00000245--2c15eb5d45--32,E2,600,0,0,0,0,0,0,0,0
00000245--2c15eb5d45--32,E3,600,0,0,0,0,0,0,0,0
00000245--2c15eb5d45--32,E4,600,0,0,0,0,0,0,0,0
00000245--2c15eb5d45--32,E5,600,135,135,0,135,0,0,0,0
00000245--2c15eb5d45--7,E,600,0,0,0,0,0,0,0,0
00000245--2c15eb5d45--7,E1,600,0,0,0,0,0,0,0,0
00000245--2c15eb5d45--7,E2,600,0,0,0,0,0,0,0,0
00000245--2c15eb5d45--7,E3,600,0,0,0,0,0,0,0,0
00000245--2c15eb5d45--7,E4,600,0,0,0,0,0,0,0,0
00000245--2c15eb5d45--7,E5,600,0,0,0,0,0,0,0,0
00000247--b657952782--0,E,619,0,0,0,0,0,0,0,0
00000247--b657952782--0,E1,619,0,0,0,0,0,0,0,0
00000247--b657952782--0,E2,619,0,0,0,0,0,0,0,0
00000247--b657952782--0,E3,619,0,0,0,0,0,0,0,0
00000247--b657952782--0,E4,619,0,0,0,0,0,0,0,0
00000247--b657952782--0,E5,619,0,0,0,0,0,0,0,0
00000247--b657952782--1,E,600,0,0,0,0,0,0,0,0
00000247--b657952782--1,E1,600,0,0,0,0,0,0,0,0
00000247--b657952782--1,E2,600,0,0,0,0,0,0,0,0
00000247--b657952782--1,E3,600,0,0,0,0,0,0,0,0
00000247--b657952782--1,E4,600,0,0,0,0,0,0,0,0
00000247--b657952782--1,E5,600,6,6,0,5,1,0,0,0
00000247--b657952782--10,E,600,0,0,0,0,0,0,0,0
00000247--b657952782--10,E1,600,0,0,0,0,0,0,0,0
00000247--b657952782--10,E2,600,0,0,0,0,0,0,0,0
00000247--b657952782--10,E3,600,0,0,0,0,0,0,0,0
00000247--b657952782--10,E4,600,0,0,0,0,0,0,0,0
00000247--b657952782--10,E5,600,0,0,0,0,0,0,0,0
00000247--b657952782--11,E,600,0,0,0,0,0,0,0,0
00000247--b657952782--11,E1,600,0,0,0,0,0,0,0,0
00000247--b657952782--11,E2,600,0,0,0,0,0,0,0,0
00000247--b657952782--11,E3,600,0,0,0,0,0,0,0,0
00000247--b657952782--11,E4,600,0,0,0,0,0,0,0,0
00000247--b657952782--11,E5,600,0,0,0,0,0,0,0,0
00000247--b657952782--12,E,600,0,0,0,0,0,0,0,0
00000247--b657952782--12,E1,600,0,0,0,0,0,0,0,0
00000247--b657952782--12,E2,600,0,0,0,0,0,0,0,0
00000247--b657952782--12,E3,600,0,0,0,0,0,0,0,0
00000247--b657952782--12,E4,600,0,0,0,0,0,0,0,0
00000247--b657952782--12,E5,600,0,0,0,0,0,0,0,0
00000247--b657952782--13,E,600,0,0,0,0,0,0,0,0
00000247--b657952782--13,E1,600,0,0,0,0,0,0,0,0
00000247--b657952782--13,E2,600,0,0,0,0,0,0,0,0
00000247--b657952782--13,E3,600,0,0,0,0,0,0,0,0
00000247--b657952782--13,E4,600,0,0,0,0,0,0,0,0
00000247--b657952782--13,E5,600,0,0,0,0,0,0,0,0
00000247--b657952782--14,E,600,0,0,0,0,0,0,0,0
00000247--b657952782--14,E1,600,0,0,0,0,0,0,0,0
00000247--b657952782--14,E2,600,0,0,0,0,0,0,0,0
00000247--b657952782--14,E3,600,0,0,0,0,0,0,0,0
00000247--b657952782--14,E4,600,0,0,0,0,0,0,0,0
00000247--b657952782--14,E5,600,0,0,0,0,0,0,0,0
00000247--b657952782--15,E,600,0,0,0,0,0,0,0,0
00000247--b657952782--15,E1,600,0,0,0,0,0,0,0,0
00000247--b657952782--15,E2,600,0,0,0,0,0,0,0,0
00000247--b657952782--15,E3,600,0,0,0,0,0,0,0,0
00000247--b657952782--15,E4,600,0,0,0,0,0,0,0,0
00000247--b657952782--15,E5,600,245,245,0,25,0,0,0,220
00000247--b657952782--16,E,600,0,0,0,0,0,0,0,0
00000247--b657952782--16,E1,600,0,0,0,0,0,0,0,0
00000247--b657952782--16,E2,600,0,0,0,0,0,0,0,0
00000247--b657952782--16,E3,600,0,0,0,0,0,0,0,0
00000247--b657952782--16,E4,600,0,0,0,0,0,0,0,0
00000247--b657952782--16,E5,600,0,0,0,0,0,0,0,0
00000247--b657952782--17,E,600,0,0,0,0,0,0,0,0
00000247--b657952782--17,E1,600,0,0,0,0,0,0,0,0
00000247--b657952782--17,E2,600,0,0,0,0,0,0,0,0
00000247--b657952782--17,E3,600,0,0,0,0,0,0,0,0
00000247--b657952782--17,E4,600,0,0,0,0,0,0,0,0
00000247--b657952782--17,E5,600,213,213,0,213,0,0,0,0
00000247--b657952782--18,E,600,0,0,0,0,0,0,0,0
00000247--b657952782--18,E1,600,0,0,0,0,0,0,0,0
00000247--b657952782--18,E2,600,0,0,0,0,0,0,0,0
00000247--b657952782--18,E3,600,0,0,0,0,0,0,0,0
00000247--b657952782--18,E4,600,0,0,0,0,0,0,0,0
00000247--b657952782--18,E5,600,0,0,0,0,0,0,0,0
00000247--b657952782--19,E,600,0,0,0,0,0,0,0,0
00000247--b657952782--19,E1,600,0,0,0,0,0,0,0,0
00000247--b657952782--19,E2,600,0,0,0,0,0,0,0,0
00000247--b657952782--19,E3,600,0,0,0,0,0,0,0,0
00000247--b657952782--19,E4,600,0,0,0,0,0,0,0,0
00000247--b657952782--19,E5,600,0,0,0,0,0,0,0,0
00000247--b657952782--2,E,599,59,59,0,59,0,0,0,0
00000247--b657952782--2,E1,599,0,0,0,0,0,0,0,0
00000247--b657952782--2,E2,599,0,0,0,0,0,0,0,0
00000247--b657952782--2,E3,599,0,0,0,0,0,0,0,0
00000247--b657952782--2,E4,599,0,0,0,0,0,0,0,0
00000247--b657952782--2,E5,599,89,89,0,86,0,0,0,3
00000247--b657952782--20,E,600,0,0,0,0,0,0,0,0
00000247--b657952782--20,E1,600,0,0,0,0,0,0,0,0
00000247--b657952782--20,E2,600,0,0,0,0,0,0,0,0
00000247--b657952782--20,E3,600,0,0,0,0,0,0,0,0
00000247--b657952782--20,E4,600,0,0,0,0,0,0,0,0
00000247--b657952782--20,E5,600,0,0,0,0,0,0,0,0
00000247--b657952782--21,E,600,0,0,0,0,0,0,0,0
00000247--b657952782--21,E1,600,0,0,0,0,0,0,0,0
00000247--b657952782--21,E2,600,0,0,0,0,0,0,0,0
00000247--b657952782--21,E3,600,0,0,0,0,0,0,0,0
00000247--b657952782--21,E4,600,0,0,0,0,0,0,0,0
00000247--b657952782--21,E5,600,0,0,0,0,0,0,0,0
00000247--b657952782--22,E,600,0,0,0,0,0,0,0,0
00000247--b657952782--22,E1,600,0,0,0,0,0,0,0,0
00000247--b657952782--22,E2,600,0,0,0,0,0,0,0,0
00000247--b657952782--22,E3,600,0,0,0,0,0,0,0,0
00000247--b657952782--22,E4,600,0,0,0,0,0,0,0,0
00000247--b657952782--22,E5,600,0,0,0,0,0,0,0,0
00000247--b657952782--23,E,600,0,0,0,0,0,0,0,0
00000247--b657952782--23,E1,600,0,0,0,0,0,0,0,0
00000247--b657952782--23,E2,600,0,0,0,0,0,0,0,0
00000247--b657952782--23,E3,600,0,0,0,0,0,0,0,0
00000247--b657952782--23,E4,600,0,0,0,0,0,0,0,0
00000247--b657952782--23,E5,600,0,0,0,0,0,0,0,0
00000247--b657952782--24,E,600,0,0,0,0,0,0,0,0
00000247--b657952782--24,E1,600,0,0,0,0,0,0,0,0
00000247--b657952782--24,E2,600,0,0,0,0,0,0,0,0
00000247--b657952782--24,E3,600,0,0,0,0,0,0,0,0
00000247--b657952782--24,E4,600,0,0,0,0,0,0,0,0
00000247--b657952782--24,E5,600,0,0,0,0,0,0,0,0
00000247--b657952782--25,E,600,0,0,0,0,0,0,0,0
00000247--b657952782--25,E1,600,0,0,0,0,0,0,0,0
00000247--b657952782--25,E2,600,0,0,0,0,0,0,0,0
00000247--b657952782--25,E3,600,0,0,0,0,0,0,0,0
00000247--b657952782--25,E4,600,0,0,0,0,0,0,0,0
00000247--b657952782--25,E5,600,0,0,0,0,0,0,0,0
00000247--b657952782--26,E,600,0,0,0,0,0,0,0,0
00000247--b657952782--26,E1,600,0,0,0,0,0,0,0,0
00000247--b657952782--26,E2,600,0,0,0,0,0,0,0,0
00000247--b657952782--26,E3,600,0,0,0,0,0,0,0,0
00000247--b657952782--26,E4,600,0,0,0,0,0,0,0,0
00000247--b657952782--26,E5,600,0,0,0,0,0,0,0,0
00000247--b657952782--27,E,600,0,0,0,0,0,0,0,0
00000247--b657952782--27,E1,600,0,0,0,0,0,0,0,0
00000247--b657952782--27,E2,600,0,0,0,0,0,0,0,0
00000247--b657952782--27,E3,600,0,0,0,0,0,0,0,0
00000247--b657952782--27,E4,600,0,0,0,0,0,0,0,0
00000247--b657952782--27,E5,600,75,75,0,75,0,0,0,0
00000247--b657952782--28,E,600,0,0,0,0,0,0,0,0
00000247--b657952782--28,E1,600,0,0,0,0,0,0,0,0
00000247--b657952782--28,E2,600,0,0,0,0,0,0,0,0
00000247--b657952782--28,E3,600,0,0,0,0,0,0,0,0
00000247--b657952782--28,E4,600,0,0,0,0,0,0,0,0
00000247--b657952782--28,E5,600,0,0,0,0,0,0,0,0
00000247--b657952782--29,E,600,0,0,0,0,0,0,0,0
00000247--b657952782--29,E1,600,0,0,0,0,0,0,0,0
00000247--b657952782--29,E2,600,0,0,0,0,0,0,0,0
00000247--b657952782--29,E3,600,0,0,0,0,0,0,0,0
00000247--b657952782--29,E4,600,0,0,0,0,0,0,0,0
00000247--b657952782--29,E5,600,0,0,0,0,0,0,0,0
00000247--b657952782--3,E,600,0,0,0,0,0,0,0,0
00000247--b657952782--3,E1,600,0,0,0,0,0,0,0,0
00000247--b657952782--3,E2,600,0,0,0,0,0,0,0,0
00000247--b657952782--3,E3,600,0,0,0,0,0,0,0,0
00000247--b657952782--3,E4,600,0,0,0,0,0,0,0,0
00000247--b657952782--3,E5,600,0,0,0,0,0,0,0,0
00000247--b657952782--30,E,599,0,0,0,0,0,0,0,0
00000247--b657952782--30,E1,599,0,0,0,0,0,0,0,0
00000247--b657952782--30,E2,599,0,0,0,0,0,0,0,0
00000247--b657952782--30,E3,599,0,0,0,0,0,0,0,0
00000247--b657952782--30,E4,599,0,0,0,0,0,0,0,0
00000247--b657952782--30,E5,599,0,0,0,0,0,0,0,0
00000247--b657952782--31,E,600,0,0,0,0,0,0,0,0
00000247--b657952782--31,E1,600,0,0,0,0,0,0,0,0
00000247--b657952782--31,E2,600,0,0,0,0,0,0,0,0
00000247--b657952782--31,E3,600,0,0,0,0,0,0,0,0
00000247--b657952782--31,E4,600,0,0,0,0,0,0,0,0
00000247--b657952782--31,E5,600,0,0,0,0,0,0,0,0
00000247--b657952782--32,E,599,0,0,0,0,0,0,0,0
00000247--b657952782--32,E1,599,0,0,0,0,0,0,0,0
00000247--b657952782--32,E2,599,0,0,0,0,0,0,0,0
00000247--b657952782--32,E3,599,0,0,0,0,0,0,0,0
00000247--b657952782--32,E4,599,0,0,0,0,0,0,0,0
00000247--b657952782--32,E5,599,0,0,0,0,0,0,0,0
00000247--b657952782--33,E,599,0,0,0,0,0,0,0,0
00000247--b657952782--33,E1,599,0,0,0,0,0,0,0,0
00000247--b657952782--33,E2,599,0,0,0,0,0,0,0,0
00000247--b657952782--33,E3,599,0,0,0,0,0,0,0,0
00000247--b657952782--33,E4,599,0,0,0,0,0,0,0,0
00000247--b657952782--33,E5,599,0,0,0,0,0,0,0,0
00000247--b657952782--34,E,599,0,0,0,0,0,0,0,0
00000247--b657952782--34,E1,599,0,0,0,0,0,0,0,0
00000247--b657952782--34,E2,599,0,0,0,0,0,0,0,0
00000247--b657952782--34,E3,599,0,0,0,0,0,0,0,0
00000247--b657952782--34,E4,599,0,0,0,0,0,0,0,0
00000247--b657952782--34,E5,599,0,0,0,0,0,0,0,0
00000247--b657952782--35,E,599,0,0,0,0,0,0,0,0
00000247--b657952782--35,E1,599,0,0,0,0,0,0,0,0
00000247--b657952782--35,E2,599,0,0,0,0,0,0,0,0
00000247--b657952782--35,E3,599,0,0,0,0,0,0,0,0
00000247--b657952782--35,E4,599,0,0,0,0,0,0,0,0
00000247--b657952782--35,E5,599,0,0,0,0,0,0,0,0
00000247--b657952782--36,E,599,0,0,0,0,0,0,0,0
00000247--b657952782--36,E1,599,0,0,0,0,0,0,0,0
00000247--b657952782--36,E2,599,0,0,0,0,0,0,0,0
00000247--b657952782--36,E3,599,0,0,0,0,0,0,0,0
00000247--b657952782--36,E4,599,0,0,0,0,0,0,0,0
00000247--b657952782--36,E5,599,0,0,0,0,0,0,0,0
00000247--b657952782--37,E,599,0,0,0,0,0,0,0,0
00000247--b657952782--37,E1,599,0,0,0,0,0,0,0,0
00000247--b657952782--37,E2,599,0,0,0,0,0,0,0,0
00000247--b657952782--37,E3,599,0,0,0,0,0,0,0,0
00000247--b657952782--37,E4,599,0,0,0,0,0,0,0,0
00000247--b657952782--37,E5,599,0,0,0,0,0,0,0,0
00000247--b657952782--38,E,599,0,0,0,0,0,0,0,0
00000247--b657952782--38,E1,599,0,0,0,0,0,0,0,0
00000247--b657952782--38,E2,599,0,0,0,0,0,0,0,0
00000247--b657952782--38,E3,599,0,0,0,0,0,0,0,0
00000247--b657952782--38,E4,599,0,0,0,0,0,0,0,0
00000247--b657952782--38,E5,599,2,2,0,2,0,0,0,0
00000247--b657952782--39,E,585,0,0,0,0,0,0,0,0
00000247--b657952782--39,E1,585,0,0,0,0,0,0,0,0
00000247--b657952782--39,E2,585,0,0,0,0,0,0,0,0
00000247--b657952782--39,E3,585,0,0,0,0,0,0,0,0
00000247--b657952782--39,E4,585,0,0,0,0,0,0,0,0
00000247--b657952782--39,E5,585,409,409,0,409,0,0,0,0
00000247--b657952782--4,E,599,0,0,0,0,0,0,0,0
00000247--b657952782--4,E1,599,0,0,0,0,0,0,0,0
00000247--b657952782--4,E2,599,0,0,0,0,0,0,0,0
00000247--b657952782--4,E3,599,0,0,0,0,0,0,0,0
00000247--b657952782--4,E4,599,0,0,0,0,0,0,0,0
00000247--b657952782--4,E5,599,0,0,0,0,0,0,0,0
00000247--b657952782--5,E,599,0,0,0,0,0,0,0,0
00000247--b657952782--5,E1,599,0,0,0,0,0,0,0,0
00000247--b657952782--5,E2,599,0,0,0,0,0,0,0,0
00000247--b657952782--5,E3,599,0,0,0,0,0,0,0,0
00000247--b657952782--5,E4,599,0,0,0,0,0,0,0,0
00000247--b657952782--5,E5,599,0,0,0,0,0,0,0,0
00000247--b657952782--6,E,600,0,0,0,0,0,0,0,0
00000247--b657952782--6,E1,600,0,0,0,0,0,0,0,0
00000247--b657952782--6,E2,600,0,0,0,0,0,0,0,0
00000247--b657952782--6,E3,600,0,0,0,0,0,0,0,0
00000247--b657952782--6,E4,600,0,0,0,0,0,0,0,0
00000247--b657952782--6,E5,600,225,225,6,0,0,0,0,219
00000247--b657952782--7,E,600,0,0,0,0,0,0,0,0
00000247--b657952782--7,E1,600,0,0,0,0,0,0,0,0
00000247--b657952782--7,E2,600,0,0,0,0,0,0,0,0
00000247--b657952782--7,E3,600,0,0,0,0,0,0,0,0
00000247--b657952782--7,E4,600,0,0,0,0,0,0,0,0
00000247--b657952782--7,E5,600,0,0,0,0,0,0,0,0
00000247--b657952782--8,E,599,0,0,0,0,0,0,0,0
00000247--b657952782--8,E1,599,0,0,0,0,0,0,0,0
00000247--b657952782--8,E2,599,0,0,0,0,0,0,0,0
00000247--b657952782--8,E3,599,0,0,0,0,0,0,0,0
00000247--b657952782--8,E4,599,0,0,0,0,0,0,0,0
00000247--b657952782--8,E5,599,0,0,0,0,0,0,0,0
00000247--b657952782--9,E,600,0,0,0,0,0,0,0,0
00000247--b657952782--9,E1,600,0,0,0,0,0,0,0,0
00000247--b657952782--9,E2,600,0,0,0,0,0,0,0,0
00000247--b657952782--9,E3,600,0,0,0,0,0,0,0,0
00000247--b657952782--9,E4,600,0,0,0,0,0,0,0,0
00000247--b657952782--9,E5,600,0,0,0,0,0,0,0,0
00000250--8354d55131--0,E,621,0,0,0,0,0,0,0,0
00000250--8354d55131--0,E1,621,0,0,0,0,0,0,0,0
00000250--8354d55131--0,E2,621,0,0,0,0,0,0,0,0
00000250--8354d55131--0,E3,621,0,0,0,0,0,0,0,0
00000250--8354d55131--0,E4,621,0,0,0,0,0,0,0,0
00000250--8354d55131--0,E5,621,191,191,7,50,0,1,0,133
00000250--8354d55131--1,E,599,0,0,0,0,0,0,0,0
00000250--8354d55131--1,E1,599,0,0,0,0,0,0,0,0
00000250--8354d55131--1,E2,599,0,0,0,0,0,0,0,0
00000250--8354d55131--1,E3,599,0,0,0,0,0,0,0,0
00000250--8354d55131--1,E4,599,0,0,0,0,0,0,0,0
00000250--8354d55131--1,E5,599,54,54,0,52,2,0,0,0
00000250--8354d55131--2,E,377,0,0,0,0,0,0,0,0
00000250--8354d55131--2,E1,377,0,0,0,0,0,0,0,0
00000250--8354d55131--2,E2,377,0,0,0,0,0,0,0,0
00000250--8354d55131--2,E3,377,0,0,0,0,0,0,0,0
00000250--8354d55131--2,E4,377,0,0,0,0,0,0,0,0
00000250--8354d55131--2,E5,377,127,127,0,0,0,0,0,127
00000252--d191bee66c--0,E,617,8,8,0,3,2,0,0,3
00000252--d191bee66c--0,E1,617,0,0,0,0,0,0,0,0
00000252--d191bee66c--0,E2,617,8,8,0,3,2,0,0,3
00000252--d191bee66c--0,E3,617,8,8,0,3,2,0,0,3
00000252--d191bee66c--0,E4,617,0,0,0,0,0,0,0,0
00000252--d191bee66c--0,E5,617,222,222,0,30,2,8,0,182
00000252--d191bee66c--1,E,600,305,305,0,305,0,0,0,0
00000252--d191bee66c--1,E1,600,0,0,0,0,0,0,0,0
00000252--d191bee66c--1,E2,600,305,305,0,305,0,0,0,0
00000252--d191bee66c--1,E3,600,305,305,0,305,0,0,0,0
00000252--d191bee66c--1,E4,600,0,0,0,0,0,0,0,0
00000252--d191bee66c--1,E5,600,448,448,0,413,0,0,0,35
00000252--d191bee66c--2,E,333,0,0,0,0,0,0,0,0
00000252--d191bee66c--2,E1,333,0,0,0,0,0,0,0,0
00000252--d191bee66c--2,E2,333,0,0,0,0,0,0,0,0
00000252--d191bee66c--2,E3,333,0,0,0,0,0,0,0,0
00000252--d191bee66c--2,E4,333,0,0,0,0,0,0,0,0
00000252--d191bee66c--2,E5,333,0,0,0,0,0,0,0,0
00000254--0ac259250e--0,E,620,0,0,0,0,0,0,0,0
00000254--0ac259250e--0,E1,620,0,0,0,0,0,0,0,0
00000254--0ac259250e--0,E2,620,0,0,0,0,0,0,0,0
00000254--0ac259250e--0,E3,620,0,0,0,0,0,0,0,0
00000254--0ac259250e--0,E4,620,0,0,0,0,0,0,0,0
00000254--0ac259250e--0,E5,620,252,252,4,69,6,5,0,168
00000254--0ac259250e--1,E,600,0,0,0,0,0,0,0,0
00000254--0ac259250e--1,E1,600,0,0,0,0,0,0,0,0
00000254--0ac259250e--1,E2,600,0,0,0,0,0,0,0,0
00000254--0ac259250e--1,E3,600,0,0,0,0,0,0,0,0
00000254--0ac259250e--1,E4,600,0,0,0,0,0,0,0,0
00000254--0ac259250e--1,E5,600,174,174,7,82,0,0,0,85
00000254--0ac259250e--10,E,599,0,0,0,0,0,0,0,0
00000254--0ac259250e--10,E1,599,0,0,0,0,0,0,0,0
00000254--0ac259250e--10,E2,599,0,0,0,0,0,0,0,0
00000254--0ac259250e--10,E3,599,0,0,0,0,0,0,0,0
00000254--0ac259250e--10,E4,599,0,0,0,0,0,0,0,0
00000254--0ac259250e--10,E5,599,0,0,0,0,0,0,0,0
00000254--0ac259250e--11,E,599,0,0,0,0,0,0,0,0
00000254--0ac259250e--11,E1,599,0,0,0,0,0,0,0,0
00000254--0ac259250e--11,E2,599,0,0,0,0,0,0,0,0
00000254--0ac259250e--11,E3,599,0,0,0,0,0,0,0,0
00000254--0ac259250e--11,E4,599,0,0,0,0,0,0,0,0
00000254--0ac259250e--11,E5,599,7,7,0,3,0,0,0,4
00000254--0ac259250e--12,E,600,66,66,0,66,0,0,0,0
00000254--0ac259250e--12,E1,600,66,66,0,66,0,0,0,0
00000254--0ac259250e--12,E2,600,66,66,0,66,0,0,0,0
00000254--0ac259250e--12,E3,600,66,66,0,66,0,0,0,0
00000254--0ac259250e--12,E4,600,0,0,0,0,0,0,0,0
00000254--0ac259250e--12,E5,600,66,66,0,66,0,0,0,0
00000254--0ac259250e--13,E,600,0,0,0,0,0,0,0,0
00000254--0ac259250e--13,E1,600,0,0,0,0,0,0,0,0
00000254--0ac259250e--13,E2,600,0,0,0,0,0,0,0,0
00000254--0ac259250e--13,E3,600,0,0,0,0,0,0,0,0
00000254--0ac259250e--13,E4,600,0,0,0,0,0,0,0,0
00000254--0ac259250e--13,E5,600,579,579,4,0,0,0,0,575
00000254--0ac259250e--14,E,600,0,0,0,0,0,0,0,0
00000254--0ac259250e--14,E1,600,0,0,0,0,0,0,0,0
00000254--0ac259250e--14,E2,600,0,0,0,0,0,0,0,0
00000254--0ac259250e--14,E3,600,0,0,0,0,0,0,0,0
00000254--0ac259250e--14,E4,600,0,0,0,0,0,0,0,0
00000254--0ac259250e--14,E5,600,453,453,0,0,0,0,0,453
00000254--0ac259250e--15,E,600,0,0,0,0,0,0,0,0
00000254--0ac259250e--15,E1,600,0,0,0,0,0,0,0,0
00000254--0ac259250e--15,E2,600,0,0,0,0,0,0,0,0
00000254--0ac259250e--15,E3,600,0,0,0,0,0,0,0,0
00000254--0ac259250e--15,E4,600,0,0,0,0,0,0,0,0
00000254--0ac259250e--15,E5,600,41,41,0,0,0,0,0,41
00000254--0ac259250e--16,E,600,0,0,0,0,0,0,0,0
00000254--0ac259250e--16,E1,600,0,0,0,0,0,0,0,0
00000254--0ac259250e--16,E2,600,0,0,0,0,0,0,0,0
00000254--0ac259250e--16,E3,600,0,0,0,0,0,0,0,0
00000254--0ac259250e--16,E4,600,0,0,0,0,0,0,0,0
00000254--0ac259250e--16,E5,600,285,285,0,0,0,0,0,285
00000254--0ac259250e--17,E,600,0,0,0,0,0,0,0,0
00000254--0ac259250e--17,E1,600,0,0,0,0,0,0,0,0
00000254--0ac259250e--17,E2,600,0,0,0,0,0,0,0,0
00000254--0ac259250e--17,E3,600,0,0,0,0,0,0,0,0
00000254--0ac259250e--17,E4,600,0,0,0,0,0,0,0,0
00000254--0ac259250e--17,E5,600,1,1,0,1,0,0,0,0
00000254--0ac259250e--18,E,600,0,0,0,0,0,0,0,0
00000254--0ac259250e--18,E1,600,0,0,0,0,0,0,0,0
00000254--0ac259250e--18,E2,600,0,0,0,0,0,0,0,0
00000254--0ac259250e--18,E3,600,0,0,0,0,0,0,0,0
00000254--0ac259250e--18,E4,600,0,0,0,0,0,0,0,0
00000254--0ac259250e--18,E5,600,0,0,0,0,0,0,0,0
00000254--0ac259250e--19,E,600,0,0,0,0,0,0,0,0
00000254--0ac259250e--19,E1,600,0,0,0,0,0,0,0,0
00000254--0ac259250e--19,E2,600,0,0,0,0,0,0,0,0
00000254--0ac259250e--19,E3,600,0,0,0,0,0,0,0,0
00000254--0ac259250e--19,E4,600,0,0,0,0,0,0,0,0
00000254--0ac259250e--19,E5,600,0,0,0,0,0,0,0,0
00000254--0ac259250e--2,E,599,4,4,0,0,0,0,0,4
00000254--0ac259250e--2,E1,599,0,0,0,0,0,0,0,0
00000254--0ac259250e--2,E2,599,4,4,0,0,0,0,0,4
00000254--0ac259250e--2,E3,599,4,4,0,0,0,0,0,4
00000254--0ac259250e--2,E4,599,0,0,0,0,0,0,0,0
00000254--0ac259250e--2,E5,599,34,34,0,4,0,0,0,30
00000254--0ac259250e--20,E,600,1,1,0,1,0,0,0,0
00000254--0ac259250e--20,E1,600,0,0,0,0,0,0,0,0
00000254--0ac259250e--20,E2,600,1,1,0,1,0,0,0,0
00000254--0ac259250e--20,E3,600,1,1,0,1,0,0,0,0
00000254--0ac259250e--20,E4,600,1,1,0,1,0,0,0,0
00000254--0ac259250e--20,E5,600,45,45,0,45,0,0,0,0
00000254--0ac259250e--21,E,599,0,0,0,0,0,0,0,0
00000254--0ac259250e--21,E1,599,0,0,0,0,0,0,0,0
00000254--0ac259250e--21,E2,599,0,0,0,0,0,0,0,0
00000254--0ac259250e--21,E3,599,0,0,0,0,0,0,0,0
00000254--0ac259250e--21,E4,599,0,0,0,0,0,0,0,0
00000254--0ac259250e--21,E5,599,0,0,0,0,0,0,0,0
00000254--0ac259250e--22,E,600,121,121,0,121,0,0,0,0
00000254--0ac259250e--22,E1,600,0,0,0,0,0,0,0,0
00000254--0ac259250e--22,E2,600,121,121,0,121,0,0,0,0
00000254--0ac259250e--22,E3,600,121,121,0,121,0,0,0,0
00000254--0ac259250e--22,E4,600,0,0,0,0,0,0,0,0
00000254--0ac259250e--22,E5,600,123,123,0,123,0,0,0,0
00000254--0ac259250e--23,E,600,0,0,0,0,0,0,0,0
00000254--0ac259250e--23,E1,600,0,0,0,0,0,0,0,0
00000254--0ac259250e--23,E2,600,0,0,0,0,0,0,0,0
00000254--0ac259250e--23,E3,600,0,0,0,0,0,0,0,0
00000254--0ac259250e--23,E4,600,0,0,0,0,0,0,0,0
00000254--0ac259250e--23,E5,600,0,0,0,0,0,0,0,0
00000254--0ac259250e--24,E,600,0,0,0,0,0,0,0,0
00000254--0ac259250e--24,E1,600,0,0,0,0,0,0,0,0
00000254--0ac259250e--24,E2,600,0,0,0,0,0,0,0,0
00000254--0ac259250e--24,E3,600,0,0,0,0,0,0,0,0
00000254--0ac259250e--24,E4,600,0,0,0,0,0,0,0,0
00000254--0ac259250e--24,E5,600,7,7,0,0,0,1,0,6
00000254--0ac259250e--25,E,600,0,0,0,0,0,0,0,0
00000254--0ac259250e--25,E1,600,0,0,0,0,0,0,0,0
00000254--0ac259250e--25,E2,600,0,0,0,0,0,0,0,0
00000254--0ac259250e--25,E3,600,0,0,0,0,0,0,0,0
00000254--0ac259250e--25,E4,600,0,0,0,0,0,0,0,0
00000254--0ac259250e--25,E5,600,0,0,0,0,0,0,0,0
00000254--0ac259250e--26,E,600,0,0,0,0,0,0,0,0
00000254--0ac259250e--26,E1,600,0,0,0,0,0,0,0,0
00000254--0ac259250e--26,E2,600,0,0,0,0,0,0,0,0
00000254--0ac259250e--26,E3,600,0,0,0,0,0,0,0,0
00000254--0ac259250e--26,E4,600,0,0,0,0,0,0,0,0
00000254--0ac259250e--26,E5,600,0,0,0,0,0,0,0,0
00000254--0ac259250e--27,E,600,0,0,0,0,0,0,0,0
00000254--0ac259250e--27,E1,600,0,0,0,0,0,0,0,0
00000254--0ac259250e--27,E2,600,0,0,0,0,0,0,0,0
00000254--0ac259250e--27,E3,600,0,0,0,0,0,0,0,0
00000254--0ac259250e--27,E4,600,0,0,0,0,0,0,0,0
00000254--0ac259250e--27,E5,600,0,0,0,0,0,0,0,0
00000254--0ac259250e--28,E,600,0,0,0,0,0,0,0,0
00000254--0ac259250e--28,E1,600,0,0,0,0,0,0,0,0
00000254--0ac259250e--28,E2,600,0,0,0,0,0,0,0,0
00000254--0ac259250e--28,E3,600,0,0,0,0,0,0,0,0
00000254--0ac259250e--28,E4,600,0,0,0,0,0,0,0,0
00000254--0ac259250e--28,E5,600,7,7,0,7,0,0,0,0
00000254--0ac259250e--29,E,600,0,0,0,0,0,0,0,0
00000254--0ac259250e--29,E1,600,0,0,0,0,0,0,0,0
00000254--0ac259250e--29,E2,600,0,0,0,0,0,0,0,0
00000254--0ac259250e--29,E3,600,0,0,0,0,0,0,0,0
00000254--0ac259250e--29,E4,600,0,0,0,0,0,0,0,0
00000254--0ac259250e--29,E5,600,204,204,0,204,0,0,0,0
00000254--0ac259250e--3,E,599,0,0,0,0,0,0,0,0
00000254--0ac259250e--3,E1,599,0,0,0,0,0,0,0,0
00000254--0ac259250e--3,E2,599,0,0,0,0,0,0,0,0
00000254--0ac259250e--3,E3,599,0,0,0,0,0,0,0,0
00000254--0ac259250e--3,E4,599,0,0,0,0,0,0,0,0
00000254--0ac259250e--3,E5,599,8,8,0,8,0,0,0,0
00000254--0ac259250e--30,E,599,0,0,0,0,0,0,0,0
00000254--0ac259250e--30,E1,599,0,0,0,0,0,0,0,0
00000254--0ac259250e--30,E2,599,0,0,0,0,0,0,0,0
00000254--0ac259250e--30,E3,599,0,0,0,0,0,0,0,0
00000254--0ac259250e--30,E4,599,0,0,0,0,0,0,0,0
00000254--0ac259250e--30,E5,599,0,0,0,0,0,0,0,0
00000254--0ac259250e--31,E,600,0,0,0,0,0,0,0,0
00000254--0ac259250e--31,E1,600,0,0,0,0,0,0,0,0
00000254--0ac259250e--31,E2,600,0,0,0,0,0,0,0,0
00000254--0ac259250e--31,E3,600,0,0,0,0,0,0,0,0
00000254--0ac259250e--31,E4,600,0,0,0,0,0,0,0,0
00000254--0ac259250e--31,E5,600,0,0,0,0,0,0,0,0
00000254--0ac259250e--32,E,600,0,0,0,0,0,0,0,0
00000254--0ac259250e--32,E1,600,0,0,0,0,0,0,0,0
00000254--0ac259250e--32,E2,600,0,0,0,0,0,0,0,0
00000254--0ac259250e--32,E3,600,0,0,0,0,0,0,0,0
00000254--0ac259250e--32,E4,600,0,0,0,0,0,0,0,0
00000254--0ac259250e--32,E5,600,0,0,0,0,0,0,0,0
00000254--0ac259250e--33,E,600,0,0,0,0,0,0,0,0
00000254--0ac259250e--33,E1,600,0,0,0,0,0,0,0,0
00000254--0ac259250e--33,E2,600,0,0,0,0,0,0,0,0
00000254--0ac259250e--33,E3,600,0,0,0,0,0,0,0,0
00000254--0ac259250e--33,E4,600,0,0,0,0,0,0,0,0
00000254--0ac259250e--33,E5,600,0,0,0,0,0,0,0,0
00000254--0ac259250e--34,E,600,0,0,0,0,0,0,0,0
00000254--0ac259250e--34,E1,600,0,0,0,0,0,0,0,0
00000254--0ac259250e--34,E2,600,0,0,0,0,0,0,0,0
00000254--0ac259250e--34,E3,600,0,0,0,0,0,0,0,0
00000254--0ac259250e--34,E4,600,0,0,0,0,0,0,0,0
00000254--0ac259250e--34,E5,600,324,324,0,324,0,0,0,0
00000254--0ac259250e--35,E,600,0,0,0,0,0,0,0,0
00000254--0ac259250e--35,E1,600,0,0,0,0,0,0,0,0
00000254--0ac259250e--35,E2,600,0,0,0,0,0,0,0,0
00000254--0ac259250e--35,E3,600,0,0,0,0,0,0,0,0
00000254--0ac259250e--35,E4,600,0,0,0,0,0,0,0,0
00000254--0ac259250e--35,E5,600,133,133,0,121,6,0,0,6
00000254--0ac259250e--36,E,600,0,0,0,0,0,0,0,0
00000254--0ac259250e--36,E1,600,0,0,0,0,0,0,0,0
00000254--0ac259250e--36,E2,600,0,0,0,0,0,0,0,0
00000254--0ac259250e--36,E3,600,0,0,0,0,0,0,0,0
00000254--0ac259250e--36,E4,600,0,0,0,0,0,0,0,0
00000254--0ac259250e--36,E5,600,0,0,0,0,0,0,0,0
00000254--0ac259250e--37,E,600,0,0,0,0,0,0,0,0
00000254--0ac259250e--37,E1,600,0,0,0,0,0,0,0,0
00000254--0ac259250e--37,E2,600,0,0,0,0,0,0,0,0
00000254--0ac259250e--37,E3,600,0,0,0,0,0,0,0,0
00000254--0ac259250e--37,E4,600,0,0,0,0,0,0,0,0
00000254--0ac259250e--37,E5,600,37,37,0,36,0,0,0,1
00000254--0ac259250e--38,E,600,0,0,0,0,0,0,0,0
00000254--0ac259250e--38,E1,600,0,0,0,0,0,0,0,0
00000254--0ac259250e--38,E2,600,0,0,0,0,0,0,0,0
00000254--0ac259250e--38,E3,600,0,0,0,0,0,0,0,0
00000254--0ac259250e--38,E4,600,0,0,0,0,0,0,0,0
00000254--0ac259250e--38,E5,600,247,247,0,247,0,0,0,0
00000254--0ac259250e--39,E,600,0,0,0,0,0,0,0,0
00000254--0ac259250e--39,E1,600,0,0,0,0,0,0,0,0
00000254--0ac259250e--39,E2,600,0,0,0,0,0,0,0,0
00000254--0ac259250e--39,E3,600,0,0,0,0,0,0,0,0
00000254--0ac259250e--39,E4,600,0,0,0,0,0,0,0,0
00000254--0ac259250e--39,E5,600,153,153,0,4,0,0,0,149
00000254--0ac259250e--4,E,600,0,0,0,0,0,0,0,0
00000254--0ac259250e--4,E1,600,0,0,0,0,0,0,0,0
00000254--0ac259250e--4,E2,600,0,0,0,0,0,0,0,0
00000254--0ac259250e--4,E3,600,0,0,0,0,0,0,0,0
00000254--0ac259250e--4,E4,600,0,0,0,0,0,0,0,0
00000254--0ac259250e--4,E5,600,0,0,0,0,0,0,0,0
00000254--0ac259250e--40,E,600,0,0,0,0,0,0,0,0
00000254--0ac259250e--40,E1,600,0,0,0,0,0,0,0,0
00000254--0ac259250e--40,E2,600,0,0,0,0,0,0,0,0
00000254--0ac259250e--40,E3,600,0,0,0,0,0,0,0,0
00000254--0ac259250e--40,E4,600,0,0,0,0,0,0,0,0
00000254--0ac259250e--40,E5,600,67,67,0,21,0,2,0,44
00000254--0ac259250e--41,E,600,1,1,0,0,0,0,0,1
00000254--0ac259250e--41,E1,600,0,0,0,0,0,0,0,0
00000254--0ac259250e--41,E2,600,1,1,0,0,0,0,0,1
00000254--0ac259250e--41,E3,600,1,1,0,0,0,0,0,1
00000254--0ac259250e--41,E4,600,0,0,0,0,0,0,0,0
00000254--0ac259250e--41,E5,600,96,96,0,69,11,7,0,9
00000254--0ac259250e--42,E,152,0,0,0,0,0,0,0,0
00000254--0ac259250e--42,E1,152,0,0,0,0,0,0,0,0
00000254--0ac259250e--42,E2,152,0,0,0,0,0,0,0,0
00000254--0ac259250e--42,E3,152,0,0,0,0,0,0,0,0
00000254--0ac259250e--42,E4,152,0,0,0,0,0,0,0,0
00000254--0ac259250e--42,E5,152,127,127,1,82,0,0,0,44
00000254--0ac259250e--5,E,599,0,0,0,0,0,0,0,0
00000254--0ac259250e--5,E1,599,0,0,0,0,0,0,0,0
00000254--0ac259250e--5,E2,599,0,0,0,0,0,0,0,0
00000254--0ac259250e--5,E3,599,0,0,0,0,0,0,0,0
00000254--0ac259250e--5,E4,599,0,0,0,0,0,0,0,0
00000254--0ac259250e--5,E5,599,165,165,0,0,0,0,0,165
00000254--0ac259250e--6,E,599,0,0,0,0,0,0,0,0
00000254--0ac259250e--6,E1,599,0,0,0,0,0,0,0,0
00000254--0ac259250e--6,E2,599,0,0,0,0,0,0,0,0
00000254--0ac259250e--6,E3,599,0,0,0,0,0,0,0,0
00000254--0ac259250e--6,E4,599,0,0,0,0,0,0,0,0
00000254--0ac259250e--6,E5,599,0,0,0,0,0,0,0,0
00000254--0ac259250e--7,E,599,0,0,0,0,0,0,0,0
00000254--0ac259250e--7,E1,599,0,0,0,0,0,0,0,0
00000254--0ac259250e--7,E2,599,0,0,0,0,0,0,0,0
00000254--0ac259250e--7,E3,599,0,0,0,0,0,0,0,0
00000254--0ac259250e--7,E4,599,0,0,0,0,0,0,0,0
00000254--0ac259250e--7,E5,599,0,0,0,0,0,0,0,0
00000254--0ac259250e--8,E,600,0,0,0,0,0,0,0,0
00000254--0ac259250e--8,E1,600,0,0,0,0,0,0,0,0
00000254--0ac259250e--8,E2,600,0,0,0,0,0,0,0,0
00000254--0ac259250e--8,E3,600,0,0,0,0,0,0,0,0
00000254--0ac259250e--8,E4,600,0,0,0,0,0,0,0,0
00000254--0ac259250e--8,E5,600,0,0,0,0,0,0,0,0
00000254--0ac259250e--9,E,600,0,0,0,0,0,0,0,0
00000254--0ac259250e--9,E1,600,0,0,0,0,0,0,0,0
00000254--0ac259250e--9,E2,600,0,0,0,0,0,0,0,0
00000254--0ac259250e--9,E3,600,0,0,0,0,0,0,0,0
00000254--0ac259250e--9,E4,600,0,0,0,0,0,0,0,0
00000254--0ac259250e--9,E5,600,0,0,0,0,0,0,0,0
00000255--d1d0ee73c5--21,E,599,0,0,0,0,0,0,0,0
00000255--d1d0ee73c5--21,E1,599,0,0,0,0,0,0,0,0
00000255--d1d0ee73c5--21,E2,599,0,0,0,0,0,0,0,0
00000255--d1d0ee73c5--21,E3,599,0,0,0,0,0,0,0,0
00000255--d1d0ee73c5--21,E4,599,0,0,0,0,0,0,0,0
00000255--d1d0ee73c5--21,E5,599,0,0,0,0,0,0,0,0
00000255--d1d0ee73c5--22,E,599,0,0,0,0,0,0,0,0
00000255--d1d0ee73c5--22,E1,599,0,0,0,0,0,0,0,0
00000255--d1d0ee73c5--22,E2,599,0,0,0,0,0,0,0,0
00000255--d1d0ee73c5--22,E3,599,0,0,0,0,0,0,0,0
00000255--d1d0ee73c5--22,E4,599,0,0,0,0,0,0,0,0
00000255--d1d0ee73c5--22,E5,599,0,0,0,0,0,0,0,0
00000255--d1d0ee73c5--23,E,599,0,0,0,0,0,0,0,0
00000255--d1d0ee73c5--23,E1,599,0,0,0,0,0,0,0,0
00000255--d1d0ee73c5--23,E2,599,0,0,0,0,0,0,0,0
00000255--d1d0ee73c5--23,E3,599,0,0,0,0,0,0,0,0
00000255--d1d0ee73c5--23,E4,599,0,0,0,0,0,0,0,0
00000255--d1d0ee73c5--23,E5,599,0,0,0,0,0,0,0,0
00000255--d1d0ee73c5--24,E,600,0,0,0,0,0,0,0,0
00000255--d1d0ee73c5--24,E1,600,0,0,0,0,0,0,0,0
00000255--d1d0ee73c5--24,E2,600,0,0,0,0,0,0,0,0
00000255--d1d0ee73c5--24,E3,600,0,0,0,0,0,0,0,0
00000255--d1d0ee73c5--24,E4,600,0,0,0,0,0,0,0,0
00000255--d1d0ee73c5--24,E5,600,0,0,0,0,0,0,0,0
00000255--d1d0ee73c5--25,E,599,0,0,0,0,0,0,0,0
00000255--d1d0ee73c5--25,E1,599,0,0,0,0,0,0,0,0
00000255--d1d0ee73c5--25,E2,599,0,0,0,0,0,0,0,0
00000255--d1d0ee73c5--25,E3,599,0,0,0,0,0,0,0,0
00000255--d1d0ee73c5--25,E4,599,0,0,0,0,0,0,0,0
00000255--d1d0ee73c5--25,E5,599,0,0,0,0,0,0,0,0
00000255--d1d0ee73c5--26,E,599,0,0,0,0,0,0,0,0
00000255--d1d0ee73c5--26,E1,599,0,0,0,0,0,0,0,0
00000255--d1d0ee73c5--26,E2,599,0,0,0,0,0,0,0,0
00000255--d1d0ee73c5--26,E3,599,0,0,0,0,0,0,0,0
00000255--d1d0ee73c5--26,E4,599,0,0,0,0,0,0,0,0
00000255--d1d0ee73c5--26,E5,599,0,0,0,0,0,0,0,0
00000255--d1d0ee73c5--27,E,600,0,0,0,0,0,0,0,0
00000255--d1d0ee73c5--27,E1,600,0,0,0,0,0,0,0,0
00000255--d1d0ee73c5--27,E2,600,0,0,0,0,0,0,0,0
00000255--d1d0ee73c5--27,E3,600,0,0,0,0,0,0,0,0
00000255--d1d0ee73c5--27,E4,600,0,0,0,0,0,0,0,0
00000255--d1d0ee73c5--27,E5,600,0,0,0,0,0,0,0,0
00000255--d1d0ee73c5--28,E,599,0,0,0,0,0,0,0,0
00000255--d1d0ee73c5--28,E1,599,0,0,0,0,0,0,0,0
00000255--d1d0ee73c5--28,E2,599,0,0,0,0,0,0,0,0
00000255--d1d0ee73c5--28,E3,599,0,0,0,0,0,0,0,0
00000255--d1d0ee73c5--28,E4,599,0,0,0,0,0,0,0,0
00000255--d1d0ee73c5--28,E5,599,0,0,0,0,0,0,0,0
00000255--d1d0ee73c5--29,E,600,0,0,0,0,0,0,0,0
00000255--d1d0ee73c5--29,E1,600,0,0,0,0,0,0,0,0
00000255--d1d0ee73c5--29,E2,600,0,0,0,0,0,0,0,0
00000255--d1d0ee73c5--29,E3,600,0,0,0,0,0,0,0,0
00000255--d1d0ee73c5--29,E4,600,0,0,0,0,0,0,0,0
00000255--d1d0ee73c5--29,E5,600,0,0,0,0,0,0,0,0
00000255--d1d0ee73c5--30,E,600,0,0,0,0,0,0,0,0
00000255--d1d0ee73c5--30,E1,600,0,0,0,0,0,0,0,0
00000255--d1d0ee73c5--30,E2,600,0,0,0,0,0,0,0,0
00000255--d1d0ee73c5--30,E3,600,0,0,0,0,0,0,0,0
00000255--d1d0ee73c5--30,E4,600,0,0,0,0,0,0,0,0
00000255--d1d0ee73c5--30,E5,600,29,29,0,29,0,0,0,0
00000255--d1d0ee73c5--31,E,600,0,0,0,0,0,0,0,0
00000255--d1d0ee73c5--31,E1,600,0,0,0,0,0,0,0,0
00000255--d1d0ee73c5--31,E2,600,0,0,0,0,0,0,0,0
00000255--d1d0ee73c5--31,E3,600,0,0,0,0,0,0,0,0
00000255--d1d0ee73c5--31,E4,600,0,0,0,0,0,0,0,0
00000255--d1d0ee73c5--31,E5,600,0,0,0,0,0,0,0,0
00000255--d1d0ee73c5--32,E,600,0,0,0,0,0,0,0,0
00000255--d1d0ee73c5--32,E1,600,0,0,0,0,0,0,0,0
00000255--d1d0ee73c5--32,E2,600,0,0,0,0,0,0,0,0
00000255--d1d0ee73c5--32,E3,600,0,0,0,0,0,0,0,0
00000255--d1d0ee73c5--32,E4,600,0,0,0,0,0,0,0,0
00000255--d1d0ee73c5--32,E5,600,0,0,0,0,0,0,0,0
00000255--d1d0ee73c5--33,E,600,0,0,0,0,0,0,0,0
00000255--d1d0ee73c5--33,E1,600,0,0,0,0,0,0,0,0
00000255--d1d0ee73c5--33,E2,600,0,0,0,0,0,0,0,0
00000255--d1d0ee73c5--33,E3,600,0,0,0,0,0,0,0,0
00000255--d1d0ee73c5--33,E4,600,0,0,0,0,0,0,0,0
00000255--d1d0ee73c5--33,E5,600,0,0,0,0,0,0,0,0
00000255--d1d0ee73c5--34,E,600,0,0,0,0,0,0,0,0
00000255--d1d0ee73c5--34,E1,600,0,0,0,0,0,0,0,0
00000255--d1d0ee73c5--34,E2,600,0,0,0,0,0,0,0,0
00000255--d1d0ee73c5--34,E3,600,0,0,0,0,0,0,0,0
00000255--d1d0ee73c5--34,E4,600,0,0,0,0,0,0,0,0
00000255--d1d0ee73c5--34,E5,600,0,0,0,0,0,0,0,0
00000255--d1d0ee73c5--35,E,600,0,0,0,0,0,0,0,0
00000255--d1d0ee73c5--35,E1,600,0,0,0,0,0,0,0,0
00000255--d1d0ee73c5--35,E2,600,0,0,0,0,0,0,0,0
00000255--d1d0ee73c5--35,E3,600,0,0,0,0,0,0,0,0
00000255--d1d0ee73c5--35,E4,600,0,0,0,0,0,0,0,0
00000255--d1d0ee73c5--35,E5,600,81,81,2,79,0,0,0,0
00000255--d1d0ee73c5--36,E,600,0,0,0,0,0,0,0,0
00000255--d1d0ee73c5--36,E1,600,0,0,0,0,0,0,0,0
00000255--d1d0ee73c5--36,E2,600,0,0,0,0,0,0,0,0
00000255--d1d0ee73c5--36,E3,600,0,0,0,0,0,0,0,0
00000255--d1d0ee73c5--36,E4,600,0,0,0,0,0,0,0,0
00000255--d1d0ee73c5--36,E5,600,0,0,0,0,0,0,0,0
00000255--d1d0ee73c5--37,E,600,0,0,0,0,0,0,0,0
00000255--d1d0ee73c5--37,E1,600,0,0,0,0,0,0,0,0
00000255--d1d0ee73c5--37,E2,600,0,0,0,0,0,0,0,0
00000255--d1d0ee73c5--37,E3,600,0,0,0,0,0,0,0,0
00000255--d1d0ee73c5--37,E4,600,0,0,0,0,0,0,0,0
00000255--d1d0ee73c5--37,E5,600,435,435,0,0,0,0,0,435
00000255--d1d0ee73c5--38,E,600,0,0,0,0,0,0,0,0
00000255--d1d0ee73c5--38,E1,600,0,0,0,0,0,0,0,0
00000255--d1d0ee73c5--38,E2,600,0,0,0,0,0,0,0,0
00000255--d1d0ee73c5--38,E3,600,0,0,0,0,0,0,0,0
00000255--d1d0ee73c5--38,E4,600,0,0,0,0,0,0,0,0
00000255--d1d0ee73c5--38,E5,600,7,7,0,7,0,0,0,0
00000255--d1d0ee73c5--39,E,600,5,5,0,5,0,0,0,0
00000255--d1d0ee73c5--39,E1,600,0,0,0,0,0,0,0,0
00000255--d1d0ee73c5--39,E2,600,0,0,0,0,0,0,0,0
00000255--d1d0ee73c5--39,E3,600,5,5,0,5,0,0,0,0
00000255--d1d0ee73c5--39,E4,600,0,0,0,0,0,0,0,0
00000255--d1d0ee73c5--39,E5,600,35,35,0,15,0,0,0,20
00000255--d1d0ee73c5--40,E,420,0,0,0,0,0,0,0,0
00000255--d1d0ee73c5--40,E1,420,0,0,0,0,0,0,0,0
00000255--d1d0ee73c5--40,E2,420,0,0,0,0,0,0,0,0
00000255--d1d0ee73c5--40,E3,420,0,0,0,0,0,0,0,0
00000255--d1d0ee73c5--40,E4,420,0,0,0,0,0,0,0,0
00000255--d1d0ee73c5--40,E5,420,0,0,0,0,0,0,0,0
00000257--d1cacb63a0--0,E,619,30,30,0,30,0,0,0,0
00000257--d1cacb63a0--0,E1,619,0,0,0,0,0,0,0,0
00000257--d1cacb63a0--0,E2,619,30,30,0,30,0,0,0,0
00000257--d1cacb63a0--0,E3,619,30,30,0,30,0,0,0,0
00000257--d1cacb63a0--0,E4,619,0,0,0,0,0,0,0,0
00000257--d1cacb63a0--0,E5,619,42,42,2,30,1,0,0,9
00000257--d1cacb63a0--1,E,600,0,0,0,0,0,0,0,0
00000257--d1cacb63a0--1,E1,600,0,0,0,0,0,0,0,0
00000257--d1cacb63a0--1,E2,600,0,0,0,0,0,0,0,0
00000257--d1cacb63a0--1,E3,600,0,0,0,0,0,0,0,0
00000257--d1cacb63a0--1,E4,600,0,0,0,0,0,0,0,0
00000257--d1cacb63a0--1,E5,600,337,337,13,312,0,0,0,12
00000257--d1cacb63a0--10,E,599,0,0,0,0,0,0,0,0
00000257--d1cacb63a0--10,E1,599,0,0,0,0,0,0,0,0
00000257--d1cacb63a0--10,E2,599,0,0,0,0,0,0,0,0
00000257--d1cacb63a0--10,E3,599,0,0,0,0,0,0,0,0
00000257--d1cacb63a0--10,E4,599,0,0,0,0,0,0,0,0
00000257--d1cacb63a0--10,E5,599,0,0,0,0,0,0,0,0
00000257--d1cacb63a0--11,E,600,0,0,0,0,0,0,0,0
00000257--d1cacb63a0--11,E1,600,0,0,0,0,0,0,0,0
00000257--d1cacb63a0--11,E2,600,0,0,0,0,0,0,0,0
00000257--d1cacb63a0--11,E3,600,0,0,0,0,0,0,0,0
00000257--d1cacb63a0--11,E4,600,0,0,0,0,0,0,0,0
00000257--d1cacb63a0--11,E5,600,0,0,0,0,0,0,0,0
00000257--d1cacb63a0--12,E,599,0,0,0,0,0,0,0,0
00000257--d1cacb63a0--12,E1,599,0,0,0,0,0,0,0,0
00000257--d1cacb63a0--12,E2,599,0,0,0,0,0,0,0,0
00000257--d1cacb63a0--12,E3,599,0,0,0,0,0,0,0,0
00000257--d1cacb63a0--12,E4,599,0,0,0,0,0,0,0,0
00000257--d1cacb63a0--12,E5,599,3,3,0,3,0,0,0,0
00000257--d1cacb63a0--13,E,600,1,1,0,1,0,0,0,0
00000257--d1cacb63a0--13,E1,600,0,0,0,0,0,0,0,0
00000257--d1cacb63a0--13,E2,600,1,1,0,1,0,0,0,0
00000257--d1cacb63a0--13,E3,600,1,1,0,1,0,0,0,0
00000257--d1cacb63a0--13,E4,600,0,0,0,0,0,0,0,0
00000257--d1cacb63a0--13,E5,600,97,97,0,97,0,0,0,0
00000257--d1cacb63a0--14,E,599,0,0,0,0,0,0,0,0
00000257--d1cacb63a0--14,E1,599,0,0,0,0,0,0,0,0
00000257--d1cacb63a0--14,E2,599,0,0,0,0,0,0,0,0
00000257--d1cacb63a0--14,E3,599,0,0,0,0,0,0,0,0
00000257--d1cacb63a0--14,E4,599,0,0,0,0,0,0,0,0
00000257--d1cacb63a0--14,E5,599,0,0,0,0,0,0,0,0
00000257--d1cacb63a0--15,E,600,0,0,0,0,0,0,0,0
00000257--d1cacb63a0--15,E1,600,0,0,0,0,0,0,0,0
00000257--d1cacb63a0--15,E2,600,0,0,0,0,0,0,0,0
00000257--d1cacb63a0--15,E3,600,0,0,0,0,0,0,0,0
00000257--d1cacb63a0--15,E4,600,0,0,0,0,0,0,0,0
00000257--d1cacb63a0--15,E5,600,0,0,0,0,0,0,0,0
00000257--d1cacb63a0--16,E,600,0,0,0,0,0,0,0,0
00000257--d1cacb63a0--16,E1,600,0,0,0,0,0,0,0,0
00000257--d1cacb63a0--16,E2,600,0,0,0,0,0,0,0,0
00000257--d1cacb63a0--16,E3,600,0,0,0,0,0,0,0,0
00000257--d1cacb63a0--16,E4,600,0,0,0,0,0,0,0,0
00000257--d1cacb63a0--16,E5,600,0,0,0,0,0,0,0,0
00000257--d1cacb63a0--17,E,600,0,0,0,0,0,0,0,0
00000257--d1cacb63a0--17,E1,600,0,0,0,0,0,0,0,0
00000257--d1cacb63a0--17,E2,600,0,0,0,0,0,0,0,0
00000257--d1cacb63a0--17,E3,600,0,0,0,0,0,0,0,0
00000257--d1cacb63a0--17,E4,600,0,0,0,0,0,0,0,0
00000257--d1cacb63a0--17,E5,600,0,0,0,0,0,0,0,0
00000257--d1cacb63a0--18,E,600,0,0,0,0,0,0,0,0
00000257--d1cacb63a0--18,E1,600,0,0,0,0,0,0,0,0
00000257--d1cacb63a0--18,E2,600,0,0,0,0,0,0,0,0
00000257--d1cacb63a0--18,E3,600,0,0,0,0,0,0,0,0
00000257--d1cacb63a0--18,E4,600,0,0,0,0,0,0,0,0
00000257--d1cacb63a0--18,E5,600,0,0,0,0,0,0,0,0
00000257--d1cacb63a0--19,E,600,0,0,0,0,0,0,0,0
00000257--d1cacb63a0--19,E1,600,0,0,0,0,0,0,0,0
00000257--d1cacb63a0--19,E2,600,0,0,0,0,0,0,0,0
00000257--d1cacb63a0--19,E3,600,0,0,0,0,0,0,0,0
00000257--d1cacb63a0--19,E4,600,0,0,0,0,0,0,0,0
00000257--d1cacb63a0--19,E5,600,0,0,0,0,0,0,0,0
00000257--d1cacb63a0--2,E,600,0,0,0,0,0,0,0,0
00000257--d1cacb63a0--2,E1,600,0,0,0,0,0,0,0,0
00000257--d1cacb63a0--2,E2,600,0,0,0,0,0,0,0,0
00000257--d1cacb63a0--2,E3,600,0,0,0,0,0,0,0,0
00000257--d1cacb63a0--2,E4,600,0,0,0,0,0,0,0,0
00000257--d1cacb63a0--2,E5,600,224,224,0,0,0,0,0,224
00000257--d1cacb63a0--20,E,600,0,0,0,0,0,0,0,0
00000257--d1cacb63a0--20,E1,600,0,0,0,0,0,0,0,0
00000257--d1cacb63a0--20,E2,600,0,0,0,0,0,0,0,0
00000257--d1cacb63a0--20,E3,600,0,0,0,0,0,0,0,0
00000257--d1cacb63a0--20,E4,600,0,0,0,0,0,0,0,0
00000257--d1cacb63a0--20,E5,600,0,0,0,0,0,0,0,0
00000257--d1cacb63a0--21,E,600,0,0,0,0,0,0,0,0
00000257--d1cacb63a0--21,E1,600,0,0,0,0,0,0,0,0
00000257--d1cacb63a0--21,E2,600,0,0,0,0,0,0,0,0
00000257--d1cacb63a0--21,E3,600,0,0,0,0,0,0,0,0
00000257--d1cacb63a0--21,E4,600,0,0,0,0,0,0,0,0
00000257--d1cacb63a0--21,E5,600,0,0,0,0,0,0,0,0
00000257--d1cacb63a0--22,E,600,0,0,0,0,0,0,0,0
00000257--d1cacb63a0--22,E1,600,0,0,0,0,0,0,0,0
00000257--d1cacb63a0--22,E2,600,0,0,0,0,0,0,0,0
00000257--d1cacb63a0--22,E3,600,0,0,0,0,0,0,0,0
00000257--d1cacb63a0--22,E4,600,0,0,0,0,0,0,0,0
00000257--d1cacb63a0--22,E5,600,11,11,0,11,0,0,0,0
00000257--d1cacb63a0--23,E,600,0,0,0,0,0,0,0,0
00000257--d1cacb63a0--23,E1,600,0,0,0,0,0,0,0,0
00000257--d1cacb63a0--23,E2,600,0,0,0,0,0,0,0,0
00000257--d1cacb63a0--23,E3,600,0,0,0,0,0,0,0,0
00000257--d1cacb63a0--23,E4,600,0,0,0,0,0,0,0,0
00000257--d1cacb63a0--23,E5,600,0,0,0,0,0,0,0,0
00000257--d1cacb63a0--24,E,600,0,0,0,0,0,0,0,0
00000257--d1cacb63a0--24,E1,600,0,0,0,0,0,0,0,0
00000257--d1cacb63a0--24,E2,600,0,0,0,0,0,0,0,0
00000257--d1cacb63a0--24,E3,600,0,0,0,0,0,0,0,0
00000257--d1cacb63a0--24,E4,600,0,0,0,0,0,0,0,0
00000257--d1cacb63a0--24,E5,600,0,0,0,0,0,0,0,0
00000257--d1cacb63a0--25,E,600,0,0,0,0,0,0,0,0
00000257--d1cacb63a0--25,E1,600,0,0,0,0,0,0,0,0
00000257--d1cacb63a0--25,E2,600,0,0,0,0,0,0,0,0
00000257--d1cacb63a0--25,E3,600,0,0,0,0,0,0,0,0
00000257--d1cacb63a0--25,E4,600,0,0,0,0,0,0,0,0
00000257--d1cacb63a0--25,E5,600,217,217,0,0,0,0,0,217
00000257--d1cacb63a0--26,E,600,0,0,0,0,0,0,0,0
00000257--d1cacb63a0--26,E1,600,0,0,0,0,0,0,0,0
00000257--d1cacb63a0--26,E2,600,0,0,0,0,0,0,0,0
00000257--d1cacb63a0--26,E3,600,0,0,0,0,0,0,0,0
00000257--d1cacb63a0--26,E4,600,0,0,0,0,0,0,0,0
00000257--d1cacb63a0--26,E5,600,42,42,1,34,0,0,0,7
00000257--d1cacb63a0--27,E,600,0,0,0,0,0,0,0,0
00000257--d1cacb63a0--27,E1,600,0,0,0,0,0,0,0,0
00000257--d1cacb63a0--27,E2,600,0,0,0,0,0,0,0,0
00000257--d1cacb63a0--27,E3,600,0,0,0,0,0,0,0,0
00000257--d1cacb63a0--27,E4,600,0,0,0,0,0,0,0,0
00000257--d1cacb63a0--27,E5,600,447,447,0,323,0,0,0,124
00000257--d1cacb63a0--28,E,600,0,0,0,0,0,0,0,0
00000257--d1cacb63a0--28,E1,600,0,0,0,0,0,0,0,0
00000257--d1cacb63a0--28,E2,600,0,0,0,0,0,0,0,0
00000257--d1cacb63a0--28,E3,600,0,0,0,0,0,0,0,0
00000257--d1cacb63a0--28,E4,600,0,0,0,0,0,0,0,0
00000257--d1cacb63a0--28,E5,600,10,10,0,10,0,0,0,0
00000257--d1cacb63a0--29,E,599,0,0,0,0,0,0,0,0
00000257--d1cacb63a0--29,E1,599,0,0,0,0,0,0,0,0
00000257--d1cacb63a0--29,E2,599,0,0,0,0,0,0,0,0
00000257--d1cacb63a0--29,E3,599,0,0,0,0,0,0,0,0
00000257--d1cacb63a0--29,E4,599,0,0,0,0,0,0,0,0
00000257--d1cacb63a0--29,E5,599,8,8,0,7,0,0,0,1
00000257--d1cacb63a0--3,E,600,0,0,0,0,0,0,0,0
00000257--d1cacb63a0--3,E1,600,0,0,0,0,0,0,0,0
00000257--d1cacb63a0--3,E2,600,0,0,0,0,0,0,0,0
00000257--d1cacb63a0--3,E3,600,0,0,0,0,0,0,0,0
00000257--d1cacb63a0--3,E4,600,0,0,0,0,0,0,0,0
00000257--d1cacb63a0--3,E5,600,186,186,0,0,0,0,0,186
00000257--d1cacb63a0--30,E,600,0,0,0,0,0,0,0,0
00000257--d1cacb63a0--30,E1,600,0,0,0,0,0,0,0,0
00000257--d1cacb63a0--30,E2,600,0,0,0,0,0,0,0,0
00000257--d1cacb63a0--30,E3,600,0,0,0,0,0,0,0,0
00000257--d1cacb63a0--30,E4,600,0,0,0,0,0,0,0,0
00000257--d1cacb63a0--30,E5,600,7,7,0,0,0,0,0,7
00000257--d1cacb63a0--31,E,431,0,0,0,0,0,0,0,0
00000257--d1cacb63a0--31,E1,431,0,0,0,0,0,0,0,0
00000257--d1cacb63a0--31,E2,431,0,0,0,0,0,0,0,0
00000257--d1cacb63a0--31,E3,431,0,0,0,0,0,0,0,0
00000257--d1cacb63a0--31,E4,431,0,0,0,0,0,0,0,0
00000257--d1cacb63a0--31,E5,431,0,0,0,0,0,0,0,0
00000257--d1cacb63a0--4,E,600,0,0,0,0,0,0,0,0
00000257--d1cacb63a0--4,E1,600,0,0,0,0,0,0,0,0
00000257--d1cacb63a0--4,E2,600,0,0,0,0,0,0,0,0
00000257--d1cacb63a0--4,E3,600,0,0,0,0,0,0,0,0
00000257--d1cacb63a0--4,E4,600,0,0,0,0,0,0,0,0
00000257--d1cacb63a0--4,E5,600,0,0,0,0,0,0,0,0
00000257--d1cacb63a0--5,E,600,0,0,0,0,0,0,0,0
00000257--d1cacb63a0--5,E1,600,0,0,0,0,0,0,0,0
00000257--d1cacb63a0--5,E2,600,0,0,0,0,0,0,0,0
00000257--d1cacb63a0--5,E3,600,0,0,0,0,0,0,0,0
00000257--d1cacb63a0--5,E4,600,0,0,0,0,0,0,0,0
00000257--d1cacb63a0--5,E5,600,7,7,1,6,0,0,0,0
00000257--d1cacb63a0--6,E,599,0,0,0,0,0,0,0,0
00000257--d1cacb63a0--6,E1,599,0,0,0,0,0,0,0,0
00000257--d1cacb63a0--6,E2,599,0,0,0,0,0,0,0,0
00000257--d1cacb63a0--6,E3,599,0,0,0,0,0,0,0,0
00000257--d1cacb63a0--6,E4,599,0,0,0,0,0,0,0,0
00000257--d1cacb63a0--6,E5,599,498,498,0,495,0,0,0,3
00000257--d1cacb63a0--7,E,599,0,0,0,0,0,0,0,0
00000257--d1cacb63a0--7,E1,599,0,0,0,0,0,0,0,0
00000257--d1cacb63a0--7,E2,599,0,0,0,0,0,0,0,0
00000257--d1cacb63a0--7,E3,599,0,0,0,0,0,0,0,0
00000257--d1cacb63a0--7,E4,599,0,0,0,0,0,0,0,0
00000257--d1cacb63a0--7,E5,599,0,0,0,0,0,0,0,0
00000257--d1cacb63a0--8,E,599,0,0,0,0,0,0,0,0
00000257--d1cacb63a0--8,E1,599,0,0,0,0,0,0,0,0
00000257--d1cacb63a0--8,E2,599,0,0,0,0,0,0,0,0
00000257--d1cacb63a0--8,E3,599,0,0,0,0,0,0,0,0
00000257--d1cacb63a0--8,E4,599,0,0,0,0,0,0,0,0
00000257--d1cacb63a0--8,E5,599,0,0,0,0,0,0,0,0
00000257--d1cacb63a0--9,E,599,0,0,0,0,0,0,0,0
00000257--d1cacb63a0--9,E1,599,0,0,0,0,0,0,0,0
00000257--d1cacb63a0--9,E2,599,0,0,0,0,0,0,0,0
00000257--d1cacb63a0--9,E3,599,0,0,0,0,0,0,0,0
00000257--d1cacb63a0--9,E4,599,0,0,0,0,0,0,0,0
00000257--d1cacb63a0--9,E5,599,0,0,0,0,0,0,0,0
00000259--f920fb6ddd--0,E,622,0,0,0,0,0,0,0,0
00000259--f920fb6ddd--0,E1,622,0,0,0,0,0,0,0,0
00000259--f920fb6ddd--0,E2,622,0,0,0,0,0,0,0,0
00000259--f920fb6ddd--0,E3,622,0,0,0,0,0,0,0,0
00000259--f920fb6ddd--0,E4,622,0,0,0,0,0,0,0,0
00000259--f920fb6ddd--0,E5,622,4,4,0,3,0,0,0,1
00000259--f920fb6ddd--1,E,600,418,418,0,418,0,0,0,0
00000259--f920fb6ddd--1,E1,600,0,0,0,0,0,0,0,0
00000259--f920fb6ddd--1,E2,600,418,418,0,418,0,0,0,0
00000259--f920fb6ddd--1,E3,600,418,418,0,418,0,0,0,0
00000259--f920fb6ddd--1,E4,600,418,418,0,418,0,0,0,0
00000259--f920fb6ddd--1,E5,600,420,420,0,419,0,0,0,1
00000259--f920fb6ddd--10,E,600,0,0,0,0,0,0,0,0
00000259--f920fb6ddd--10,E1,600,0,0,0,0,0,0,0,0
00000259--f920fb6ddd--10,E2,600,0,0,0,0,0,0,0,0
00000259--f920fb6ddd--10,E3,600,0,0,0,0,0,0,0,0
00000259--f920fb6ddd--10,E4,600,0,0,0,0,0,0,0,0
00000259--f920fb6ddd--10,E5,600,101,101,0,101,0,0,0,0
00000259--f920fb6ddd--11,E,600,0,0,0,0,0,0,0,0
00000259--f920fb6ddd--11,E1,600,0,0,0,0,0,0,0,0
00000259--f920fb6ddd--11,E2,600,0,0,0,0,0,0,0,0
00000259--f920fb6ddd--11,E3,600,0,0,0,0,0,0,0,0
00000259--f920fb6ddd--11,E4,600,0,0,0,0,0,0,0,0
00000259--f920fb6ddd--11,E5,600,0,0,0,0,0,0,0,0
00000259--f920fb6ddd--12,E,600,0,0,0,0,0,0,0,0
00000259--f920fb6ddd--12,E1,600,0,0,0,0,0,0,0,0
00000259--f920fb6ddd--12,E2,600,0,0,0,0,0,0,0,0
00000259--f920fb6ddd--12,E3,600,0,0,0,0,0,0,0,0
00000259--f920fb6ddd--12,E4,600,0,0,0,0,0,0,0,0
00000259--f920fb6ddd--12,E5,600,0,0,0,0,0,0,0,0
00000259--f920fb6ddd--13,E,600,9,9,0,9,0,0,0,0
00000259--f920fb6ddd--13,E1,600,9,9,0,9,0,0,0,0
00000259--f920fb6ddd--13,E2,600,9,9,0,9,0,0,0,0
00000259--f920fb6ddd--13,E3,600,9,9,0,9,0,0,0,0
00000259--f920fb6ddd--13,E4,600,0,0,0,0,0,0,0,0
00000259--f920fb6ddd--13,E5,600,33,33,0,28,1,4,0,0
00000259--f920fb6ddd--14,E,600,0,0,0,0,0,0,0,0
00000259--f920fb6ddd--14,E1,600,0,0,0,0,0,0,0,0
00000259--f920fb6ddd--14,E2,600,0,0,0,0,0,0,0,0
00000259--f920fb6ddd--14,E3,600,0,0,0,0,0,0,0,0
00000259--f920fb6ddd--14,E4,600,0,0,0,0,0,0,0,0
00000259--f920fb6ddd--14,E5,600,0,0,0,0,0,0,0,0
00000259--f920fb6ddd--15,E,600,0,0,0,0,0,0,0,0
00000259--f920fb6ddd--15,E1,600,0,0,0,0,0,0,0,0
00000259--f920fb6ddd--15,E2,600,0,0,0,0,0,0,0,0
00000259--f920fb6ddd--15,E3,600,0,0,0,0,0,0,0,0
00000259--f920fb6ddd--15,E4,600,0,0,0,0,0,0,0,0
00000259--f920fb6ddd--15,E5,600,179,179,0,179,0,0,0,0
00000259--f920fb6ddd--16,E,599,0,0,0,0,0,0,0,0
00000259--f920fb6ddd--16,E1,599,0,0,0,0,0,0,0,0
00000259--f920fb6ddd--16,E2,599,0,0,0,0,0,0,0,0
00000259--f920fb6ddd--16,E3,599,0,0,0,0,0,0,0,0
00000259--f920fb6ddd--16,E4,599,0,0,0,0,0,0,0,0
00000259--f920fb6ddd--16,E5,599,0,0,0,0,0,0,0,0
00000259--f920fb6ddd--17,E,600,0,0,0,0,0,0,0,0
00000259--f920fb6ddd--17,E1,600,0,0,0,0,0,0,0,0
00000259--f920fb6ddd--17,E2,600,0,0,0,0,0,0,0,0
00000259--f920fb6ddd--17,E3,600,0,0,0,0,0,0,0,0
00000259--f920fb6ddd--17,E4,600,0,0,0,0,0,0,0,0
00000259--f920fb6ddd--17,E5,600,0,0,0,0,0,0,0,0
00000259--f920fb6ddd--18,E,600,0,0,0,0,0,0,0,0
00000259--f920fb6ddd--18,E1,600,0,0,0,0,0,0,0,0
00000259--f920fb6ddd--18,E2,600,0,0,0,0,0,0,0,0
00000259--f920fb6ddd--18,E3,600,0,0,0,0,0,0,0,0
00000259--f920fb6ddd--18,E4,600,0,0,0,0,0,0,0,0
00000259--f920fb6ddd--18,E5,600,0,0,0,0,0,0,0,0
00000259--f920fb6ddd--19,E,599,0,0,0,0,0,0,0,0
00000259--f920fb6ddd--19,E1,599,0,0,0,0,0,0,0,0
00000259--f920fb6ddd--19,E2,599,0,0,0,0,0,0,0,0
00000259--f920fb6ddd--19,E3,599,0,0,0,0,0,0,0,0
00000259--f920fb6ddd--19,E4,599,0,0,0,0,0,0,0,0
00000259--f920fb6ddd--19,E5,599,0,0,0,0,0,0,0,0
00000259--f920fb6ddd--2,E,600,0,0,0,0,0,0,0,0
00000259--f920fb6ddd--2,E1,600,0,0,0,0,0,0,0,0
00000259--f920fb6ddd--2,E2,600,0,0,0,0,0,0,0,0
00000259--f920fb6ddd--2,E3,600,0,0,0,0,0,0,0,0
00000259--f920fb6ddd--2,E4,600,0,0,0,0,0,0,0,0
00000259--f920fb6ddd--2,E5,600,435,435,0,9,0,0,0,426
00000259--f920fb6ddd--20,E,600,0,0,0,0,0,0,0,0
00000259--f920fb6ddd--20,E1,600,0,0,0,0,0,0,0,0
00000259--f920fb6ddd--20,E2,600,0,0,0,0,0,0,0,0
00000259--f920fb6ddd--20,E3,600,0,0,0,0,0,0,0,0
00000259--f920fb6ddd--20,E4,600,0,0,0,0,0,0,0,0
00000259--f920fb6ddd--20,E5,600,0,0,0,0,0,0,0,0
00000259--f920fb6ddd--21,E,599,0,0,0,0,0,0,0,0
00000259--f920fb6ddd--21,E1,599,0,0,0,0,0,0,0,0
00000259--f920fb6ddd--21,E2,599,0,0,0,0,0,0,0,0
00000259--f920fb6ddd--21,E3,599,0,0,0,0,0,0,0,0
00000259--f920fb6ddd--21,E4,599,0,0,0,0,0,0,0,0
00000259--f920fb6ddd--21,E5,599,0,0,0,0,0,0,0,0
00000259--f920fb6ddd--22,E,599,0,0,0,0,0,0,0,0
00000259--f920fb6ddd--22,E1,599,0,0,0,0,0,0,0,0
00000259--f920fb6ddd--22,E2,599,0,0,0,0,0,0,0,0
00000259--f920fb6ddd--22,E3,599,0,0,0,0,0,0,0,0
00000259--f920fb6ddd--22,E4,599,0,0,0,0,0,0,0,0
00000259--f920fb6ddd--22,E5,599,0,0,0,0,0,0,0,0
00000259--f920fb6ddd--23,E,599,0,0,0,0,0,0,0,0
00000259--f920fb6ddd--23,E1,599,0,0,0,0,0,0,0,0
00000259--f920fb6ddd--23,E2,599,0,0,0,0,0,0,0,0
00000259--f920fb6ddd--23,E3,599,0,0,0,0,0,0,0,0
00000259--f920fb6ddd--23,E4,599,0,0,0,0,0,0,0,0
00000259--f920fb6ddd--23,E5,599,0,0,0,0,0,0,0,0
00000259--f920fb6ddd--24,E,599,0,0,0,0,0,0,0,0
00000259--f920fb6ddd--24,E1,599,0,0,0,0,0,0,0,0
00000259--f920fb6ddd--24,E2,599,0,0,0,0,0,0,0,0
00000259--f920fb6ddd--24,E3,599,0,0,0,0,0,0,0,0
00000259--f920fb6ddd--24,E4,599,0,0,0,0,0,0,0,0
00000259--f920fb6ddd--24,E5,599,0,0,0,0,0,0,0,0
00000259--f920fb6ddd--25,E,600,22,22,0,22,0,0,0,0
00000259--f920fb6ddd--25,E1,600,0,0,0,0,0,0,0,0
00000259--f920fb6ddd--25,E2,600,22,22,0,22,0,0,0,0
00000259--f920fb6ddd--25,E3,600,22,22,0,22,0,0,0,0
00000259--f920fb6ddd--25,E4,600,22,22,0,22,0,0,0,0
00000259--f920fb6ddd--25,E5,600,454,454,0,454,0,0,0,0
00000259--f920fb6ddd--26,E,598,0,0,0,0,0,0,0,0
00000259--f920fb6ddd--26,E1,598,0,0,0,0,0,0,0,0
00000259--f920fb6ddd--26,E2,598,0,0,0,0,0,0,0,0
00000259--f920fb6ddd--26,E3,598,0,0,0,0,0,0,0,0
00000259--f920fb6ddd--26,E4,598,0,0,0,0,0,0,0,0
00000259--f920fb6ddd--26,E5,598,0,0,0,0,0,0,0,0
00000259--f920fb6ddd--27,E,599,0,0,0,0,0,0,0,0
00000259--f920fb6ddd--27,E1,599,0,0,0,0,0,0,0,0
00000259--f920fb6ddd--27,E2,599,0,0,0,0,0,0,0,0
00000259--f920fb6ddd--27,E3,599,0,0,0,0,0,0,0,0
00000259--f920fb6ddd--27,E4,599,0,0,0,0,0,0,0,0
00000259--f920fb6ddd--27,E5,599,0,0,0,0,0,0,0,0
00000259--f920fb6ddd--28,E,600,129,129,0,129,0,0,0,0
00000259--f920fb6ddd--28,E1,600,0,0,0,0,0,0,0,0
00000259--f920fb6ddd--28,E2,600,129,129,0,129,0,0,0,0
00000259--f920fb6ddd--28,E3,600,129,129,0,129,0,0,0,0
00000259--f920fb6ddd--28,E4,600,0,0,0,0,0,0,0,0
00000259--f920fb6ddd--28,E5,600,129,129,0,129,0,0,0,0
00000259--f920fb6ddd--29,E,600,0,0,0,0,0,0,0,0
00000259--f920fb6ddd--29,E1,600,0,0,0,0,0,0,0,0
00000259--f920fb6ddd--29,E2,600,0,0,0,0,0,0,0,0
00000259--f920fb6ddd--29,E3,600,0,0,0,0,0,0,0,0
00000259--f920fb6ddd--29,E4,600,0,0,0,0,0,0,0,0
00000259--f920fb6ddd--29,E5,600,0,0,0,0,0,0,0,0
00000259--f920fb6ddd--3,E,600,0,0,0,0,0,0,0,0
00000259--f920fb6ddd--3,E1,600,0,0,0,0,0,0,0,0
00000259--f920fb6ddd--3,E2,600,0,0,0,0,0,0,0,0
00000259--f920fb6ddd--3,E3,600,0,0,0,0,0,0,0,0
00000259--f920fb6ddd--3,E4,600,0,0,0,0,0,0,0,0
00000259--f920fb6ddd--3,E5,600,0,0,0,0,0,0,0,0
00000259--f920fb6ddd--30,E,600,0,0,0,0,0,0,0,0
00000259--f920fb6ddd--30,E1,600,0,0,0,0,0,0,0,0
00000259--f920fb6ddd--30,E2,600,0,0,0,0,0,0,0,0
00000259--f920fb6ddd--30,E3,600,0,0,0,0,0,0,0,0
00000259--f920fb6ddd--30,E4,600,0,0,0,0,0,0,0,0
00000259--f920fb6ddd--30,E5,600,0,0,0,0,0,0,0,0
00000259--f920fb6ddd--31,E,600,0,0,0,0,0,0,0,0
00000259--f920fb6ddd--31,E1,600,0,0,0,0,0,0,0,0
00000259--f920fb6ddd--31,E2,600,0,0,0,0,0,0,0,0
00000259--f920fb6ddd--31,E3,600,0,0,0,0,0,0,0,0
00000259--f920fb6ddd--31,E4,600,0,0,0,0,0,0,0,0
00000259--f920fb6ddd--31,E5,600,0,0,0,0,0,0,0,0
00000259--f920fb6ddd--32,E,600,0,0,0,0,0,0,0,0
00000259--f920fb6ddd--32,E1,600,0,0,0,0,0,0,0,0
00000259--f920fb6ddd--32,E2,600,0,0,0,0,0,0,0,0
00000259--f920fb6ddd--32,E3,600,0,0,0,0,0,0,0,0
00000259--f920fb6ddd--32,E4,600,0,0,0,0,0,0,0,0
00000259--f920fb6ddd--32,E5,600,150,150,0,0,0,0,0,150
00000259--f920fb6ddd--33,E,600,0,0,0,0,0,0,0,0
00000259--f920fb6ddd--33,E1,600,0,0,0,0,0,0,0,0
00000259--f920fb6ddd--33,E2,600,0,0,0,0,0,0,0,0
00000259--f920fb6ddd--33,E3,600,0,0,0,0,0,0,0,0
00000259--f920fb6ddd--33,E4,600,0,0,0,0,0,0,0,0
00000259--f920fb6ddd--33,E5,600,0,0,0,0,0,0,0,0
00000259--f920fb6ddd--34,E,600,0,0,0,0,0,0,0,0
00000259--f920fb6ddd--34,E1,600,0,0,0,0,0,0,0,0
00000259--f920fb6ddd--34,E2,600,0,0,0,0,0,0,0,0
00000259--f920fb6ddd--34,E3,600,0,0,0,0,0,0,0,0
00000259--f920fb6ddd--34,E4,600,0,0,0,0,0,0,0,0
00000259--f920fb6ddd--34,E5,600,0,0,0,0,0,0,0,0
00000259--f920fb6ddd--35,E,600,0,0,0,0,0,0,0,0
00000259--f920fb6ddd--35,E1,600,0,0,0,0,0,0,0,0
00000259--f920fb6ddd--35,E2,600,0,0,0,0,0,0,0,0
00000259--f920fb6ddd--35,E3,600,0,0,0,0,0,0,0,0
00000259--f920fb6ddd--35,E4,600,0,0,0,0,0,0,0,0
00000259--f920fb6ddd--35,E5,600,0,0,0,0,0,0,0,0
00000259--f920fb6ddd--36,E,600,0,0,0,0,0,0,0,0
00000259--f920fb6ddd--36,E1,600,0,0,0,0,0,0,0,0
00000259--f920fb6ddd--36,E2,600,0,0,0,0,0,0,0,0
00000259--f920fb6ddd--36,E3,600,0,0,0,0,0,0,0,0
00000259--f920fb6ddd--36,E4,600,0,0,0,0,0,0,0,0
00000259--f920fb6ddd--36,E5,600,0,0,0,0,0,0,0,0
00000259--f920fb6ddd--37,E,600,0,0,0,0,0,0,0,0
00000259--f920fb6ddd--37,E1,600,0,0,0,0,0,0,0,0
00000259--f920fb6ddd--37,E2,600,0,0,0,0,0,0,0,0
00000259--f920fb6ddd--37,E3,600,0,0,0,0,0,0,0,0
00000259--f920fb6ddd--37,E4,600,0,0,0,0,0,0,0,0
00000259--f920fb6ddd--37,E5,600,0,0,0,0,0,0,0,0
00000259--f920fb6ddd--38,E,600,0,0,0,0,0,0,0,0
00000259--f920fb6ddd--38,E1,600,0,0,0,0,0,0,0,0
00000259--f920fb6ddd--38,E2,600,0,0,0,0,0,0,0,0
00000259--f920fb6ddd--38,E3,600,0,0,0,0,0,0,0,0
00000259--f920fb6ddd--38,E4,600,0,0,0,0,0,0,0,0
00000259--f920fb6ddd--38,E5,600,0,0,0,0,0,0,0,0
00000259--f920fb6ddd--39,E,600,0,0,0,0,0,0,0,0
00000259--f920fb6ddd--39,E1,600,0,0,0,0,0,0,0,0
00000259--f920fb6ddd--39,E2,600,0,0,0,0,0,0,0,0
00000259--f920fb6ddd--39,E3,600,0,0,0,0,0,0,0,0
00000259--f920fb6ddd--39,E4,600,0,0,0,0,0,0,0,0
00000259--f920fb6ddd--39,E5,600,0,0,0,0,0,0,0,0
00000259--f920fb6ddd--4,E,600,0,0,0,0,0,0,0,0
00000259--f920fb6ddd--4,E1,600,0,0,0,0,0,0,0,0
00000259--f920fb6ddd--4,E2,600,0,0,0,0,0,0,0,0
00000259--f920fb6ddd--4,E3,600,0,0,0,0,0,0,0,0
00000259--f920fb6ddd--4,E4,600,0,0,0,0,0,0,0,0
00000259--f920fb6ddd--4,E5,600,0,0,0,0,0,0,0,0
00000259--f920fb6ddd--40,E,600,0,0,0,0,0,0,0,0
00000259--f920fb6ddd--40,E1,600,0,0,0,0,0,0,0,0
00000259--f920fb6ddd--40,E2,600,0,0,0,0,0,0,0,0
00000259--f920fb6ddd--40,E3,600,0,0,0,0,0,0,0,0
00000259--f920fb6ddd--40,E4,600,0,0,0,0,0,0,0,0
00000259--f920fb6ddd--40,E5,600,0,0,0,0,0,0,0,0
00000259--f920fb6ddd--41,E,600,1,1,0,1,0,0,0,0
00000259--f920fb6ddd--41,E1,600,0,0,0,0,0,0,0,0
00000259--f920fb6ddd--41,E2,600,1,1,0,1,0,0,0,0
00000259--f920fb6ddd--41,E3,600,1,1,0,1,0,0,0,0
00000259--f920fb6ddd--41,E4,600,0,0,0,0,0,0,0,0
00000259--f920fb6ddd--41,E5,600,146,146,4,84,0,0,0,58
00000259--f920fb6ddd--42,E,66,0,0,0,0,0,0,0,0
00000259--f920fb6ddd--42,E1,66,0,0,0,0,0,0,0,0
00000259--f920fb6ddd--42,E2,66,0,0,0,0,0,0,0,0
00000259--f920fb6ddd--42,E3,66,0,0,0,0,0,0,0,0
00000259--f920fb6ddd--42,E4,66,0,0,0,0,0,0,0,0
00000259--f920fb6ddd--42,E5,66,55,55,4,0,0,0,0,51
00000259--f920fb6ddd--5,E,600,0,0,0,0,0,0,0,0
00000259--f920fb6ddd--5,E1,600,0,0,0,0,0,0,0,0
00000259--f920fb6ddd--5,E2,600,0,0,0,0,0,0,0,0
00000259--f920fb6ddd--5,E3,600,0,0,0,0,0,0,0,0
00000259--f920fb6ddd--5,E4,600,0,0,0,0,0,0,0,0
00000259--f920fb6ddd--5,E5,600,178,178,0,5,0,0,0,173
00000259--f920fb6ddd--6,E,600,0,0,0,0,0,0,0,0
00000259--f920fb6ddd--6,E1,600,0,0,0,0,0,0,0,0
00000259--f920fb6ddd--6,E2,600,0,0,0,0,0,0,0,0
00000259--f920fb6ddd--6,E3,600,0,0,0,0,0,0,0,0
00000259--f920fb6ddd--6,E4,600,0,0,0,0,0,0,0,0
00000259--f920fb6ddd--6,E5,600,0,0,0,0,0,0,0,0
00000259--f920fb6ddd--7,E,600,0,0,0,0,0,0,0,0
00000259--f920fb6ddd--7,E1,600,0,0,0,0,0,0,0,0
00000259--f920fb6ddd--7,E2,600,0,0,0,0,0,0,0,0
00000259--f920fb6ddd--7,E3,600,0,0,0,0,0,0,0,0
00000259--f920fb6ddd--7,E4,600,0,0,0,0,0,0,0,0
00000259--f920fb6ddd--7,E5,600,0,0,0,0,0,0,0,0
00000259--f920fb6ddd--8,E,600,0,0,0,0,0,0,0,0
00000259--f920fb6ddd--8,E1,600,0,0,0,0,0,0,0,0
00000259--f920fb6ddd--8,E2,600,0,0,0,0,0,0,0,0
00000259--f920fb6ddd--8,E3,600,0,0,0,0,0,0,0,0
00000259--f920fb6ddd--8,E4,600,0,0,0,0,0,0,0,0
00000259--f920fb6ddd--8,E5,600,0,0,0,0,0,0,0,0
00000259--f920fb6ddd--9,E,600,0,0,0,0,0,0,0,0
00000259--f920fb6ddd--9,E1,600,0,0,0,0,0,0,0,0
00000259--f920fb6ddd--9,E2,600,0,0,0,0,0,0,0,0
00000259--f920fb6ddd--9,E3,600,0,0,0,0,0,0,0,0
00000259--f920fb6ddd--9,E4,600,0,0,0,0,0,0,0,0
00000259--f920fb6ddd--9,E5,600,0,0,0,0,0,0,0,0
0000025b--22177da8d7--0,E,620,0,0,0,0,0,0,0,0
0000025b--22177da8d7--0,E1,620,0,0,0,0,0,0,0,0
0000025b--22177da8d7--0,E2,620,0,0,0,0,0,0,0,0
0000025b--22177da8d7--0,E3,620,0,0,0,0,0,0,0,0
0000025b--22177da8d7--0,E4,620,0,0,0,0,0,0,0,0
0000025b--22177da8d7--0,E5,620,100,100,0,68,8,0,0,24
0000025b--22177da8d7--1,E,600,0,0,0,0,0,0,0,0
0000025b--22177da8d7--1,E1,600,0,0,0,0,0,0,0,0
0000025b--22177da8d7--1,E2,600,0,0,0,0,0,0,0,0
0000025b--22177da8d7--1,E3,600,0,0,0,0,0,0,0,0
0000025b--22177da8d7--1,E4,600,0,0,0,0,0,0,0,0
0000025b--22177da8d7--1,E5,600,598,598,8,0,0,0,0,590
0000025b--22177da8d7--2,E,600,0,0,0,0,0,0,0,0
0000025b--22177da8d7--2,E1,600,0,0,0,0,0,0,0,0
0000025b--22177da8d7--2,E2,600,0,0,0,0,0,0,0,0
0000025b--22177da8d7--2,E3,600,0,0,0,0,0,0,0,0
0000025b--22177da8d7--2,E4,600,0,0,0,0,0,0,0,0
0000025b--22177da8d7--2,E5,600,21,21,0,0,0,0,0,21
0000025b--22177da8d7--3,E,600,0,0,0,0,0,0,0,0
0000025b--22177da8d7--3,E1,600,0,0,0,0,0,0,0,0
0000025b--22177da8d7--3,E2,600,0,0,0,0,0,0,0,0
0000025b--22177da8d7--3,E3,600,0,0,0,0,0,0,0,0
0000025b--22177da8d7--3,E4,600,0,0,0,0,0,0,0,0
0000025b--22177da8d7--3,E5,600,0,0,0,0,0,0,0,0
0000025c--0795289e2c--1,E,600,0,0,0,0,0,0,0,0
0000025c--0795289e2c--1,E1,600,0,0,0,0,0,0,0,0
0000025c--0795289e2c--1,E2,600,0,0,0,0,0,0,0,0
0000025c--0795289e2c--1,E3,600,0,0,0,0,0,0,0,0
0000025c--0795289e2c--1,E4,600,0,0,0,0,0,0,0,0
0000025c--0795289e2c--1,E5,600,0,0,0,0,0,0,0,0
0000025c--0795289e2c--2,E,600,0,0,0,0,0,0,0,0
0000025c--0795289e2c--2,E1,600,0,0,0,0,0,0,0,0
0000025c--0795289e2c--2,E2,600,0,0,0,0,0,0,0,0
0000025c--0795289e2c--2,E3,600,0,0,0,0,0,0,0,0
0000025c--0795289e2c--2,E4,600,0,0,0,0,0,0,0,0
0000025c--0795289e2c--2,E5,600,0,0,0,0,0,0,0,0
0000025c--0795289e2c--3,E,600,0,0,0,0,0,0,0,0
0000025c--0795289e2c--3,E1,600,0,0,0,0,0,0,0,0
0000025c--0795289e2c--3,E2,600,0,0,0,0,0,0,0,0
0000025c--0795289e2c--3,E3,600,0,0,0,0,0,0,0,0
0000025c--0795289e2c--3,E4,600,0,0,0,0,0,0,0,0
0000025c--0795289e2c--3,E5,600,103,103,0,103,0,0,0,0
0000025c--0795289e2c--4,E,600,0,0,0,0,0,0,0,0
0000025c--0795289e2c--4,E1,600,0,0,0,0,0,0,0,0
0000025c--0795289e2c--4,E2,600,0,0,0,0,0,0,0,0
0000025c--0795289e2c--4,E3,600,0,0,0,0,0,0,0,0
0000025c--0795289e2c--4,E4,600,0,0,0,0,0,0,0,0
0000025c--0795289e2c--4,E5,600,0,0,0,0,0,0,0,0
0000025c--0795289e2c--5,E,600,0,0,0,0,0,0,0,0
0000025c--0795289e2c--5,E1,600,0,0,0,0,0,0,0,0
0000025c--0795289e2c--5,E2,600,0,0,0,0,0,0,0,0
0000025c--0795289e2c--5,E3,600,0,0,0,0,0,0,0,0
0000025c--0795289e2c--5,E4,600,0,0,0,0,0,0,0,0
0000025c--0795289e2c--5,E5,600,0,0,0,0,0,0,0,0
0000025c--0795289e2c--6,E,599,0,0,0,0,0,0,0,0
0000025c--0795289e2c--6,E1,599,0,0,0,0,0,0,0,0
0000025c--0795289e2c--6,E2,599,0,0,0,0,0,0,0,0
0000025c--0795289e2c--6,E3,599,0,0,0,0,0,0,0,0
0000025c--0795289e2c--6,E4,599,0,0,0,0,0,0,0,0
0000025c--0795289e2c--6,E5,599,0,0,0,0,0,0,0,0
0000025c--0795289e2c--7,E,600,0,0,0,0,0,0,0,0
0000025c--0795289e2c--7,E1,600,0,0,0,0,0,0,0,0
0000025c--0795289e2c--7,E2,600,0,0,0,0,0,0,0,0
0000025c--0795289e2c--7,E3,600,0,0,0,0,0,0,0,0
0000025c--0795289e2c--7,E4,600,0,0,0,0,0,0,0,0
0000025c--0795289e2c--7,E5,600,0,0,0,0,0,0,0,0
0000025c--0795289e2c--8,E,600,0,0,0,0,0,0,0,0
0000025c--0795289e2c--8,E1,600,0,0,0,0,0,0,0,0
0000025c--0795289e2c--8,E2,600,0,0,0,0,0,0,0,0
0000025c--0795289e2c--8,E3,600,0,0,0,0,0,0,0,0
0000025c--0795289e2c--8,E4,600,0,0,0,0,0,0,0,0
0000025c--0795289e2c--8,E5,600,0,0,0,0,0,0,0,0
0000025d--70dff69b9d--0,E,621,0,0,0,0,0,0,0,0
0000025d--70dff69b9d--0,E1,621,0,0,0,0,0,0,0,0
0000025d--70dff69b9d--0,E2,621,0,0,0,0,0,0,0,0
0000025d--70dff69b9d--0,E3,621,0,0,0,0,0,0,0,0
0000025d--70dff69b9d--0,E4,621,0,0,0,0,0,0,0,0
0000025d--70dff69b9d--0,E5,621,0,0,0,0,0,0,0,0
0000025d--70dff69b9d--1,E,600,0,0,0,0,0,0,0,0
0000025d--70dff69b9d--1,E1,600,0,0,0,0,0,0,0,0
0000025d--70dff69b9d--1,E2,600,0,0,0,0,0,0,0,0
0000025d--70dff69b9d--1,E3,600,0,0,0,0,0,0,0,0
0000025d--70dff69b9d--1,E4,600,0,0,0,0,0,0,0,0
0000025d--70dff69b9d--1,E5,600,0,0,0,0,0,0,0,0
0000025d--70dff69b9d--10,E,600,0,0,0,0,0,0,0,0
0000025d--70dff69b9d--10,E1,600,0,0,0,0,0,0,0,0
0000025d--70dff69b9d--10,E2,600,0,0,0,0,0,0,0,0
0000025d--70dff69b9d--10,E3,600,0,0,0,0,0,0,0,0
0000025d--70dff69b9d--10,E4,600,0,0,0,0,0,0,0,0
0000025d--70dff69b9d--10,E5,600,0,0,0,0,0,0,0,0
0000025d--70dff69b9d--11,E,600,0,0,0,0,0,0,0,0
0000025d--70dff69b9d--11,E1,600,0,0,0,0,0,0,0,0
0000025d--70dff69b9d--11,E2,600,0,0,0,0,0,0,0,0
0000025d--70dff69b9d--11,E3,600,0,0,0,0,0,0,0,0
0000025d--70dff69b9d--11,E4,600,0,0,0,0,0,0,0,0
0000025d--70dff69b9d--11,E5,600,0,0,0,0,0,0,0,0
0000025d--70dff69b9d--15,E,600,0,0,0,0,0,0,0,0
0000025d--70dff69b9d--15,E1,600,0,0,0,0,0,0,0,0
0000025d--70dff69b9d--15,E2,600,0,0,0,0,0,0,0,0
0000025d--70dff69b9d--15,E3,600,0,0,0,0,0,0,0,0
0000025d--70dff69b9d--15,E4,600,0,0,0,0,0,0,0,0
0000025d--70dff69b9d--15,E5,600,0,0,0,0,0,0,0,0
0000025d--70dff69b9d--18,E,599,0,0,0,0,0,0,0,0
0000025d--70dff69b9d--18,E1,599,0,0,0,0,0,0,0,0
0000025d--70dff69b9d--18,E2,599,0,0,0,0,0,0,0,0
0000025d--70dff69b9d--18,E3,599,0,0,0,0,0,0,0,0
0000025d--70dff69b9d--18,E4,599,0,0,0,0,0,0,0,0
0000025d--70dff69b9d--18,E5,599,0,0,0,0,0,0,0,0
0000025d--70dff69b9d--19,E,599,0,0,0,0,0,0,0,0
0000025d--70dff69b9d--19,E1,599,0,0,0,0,0,0,0,0
0000025d--70dff69b9d--19,E2,599,0,0,0,0,0,0,0,0
0000025d--70dff69b9d--19,E3,599,0,0,0,0,0,0,0,0
0000025d--70dff69b9d--19,E4,599,0,0,0,0,0,0,0,0
0000025d--70dff69b9d--19,E5,599,0,0,0,0,0,0,0,0
0000025d--70dff69b9d--2,E,600,0,0,0,0,0,0,0,0
0000025d--70dff69b9d--2,E1,600,0,0,0,0,0,0,0,0
0000025d--70dff69b9d--2,E2,600,0,0,0,0,0,0,0,0
0000025d--70dff69b9d--2,E3,600,0,0,0,0,0,0,0,0
0000025d--70dff69b9d--2,E4,600,0,0,0,0,0,0,0,0
0000025d--70dff69b9d--2,E5,600,0,0,0,0,0,0,0,0
0000025d--70dff69b9d--20,E,600,0,0,0,0,0,0,0,0
0000025d--70dff69b9d--20,E1,600,0,0,0,0,0,0,0,0
0000025d--70dff69b9d--20,E2,600,0,0,0,0,0,0,0,0
0000025d--70dff69b9d--20,E3,600,0,0,0,0,0,0,0,0
0000025d--70dff69b9d--20,E4,600,0,0,0,0,0,0,0,0
0000025d--70dff69b9d--20,E5,600,0,0,0,0,0,0,0,0
0000025d--70dff69b9d--21,E,600,0,0,0,0,0,0,0,0
0000025d--70dff69b9d--21,E1,600,0,0,0,0,0,0,0,0
0000025d--70dff69b9d--21,E2,600,0,0,0,0,0,0,0,0
0000025d--70dff69b9d--21,E3,600,0,0,0,0,0,0,0,0
0000025d--70dff69b9d--21,E4,600,0,0,0,0,0,0,0,0
0000025d--70dff69b9d--21,E5,600,0,0,0,0,0,0,0,0
0000025d--70dff69b9d--22,E,600,0,0,0,0,0,0,0,0
0000025d--70dff69b9d--22,E1,600,0,0,0,0,0,0,0,0
0000025d--70dff69b9d--22,E2,600,0,0,0,0,0,0,0,0
0000025d--70dff69b9d--22,E3,600,0,0,0,0,0,0,0,0
0000025d--70dff69b9d--22,E4,600,0,0,0,0,0,0,0,0
0000025d--70dff69b9d--22,E5,600,0,0,0,0,0,0,0,0
0000025d--70dff69b9d--23,E,600,92,92,0,66,0,0,0,26
0000025d--70dff69b9d--23,E1,600,0,0,0,0,0,0,0,0
0000025d--70dff69b9d--23,E2,600,26,26,0,0,0,0,0,26
0000025d--70dff69b9d--23,E3,600,26,26,0,0,0,0,0,26
0000025d--70dff69b9d--23,E4,600,26,26,0,0,0,0,0,26
0000025d--70dff69b9d--23,E5,600,109,109,0,83,0,0,0,26
0000025d--70dff69b9d--3,E,600,0,0,0,0,0,0,0,0
0000025d--70dff69b9d--3,E1,600,0,0,0,0,0,0,0,0
0000025d--70dff69b9d--3,E2,600,0,0,0,0,0,0,0,0
0000025d--70dff69b9d--3,E3,600,0,0,0,0,0,0,0,0
0000025d--70dff69b9d--3,E4,600,0,0,0,0,0,0,0,0
0000025d--70dff69b9d--3,E5,600,0,0,0,0,0,0,0,0
0000025d--70dff69b9d--4,E,600,0,0,0,0,0,0,0,0
0000025d--70dff69b9d--4,E1,600,0,0,0,0,0,0,0,0
0000025d--70dff69b9d--4,E2,600,0,0,0,0,0,0,0,0
0000025d--70dff69b9d--4,E3,600,0,0,0,0,0,0,0,0
0000025d--70dff69b9d--4,E4,600,0,0,0,0,0,0,0,0
0000025d--70dff69b9d--4,E5,600,0,0,0,0,0,0,0,0
0000025d--70dff69b9d--5,E,600,38,38,0,38,0,0,0,0
0000025d--70dff69b9d--5,E1,600,38,38,0,38,0,0,0,0
0000025d--70dff69b9d--5,E2,600,38,38,0,38,0,0,0,0
0000025d--70dff69b9d--5,E3,600,38,38,0,38,0,0,0,0
0000025d--70dff69b9d--5,E4,600,0,0,0,0,0,0,0,0
0000025d--70dff69b9d--5,E5,600,252,252,0,252,0,0,0,0
0000025d--70dff69b9d--6,E,600,0,0,0,0,0,0,0,0
0000025d--70dff69b9d--6,E1,600,0,0,0,0,0,0,0,0
0000025d--70dff69b9d--6,E2,600,0,0,0,0,0,0,0,0
0000025d--70dff69b9d--6,E3,600,0,0,0,0,0,0,0,0
0000025d--70dff69b9d--6,E4,600,0,0,0,0,0,0,0,0
0000025d--70dff69b9d--6,E5,600,0,0,0,0,0,0,0,0
0000025d--70dff69b9d--7,E,600,202,202,0,202,0,0,0,0
0000025d--70dff69b9d--7,E1,600,147,147,0,147,0,0,0,0
0000025d--70dff69b9d--7,E2,600,202,202,0,202,0,0,0,0
0000025d--70dff69b9d--7,E3,600,202,202,0,202,0,0,0,0
0000025d--70dff69b9d--7,E4,600,0,0,0,0,0,0,0,0
0000025d--70dff69b9d--7,E5,600,202,202,0,202,0,0,0,0
0000025d--70dff69b9d--8,E,599,0,0,0,0,0,0,0,0
0000025d--70dff69b9d--8,E1,599,0,0,0,0,0,0,0,0
0000025d--70dff69b9d--8,E2,599,0,0,0,0,0,0,0,0
0000025d--70dff69b9d--8,E3,599,0,0,0,0,0,0,0,0
0000025d--70dff69b9d--8,E4,599,0,0,0,0,0,0,0,0
0000025d--70dff69b9d--8,E5,599,0,0,0,0,0,0,0,0
0000025d--70dff69b9d--9,E,599,0,0,0,0,0,0,0,0
0000025d--70dff69b9d--9,E1,599,0,0,0,0,0,0,0,0
0000025d--70dff69b9d--9,E2,599,0,0,0,0,0,0,0,0
0000025d--70dff69b9d--9,E3,599,0,0,0,0,0,0,0,0
0000025d--70dff69b9d--9,E4,599,0,0,0,0,0,0,0,0
0000025d--70dff69b9d--9,E5,599,0,0,0,0,0,0,0,0
00000261--4ff9c41127--0,E,616,0,0,0,0,0,0,0,0
00000261--4ff9c41127--0,E1,616,0,0,0,0,0,0,0,0
00000261--4ff9c41127--0,E2,616,0,0,0,0,0,0,0,0
00000261--4ff9c41127--0,E3,616,0,0,0,0,0,0,0,0
00000261--4ff9c41127--0,E4,616,0,0,0,0,0,0,0,0
00000261--4ff9c41127--0,E5,616,30,30,1,29,0,0,0,0
00000261--4ff9c41127--1,E,599,0,0,0,0,0,0,0,0
00000261--4ff9c41127--1,E1,599,0,0,0,0,0,0,0,0
00000261--4ff9c41127--1,E2,599,0,0,0,0,0,0,0,0
00000261--4ff9c41127--1,E3,599,0,0,0,0,0,0,0,0
00000261--4ff9c41127--1,E4,599,0,0,0,0,0,0,0,0
00000261--4ff9c41127--1,E5,599,0,0,0,0,0,0,0,0
00000261--4ff9c41127--10,E,600,0,0,0,0,0,0,0,0
00000261--4ff9c41127--10,E1,600,0,0,0,0,0,0,0,0
00000261--4ff9c41127--10,E2,600,0,0,0,0,0,0,0,0
00000261--4ff9c41127--10,E3,600,0,0,0,0,0,0,0,0
00000261--4ff9c41127--10,E4,600,0,0,0,0,0,0,0,0
00000261--4ff9c41127--10,E5,600,87,87,0,0,0,0,0,87
00000261--4ff9c41127--11,E,600,0,0,0,0,0,0,0,0
00000261--4ff9c41127--11,E1,600,0,0,0,0,0,0,0,0
00000261--4ff9c41127--11,E2,600,0,0,0,0,0,0,0,0
00000261--4ff9c41127--11,E3,600,0,0,0,0,0,0,0,0
00000261--4ff9c41127--11,E4,600,0,0,0,0,0,0,0,0
00000261--4ff9c41127--11,E5,600,0,0,0,0,0,0,0,0
00000261--4ff9c41127--12,E,600,0,0,0,0,0,0,0,0
00000261--4ff9c41127--12,E1,600,0,0,0,0,0,0,0,0
00000261--4ff9c41127--12,E2,600,0,0,0,0,0,0,0,0
00000261--4ff9c41127--12,E3,600,0,0,0,0,0,0,0,0
00000261--4ff9c41127--12,E4,600,0,0,0,0,0,0,0,0
00000261--4ff9c41127--12,E5,600,122,122,0,0,0,0,0,122
00000261--4ff9c41127--13,E,600,0,0,0,0,0,0,0,0
00000261--4ff9c41127--13,E1,600,0,0,0,0,0,0,0,0
00000261--4ff9c41127--13,E2,600,0,0,0,0,0,0,0,0
00000261--4ff9c41127--13,E3,600,0,0,0,0,0,0,0,0
00000261--4ff9c41127--13,E4,600,0,0,0,0,0,0,0,0
00000261--4ff9c41127--13,E5,600,0,0,0,0,0,0,0,0
00000261--4ff9c41127--14,E,600,0,0,0,0,0,0,0,0
00000261--4ff9c41127--14,E1,600,0,0,0,0,0,0,0,0
00000261--4ff9c41127--14,E2,600,0,0,0,0,0,0,0,0
00000261--4ff9c41127--14,E3,600,0,0,0,0,0,0,0,0
00000261--4ff9c41127--14,E4,600,0,0,0,0,0,0,0,0
00000261--4ff9c41127--14,E5,600,0,0,0,0,0,0,0,0
00000261--4ff9c41127--15,E,600,0,0,0,0,0,0,0,0
00000261--4ff9c41127--15,E1,600,0,0,0,0,0,0,0,0
00000261--4ff9c41127--15,E2,600,0,0,0,0,0,0,0,0
00000261--4ff9c41127--15,E3,600,0,0,0,0,0,0,0,0
00000261--4ff9c41127--15,E4,600,0,0,0,0,0,0,0,0
00000261--4ff9c41127--15,E5,600,0,0,0,0,0,0,0,0
00000261--4ff9c41127--16,E,600,0,0,0,0,0,0,0,0
00000261--4ff9c41127--16,E1,600,0,0,0,0,0,0,0,0
00000261--4ff9c41127--16,E2,600,0,0,0,0,0,0,0,0
00000261--4ff9c41127--16,E3,600,0,0,0,0,0,0,0,0
00000261--4ff9c41127--16,E4,600,0,0,0,0,0,0,0,0
00000261--4ff9c41127--16,E5,600,52,52,0,52,0,0,0,0
00000261--4ff9c41127--17,E,600,0,0,0,0,0,0,0,0
00000261--4ff9c41127--17,E1,600,0,0,0,0,0,0,0,0
00000261--4ff9c41127--17,E2,600,0,0,0,0,0,0,0,0
00000261--4ff9c41127--17,E3,600,0,0,0,0,0,0,0,0
00000261--4ff9c41127--17,E4,600,0,0,0,0,0,0,0,0
00000261--4ff9c41127--17,E5,600,0,0,0,0,0,0,0,0
00000261--4ff9c41127--18,E,599,0,0,0,0,0,0,0,0
00000261--4ff9c41127--18,E1,599,0,0,0,0,0,0,0,0
00000261--4ff9c41127--18,E2,599,0,0,0,0,0,0,0,0
00000261--4ff9c41127--18,E3,599,0,0,0,0,0,0,0,0
00000261--4ff9c41127--18,E4,599,0,0,0,0,0,0,0,0
00000261--4ff9c41127--18,E5,599,0,0,0,0,0,0,0,0
00000261--4ff9c41127--19,E,600,0,0,0,0,0,0,0,0
00000261--4ff9c41127--19,E1,600,0,0,0,0,0,0,0,0
00000261--4ff9c41127--19,E2,600,0,0,0,0,0,0,0,0
00000261--4ff9c41127--19,E3,600,0,0,0,0,0,0,0,0
00000261--4ff9c41127--19,E4,600,0,0,0,0,0,0,0,0
00000261--4ff9c41127--19,E5,600,0,0,0,0,0,0,0,0
00000261--4ff9c41127--2,E,599,16,16,0,16,0,0,0,0
00000261--4ff9c41127--2,E1,599,0,0,0,0,0,0,0,0
00000261--4ff9c41127--2,E2,599,16,16,0,16,0,0,0,0
00000261--4ff9c41127--2,E3,599,16,16,0,16,0,0,0,0
00000261--4ff9c41127--2,E4,599,0,0,0,0,0,0,0,0
00000261--4ff9c41127--2,E5,599,126,126,0,126,0,0,0,0
00000261--4ff9c41127--20,E,600,331,331,0,331,0,0,0,0
00000261--4ff9c41127--20,E1,600,0,0,0,0,0,0,0,0
00000261--4ff9c41127--20,E2,600,331,331,0,331,0,0,0,0
00000261--4ff9c41127--20,E3,600,331,331,0,331,0,0,0,0
00000261--4ff9c41127--20,E4,600,0,0,0,0,0,0,0,0
00000261--4ff9c41127--20,E5,600,331,331,0,331,0,0,0,0
00000261--4ff9c41127--21,E,599,0,0,0,0,0,0,0,0
00000261--4ff9c41127--21,E1,599,0,0,0,0,0,0,0,0
00000261--4ff9c41127--21,E2,599,0,0,0,0,0,0,0,0
00000261--4ff9c41127--21,E3,599,0,0,0,0,0,0,0,0
00000261--4ff9c41127--21,E4,599,0,0,0,0,0,0,0,0
00000261--4ff9c41127--21,E5,599,0,0,0,0,0,0,0,0
00000261--4ff9c41127--22,E,600,0,0,0,0,0,0,0,0
00000261--4ff9c41127--22,E1,600,0,0,0,0,0,0,0,0
00000261--4ff9c41127--22,E2,600,0,0,0,0,0,0,0,0
00000261--4ff9c41127--22,E3,600,0,0,0,0,0,0,0,0
00000261--4ff9c41127--22,E4,600,0,0,0,0,0,0,0,0
00000261--4ff9c41127--22,E5,600,0,0,0,0,0,0,0,0
00000261--4ff9c41127--23,E,600,0,0,0,0,0,0,0,0
00000261--4ff9c41127--23,E1,600,0,0,0,0,0,0,0,0
00000261--4ff9c41127--23,E2,600,0,0,0,0,0,0,0,0
00000261--4ff9c41127--23,E3,600,0,0,0,0,0,0,0,0
00000261--4ff9c41127--23,E4,600,0,0,0,0,0,0,0,0
00000261--4ff9c41127--23,E5,600,0,0,0,0,0,0,0,0
00000261--4ff9c41127--24,E,600,0,0,0,0,0,0,0,0
00000261--4ff9c41127--24,E1,600,0,0,0,0,0,0,0,0
00000261--4ff9c41127--24,E2,600,0,0,0,0,0,0,0,0
00000261--4ff9c41127--24,E3,600,0,0,0,0,0,0,0,0
00000261--4ff9c41127--24,E4,600,0,0,0,0,0,0,0,0
00000261--4ff9c41127--24,E5,600,313,313,0,313,0,0,0,0
00000261--4ff9c41127--25,E,599,0,0,0,0,0,0,0,0
00000261--4ff9c41127--25,E1,599,0,0,0,0,0,0,0,0
00000261--4ff9c41127--25,E2,599,0,0,0,0,0,0,0,0
00000261--4ff9c41127--25,E3,599,0,0,0,0,0,0,0,0
00000261--4ff9c41127--25,E4,599,0,0,0,0,0,0,0,0
00000261--4ff9c41127--25,E5,599,0,0,0,0,0,0,0,0
00000261--4ff9c41127--26,E,599,0,0,0,0,0,0,0,0
00000261--4ff9c41127--26,E1,599,0,0,0,0,0,0,0,0
00000261--4ff9c41127--26,E2,599,0,0,0,0,0,0,0,0
00000261--4ff9c41127--26,E3,599,0,0,0,0,0,0,0,0
00000261--4ff9c41127--26,E4,599,0,0,0,0,0,0,0,0
00000261--4ff9c41127--26,E5,599,16,16,0,16,0,0,0,0
00000261--4ff9c41127--27,E,599,0,0,0,0,0,0,0,0
00000261--4ff9c41127--27,E1,599,0,0,0,0,0,0,0,0
00000261--4ff9c41127--27,E2,599,0,0,0,0,0,0,0,0
00000261--4ff9c41127--27,E3,599,0,0,0,0,0,0,0,0
00000261--4ff9c41127--27,E4,599,0,0,0,0,0,0,0,0
00000261--4ff9c41127--27,E5,599,16,16,0,14,0,2,0,0
00000261--4ff9c41127--28,E,444,0,0,0,0,0,0,0,0
00000261--4ff9c41127--28,E1,444,0,0,0,0,0,0,0,0
00000261--4ff9c41127--28,E2,444,0,0,0,0,0,0,0,0
00000261--4ff9c41127--28,E3,444,0,0,0,0,0,0,0,0
00000261--4ff9c41127--28,E4,444,0,0,0,0,0,0,0,0
00000261--4ff9c41127--28,E5,444,284,284,0,276,5,3,0,0
00000261--4ff9c41127--3,E,600,0,0,0,0,0,0,0,0
00000261--4ff9c41127--3,E1,600,0,0,0,0,0,0,0,0
00000261--4ff9c41127--3,E2,600,0,0,0,0,0,0,0,0
00000261--4ff9c41127--3,E3,600,0,0,0,0,0,0,0,0
00000261--4ff9c41127--3,E4,600,0,0,0,0,0,0,0,0
00000261--4ff9c41127--3,E5,600,421,421,0,417,3,1,0,0
00000261--4ff9c41127--4,E,600,0,0,0,0,0,0,0,0
00000261--4ff9c41127--4,E1,600,0,0,0,0,0,0,0,0
00000261--4ff9c41127--4,E2,600,0,0,0,0,0,0,0,0
00000261--4ff9c41127--4,E3,600,0,0,0,0,0,0,0,0
00000261--4ff9c41127--4,E4,600,0,0,0,0,0,0,0,0
00000261--4ff9c41127--4,E5,600,0,0,0,0,0,0,0,0
00000261--4ff9c41127--5,E,600,0,0,0,0,0,0,0,0
00000261--4ff9c41127--5,E1,600,0,0,0,0,0,0,0,0
00000261--4ff9c41127--5,E2,600,0,0,0,0,0,0,0,0
00000261--4ff9c41127--5,E3,600,0,0,0,0,0,0,0,0
00000261--4ff9c41127--5,E4,600,0,0,0,0,0,0,0,0
00000261--4ff9c41127--5,E5,600,11,11,0,0,0,0,0,11
00000261--4ff9c41127--6,E,600,2,2,2,0,0,0,0,0
00000261--4ff9c41127--6,E1,600,0,0,0,0,0,0,0,0
00000261--4ff9c41127--6,E2,600,2,2,2,0,0,0,0,0
00000261--4ff9c41127--6,E3,600,2,2,2,0,0,0,0,0
00000261--4ff9c41127--6,E4,600,0,0,0,0,0,0,0,0
00000261--4ff9c41127--6,E5,600,2,2,2,0,0,0,0,0
00000261--4ff9c41127--7,E,600,17,17,5,0,0,2,0,10
00000261--4ff9c41127--7,E1,600,0,0,0,0,0,0,0,0
00000261--4ff9c41127--7,E2,600,17,17,5,0,0,2,0,10
00000261--4ff9c41127--7,E3,600,17,17,5,0,0,2,0,10
00000261--4ff9c41127--7,E4,600,0,0,0,0,0,0,0,0
00000261--4ff9c41127--7,E5,600,33,33,0,0,0,2,0,31
00000261--4ff9c41127--8,E,600,0,0,0,0,0,0,0,0
00000261--4ff9c41127--8,E1,600,0,0,0,0,0,0,0,0
00000261--4ff9c41127--8,E2,600,0,0,0,0,0,0,0,0
00000261--4ff9c41127--8,E3,600,0,0,0,0,0,0,0,0
00000261--4ff9c41127--8,E4,600,0,0,0,0,0,0,0,0
00000261--4ff9c41127--8,E5,600,185,185,0,185,0,0,0,0
00000261--4ff9c41127--9,E,600,0,0,0,0,0,0,0,0
00000261--4ff9c41127--9,E1,600,0,0,0,0,0,0,0,0
00000261--4ff9c41127--9,E2,600,0,0,0,0,0,0,0,0
00000261--4ff9c41127--9,E3,600,0,0,0,0,0,0,0,0
00000261--4ff9c41127--9,E4,600,0,0,0,0,0,0,0,0
00000261--4ff9c41127--9,E5,600,0,0,0,0,0,0,0,0
00000264--31b802e87a--1,E,600,4,4,0,0,0,0,0,4
00000264--31b802e87a--1,E1,600,0,0,0,0,0,0,0,0
00000264--31b802e87a--1,E2,600,4,4,0,0,0,0,0,4
00000264--31b802e87a--1,E3,600,4,4,0,0,0,0,0,4
00000264--31b802e87a--1,E4,600,0,0,0,0,0,0,0,0
00000264--31b802e87a--1,E5,600,24,24,0,1,0,0,0,23
00000264--31b802e87a--10,E,599,0,0,0,0,0,0,0,0
00000264--31b802e87a--10,E1,599,0,0,0,0,0,0,0,0
00000264--31b802e87a--10,E2,599,0,0,0,0,0,0,0,0
00000264--31b802e87a--10,E3,599,0,0,0,0,0,0,0,0
00000264--31b802e87a--10,E4,599,0,0,0,0,0,0,0,0
00000264--31b802e87a--10,E5,599,0,0,0,0,0,0,0,0
00000264--31b802e87a--11,E,600,0,0,0,0,0,0,0,0
00000264--31b802e87a--11,E1,600,0,0,0,0,0,0,0,0
00000264--31b802e87a--11,E2,600,0,0,0,0,0,0,0,0
00000264--31b802e87a--11,E3,600,0,0,0,0,0,0,0,0
00000264--31b802e87a--11,E4,600,0,0,0,0,0,0,0,0
00000264--31b802e87a--11,E5,600,0,0,0,0,0,0,0,0
00000264--31b802e87a--12,E,600,0,0,0,0,0,0,0,0
00000264--31b802e87a--12,E1,600,0,0,0,0,0,0,0,0
00000264--31b802e87a--12,E2,600,0,0,0,0,0,0,0,0
00000264--31b802e87a--12,E3,600,0,0,0,0,0,0,0,0
00000264--31b802e87a--12,E4,600,0,0,0,0,0,0,0,0
00000264--31b802e87a--12,E5,600,0,0,0,0,0,0,0,0
00000264--31b802e87a--13,E,600,0,0,0,0,0,0,0,0
00000264--31b802e87a--13,E1,600,0,0,0,0,0,0,0,0
00000264--31b802e87a--13,E2,600,0,0,0,0,0,0,0,0
00000264--31b802e87a--13,E3,600,0,0,0,0,0,0,0,0
00000264--31b802e87a--13,E4,600,0,0,0,0,0,0,0,0
00000264--31b802e87a--13,E5,600,0,0,0,0,0,0,0,0
00000264--31b802e87a--14,E,600,0,0,0,0,0,0,0,0
00000264--31b802e87a--14,E1,600,0,0,0,0,0,0,0,0
00000264--31b802e87a--14,E2,600,0,0,0,0,0,0,0,0
00000264--31b802e87a--14,E3,600,0,0,0,0,0,0,0,0
00000264--31b802e87a--14,E4,600,0,0,0,0,0,0,0,0
00000264--31b802e87a--14,E5,600,55,55,0,55,0,0,0,0
00000264--31b802e87a--15,E,600,0,0,0,0,0,0,0,0
00000264--31b802e87a--15,E1,600,0,0,0,0,0,0,0,0
00000264--31b802e87a--15,E2,600,0,0,0,0,0,0,0,0
00000264--31b802e87a--15,E3,600,0,0,0,0,0,0,0,0
00000264--31b802e87a--15,E4,600,0,0,0,0,0,0,0,0
00000264--31b802e87a--15,E5,600,0,0,0,0,0,0,0,0
00000264--31b802e87a--16,E,600,0,0,0,0,0,0,0,0
00000264--31b802e87a--16,E1,600,0,0,0,0,0,0,0,0
00000264--31b802e87a--16,E2,600,0,0,0,0,0,0,0,0
00000264--31b802e87a--16,E3,600,0,0,0,0,0,0,0,0
00000264--31b802e87a--16,E4,600,0,0,0,0,0,0,0,0
00000264--31b802e87a--16,E5,600,0,0,0,0,0,0,0,0
00000264--31b802e87a--17,E,600,0,0,0,0,0,0,0,0
00000264--31b802e87a--17,E1,600,0,0,0,0,0,0,0,0
00000264--31b802e87a--17,E2,600,0,0,0,0,0,0,0,0
00000264--31b802e87a--17,E3,600,0,0,0,0,0,0,0,0
00000264--31b802e87a--17,E4,600,0,0,0,0,0,0,0,0
00000264--31b802e87a--17,E5,600,0,0,0,0,0,0,0,0
00000264--31b802e87a--18,E,600,0,0,0,0,0,0,0,0
00000264--31b802e87a--18,E1,600,0,0,0,0,0,0,0,0
00000264--31b802e87a--18,E2,600,0,0,0,0,0,0,0,0
00000264--31b802e87a--18,E3,600,0,0,0,0,0,0,0,0
00000264--31b802e87a--18,E4,600,0,0,0,0,0,0,0,0
00000264--31b802e87a--18,E5,600,0,0,0,0,0,0,0,0
00000264--31b802e87a--19,E,600,0,0,0,0,0,0,0,0
00000264--31b802e87a--19,E1,600,0,0,0,0,0,0,0,0
00000264--31b802e87a--19,E2,600,0,0,0,0,0,0,0,0
00000264--31b802e87a--19,E3,600,0,0,0,0,0,0,0,0
00000264--31b802e87a--19,E4,600,0,0,0,0,0,0,0,0
00000264--31b802e87a--19,E5,600,0,0,0,0,0,0,0,0
00000264--31b802e87a--2,E,600,0,0,0,0,0,0,0,0
00000264--31b802e87a--2,E1,600,0,0,0,0,0,0,0,0
00000264--31b802e87a--2,E2,600,0,0,0,0,0,0,0,0
00000264--31b802e87a--2,E3,600,0,0,0,0,0,0,0,0
00000264--31b802e87a--2,E4,600,0,0,0,0,0,0,0,0
00000264--31b802e87a--2,E5,600,0,0,0,0,0,0,0,0
00000264--31b802e87a--20,E,600,0,0,0,0,0,0,0,0
00000264--31b802e87a--20,E1,600,0,0,0,0,0,0,0,0
00000264--31b802e87a--20,E2,600,0,0,0,0,0,0,0,0
00000264--31b802e87a--20,E3,600,0,0,0,0,0,0,0,0
00000264--31b802e87a--20,E4,600,0,0,0,0,0,0,0,0
00000264--31b802e87a--20,E5,600,0,0,0,0,0,0,0,0
00000264--31b802e87a--21,E,600,0,0,0,0,0,0,0,0
00000264--31b802e87a--21,E1,600,0,0,0,0,0,0,0,0
00000264--31b802e87a--21,E2,600,0,0,0,0,0,0,0,0
00000264--31b802e87a--21,E3,600,0,0,0,0,0,0,0,0
00000264--31b802e87a--21,E4,600,0,0,0,0,0,0,0,0
00000264--31b802e87a--21,E5,600,106,106,0,106,0,0,0,0
00000264--31b802e87a--22,E,600,0,0,0,0,0,0,0,0
00000264--31b802e87a--22,E1,600,0,0,0,0,0,0,0,0
00000264--31b802e87a--22,E2,600,0,0,0,0,0,0,0,0
00000264--31b802e87a--22,E3,600,0,0,0,0,0,0,0,0
00000264--31b802e87a--22,E4,600,0,0,0,0,0,0,0,0
00000264--31b802e87a--22,E5,600,3,3,3,0,0,0,0,0
00000264--31b802e87a--23,E,600,0,0,0,0,0,0,0,0
00000264--31b802e87a--23,E1,600,0,0,0,0,0,0,0,0
00000264--31b802e87a--23,E2,600,0,0,0,0,0,0,0,0
00000264--31b802e87a--23,E3,600,0,0,0,0,0,0,0,0
00000264--31b802e87a--23,E4,600,0,0,0,0,0,0,0,0
00000264--31b802e87a--23,E5,600,0,0,0,0,0,0,0,0
00000264--31b802e87a--24,E,600,0,0,0,0,0,0,0,0
00000264--31b802e87a--24,E1,600,0,0,0,0,0,0,0,0
00000264--31b802e87a--24,E2,600,0,0,0,0,0,0,0,0
00000264--31b802e87a--24,E3,600,0,0,0,0,0,0,0,0
00000264--31b802e87a--24,E4,600,0,0,0,0,0,0,0,0
00000264--31b802e87a--24,E5,600,0,0,0,0,0,0,0,0
00000264--31b802e87a--25,E,600,0,0,0,0,0,0,0,0
00000264--31b802e87a--25,E1,600,0,0,0,0,0,0,0,0
00000264--31b802e87a--25,E2,600,0,0,0,0,0,0,0,0
00000264--31b802e87a--25,E3,600,0,0,0,0,0,0,0,0
00000264--31b802e87a--25,E4,600,0,0,0,0,0,0,0,0
00000264--31b802e87a--25,E5,600,0,0,0,0,0,0,0,0
00000264--31b802e87a--26,E,600,0,0,0,0,0,0,0,0
00000264--31b802e87a--26,E1,600,0,0,0,0,0,0,0,0
00000264--31b802e87a--26,E2,600,0,0,0,0,0,0,0,0
00000264--31b802e87a--26,E3,600,0,0,0,0,0,0,0,0
00000264--31b802e87a--26,E4,600,0,0,0,0,0,0,0,0
00000264--31b802e87a--26,E5,600,0,0,0,0,0,0,0,0
00000264--31b802e87a--27,E,600,0,0,0,0,0,0,0,0
00000264--31b802e87a--27,E1,600,0,0,0,0,0,0,0,0
00000264--31b802e87a--27,E2,600,0,0,0,0,0,0,0,0
00000264--31b802e87a--27,E3,600,0,0,0,0,0,0,0,0
00000264--31b802e87a--27,E4,600,0,0,0,0,0,0,0,0
00000264--31b802e87a--27,E5,600,0,0,0,0,0,0,0,0
00000264--31b802e87a--28,E,600,0,0,0,0,0,0,0,0
00000264--31b802e87a--28,E1,600,0,0,0,0,0,0,0,0
00000264--31b802e87a--28,E2,600,0,0,0,0,0,0,0,0
00000264--31b802e87a--28,E3,600,0,0,0,0,0,0,0,0
00000264--31b802e87a--28,E4,600,0,0,0,0,0,0,0,0
00000264--31b802e87a--28,E5,600,0,0,0,0,0,0,0,0
00000264--31b802e87a--29,E,600,0,0,0,0,0,0,0,0
00000264--31b802e87a--29,E1,600,0,0,0,0,0,0,0,0
00000264--31b802e87a--29,E2,600,0,0,0,0,0,0,0,0
00000264--31b802e87a--29,E3,600,0,0,0,0,0,0,0,0
00000264--31b802e87a--29,E4,600,0,0,0,0,0,0,0,0
00000264--31b802e87a--29,E5,600,0,0,0,0,0,0,0,0
00000264--31b802e87a--3,E,599,0,0,0,0,0,0,0,0
00000264--31b802e87a--3,E1,599,0,0,0,0,0,0,0,0
00000264--31b802e87a--3,E2,599,0,0,0,0,0,0,0,0
00000264--31b802e87a--3,E3,599,0,0,0,0,0,0,0,0
00000264--31b802e87a--3,E4,599,0,0,0,0,0,0,0,0
00000264--31b802e87a--3,E5,599,0,0,0,0,0,0,0,0
00000264--31b802e87a--30,E,600,0,0,0,0,0,0,0,0
00000264--31b802e87a--30,E1,600,0,0,0,0,0,0,0,0
00000264--31b802e87a--30,E2,600,0,0,0,0,0,0,0,0
00000264--31b802e87a--30,E3,600,0,0,0,0,0,0,0,0
00000264--31b802e87a--30,E4,600,0,0,0,0,0,0,0,0
00000264--31b802e87a--30,E5,600,0,0,0,0,0,0,0,0
00000264--31b802e87a--31,E,599,0,0,0,0,0,0,0,0
00000264--31b802e87a--31,E1,599,0,0,0,0,0,0,0,0
00000264--31b802e87a--31,E2,599,0,0,0,0,0,0,0,0
00000264--31b802e87a--31,E3,599,0,0,0,0,0,0,0,0
00000264--31b802e87a--31,E4,599,0,0,0,0,0,0,0,0
00000264--31b802e87a--31,E5,599,0,0,0,0,0,0,0,0
00000264--31b802e87a--32,E,600,0,0,0,0,0,0,0,0
00000264--31b802e87a--32,E1,600,0,0,0,0,0,0,0,0
00000264--31b802e87a--32,E2,600,0,0,0,0,0,0,0,0
00000264--31b802e87a--32,E3,600,0,0,0,0,0,0,0,0
00000264--31b802e87a--32,E4,600,0,0,0,0,0,0,0,0
00000264--31b802e87a--32,E5,600,0,0,0,0,0,0,0,0
00000264--31b802e87a--33,E,599,0,0,0,0,0,0,0,0
00000264--31b802e87a--33,E1,599,0,0,0,0,0,0,0,0
00000264--31b802e87a--33,E2,599,0,0,0,0,0,0,0,0
00000264--31b802e87a--33,E3,599,0,0,0,0,0,0,0,0
00000264--31b802e87a--33,E4,599,0,0,0,0,0,0,0,0
00000264--31b802e87a--33,E5,599,0,0,0,0,0,0,0,0
00000264--31b802e87a--34,E,600,0,0,0,0,0,0,0,0
00000264--31b802e87a--34,E1,600,0,0,0,0,0,0,0,0
00000264--31b802e87a--34,E2,600,0,0,0,0,0,0,0,0
00000264--31b802e87a--34,E3,600,0,0,0,0,0,0,0,0
00000264--31b802e87a--34,E4,600,0,0,0,0,0,0,0,0
00000264--31b802e87a--34,E5,600,0,0,0,0,0,0,0,0
00000264--31b802e87a--35,E,599,0,0,0,0,0,0,0,0
00000264--31b802e87a--35,E1,599,0,0,0,0,0,0,0,0
00000264--31b802e87a--35,E2,599,0,0,0,0,0,0,0,0
00000264--31b802e87a--35,E3,599,0,0,0,0,0,0,0,0
00000264--31b802e87a--35,E4,599,0,0,0,0,0,0,0,0
00000264--31b802e87a--35,E5,599,0,0,0,0,0,0,0,0
00000264--31b802e87a--36,E,599,0,0,0,0,0,0,0,0
00000264--31b802e87a--36,E1,599,0,0,0,0,0,0,0,0
00000264--31b802e87a--36,E2,599,0,0,0,0,0,0,0,0
00000264--31b802e87a--36,E3,599,0,0,0,0,0,0,0,0
00000264--31b802e87a--36,E4,599,0,0,0,0,0,0,0,0
00000264--31b802e87a--36,E5,599,0,0,0,0,0,0,0,0
00000264--31b802e87a--37,E,599,0,0,0,0,0,0,0,0
00000264--31b802e87a--37,E1,599,0,0,0,0,0,0,0,0
00000264--31b802e87a--37,E2,599,0,0,0,0,0,0,0,0
00000264--31b802e87a--37,E3,599,0,0,0,0,0,0,0,0
00000264--31b802e87a--37,E4,599,0,0,0,0,0,0,0,0
00000264--31b802e87a--37,E5,599,0,0,0,0,0,0,0,0
00000264--31b802e87a--38,E,599,147,147,0,147,0,0,0,0
00000264--31b802e87a--38,E1,599,0,0,0,0,0,0,0,0
00000264--31b802e87a--38,E2,599,147,147,0,147,0,0,0,0
00000264--31b802e87a--38,E3,599,147,147,0,147,0,0,0,0
00000264--31b802e87a--38,E4,599,0,0,0,0,0,0,0,0
00000264--31b802e87a--38,E5,599,147,147,0,147,0,0,0,0
00000264--31b802e87a--39,E,599,0,0,0,0,0,0,0,0
00000264--31b802e87a--39,E1,599,0,0,0,0,0,0,0,0
00000264--31b802e87a--39,E2,599,0,0,0,0,0,0,0,0
00000264--31b802e87a--39,E3,599,0,0,0,0,0,0,0,0
00000264--31b802e87a--39,E4,599,0,0,0,0,0,0,0,0
00000264--31b802e87a--39,E5,599,0,0,0,0,0,0,0,0
00000264--31b802e87a--4,E,599,0,0,0,0,0,0,0,0
00000264--31b802e87a--4,E1,599,0,0,0,0,0,0,0,0
00000264--31b802e87a--4,E2,599,0,0,0,0,0,0,0,0
00000264--31b802e87a--4,E3,599,0,0,0,0,0,0,0,0
00000264--31b802e87a--4,E4,599,0,0,0,0,0,0,0,0
00000264--31b802e87a--4,E5,599,0,0,0,0,0,0,0,0
00000264--31b802e87a--40,E,600,0,0,0,0,0,0,0,0
00000264--31b802e87a--40,E1,600,0,0,0,0,0,0,0,0
00000264--31b802e87a--40,E2,600,0,0,0,0,0,0,0,0
00000264--31b802e87a--40,E3,600,0,0,0,0,0,0,0,0
00000264--31b802e87a--40,E4,600,0,0,0,0,0,0,0,0
00000264--31b802e87a--40,E5,600,243,243,0,217,2,7,0,17
00000264--31b802e87a--41,E,396,0,0,0,0,0,0,0,0
00000264--31b802e87a--41,E1,396,0,0,0,0,0,0,0,0
00000264--31b802e87a--41,E2,396,0,0,0,0,0,0,0,0
00000264--31b802e87a--41,E3,396,0,0,0,0,0,0,0,0
00000264--31b802e87a--41,E4,396,0,0,0,0,0,0,0,0
00000264--31b802e87a--41,E5,396,0,0,0,0,0,0,0,0
00000264--31b802e87a--5,E,599,5,5,0,5,0,0,0,0
00000264--31b802e87a--5,E1,599,0,0,0,0,0,0,0,0
00000264--31b802e87a--5,E2,599,0,0,0,0,0,0,0,0
00000264--31b802e87a--5,E3,599,0,0,0,0,0,0,0,0
00000264--31b802e87a--5,E4,599,0,0,0,0,0,0,0,0
00000264--31b802e87a--5,E5,599,211,211,1,210,0,0,0,0
00000264--31b802e87a--6,E,600,0,0,0,0,0,0,0,0
00000264--31b802e87a--6,E1,600,0,0,0,0,0,0,0,0
00000264--31b802e87a--6,E2,600,0,0,0,0,0,0,0,0
00000264--31b802e87a--6,E3,600,0,0,0,0,0,0,0,0
00000264--31b802e87a--6,E4,600,0,0,0,0,0,0,0,0
00000264--31b802e87a--6,E5,600,537,537,9,0,0,0,0,528
00000264--31b802e87a--7,E,599,0,0,0,0,0,0,0,0
00000264--31b802e87a--7,E1,599,0,0,0,0,0,0,0,0
00000264--31b802e87a--7,E2,599,0,0,0,0,0,0,0,0
00000264--31b802e87a--7,E3,599,0,0,0,0,0,0,0,0
00000264--31b802e87a--7,E4,599,0,0,0,0,0,0,0,0
00000264--31b802e87a--7,E5,599,0,0,0,0,0,0,0,0
00000264--31b802e87a--8,E,599,0,0,0,0,0,0,0,0
00000264--31b802e87a--8,E1,599,0,0,0,0,0,0,0,0
00000264--31b802e87a--8,E2,599,0,0,0,0,0,0,0,0
00000264--31b802e87a--8,E3,599,0,0,0,0,0,0,0,0
00000264--31b802e87a--8,E4,599,0,0,0,0,0,0,0,0
00000264--31b802e87a--8,E5,599,0,0,0,0,0,0,0,0
00000264--31b802e87a--9,E,599,0,0,0,0,0,0,0,0
00000264--31b802e87a--9,E1,599,0,0,0,0,0,0,0,0
00000264--31b802e87a--9,E2,599,0,0,0,0,0,0,0,0
00000264--31b802e87a--9,E3,599,0,0,0,0,0,0,0,0
00000264--31b802e87a--9,E4,599,0,0,0,0,0,0,0,0
00000264--31b802e87a--9,E5,599,0,0,0,0,0,0,0,0
00000266--f9c40304ea--0,E,621,0,0,0,0,0,0,0,0
00000266--f9c40304ea--0,E1,621,0,0,0,0,0,0,0,0
00000266--f9c40304ea--0,E2,621,0,0,0,0,0,0,0,0
00000266--f9c40304ea--0,E3,621,0,0,0,0,0,0,0,0
00000266--f9c40304ea--0,E4,621,0,0,0,0,0,0,0,0
00000266--f9c40304ea--0,E5,621,28,28,5,9,0,3,0,11
00000266--f9c40304ea--1,E,600,0,0,0,0,0,0,0,0
00000266--f9c40304ea--1,E1,600,0,0,0,0,0,0,0,0
00000266--f9c40304ea--1,E2,600,0,0,0,0,0,0,0,0
00000266--f9c40304ea--1,E3,600,0,0,0,0,0,0,0,0
00000266--f9c40304ea--1,E4,600,0,0,0,0,0,0,0,0
00000266--f9c40304ea--1,E5,600,20,20,0,17,3,0,0,0
00000266--f9c40304ea--10,E,599,0,0,0,0,0,0,0,0
00000266--f9c40304ea--10,E1,599,0,0,0,0,0,0,0,0
00000266--f9c40304ea--10,E2,599,0,0,0,0,0,0,0,0
00000266--f9c40304ea--10,E3,599,0,0,0,0,0,0,0,0
00000266--f9c40304ea--10,E4,599,0,0,0,0,0,0,0,0
00000266--f9c40304ea--10,E5,599,0,0,0,0,0,0,0,0
00000266--f9c40304ea--11,E,600,0,0,0,0,0,0,0,0
00000266--f9c40304ea--11,E1,600,0,0,0,0,0,0,0,0
00000266--f9c40304ea--11,E2,600,0,0,0,0,0,0,0,0
00000266--f9c40304ea--11,E3,600,0,0,0,0,0,0,0,0
00000266--f9c40304ea--11,E4,600,0,0,0,0,0,0,0,0
00000266--f9c40304ea--11,E5,600,0,0,0,0,0,0,0,0
00000266--f9c40304ea--12,E,600,0,0,0,0,0,0,0,0
00000266--f9c40304ea--12,E1,600,0,0,0,0,0,0,0,0
00000266--f9c40304ea--12,E2,600,0,0,0,0,0,0,0,0
00000266--f9c40304ea--12,E3,600,0,0,0,0,0,0,0,0
00000266--f9c40304ea--12,E4,600,0,0,0,0,0,0,0,0
00000266--f9c40304ea--12,E5,600,116,116,0,116,0,0,0,0
00000266--f9c40304ea--13,E,600,0,0,0,0,0,0,0,0
00000266--f9c40304ea--13,E1,600,0,0,0,0,0,0,0,0
00000266--f9c40304ea--13,E2,600,0,0,0,0,0,0,0,0
00000266--f9c40304ea--13,E3,600,0,0,0,0,0,0,0,0
00000266--f9c40304ea--13,E4,600,0,0,0,0,0,0,0,0
00000266--f9c40304ea--13,E5,600,0,0,0,0,0,0,0,0
00000266--f9c40304ea--14,E,600,0,0,0,0,0,0,0,0
00000266--f9c40304ea--14,E1,600,0,0,0,0,0,0,0,0
00000266--f9c40304ea--14,E2,600,0,0,0,0,0,0,0,0
00000266--f9c40304ea--14,E3,600,0,0,0,0,0,0,0,0
00000266--f9c40304ea--14,E4,600,0,0,0,0,0,0,0,0
00000266--f9c40304ea--14,E5,600,0,0,0,0,0,0,0,0
00000266--f9c40304ea--15,E,600,0,0,0,0,0,0,0,0
00000266--f9c40304ea--15,E1,600,0,0,0,0,0,0,0,0
00000266--f9c40304ea--15,E2,600,0,0,0,0,0,0,0,0
00000266--f9c40304ea--15,E3,600,0,0,0,0,0,0,0,0
00000266--f9c40304ea--15,E4,600,0,0,0,0,0,0,0,0
00000266--f9c40304ea--15,E5,600,0,0,0,0,0,0,0,0
00000266--f9c40304ea--16,E,600,0,0,0,0,0,0,0,0
00000266--f9c40304ea--16,E1,600,0,0,0,0,0,0,0,0
00000266--f9c40304ea--16,E2,600,0,0,0,0,0,0,0,0
00000266--f9c40304ea--16,E3,600,0,0,0,0,0,0,0,0
00000266--f9c40304ea--16,E4,600,0,0,0,0,0,0,0,0
00000266--f9c40304ea--16,E5,600,383,383,3,0,0,0,0,380
00000266--f9c40304ea--17,E,600,0,0,0,0,0,0,0,0
00000266--f9c40304ea--17,E1,600,0,0,0,0,0,0,0,0
00000266--f9c40304ea--17,E2,600,0,0,0,0,0,0,0,0
00000266--f9c40304ea--17,E3,600,0,0,0,0,0,0,0,0
00000266--f9c40304ea--17,E4,600,0,0,0,0,0,0,0,0
00000266--f9c40304ea--17,E5,600,0,0,0,0,0,0,0,0
00000266--f9c40304ea--18,E,600,0,0,0,0,0,0,0,0
00000266--f9c40304ea--18,E1,600,0,0,0,0,0,0,0,0
00000266--f9c40304ea--18,E2,600,0,0,0,0,0,0,0,0
00000266--f9c40304ea--18,E3,600,0,0,0,0,0,0,0,0
00000266--f9c40304ea--18,E4,600,0,0,0,0,0,0,0,0
00000266--f9c40304ea--18,E5,600,594,594,1,0,0,0,0,593
00000266--f9c40304ea--19,E,600,2,2,0,2,0,0,0,0
00000266--f9c40304ea--19,E1,600,0,0,0,0,0,0,0,0
00000266--f9c40304ea--19,E2,600,2,2,0,2,0,0,0,0
00000266--f9c40304ea--19,E3,600,2,2,0,2,0,0,0,0
00000266--f9c40304ea--19,E4,600,0,0,0,0,0,0,0,0
00000266--f9c40304ea--19,E5,600,2,2,0,2,0,0,0,0
00000266--f9c40304ea--2,E,600,3,3,0,3,0,0,0,0
00000266--f9c40304ea--2,E1,600,0,0,0,0,0,0,0,0
00000266--f9c40304ea--2,E2,600,0,0,0,0,0,0,0,0
00000266--f9c40304ea--2,E3,600,0,0,0,0,0,0,0,0
00000266--f9c40304ea--2,E4,600,0,0,0,0,0,0,0,0
00000266--f9c40304ea--2,E5,600,383,383,0,6,0,0,0,377
00000266--f9c40304ea--20,E,600,0,0,0,0,0,0,0,0
00000266--f9c40304ea--20,E1,600,0,0,0,0,0,0,0,0
00000266--f9c40304ea--20,E2,600,0,0,0,0,0,0,0,0
00000266--f9c40304ea--20,E3,600,0,0,0,0,0,0,0,0
00000266--f9c40304ea--20,E4,600,0,0,0,0,0,0,0,0
00000266--f9c40304ea--20,E5,600,0,0,0,0,0,0,0,0
00000266--f9c40304ea--21,E,600,0,0,0,0,0,0,0,0
00000266--f9c40304ea--21,E1,600,0,0,0,0,0,0,0,0
00000266--f9c40304ea--21,E2,600,0,0,0,0,0,0,0,0
00000266--f9c40304ea--21,E3,600,0,0,0,0,0,0,0,0
00000266--f9c40304ea--21,E4,600,0,0,0,0,0,0,0,0
00000266--f9c40304ea--21,E5,600,44,44,1,35,0,0,0,8
00000266--f9c40304ea--22,E,600,0,0,0,0,0,0,0,0
00000266--f9c40304ea--22,E1,600,0,0,0,0,0,0,0,0
00000266--f9c40304ea--22,E2,600,0,0,0,0,0,0,0,0
00000266--f9c40304ea--22,E3,600,0,0,0,0,0,0,0,0
00000266--f9c40304ea--22,E4,600,0,0,0,0,0,0,0,0
00000266--f9c40304ea--22,E5,600,296,296,4,290,0,2,0,0
00000266--f9c40304ea--23,E,594,0,0,0,0,0,0,0,0
00000266--f9c40304ea--23,E1,594,0,0,0,0,0,0,0,0
00000266--f9c40304ea--23,E2,594,0,0,0,0,0,0,0,0
00000266--f9c40304ea--23,E3,594,0,0,0,0,0,0,0,0
00000266--f9c40304ea--23,E4,594,0,0,0,0,0,0,0,0
00000266--f9c40304ea--23,E5,594,0,0,0,0,0,0,0,0
00000266--f9c40304ea--3,E,600,0,0,0,0,0,0,0,0
00000266--f9c40304ea--3,E1,600,0,0,0,0,0,0,0,0
00000266--f9c40304ea--3,E2,600,0,0,0,0,0,0,0,0
00000266--f9c40304ea--3,E3,600,0,0,0,0,0,0,0,0
00000266--f9c40304ea--3,E4,600,0,0,0,0,0,0,0,0
00000266--f9c40304ea--3,E5,600,1,1,0,1,0,0,0,0
00000266--f9c40304ea--4,E,599,0,0,0,0,0,0,0,0
00000266--f9c40304ea--4,E1,599,0,0,0,0,0,0,0,0
00000266--f9c40304ea--4,E2,599,0,0,0,0,0,0,0,0
00000266--f9c40304ea--4,E3,599,0,0,0,0,0,0,0,0
00000266--f9c40304ea--4,E4,599,0,0,0,0,0,0,0,0
00000266--f9c40304ea--4,E5,599,0,0,0,0,0,0,0,0
00000266--f9c40304ea--5,E,600,0,0,0,0,0,0,0,0
00000266--f9c40304ea--5,E1,600,0,0,0,0,0,0,0,0
00000266--f9c40304ea--5,E2,600,0,0,0,0,0,0,0,0
00000266--f9c40304ea--5,E3,600,0,0,0,0,0,0,0,0
00000266--f9c40304ea--5,E4,600,0,0,0,0,0,0,0,0
00000266--f9c40304ea--5,E5,600,0,0,0,0,0,0,0,0
00000266--f9c40304ea--6,E,599,0,0,0,0,0,0,0,0
00000266--f9c40304ea--6,E1,599,0,0,0,0,0,0,0,0
00000266--f9c40304ea--6,E2,599,0,0,0,0,0,0,0,0
00000266--f9c40304ea--6,E3,599,0,0,0,0,0,0,0,0
00000266--f9c40304ea--6,E4,599,0,0,0,0,0,0,0,0
00000266--f9c40304ea--6,E5,599,151,151,0,151,0,0,0,0
00000266--f9c40304ea--7,E,600,0,0,0,0,0,0,0,0
00000266--f9c40304ea--7,E1,600,0,0,0,0,0,0,0,0
00000266--f9c40304ea--7,E2,600,0,0,0,0,0,0,0,0
00000266--f9c40304ea--7,E3,600,0,0,0,0,0,0,0,0
00000266--f9c40304ea--7,E4,600,0,0,0,0,0,0,0,0
00000266--f9c40304ea--7,E5,600,198,198,0,1,1,0,0,196
00000266--f9c40304ea--8,E,599,0,0,0,0,0,0,0,0
00000266--f9c40304ea--8,E1,599,0,0,0,0,0,0,0,0
00000266--f9c40304ea--8,E2,599,0,0,0,0,0,0,0,0
00000266--f9c40304ea--8,E3,599,0,0,0,0,0,0,0,0
00000266--f9c40304ea--8,E4,599,0,0,0,0,0,0,0,0
00000266--f9c40304ea--8,E5,599,0,0,0,0,0,0,0,0
00000266--f9c40304ea--9,E,600,0,0,0,0,0,0,0,0
00000266--f9c40304ea--9,E1,600,0,0,0,0,0,0,0,0
00000266--f9c40304ea--9,E2,600,0,0,0,0,0,0,0,0
00000266--f9c40304ea--9,E3,600,0,0,0,0,0,0,0,0
00000266--f9c40304ea--9,E4,600,0,0,0,0,0,0,0,0
00000266--f9c40304ea--9,E5,600,0,0,0,0,0,0,0,0
00000267--5bcd0e5bb8--0,E,622,0,0,0,0,0,0,0,0
00000267--5bcd0e5bb8--0,E1,622,0,0,0,0,0,0,0,0
00000267--5bcd0e5bb8--0,E2,622,0,0,0,0,0,0,0,0
00000267--5bcd0e5bb8--0,E3,622,0,0,0,0,0,0,0,0
00000267--5bcd0e5bb8--0,E4,622,0,0,0,0,0,0,0,0
00000267--5bcd0e5bb8--0,E5,622,51,51,0,0,0,0,0,51
00000267--5bcd0e5bb8--1,E,600,0,0,0,0,0,0,0,0
00000267--5bcd0e5bb8--1,E1,600,0,0,0,0,0,0,0,0
00000267--5bcd0e5bb8--1,E2,600,0,0,0,0,0,0,0,0
00000267--5bcd0e5bb8--1,E3,600,0,0,0,0,0,0,0,0
00000267--5bcd0e5bb8--1,E4,600,0,0,0,0,0,0,0,0
00000267--5bcd0e5bb8--1,E5,600,1,1,0,1,0,0,0,0
00000267--5bcd0e5bb8--10,E,600,0,0,0,0,0,0,0,0
00000267--5bcd0e5bb8--10,E1,600,0,0,0,0,0,0,0,0
00000267--5bcd0e5bb8--10,E2,600,0,0,0,0,0,0,0,0
00000267--5bcd0e5bb8--10,E3,600,0,0,0,0,0,0,0,0
00000267--5bcd0e5bb8--10,E4,600,0,0,0,0,0,0,0,0
00000267--5bcd0e5bb8--10,E5,600,1,1,0,1,0,0,0,0
00000267--5bcd0e5bb8--11,E,600,0,0,0,0,0,0,0,0
00000267--5bcd0e5bb8--11,E1,600,0,0,0,0,0,0,0,0
00000267--5bcd0e5bb8--11,E2,600,0,0,0,0,0,0,0,0
00000267--5bcd0e5bb8--11,E3,600,0,0,0,0,0,0,0,0
00000267--5bcd0e5bb8--11,E4,600,0,0,0,0,0,0,0,0
00000267--5bcd0e5bb8--11,E5,600,12,12,0,12,0,0,0,0
00000267--5bcd0e5bb8--12,E,600,0,0,0,0,0,0,0,0
00000267--5bcd0e5bb8--12,E1,600,0,0,0,0,0,0,0,0
00000267--5bcd0e5bb8--12,E2,600,0,0,0,0,0,0,0,0
00000267--5bcd0e5bb8--12,E3,600,0,0,0,0,0,0,0,0
00000267--5bcd0e5bb8--12,E4,600,0,0,0,0,0,0,0,0
00000267--5bcd0e5bb8--12,E5,600,0,0,0,0,0,0,0,0
00000267--5bcd0e5bb8--13,E,600,0,0,0,0,0,0,0,0
00000267--5bcd0e5bb8--13,E1,600,0,0,0,0,0,0,0,0
00000267--5bcd0e5bb8--13,E2,600,0,0,0,0,0,0,0,0
00000267--5bcd0e5bb8--13,E3,600,0,0,0,0,0,0,0,0
00000267--5bcd0e5bb8--13,E4,600,0,0,0,0,0,0,0,0
00000267--5bcd0e5bb8--13,E5,600,52,52,0,52,0,0,0,0
00000267--5bcd0e5bb8--14,E,600,0,0,0,0,0,0,0,0
00000267--5bcd0e5bb8--14,E1,600,0,0,0,0,0,0,0,0
00000267--5bcd0e5bb8--14,E2,600,0,0,0,0,0,0,0,0
00000267--5bcd0e5bb8--14,E3,600,0,0,0,0,0,0,0,0
00000267--5bcd0e5bb8--14,E4,600,0,0,0,0,0,0,0,0
00000267--5bcd0e5bb8--14,E5,600,451,451,1,0,0,0,0,450
00000267--5bcd0e5bb8--15,E,599,0,0,0,0,0,0,0,0
00000267--5bcd0e5bb8--15,E1,599,0,0,0,0,0,0,0,0
00000267--5bcd0e5bb8--15,E2,599,0,0,0,0,0,0,0,0
00000267--5bcd0e5bb8--15,E3,599,0,0,0,0,0,0,0,0
00000267--5bcd0e5bb8--15,E4,599,0,0,0,0,0,0,0,0
00000267--5bcd0e5bb8--15,E5,599,270,270,4,0,0,0,0,266
00000267--5bcd0e5bb8--16,E,600,0,0,0,0,0,0,0,0
00000267--5bcd0e5bb8--16,E1,600,0,0,0,0,0,0,0,0
00000267--5bcd0e5bb8--16,E2,600,0,0,0,0,0,0,0,0
00000267--5bcd0e5bb8--16,E3,600,0,0,0,0,0,0,0,0
00000267--5bcd0e5bb8--16,E4,600,0,0,0,0,0,0,0,0
00000267--5bcd0e5bb8--16,E5,600,318,318,0,150,0,0,0,168
00000267--5bcd0e5bb8--17,E,599,68,68,0,68,0,0,0,0
00000267--5bcd0e5bb8--17,E1,599,0,0,0,0,0,0,0,0
00000267--5bcd0e5bb8--17,E2,599,68,68,0,68,0,0,0,0
00000267--5bcd0e5bb8--17,E3,599,68,68,0,68,0,0,0,0
00000267--5bcd0e5bb8--17,E4,599,1,1,0,1,0,0,0,0
00000267--5bcd0e5bb8--17,E5,599,69,69,0,68,1,0,0,0
00000267--5bcd0e5bb8--18,E,599,0,0,0,0,0,0,0,0
00000267--5bcd0e5bb8--18,E1,599,0,0,0,0,0,0,0,0
00000267--5bcd0e5bb8--18,E2,599,0,0,0,0,0,0,0,0
00000267--5bcd0e5bb8--18,E3,599,0,0,0,0,0,0,0,0
00000267--5bcd0e5bb8--18,E4,599,0,0,0,0,0,0,0,0
00000267--5bcd0e5bb8--18,E5,599,75,75,0,60,2,13,0,0
00000267--5bcd0e5bb8--19,E,343,0,0,0,0,0,0,0,0
00000267--5bcd0e5bb8--19,E1,343,0,0,0,0,0,0,0,0
00000267--5bcd0e5bb8--19,E2,343,0,0,0,0,0,0,0,0
00000267--5bcd0e5bb8--19,E3,343,0,0,0,0,0,0,0,0
00000267--5bcd0e5bb8--19,E4,343,0,0,0,0,0,0,0,0
00000267--5bcd0e5bb8--19,E5,343,317,317,0,0,0,0,0,317
00000267--5bcd0e5bb8--2,E,600,0,0,0,0,0,0,0,0
00000267--5bcd0e5bb8--2,E1,600,0,0,0,0,0,0,0,0
00000267--5bcd0e5bb8--2,E2,600,0,0,0,0,0,0,0,0
00000267--5bcd0e5bb8--2,E3,600,0,0,0,0,0,0,0,0
00000267--5bcd0e5bb8--2,E4,600,0,0,0,0,0,0,0,0
00000267--5bcd0e5bb8--2,E5,600,0,0,0,0,0,0,0,0
00000267--5bcd0e5bb8--3,E,600,0,0,0,0,0,0,0,0
00000267--5bcd0e5bb8--3,E1,600,0,0,0,0,0,0,0,0
00000267--5bcd0e5bb8--3,E2,600,0,0,0,0,0,0,0,0
00000267--5bcd0e5bb8--3,E3,600,0,0,0,0,0,0,0,0
00000267--5bcd0e5bb8--3,E4,600,0,0,0,0,0,0,0,0
00000267--5bcd0e5bb8--3,E5,600,0,0,0,0,0,0,0,0
00000267--5bcd0e5bb8--4,E,600,0,0,0,0,0,0,0,0
00000267--5bcd0e5bb8--4,E1,600,0,0,0,0,0,0,0,0
00000267--5bcd0e5bb8--4,E2,600,0,0,0,0,0,0,0,0
00000267--5bcd0e5bb8--4,E3,600,0,0,0,0,0,0,0,0
00000267--5bcd0e5bb8--4,E4,600,0,0,0,0,0,0,0,0
00000267--5bcd0e5bb8--4,E5,600,276,276,0,276,0,0,0,0
00000267--5bcd0e5bb8--5,E,600,229,229,0,229,0,0,0,0
00000267--5bcd0e5bb8--5,E1,600,0,0,0,0,0,0,0,0
00000267--5bcd0e5bb8--5,E2,600,229,229,0,229,0,0,0,0
00000267--5bcd0e5bb8--5,E3,600,229,229,0,229,0,0,0,0
00000267--5bcd0e5bb8--5,E4,600,229,229,0,229,0,0,0,0
00000267--5bcd0e5bb8--5,E5,600,270,270,0,270,0,0,0,0
00000267--5bcd0e5bb8--6,E,600,0,0,0,0,0,0,0,0
00000267--5bcd0e5bb8--6,E1,600,0,0,0,0,0,0,0,0
00000267--5bcd0e5bb8--6,E2,600,0,0,0,0,0,0,0,0
00000267--5bcd0e5bb8--6,E3,600,0,0,0,0,0,0,0,0
00000267--5bcd0e5bb8--6,E4,600,0,0,0,0,0,0,0,0
00000267--5bcd0e5bb8--6,E5,600,0,0,0,0,0,0,0,0
00000267--5bcd0e5bb8--7,E,600,0,0,0,0,0,0,0,0
00000267--5bcd0e5bb8--7,E1,600,0,0,0,0,0,0,0,0
00000267--5bcd0e5bb8--7,E2,600,0,0,0,0,0,0,0,0
00000267--5bcd0e5bb8--7,E3,600,0,0,0,0,0,0,0,0
00000267--5bcd0e5bb8--7,E4,600,0,0,0,0,0,0,0,0
00000267--5bcd0e5bb8--7,E5,600,0,0,0,0,0,0,0,0
00000267--5bcd0e5bb8--8,E,600,0,0,0,0,0,0,0,0
00000267--5bcd0e5bb8--8,E1,600,0,0,0,0,0,0,0,0
00000267--5bcd0e5bb8--8,E2,600,0,0,0,0,0,0,0,0
00000267--5bcd0e5bb8--8,E3,600,0,0,0,0,0,0,0,0
00000267--5bcd0e5bb8--8,E4,600,0,0,0,0,0,0,0,0
00000267--5bcd0e5bb8--8,E5,600,22,22,0,22,0,0,0,0
00000267--5bcd0e5bb8--9,E,600,0,0,0,0,0,0,0,0
00000267--5bcd0e5bb8--9,E1,600,0,0,0,0,0,0,0,0
00000267--5bcd0e5bb8--9,E2,600,0,0,0,0,0,0,0,0
00000267--5bcd0e5bb8--9,E3,600,0,0,0,0,0,0,0,0
00000267--5bcd0e5bb8--9,E4,600,0,0,0,0,0,0,0,0
00000267--5bcd0e5bb8--9,E5,600,10,10,0,10,0,0,0,0
00000269--4014745f93--0,E,620,0,0,0,0,0,0,0,0
00000269--4014745f93--0,E1,620,0,0,0,0,0,0,0,0
00000269--4014745f93--0,E2,620,0,0,0,0,0,0,0,0
00000269--4014745f93--0,E3,620,0,0,0,0,0,0,0,0
00000269--4014745f93--0,E4,620,0,0,0,0,0,0,0,0
00000269--4014745f93--0,E5,620,0,0,0,0,0,0,0,0
00000269--4014745f93--1,E,600,0,0,0,0,0,0,0,0
00000269--4014745f93--1,E1,600,0,0,0,0,0,0,0,0
00000269--4014745f93--1,E2,600,0,0,0,0,0,0,0,0
00000269--4014745f93--1,E3,600,0,0,0,0,0,0,0,0
00000269--4014745f93--1,E4,600,0,0,0,0,0,0,0,0
00000269--4014745f93--1,E5,600,0,0,0,0,0,0,0,0
00000269--4014745f93--10,E,600,0,0,0,0,0,0,0,0
00000269--4014745f93--10,E1,600,0,0,0,0,0,0,0,0
00000269--4014745f93--10,E2,600,0,0,0,0,0,0,0,0
00000269--4014745f93--10,E3,600,0,0,0,0,0,0,0,0
00000269--4014745f93--10,E4,600,0,0,0,0,0,0,0,0
00000269--4014745f93--10,E5,600,0,0,0,0,0,0,0,0
00000269--4014745f93--11,E,600,0,0,0,0,0,0,0,0
00000269--4014745f93--11,E1,600,0,0,0,0,0,0,0,0
00000269--4014745f93--11,E2,600,0,0,0,0,0,0,0,0
00000269--4014745f93--11,E3,600,0,0,0,0,0,0,0,0
00000269--4014745f93--11,E4,600,0,0,0,0,0,0,0,0
00000269--4014745f93--11,E5,600,0,0,0,0,0,0,0,0
00000269--4014745f93--12,E,600,0,0,0,0,0,0,0,0
00000269--4014745f93--12,E1,600,0,0,0,0,0,0,0,0
00000269--4014745f93--12,E2,600,0,0,0,0,0,0,0,0
00000269--4014745f93--12,E3,600,0,0,0,0,0,0,0,0
00000269--4014745f93--12,E4,600,0,0,0,0,0,0,0,0
00000269--4014745f93--12,E5,600,1,1,0,1,0,0,0,0
00000269--4014745f93--13,E,600,0,0,0,0,0,0,0,0
00000269--4014745f93--13,E1,600,0,0,0,0,0,0,0,0
00000269--4014745f93--13,E2,600,0,0,0,0,0,0,0,0
00000269--4014745f93--13,E3,600,0,0,0,0,0,0,0,0
00000269--4014745f93--13,E4,600,0,0,0,0,0,0,0,0
00000269--4014745f93--13,E5,600,0,0,0,0,0,0,0,0
00000269--4014745f93--14,E,600,0,0,0,0,0,0,0,0
00000269--4014745f93--14,E1,600,0,0,0,0,0,0,0,0
00000269--4014745f93--14,E2,600,0,0,0,0,0,0,0,0
00000269--4014745f93--14,E3,600,0,0,0,0,0,0,0,0
00000269--4014745f93--14,E4,600,0,0,0,0,0,0,0,0
00000269--4014745f93--14,E5,600,0,0,0,0,0,0,0,0
00000269--4014745f93--15,E,600,0,0,0,0,0,0,0,0
00000269--4014745f93--15,E1,600,0,0,0,0,0,0,0,0
00000269--4014745f93--15,E2,600,0,0,0,0,0,0,0,0
00000269--4014745f93--15,E3,600,0,0,0,0,0,0,0,0
00000269--4014745f93--15,E4,600,0,0,0,0,0,0,0,0
00000269--4014745f93--15,E5,600,0,0,0,0,0,0,0,0
00000269--4014745f93--16,E,600,0,0,0,0,0,0,0,0
00000269--4014745f93--16,E1,600,0,0,0,0,0,0,0,0
00000269--4014745f93--16,E2,600,0,0,0,0,0,0,0,0
00000269--4014745f93--16,E3,600,0,0,0,0,0,0,0,0
00000269--4014745f93--16,E4,600,0,0,0,0,0,0,0,0
00000269--4014745f93--16,E5,600,0,0,0,0,0,0,0,0
00000269--4014745f93--17,E,600,0,0,0,0,0,0,0,0
00000269--4014745f93--17,E1,600,0,0,0,0,0,0,0,0
00000269--4014745f93--17,E2,600,0,0,0,0,0,0,0,0
00000269--4014745f93--17,E3,600,0,0,0,0,0,0,0,0
00000269--4014745f93--17,E4,600,0,0,0,0,0,0,0,0
00000269--4014745f93--17,E5,600,0,0,0,0,0,0,0,0
00000269--4014745f93--18,E,600,0,0,0,0,0,0,0,0
00000269--4014745f93--18,E1,600,0,0,0,0,0,0,0,0
00000269--4014745f93--18,E2,600,0,0,0,0,0,0,0,0
00000269--4014745f93--18,E3,600,0,0,0,0,0,0,0,0
00000269--4014745f93--18,E4,600,0,0,0,0,0,0,0,0
00000269--4014745f93--18,E5,600,0,0,0,0,0,0,0,0
00000269--4014745f93--19,E,600,0,0,0,0,0,0,0,0
00000269--4014745f93--19,E1,600,0,0,0,0,0,0,0,0
00000269--4014745f93--19,E2,600,0,0,0,0,0,0,0,0
00000269--4014745f93--19,E3,600,0,0,0,0,0,0,0,0
00000269--4014745f93--19,E4,600,0,0,0,0,0,0,0,0
00000269--4014745f93--19,E5,600,0,0,0,0,0,0,0,0
00000269--4014745f93--2,E,599,0,0,0,0,0,0,0,0
00000269--4014745f93--2,E1,599,0,0,0,0,0,0,0,0
00000269--4014745f93--2,E2,599,0,0,0,0,0,0,0,0
00000269--4014745f93--2,E3,599,0,0,0,0,0,0,0,0
00000269--4014745f93--2,E4,599,0,0,0,0,0,0,0,0
00000269--4014745f93--2,E5,599,37,37,0,37,0,0,0,0
00000269--4014745f93--20,E,600,0,0,0,0,0,0,0,0
00000269--4014745f93--20,E1,600,0,0,0,0,0,0,0,0
00000269--4014745f93--20,E2,600,0,0,0,0,0,0,0,0
00000269--4014745f93--20,E3,600,0,0,0,0,0,0,0,0
00000269--4014745f93--20,E4,600,0,0,0,0,0,0,0,0
00000269--4014745f93--20,E5,600,0,0,0,0,0,0,0,0
00000269--4014745f93--21,E,600,0,0,0,0,0,0,0,0
00000269--4014745f93--21,E1,600,0,0,0,0,0,0,0,0
00000269--4014745f93--21,E2,600,0,0,0,0,0,0,0,0
00000269--4014745f93--21,E3,600,0,0,0,0,0,0,0,0
00000269--4014745f93--21,E4,600,0,0,0,0,0,0,0,0
00000269--4014745f93--21,E5,600,0,0,0,0,0,0,0,0
00000269--4014745f93--22,E,600,0,0,0,0,0,0,0,0
00000269--4014745f93--22,E1,600,0,0,0,0,0,0,0,0
00000269--4014745f93--22,E2,600,0,0,0,0,0,0,0,0
00000269--4014745f93--22,E3,600,0,0,0,0,0,0,0,0
00000269--4014745f93--22,E4,600,0,0,0,0,0,0,0,0
00000269--4014745f93--22,E5,600,143,143,0,143,0,0,0,0
00000269--4014745f93--23,E,600,0,0,0,0,0,0,0,0
00000269--4014745f93--23,E1,600,0,0,0,0,0,0,0,0
00000269--4014745f93--23,E2,600,0,0,0,0,0,0,0,0
00000269--4014745f93--23,E3,600,0,0,0,0,0,0,0,0
00000269--4014745f93--23,E4,600,0,0,0,0,0,0,0,0
00000269--4014745f93--23,E5,600,0,0,0,0,0,0,0,0
00000269--4014745f93--24,E,600,0,0,0,0,0,0,0,0
00000269--4014745f93--24,E1,600,0,0,0,0,0,0,0,0
00000269--4014745f93--24,E2,600,0,0,0,0,0,0,0,0
00000269--4014745f93--24,E3,600,0,0,0,0,0,0,0,0
00000269--4014745f93--24,E4,600,0,0,0,0,0,0,0,0
00000269--4014745f93--24,E5,600,111,111,2,0,0,0,0,109
00000269--4014745f93--25,E,600,0,0,0,0,0,0,0,0
00000269--4014745f93--25,E1,600,0,0,0,0,0,0,0,0
00000269--4014745f93--25,E2,600,0,0,0,0,0,0,0,0
00000269--4014745f93--25,E3,600,0,0,0,0,0,0,0,0
00000269--4014745f93--25,E4,600,0,0,0,0,0,0,0,0
00000269--4014745f93--25,E5,600,96,96,0,0,0,0,0,96
00000269--4014745f93--26,E,600,0,0,0,0,0,0,0,0
00000269--4014745f93--26,E1,600,0,0,0,0,0,0,0,0
00000269--4014745f93--26,E2,600,0,0,0,0,0,0,0,0
00000269--4014745f93--26,E3,600,0,0,0,0,0,0,0,0
00000269--4014745f93--26,E4,600,0,0,0,0,0,0,0,0
00000269--4014745f93--26,E5,600,0,0,0,0,0,0,0,0
00000269--4014745f93--27,E,600,0,0,0,0,0,0,0,0
00000269--4014745f93--27,E1,600,0,0,0,0,0,0,0,0
00000269--4014745f93--27,E2,600,0,0,0,0,0,0,0,0
00000269--4014745f93--27,E3,600,0,0,0,0,0,0,0,0
00000269--4014745f93--27,E4,600,0,0,0,0,0,0,0,0
00000269--4014745f93--27,E5,600,374,374,0,80,0,0,0,294
00000269--4014745f93--3,E,599,0,0,0,0,0,0,0,0
00000269--4014745f93--3,E1,599,0,0,0,0,0,0,0,0
00000269--4014745f93--3,E2,599,0,0,0,0,0,0,0,0
00000269--4014745f93--3,E3,599,0,0,0,0,0,0,0,0
00000269--4014745f93--3,E4,599,0,0,0,0,0,0,0,0
00000269--4014745f93--3,E5,599,0,0,0,0,0,0,0,0
00000269--4014745f93--4,E,599,0,0,0,0,0,0,0,0
00000269--4014745f93--4,E1,599,0,0,0,0,0,0,0,0
00000269--4014745f93--4,E2,599,0,0,0,0,0,0,0,0
00000269--4014745f93--4,E3,599,0,0,0,0,0,0,0,0
00000269--4014745f93--4,E4,599,0,0,0,0,0,0,0,0
00000269--4014745f93--4,E5,599,0,0,0,0,0,0,0,0
00000269--4014745f93--5,E,599,0,0,0,0,0,0,0,0
00000269--4014745f93--5,E1,599,0,0,0,0,0,0,0,0
00000269--4014745f93--5,E2,599,0,0,0,0,0,0,0,0
00000269--4014745f93--5,E3,599,0,0,0,0,0,0,0,0
00000269--4014745f93--5,E4,599,0,0,0,0,0,0,0,0
00000269--4014745f93--5,E5,599,0,0,0,0,0,0,0,0
00000269--4014745f93--6,E,599,0,0,0,0,0,0,0,0
00000269--4014745f93--6,E1,599,0,0,0,0,0,0,0,0
00000269--4014745f93--6,E2,599,0,0,0,0,0,0,0,0
00000269--4014745f93--6,E3,599,0,0,0,0,0,0,0,0
00000269--4014745f93--6,E4,599,0,0,0,0,0,0,0,0
00000269--4014745f93--6,E5,599,0,0,0,0,0,0,0,0
00000269--4014745f93--7,E,600,0,0,0,0,0,0,0,0
00000269--4014745f93--7,E1,600,0,0,0,0,0,0,0,0
00000269--4014745f93--7,E2,600,0,0,0,0,0,0,0,0
00000269--4014745f93--7,E3,600,0,0,0,0,0,0,0,0
00000269--4014745f93--7,E4,600,0,0,0,0,0,0,0,0
00000269--4014745f93--7,E5,600,253,253,0,121,5,0,0,127
00000269--4014745f93--8,E,599,0,0,0,0,0,0,0,0
00000269--4014745f93--8,E1,599,0,0,0,0,0,0,0,0
00000269--4014745f93--8,E2,599,0,0,0,0,0,0,0,0
00000269--4014745f93--8,E3,599,0,0,0,0,0,0,0,0
00000269--4014745f93--8,E4,599,0,0,0,0,0,0,0,0
00000269--4014745f93--8,E5,599,0,0,0,0,0,0,0,0
00000269--4014745f93--9,E,600,0,0,0,0,0,0,0,0
00000269--4014745f93--9,E1,600,0,0,0,0,0,0,0,0
00000269--4014745f93--9,E2,600,0,0,0,0,0,0,0,0
00000269--4014745f93--9,E3,600,0,0,0,0,0,0,0,0
00000269--4014745f93--9,E4,600,0,0,0,0,0,0,0,0
00000269--4014745f93--9,E5,600,0,0,0,0,0,0,0,0
0000026a--171a0a1f5c--0,E,620,0,0,0,0,0,0,0,0
0000026a--171a0a1f5c--0,E1,620,0,0,0,0,0,0,0,0
0000026a--171a0a1f5c--0,E2,620,0,0,0,0,0,0,0,0
0000026a--171a0a1f5c--0,E3,620,0,0,0,0,0,0,0,0
0000026a--171a0a1f5c--0,E4,620,0,0,0,0,0,0,0,0
0000026a--171a0a1f5c--0,E5,620,1,1,0,1,0,0,0,0
0000026a--171a0a1f5c--1,E,600,0,0,0,0,0,0,0,0
0000026a--171a0a1f5c--1,E1,600,0,0,0,0,0,0,0,0
0000026a--171a0a1f5c--1,E2,600,0,0,0,0,0,0,0,0
0000026a--171a0a1f5c--1,E3,600,0,0,0,0,0,0,0,0
0000026a--171a0a1f5c--1,E4,600,0,0,0,0,0,0,0,0
0000026a--171a0a1f5c--1,E5,600,0,0,0,0,0,0,0,0
0000026a--171a0a1f5c--10,E,599,0,0,0,0,0,0,0,0
0000026a--171a0a1f5c--10,E1,599,0,0,0,0,0,0,0,0
0000026a--171a0a1f5c--10,E2,599,0,0,0,0,0,0,0,0
0000026a--171a0a1f5c--10,E3,599,0,0,0,0,0,0,0,0
0000026a--171a0a1f5c--10,E4,599,0,0,0,0,0,0,0,0
0000026a--171a0a1f5c--10,E5,599,447,447,0,447,0,0,0,0
0000026a--171a0a1f5c--11,E,599,0,0,0,0,0,0,0,0
0000026a--171a0a1f5c--11,E1,599,0,0,0,0,0,0,0,0
0000026a--171a0a1f5c--11,E2,599,0,0,0,0,0,0,0,0
0000026a--171a0a1f5c--11,E3,599,0,0,0,0,0,0,0,0
0000026a--171a0a1f5c--11,E4,599,0,0,0,0,0,0,0,0
0000026a--171a0a1f5c--11,E5,599,0,0,0,0,0,0,0,0
0000026a--171a0a1f5c--12,E,600,0,0,0,0,0,0,0,0
0000026a--171a0a1f5c--12,E1,600,0,0,0,0,0,0,0,0
0000026a--171a0a1f5c--12,E2,600,0,0,0,0,0,0,0,0
0000026a--171a0a1f5c--12,E3,600,0,0,0,0,0,0,0,0
0000026a--171a0a1f5c--12,E4,600,0,0,0,0,0,0,0,0
0000026a--171a0a1f5c--12,E5,600,0,0,0,0,0,0,0,0
0000026a--171a0a1f5c--13,E,600,0,0,0,0,0,0,0,0
0000026a--171a0a1f5c--13,E1,600,0,0,0,0,0,0,0,0
0000026a--171a0a1f5c--13,E2,600,0,0,0,0,0,0,0,0
0000026a--171a0a1f5c--13,E3,600,0,0,0,0,0,0,0,0
0000026a--171a0a1f5c--13,E4,600,0,0,0,0,0,0,0,0
0000026a--171a0a1f5c--13,E5,600,0,0,0,0,0,0,0,0
0000026a--171a0a1f5c--14,E,600,0,0,0,0,0,0,0,0
0000026a--171a0a1f5c--14,E1,600,0,0,0,0,0,0,0,0
0000026a--171a0a1f5c--14,E2,600,0,0,0,0,0,0,0,0
0000026a--171a0a1f5c--14,E3,600,0,0,0,0,0,0,0,0
0000026a--171a0a1f5c--14,E4,600,0,0,0,0,0,0,0,0
0000026a--171a0a1f5c--14,E5,600,0,0,0,0,0,0,0,0
0000026a--171a0a1f5c--15,E,600,0,0,0,0,0,0,0,0
0000026a--171a0a1f5c--15,E1,600,0,0,0,0,0,0,0,0
0000026a--171a0a1f5c--15,E2,600,0,0,0,0,0,0,0,0
0000026a--171a0a1f5c--15,E3,600,0,0,0,0,0,0,0,0
0000026a--171a0a1f5c--15,E4,600,0,0,0,0,0,0,0,0
0000026a--171a0a1f5c--15,E5,600,0,0,0,0,0,0,0,0
0000026a--171a0a1f5c--16,E,600,0,0,0,0,0,0,0,0
0000026a--171a0a1f5c--16,E1,600,0,0,0,0,0,0,0,0
0000026a--171a0a1f5c--16,E2,600,0,0,0,0,0,0,0,0
0000026a--171a0a1f5c--16,E3,600,0,0,0,0,0,0,0,0
0000026a--171a0a1f5c--16,E4,600,0,0,0,0,0,0,0,0
0000026a--171a0a1f5c--16,E5,600,0,0,0,0,0,0,0,0
0000026a--171a0a1f5c--17,E,600,0,0,0,0,0,0,0,0
0000026a--171a0a1f5c--17,E1,600,0,0,0,0,0,0,0,0
0000026a--171a0a1f5c--17,E2,600,0,0,0,0,0,0,0,0
0000026a--171a0a1f5c--17,E3,600,0,0,0,0,0,0,0,0
0000026a--171a0a1f5c--17,E4,600,0,0,0,0,0,0,0,0
0000026a--171a0a1f5c--17,E5,600,0,0,0,0,0,0,0,0
0000026a--171a0a1f5c--18,E,600,0,0,0,0,0,0,0,0
0000026a--171a0a1f5c--18,E1,600,0,0,0,0,0,0,0,0
0000026a--171a0a1f5c--18,E2,600,0,0,0,0,0,0,0,0
0000026a--171a0a1f5c--18,E3,600,0,0,0,0,0,0,0,0
0000026a--171a0a1f5c--18,E4,600,0,0,0,0,0,0,0,0
0000026a--171a0a1f5c--18,E5,600,0,0,0,0,0,0,0,0
0000026a--171a0a1f5c--19,E,600,0,0,0,0,0,0,0,0
0000026a--171a0a1f5c--19,E1,600,0,0,0,0,0,0,0,0
0000026a--171a0a1f5c--19,E2,600,0,0,0,0,0,0,0,0
0000026a--171a0a1f5c--19,E3,600,0,0,0,0,0,0,0,0
0000026a--171a0a1f5c--19,E4,600,0,0,0,0,0,0,0,0
0000026a--171a0a1f5c--19,E5,600,0,0,0,0,0,0,0,0
0000026a--171a0a1f5c--2,E,600,1,1,0,1,0,0,0,0
0000026a--171a0a1f5c--2,E1,600,0,0,0,0,0,0,0,0
0000026a--171a0a1f5c--2,E2,600,1,1,0,1,0,0,0,0
0000026a--171a0a1f5c--2,E3,600,1,1,0,1,0,0,0,0
0000026a--171a0a1f5c--2,E4,600,0,0,0,0,0,0,0,0
0000026a--171a0a1f5c--2,E5,600,1,1,0,1,0,0,0,0
0000026a--171a0a1f5c--20,E,600,0,0,0,0,0,0,0,0
0000026a--171a0a1f5c--20,E1,600,0,0,0,0,0,0,0,0
0000026a--171a0a1f5c--20,E2,600,0,0,0,0,0,0,0,0
0000026a--171a0a1f5c--20,E3,600,0,0,0,0,0,0,0,0
0000026a--171a0a1f5c--20,E4,600,0,0,0,0,0,0,0,0
0000026a--171a0a1f5c--20,E5,600,0,0,0,0,0,0,0,0
0000026a--171a0a1f5c--21,E,600,0,0,0,0,0,0,0,0
0000026a--171a0a1f5c--21,E1,600,0,0,0,0,0,0,0,0
0000026a--171a0a1f5c--21,E2,600,0,0,0,0,0,0,0,0
0000026a--171a0a1f5c--21,E3,600,0,0,0,0,0,0,0,0
0000026a--171a0a1f5c--21,E4,600,0,0,0,0,0,0,0,0
0000026a--171a0a1f5c--21,E5,600,0,0,0,0,0,0,0,0
0000026a--171a0a1f5c--22,E,600,0,0,0,0,0,0,0,0
0000026a--171a0a1f5c--22,E1,600,0,0,0,0,0,0,0,0
0000026a--171a0a1f5c--22,E2,600,0,0,0,0,0,0,0,0
0000026a--171a0a1f5c--22,E3,600,0,0,0,0,0,0,0,0
0000026a--171a0a1f5c--22,E4,600,0,0,0,0,0,0,0,0
0000026a--171a0a1f5c--22,E5,600,0,0,0,0,0,0,0,0
0000026a--171a0a1f5c--23,E,600,0,0,0,0,0,0,0,0
0000026a--171a0a1f5c--23,E1,600,0,0,0,0,0,0,0,0
0000026a--171a0a1f5c--23,E2,600,0,0,0,0,0,0,0,0
0000026a--171a0a1f5c--23,E3,600,0,0,0,0,0,0,0,0
0000026a--171a0a1f5c--23,E4,600,0,0,0,0,0,0,0,0
0000026a--171a0a1f5c--23,E5,600,0,0,0,0,0,0,0,0
0000026a--171a0a1f5c--24,E,600,0,0,0,0,0,0,0,0
0000026a--171a0a1f5c--24,E1,600,0,0,0,0,0,0,0,0
0000026a--171a0a1f5c--24,E2,600,0,0,0,0,0,0,0,0
0000026a--171a0a1f5c--24,E3,600,0,0,0,0,0,0,0,0
0000026a--171a0a1f5c--24,E4,600,0,0,0,0,0,0,0,0
0000026a--171a0a1f5c--24,E5,600,0,0,0,0,0,0,0,0
0000026a--171a0a1f5c--25,E,600,480,480,0,480,0,0,0,0
0000026a--171a0a1f5c--25,E1,600,0,0,0,0,0,0,0,0
0000026a--171a0a1f5c--25,E2,600,0,0,0,0,0,0,0,0
0000026a--171a0a1f5c--25,E3,600,0,0,0,0,0,0,0,0
0000026a--171a0a1f5c--25,E4,600,0,0,0,0,0,0,0,0
0000026a--171a0a1f5c--25,E5,600,480,480,0,480,0,0,0,0
0000026a--171a0a1f5c--26,E,600,0,0,0,0,0,0,0,0
0000026a--171a0a1f5c--26,E1,600,0,0,0,0,0,0,0,0
0000026a--171a0a1f5c--26,E2,600,0,0,0,0,0,0,0,0
0000026a--171a0a1f5c--26,E3,600,0,0,0,0,0,0,0,0
0000026a--171a0a1f5c--26,E4,600,0,0,0,0,0,0,0,0
0000026a--171a0a1f5c--26,E5,600,0,0,0,0,0,0,0,0
0000026a--171a0a1f5c--27,E,600,0,0,0,0,0,0,0,0
0000026a--171a0a1f5c--27,E1,600,0,0,0,0,0,0,0,0
0000026a--171a0a1f5c--27,E2,600,0,0,0,0,0,0,0,0
0000026a--171a0a1f5c--27,E3,600,0,0,0,0,0,0,0,0
0000026a--171a0a1f5c--27,E4,600,0,0,0,0,0,0,0,0
0000026a--171a0a1f5c--27,E5,600,0,0,0,0,0,0,0,0
0000026a--171a0a1f5c--28,E,600,10,10,0,10,0,0,0,0
0000026a--171a0a1f5c--28,E1,600,0,0,0,0,0,0,0,0
0000026a--171a0a1f5c--28,E2,600,10,10,0,10,0,0,0,0
0000026a--171a0a1f5c--28,E3,600,10,10,0,10,0,0,0,0
0000026a--171a0a1f5c--28,E4,600,0,0,0,0,0,0,0,0
0000026a--171a0a1f5c--28,E5,600,30,30,0,30,0,0,0,0
0000026a--171a0a1f5c--29,E,600,0,0,0,0,0,0,0,0
0000026a--171a0a1f5c--29,E1,600,0,0,0,0,0,0,0,0
0000026a--171a0a1f5c--29,E2,600,0,0,0,0,0,0,0,0
0000026a--171a0a1f5c--29,E3,600,0,0,0,0,0,0,0,0
0000026a--171a0a1f5c--29,E4,600,0,0,0,0,0,0,0,0
0000026a--171a0a1f5c--29,E5,600,0,0,0,0,0,0,0,0
0000026a--171a0a1f5c--3,E,600,0,0,0,0,0,0,0,0
0000026a--171a0a1f5c--3,E1,600,0,0,0,0,0,0,0,0
0000026a--171a0a1f5c--3,E2,600,0,0,0,0,0,0,0,0
0000026a--171a0a1f5c--3,E3,600,0,0,0,0,0,0,0,0
0000026a--171a0a1f5c--3,E4,600,0,0,0,0,0,0,0,0
0000026a--171a0a1f5c--3,E5,600,6,6,0,3,0,0,0,3
0000026a--171a0a1f5c--30,E,600,0,0,0,0,0,0,0,0
0000026a--171a0a1f5c--30,E1,600,0,0,0,0,0,0,0,0
0000026a--171a0a1f5c--30,E2,600,0,0,0,0,0,0,0,0
0000026a--171a0a1f5c--30,E3,600,0,0,0,0,0,0,0,0
0000026a--171a0a1f5c--30,E4,600,0,0,0,0,0,0,0,0
0000026a--171a0a1f5c--30,E5,600,0,0,0,0,0,0,0,0
0000026a--171a0a1f5c--31,E,599,0,0,0,0,0,0,0,0
0000026a--171a0a1f5c--31,E1,599,0,0,0,0,0,0,0,0
0000026a--171a0a1f5c--31,E2,599,0,0,0,0,0,0,0,0
0000026a--171a0a1f5c--31,E3,599,0,0,0,0,0,0,0,0
0000026a--171a0a1f5c--31,E4,599,0,0,0,0,0,0,0,0
0000026a--171a0a1f5c--31,E5,599,7,7,0,7,0,0,0,0
0000026a--171a0a1f5c--32,E,599,0,0,0,0,0,0,0,0
0000026a--171a0a1f5c--32,E1,599,0,0,0,0,0,0,0,0
0000026a--171a0a1f5c--32,E2,599,0,0,0,0,0,0,0,0
0000026a--171a0a1f5c--32,E3,599,0,0,0,0,0,0,0,0
0000026a--171a0a1f5c--32,E4,599,0,0,0,0,0,0,0,0
0000026a--171a0a1f5c--32,E5,599,0,0,0,0,0,0,0,0
0000026a--171a0a1f5c--33,E,599,47,47,0,47,0,0,0,0
0000026a--171a0a1f5c--33,E1,599,0,0,0,0,0,0,0,0
0000026a--171a0a1f5c--33,E2,599,47,47,0,47,0,0,0,0
0000026a--171a0a1f5c--33,E3,599,47,47,0,47,0,0,0,0
0000026a--171a0a1f5c--33,E4,599,47,47,0,47,0,0,0,0
0000026a--171a0a1f5c--33,E5,599,64,64,0,62,2,0,0,0
0000026a--171a0a1f5c--34,E,349,0,0,0,0,0,0,0,0
0000026a--171a0a1f5c--34,E1,349,0,0,0,0,0,0,0,0
0000026a--171a0a1f5c--34,E2,349,0,0,0,0,0,0,0,0
0000026a--171a0a1f5c--34,E3,349,0,0,0,0,0,0,0,0
0000026a--171a0a1f5c--34,E4,349,0,0,0,0,0,0,0,0
0000026a--171a0a1f5c--34,E5,349,0,0,0,0,0,0,0,0
0000026a--171a0a1f5c--4,E,600,347,347,0,347,0,0,0,0
0000026a--171a0a1f5c--4,E1,600,0,0,0,0,0,0,0,0
0000026a--171a0a1f5c--4,E2,600,347,347,0,347,0,0,0,0
0000026a--171a0a1f5c--4,E3,600,347,347,0,347,0,0,0,0
0000026a--171a0a1f5c--4,E4,600,0,0,0,0,0,0,0,0
0000026a--171a0a1f5c--4,E5,600,347,347,0,347,0,0,0,0
0000026a--171a0a1f5c--5,E,599,0,0,0,0,0,0,0,0
0000026a--171a0a1f5c--5,E1,599,0,0,0,0,0,0,0,0
0000026a--171a0a1f5c--5,E2,599,0,0,0,0,0,0,0,0
0000026a--171a0a1f5c--5,E3,599,0,0,0,0,0,0,0,0
0000026a--171a0a1f5c--5,E4,599,0,0,0,0,0,0,0,0
0000026a--171a0a1f5c--5,E5,599,0,0,0,0,0,0,0,0
0000026a--171a0a1f5c--6,E,600,0,0,0,0,0,0,0,0
0000026a--171a0a1f5c--6,E1,600,0,0,0,0,0,0,0,0
0000026a--171a0a1f5c--6,E2,600,0,0,0,0,0,0,0,0
0000026a--171a0a1f5c--6,E3,600,0,0,0,0,0,0,0,0
0000026a--171a0a1f5c--6,E4,600,0,0,0,0,0,0,0,0
0000026a--171a0a1f5c--6,E5,600,0,0,0,0,0,0,0,0
0000026a--171a0a1f5c--7,E,599,0,0,0,0,0,0,0,0
0000026a--171a0a1f5c--7,E1,599,0,0,0,0,0,0,0,0
0000026a--171a0a1f5c--7,E2,599,0,0,0,0,0,0,0,0
0000026a--171a0a1f5c--7,E3,599,0,0,0,0,0,0,0,0
0000026a--171a0a1f5c--7,E4,599,0,0,0,0,0,0,0,0
0000026a--171a0a1f5c--7,E5,599,0,0,0,0,0,0,0,0
0000026a--171a0a1f5c--8,E,599,0,0,0,0,0,0,0,0
0000026a--171a0a1f5c--8,E1,599,0,0,0,0,0,0,0,0
0000026a--171a0a1f5c--8,E2,599,0,0,0,0,0,0,0,0
0000026a--171a0a1f5c--8,E3,599,0,0,0,0,0,0,0,0
0000026a--171a0a1f5c--8,E4,599,0,0,0,0,0,0,0,0
0000026a--171a0a1f5c--8,E5,599,0,0,0,0,0,0,0,0
0000026a--171a0a1f5c--9,E,599,0,0,0,0,0,0,0,0
0000026a--171a0a1f5c--9,E1,599,0,0,0,0,0,0,0,0
0000026a--171a0a1f5c--9,E2,599,0,0,0,0,0,0,0,0
0000026a--171a0a1f5c--9,E3,599,0,0,0,0,0,0,0,0
0000026a--171a0a1f5c--9,E4,599,0,0,0,0,0,0,0,0
0000026a--171a0a1f5c--9,E5,599,0,0,0,0,0,0,0,0
0000026b--4dfb361eee--0,E,621,0,0,0,0,0,0,0,0
0000026b--4dfb361eee--0,E1,621,0,0,0,0,0,0,0,0
0000026b--4dfb361eee--0,E2,621,0,0,0,0,0,0,0,0
0000026b--4dfb361eee--0,E3,621,0,0,0,0,0,0,0,0
0000026b--4dfb361eee--0,E4,621,0,0,0,0,0,0,0,0
0000026b--4dfb361eee--0,E5,621,11,11,9,2,0,0,0,0
0000026b--4dfb361eee--1,E,600,0,0,0,0,0,0,0,0
0000026b--4dfb361eee--1,E1,600,0,0,0,0,0,0,0,0
0000026b--4dfb361eee--1,E2,600,0,0,0,0,0,0,0,0
0000026b--4dfb361eee--1,E3,600,0,0,0,0,0,0,0,0
0000026b--4dfb361eee--1,E4,600,0,0,0,0,0,0,0,0
0000026b--4dfb361eee--1,E5,600,0,0,0,0,0,0,0,0
0000026b--4dfb361eee--10,E,600,208,208,0,0,0,0,0,208
0000026b--4dfb361eee--10,E1,600,0,0,0,0,0,0,0,0
0000026b--4dfb361eee--10,E2,600,208,208,0,0,0,0,0,208
0000026b--4dfb361eee--10,E3,600,208,208,0,0,0,0,0,208
0000026b--4dfb361eee--10,E4,600,0,0,0,0,0,0,0,0
0000026b--4dfb361eee--10,E5,600,229,229,0,21,0,0,0,208
0000026b--4dfb361eee--11,E,596,0,0,0,0,0,0,0,0
0000026b--4dfb361eee--11,E1,596,0,0,0,0,0,0,0,0
0000026b--4dfb361eee--11,E2,596,0,0,0,0,0,0,0,0
0000026b--4dfb361eee--11,E3,596,0,0,0,0,0,0,0,0
0000026b--4dfb361eee--11,E4,596,0,0,0,0,0,0,0,0
0000026b--4dfb361eee--11,E5,596,2,2,0,1,0,0,0,1
0000026b--4dfb361eee--2,E,600,0,0,0,0,0,0,0,0
0000026b--4dfb361eee--2,E1,600,0,0,0,0,0,0,0,0
0000026b--4dfb361eee--2,E2,600,0,0,0,0,0,0,0,0
0000026b--4dfb361eee--2,E3,600,0,0,0,0,0,0,0,0
0000026b--4dfb361eee--2,E4,600,0,0,0,0,0,0,0,0
0000026b--4dfb361eee--2,E5,600,0,0,0,0,0,0,0,0
0000026b--4dfb361eee--3,E,600,0,0,0,0,0,0,0,0
0000026b--4dfb361eee--3,E1,600,0,0,0,0,0,0,0,0
0000026b--4dfb361eee--3,E2,600,0,0,0,0,0,0,0,0
0000026b--4dfb361eee--3,E3,600,0,0,0,0,0,0,0,0
0000026b--4dfb361eee--3,E4,600,0,0,0,0,0,0,0,0
0000026b--4dfb361eee--3,E5,600,0,0,0,0,0,0,0,0
0000026b--4dfb361eee--4,E,600,0,0,0,0,0,0,0,0
0000026b--4dfb361eee--4,E1,600,0,0,0,0,0,0,0,0
0000026b--4dfb361eee--4,E2,600,0,0,0,0,0,0,0,0
0000026b--4dfb361eee--4,E3,600,0,0,0,0,0,0,0,0
0000026b--4dfb361eee--4,E4,600,0,0,0,0,0,0,0,0
0000026b--4dfb361eee--4,E5,600,0,0,0,0,0,0,0,0
0000026b--4dfb361eee--5,E,600,0,0,0,0,0,0,0,0
0000026b--4dfb361eee--5,E1,600,0,0,0,0,0,0,0,0
0000026b--4dfb361eee--5,E2,600,0,0,0,0,0,0,0,0
0000026b--4dfb361eee--5,E3,600,0,0,0,0,0,0,0,0
0000026b--4dfb361eee--5,E4,600,0,0,0,0,0,0,0,0
0000026b--4dfb361eee--5,E5,600,0,0,0,0,0,0,0,0
0000026b--4dfb361eee--6,E,600,0,0,0,0,0,0,0,0
0000026b--4dfb361eee--6,E1,600,0,0,0,0,0,0,0,0
0000026b--4dfb361eee--6,E2,600,0,0,0,0,0,0,0,0
0000026b--4dfb361eee--6,E3,600,0,0,0,0,0,0,0,0
0000026b--4dfb361eee--6,E4,600,0,0,0,0,0,0,0,0
0000026b--4dfb361eee--6,E5,600,0,0,0,0,0,0,0,0
0000026b--4dfb361eee--7,E,600,0,0,0,0,0,0,0,0
0000026b--4dfb361eee--7,E1,600,0,0,0,0,0,0,0,0
0000026b--4dfb361eee--7,E2,600,0,0,0,0,0,0,0,0
0000026b--4dfb361eee--7,E3,600,0,0,0,0,0,0,0,0
0000026b--4dfb361eee--7,E4,600,0,0,0,0,0,0,0,0
0000026b--4dfb361eee--7,E5,600,0,0,0,0,0,0,0,0
0000026b--4dfb361eee--8,E,600,29,29,0,29,0,0,0,0
0000026b--4dfb361eee--8,E1,600,29,29,0,29,0,0,0,0
0000026b--4dfb361eee--8,E2,600,29,29,0,29,0,0,0,0
0000026b--4dfb361eee--8,E3,600,29,29,0,29,0,0,0,0
0000026b--4dfb361eee--8,E4,600,0,0,0,0,0,0,0,0
0000026b--4dfb361eee--8,E5,600,0,0,0,0,0,0,0,0
0000026b--4dfb361eee--9,E,600,0,0,0,0,0,0,0,0
0000026b--4dfb361eee--9,E1,600,0,0,0,0,0,0,0,0
0000026b--4dfb361eee--9,E2,600,0,0,0,0,0,0,0,0
0000026b--4dfb361eee--9,E3,600,0,0,0,0,0,0,0,0
0000026b--4dfb361eee--9,E4,600,0,0,0,0,0,0,0,0
0000026b--4dfb361eee--9,E5,600,5,5,0,0,0,0,0,5
0000026d--2363789071--0,E,617,0,0,0,0,0,0,0,0
0000026d--2363789071--0,E1,617,0,0,0,0,0,0,0,0
0000026d--2363789071--0,E2,617,0,0,0,0,0,0,0,0
0000026d--2363789071--0,E3,617,0,0,0,0,0,0,0,0
0000026d--2363789071--0,E4,617,0,0,0,0,0,0,0,0
0000026d--2363789071--0,E5,617,0,0,0,0,0,0,0,0
0000026d--2363789071--1,E,600,0,0,0,0,0,0,0,0
0000026d--2363789071--1,E1,600,0,0,0,0,0,0,0,0
0000026d--2363789071--1,E2,600,0,0,0,0,0,0,0,0
0000026d--2363789071--1,E3,600,0,0,0,0,0,0,0,0
0000026d--2363789071--1,E4,600,0,0,0,0,0,0,0,0
0000026d--2363789071--1,E5,600,6,6,0,6,0,0,0,0
0000026d--2363789071--10,E,600,0,0,0,0,0,0,0,0
0000026d--2363789071--10,E1,600,0,0,0,0,0,0,0,0
0000026d--2363789071--10,E2,600,0,0,0,0,0,0,0,0
0000026d--2363789071--10,E3,600,0,0,0,0,0,0,0,0
0000026d--2363789071--10,E4,600,0,0,0,0,0,0,0,0
0000026d--2363789071--10,E5,600,0,0,0,0,0,0,0,0
0000026d--2363789071--11,E,600,0,0,0,0,0,0,0,0
0000026d--2363789071--11,E1,600,0,0,0,0,0,0,0,0
0000026d--2363789071--11,E2,600,0,0,0,0,0,0,0,0
0000026d--2363789071--11,E3,600,0,0,0,0,0,0,0,0
0000026d--2363789071--11,E4,600,0,0,0,0,0,0,0,0
0000026d--2363789071--11,E5,600,0,0,0,0,0,0,0,0
0000026d--2363789071--12,E,600,0,0,0,0,0,0,0,0
0000026d--2363789071--12,E1,600,0,0,0,0,0,0,0,0
0000026d--2363789071--12,E2,600,0,0,0,0,0,0,0,0
0000026d--2363789071--12,E3,600,0,0,0,0,0,0,0,0
0000026d--2363789071--12,E4,600,0,0,0,0,0,0,0,0
0000026d--2363789071--12,E5,600,0,0,0,0,0,0,0,0
0000026d--2363789071--13,E,600,0,0,0,0,0,0,0,0
0000026d--2363789071--13,E1,600,0,0,0,0,0,0,0,0
0000026d--2363789071--13,E2,600,0,0,0,0,0,0,0,0
0000026d--2363789071--13,E3,600,0,0,0,0,0,0,0,0
0000026d--2363789071--13,E4,600,0,0,0,0,0,0,0,0
0000026d--2363789071--13,E5,600,0,0,0,0,0,0,0,0
0000026d--2363789071--14,E,600,0,0,0,0,0,0,0,0
0000026d--2363789071--14,E1,600,0,0,0,0,0,0,0,0
0000026d--2363789071--14,E2,600,0,0,0,0,0,0,0,0
0000026d--2363789071--14,E3,600,0,0,0,0,0,0,0,0
0000026d--2363789071--14,E4,600,0,0,0,0,0,0,0,0
0000026d--2363789071--14,E5,600,0,0,0,0,0,0,0,0
0000026d--2363789071--15,E,600,0,0,0,0,0,0,0,0
0000026d--2363789071--15,E1,600,0,0,0,0,0,0,0,0
0000026d--2363789071--15,E2,600,0,0,0,0,0,0,0,0
0000026d--2363789071--15,E3,600,0,0,0,0,0,0,0,0
0000026d--2363789071--15,E4,600,0,0,0,0,0,0,0,0
0000026d--2363789071--15,E5,600,0,0,0,0,0,0,0,0
0000026d--2363789071--16,E,600,0,0,0,0,0,0,0,0
0000026d--2363789071--16,E1,600,0,0,0,0,0,0,0,0
0000026d--2363789071--16,E2,600,0,0,0,0,0,0,0,0
0000026d--2363789071--16,E3,600,0,0,0,0,0,0,0,0
0000026d--2363789071--16,E4,600,0,0,0,0,0,0,0,0
0000026d--2363789071--16,E5,600,0,0,0,0,0,0,0,0
0000026d--2363789071--17,E,600,0,0,0,0,0,0,0,0
0000026d--2363789071--17,E1,600,0,0,0,0,0,0,0,0
0000026d--2363789071--17,E2,600,0,0,0,0,0,0,0,0
0000026d--2363789071--17,E3,600,0,0,0,0,0,0,0,0
0000026d--2363789071--17,E4,600,0,0,0,0,0,0,0,0
0000026d--2363789071--17,E5,600,0,0,0,0,0,0,0,0
0000026d--2363789071--18,E,600,0,0,0,0,0,0,0,0
0000026d--2363789071--18,E1,600,0,0,0,0,0,0,0,0
0000026d--2363789071--18,E2,600,0,0,0,0,0,0,0,0
0000026d--2363789071--18,E3,600,0,0,0,0,0,0,0,0
0000026d--2363789071--18,E4,600,0,0,0,0,0,0,0,0
0000026d--2363789071--18,E5,600,0,0,0,0,0,0,0,0
0000026d--2363789071--19,E,600,0,0,0,0,0,0,0,0
0000026d--2363789071--19,E1,600,0,0,0,0,0,0,0,0
0000026d--2363789071--19,E2,600,0,0,0,0,0,0,0,0
0000026d--2363789071--19,E3,600,0,0,0,0,0,0,0,0
0000026d--2363789071--19,E4,600,0,0,0,0,0,0,0,0
0000026d--2363789071--19,E5,600,0,0,0,0,0,0,0,0
0000026d--2363789071--2,E,599,0,0,0,0,0,0,0,0
0000026d--2363789071--2,E1,599,0,0,0,0,0,0,0,0
0000026d--2363789071--2,E2,599,0,0,0,0,0,0,0,0
0000026d--2363789071--2,E3,599,0,0,0,0,0,0,0,0
0000026d--2363789071--2,E4,599,0,0,0,0,0,0,0,0
0000026d--2363789071--2,E5,599,0,0,0,0,0,0,0,0
0000026d--2363789071--20,E,600,0,0,0,0,0,0,0,0
0000026d--2363789071--20,E1,600,0,0,0,0,0,0,0,0
0000026d--2363789071--20,E2,600,0,0,0,0,0,0,0,0
0000026d--2363789071--20,E3,600,0,0,0,0,0,0,0,0
0000026d--2363789071--20,E4,600,0,0,0,0,0,0,0,0
0000026d--2363789071--20,E5,600,0,0,0,0,0,0,0,0
0000026d--2363789071--21,E,600,0,0,0,0,0,0,0,0
0000026d--2363789071--21,E1,600,0,0,0,0,0,0,0,0
0000026d--2363789071--21,E2,600,0,0,0,0,0,0,0,0
0000026d--2363789071--21,E3,600,0,0,0,0,0,0,0,0
0000026d--2363789071--21,E4,600,0,0,0,0,0,0,0,0
0000026d--2363789071--21,E5,600,0,0,0,0,0,0,0,0
0000026d--2363789071--22,E,599,0,0,0,0,0,0,0,0
0000026d--2363789071--22,E1,599,0,0,0,0,0,0,0,0
0000026d--2363789071--22,E2,599,0,0,0,0,0,0,0,0
0000026d--2363789071--22,E3,599,0,0,0,0,0,0,0,0
0000026d--2363789071--22,E4,599,0,0,0,0,0,0,0,0
0000026d--2363789071--22,E5,599,0,0,0,0,0,0,0,0
0000026d--2363789071--23,E,600,0,0,0,0,0,0,0,0
0000026d--2363789071--23,E1,600,0,0,0,0,0,0,0,0
0000026d--2363789071--23,E2,600,0,0,0,0,0,0,0,0
0000026d--2363789071--23,E3,600,0,0,0,0,0,0,0,0
0000026d--2363789071--23,E4,600,0,0,0,0,0,0,0,0
0000026d--2363789071--23,E5,600,0,0,0,0,0,0,0,0
0000026d--2363789071--24,E,599,0,0,0,0,0,0,0,0
0000026d--2363789071--24,E1,599,0,0,0,0,0,0,0,0
0000026d--2363789071--24,E2,599,0,0,0,0,0,0,0,0
0000026d--2363789071--24,E3,599,0,0,0,0,0,0,0,0
0000026d--2363789071--24,E4,599,0,0,0,0,0,0,0,0
0000026d--2363789071--24,E5,599,0,0,0,0,0,0,0,0
0000026d--2363789071--25,E,600,0,0,0,0,0,0,0,0
0000026d--2363789071--25,E1,600,0,0,0,0,0,0,0,0
0000026d--2363789071--25,E2,600,0,0,0,0,0,0,0,0
0000026d--2363789071--25,E3,600,0,0,0,0,0,0,0,0
0000026d--2363789071--25,E4,600,0,0,0,0,0,0,0,0
0000026d--2363789071--25,E5,600,0,0,0,0,0,0,0,0
0000026d--2363789071--26,E,599,0,0,0,0,0,0,0,0
0000026d--2363789071--26,E1,599,0,0,0,0,0,0,0,0
0000026d--2363789071--26,E2,599,0,0,0,0,0,0,0,0
0000026d--2363789071--26,E3,599,0,0,0,0,0,0,0,0
0000026d--2363789071--26,E4,599,0,0,0,0,0,0,0,0
0000026d--2363789071--26,E5,599,0,0,0,0,0,0,0,0
0000026d--2363789071--27,E,599,0,0,0,0,0,0,0,0
0000026d--2363789071--27,E1,599,0,0,0,0,0,0,0,0
0000026d--2363789071--27,E2,599,0,0,0,0,0,0,0,0
0000026d--2363789071--27,E3,599,0,0,0,0,0,0,0,0
0000026d--2363789071--27,E4,599,0,0,0,0,0,0,0,0
0000026d--2363789071--27,E5,599,0,0,0,0,0,0,0,0
0000026d--2363789071--28,E,599,0,0,0,0,0,0,0,0
0000026d--2363789071--28,E1,599,0,0,0,0,0,0,0,0
0000026d--2363789071--28,E2,599,0,0,0,0,0,0,0,0
0000026d--2363789071--28,E3,599,0,0,0,0,0,0,0,0
0000026d--2363789071--28,E4,599,0,0,0,0,0,0,0,0
0000026d--2363789071--28,E5,599,0,0,0,0,0,0,0,0
0000026d--2363789071--29,E,599,0,0,0,0,0,0,0,0
0000026d--2363789071--29,E1,599,0,0,0,0,0,0,0,0
0000026d--2363789071--29,E2,599,0,0,0,0,0,0,0,0
0000026d--2363789071--29,E3,599,0,0,0,0,0,0,0,0
0000026d--2363789071--29,E4,599,0,0,0,0,0,0,0,0
0000026d--2363789071--29,E5,599,2,2,0,2,0,0,0,0
0000026d--2363789071--3,E,599,2,2,0,2,0,0,0,0
0000026d--2363789071--3,E1,599,0,0,0,0,0,0,0,0
0000026d--2363789071--3,E2,599,2,2,0,2,0,0,0,0
0000026d--2363789071--3,E3,599,2,2,0,2,0,0,0,0
0000026d--2363789071--3,E4,599,0,0,0,0,0,0,0,0
0000026d--2363789071--3,E5,599,369,369,0,369,0,0,0,0
0000026d--2363789071--30,E,600,0,0,0,0,0,0,0,0
0000026d--2363789071--30,E1,600,0,0,0,0,0,0,0,0
0000026d--2363789071--30,E2,600,0,0,0,0,0,0,0,0
0000026d--2363789071--30,E3,600,0,0,0,0,0,0,0,0
0000026d--2363789071--30,E4,600,0,0,0,0,0,0,0,0
0000026d--2363789071--30,E5,600,0,0,0,0,0,0,0,0
0000026d--2363789071--31,E,600,0,0,0,0,0,0,0,0
0000026d--2363789071--31,E1,600,0,0,0,0,0,0,0,0
0000026d--2363789071--31,E2,600,0,0,0,0,0,0,0,0
0000026d--2363789071--31,E3,600,0,0,0,0,0,0,0,0
0000026d--2363789071--31,E4,600,0,0,0,0,0,0,0,0
0000026d--2363789071--31,E5,600,0,0,0,0,0,0,0,0
0000026d--2363789071--32,E,600,0,0,0,0,0,0,0,0
0000026d--2363789071--32,E1,600,0,0,0,0,0,0,0,0
0000026d--2363789071--32,E2,600,0,0,0,0,0,0,0,0
0000026d--2363789071--32,E3,600,0,0,0,0,0,0,0,0
0000026d--2363789071--32,E4,600,0,0,0,0,0,0,0,0
0000026d--2363789071--32,E5,600,0,0,0,0,0,0,0,0
0000026d--2363789071--33,E,600,0,0,0,0,0,0,0,0
0000026d--2363789071--33,E1,600,0,0,0,0,0,0,0,0
0000026d--2363789071--33,E2,600,0,0,0,0,0,0,0,0
0000026d--2363789071--33,E3,600,0,0,0,0,0,0,0,0
0000026d--2363789071--33,E4,600,0,0,0,0,0,0,0,0
0000026d--2363789071--33,E5,600,0,0,0,0,0,0,0,0
0000026d--2363789071--34,E,600,0,0,0,0,0,0,0,0
0000026d--2363789071--34,E1,600,0,0,0,0,0,0,0,0
0000026d--2363789071--34,E2,600,0,0,0,0,0,0,0,0
0000026d--2363789071--34,E3,600,0,0,0,0,0,0,0,0
0000026d--2363789071--34,E4,600,0,0,0,0,0,0,0,0
0000026d--2363789071--34,E5,600,0,0,0,0,0,0,0,0
0000026d--2363789071--35,E,600,0,0,0,0,0,0,0,0
0000026d--2363789071--35,E1,600,0,0,0,0,0,0,0,0
0000026d--2363789071--35,E2,600,0,0,0,0,0,0,0,0
0000026d--2363789071--35,E3,600,0,0,0,0,0,0,0,0
0000026d--2363789071--35,E4,600,0,0,0,0,0,0,0,0
0000026d--2363789071--35,E5,600,0,0,0,0,0,0,0,0
0000026d--2363789071--36,E,600,0,0,0,0,0,0,0,0
0000026d--2363789071--36,E1,600,0,0,0,0,0,0,0,0
0000026d--2363789071--36,E2,600,0,0,0,0,0,0,0,0
0000026d--2363789071--36,E3,600,0,0,0,0,0,0,0,0
0000026d--2363789071--36,E4,600,0,0,0,0,0,0,0,0
0000026d--2363789071--36,E5,600,0,0,0,0,0,0,0,0
0000026d--2363789071--37,E,600,0,0,0,0,0,0,0,0
0000026d--2363789071--37,E1,600,0,0,0,0,0,0,0,0
0000026d--2363789071--37,E2,600,0,0,0,0,0,0,0,0
0000026d--2363789071--37,E3,600,0,0,0,0,0,0,0,0
0000026d--2363789071--37,E4,600,0,0,0,0,0,0,0,0
0000026d--2363789071--37,E5,600,0,0,0,0,0,0,0,0
0000026d--2363789071--38,E,600,0,0,0,0,0,0,0,0
0000026d--2363789071--38,E1,600,0,0,0,0,0,0,0,0
0000026d--2363789071--38,E2,600,0,0,0,0,0,0,0,0
0000026d--2363789071--38,E3,600,0,0,0,0,0,0,0,0
0000026d--2363789071--38,E4,600,0,0,0,0,0,0,0,0
0000026d--2363789071--38,E5,600,0,0,0,0,0,0,0,0
0000026d--2363789071--39,E,600,0,0,0,0,0,0,0,0
0000026d--2363789071--39,E1,600,0,0,0,0,0,0,0,0
0000026d--2363789071--39,E2,600,0,0,0,0,0,0,0,0
0000026d--2363789071--39,E3,600,0,0,0,0,0,0,0,0
0000026d--2363789071--39,E4,600,0,0,0,0,0,0,0,0
0000026d--2363789071--39,E5,600,0,0,0,0,0,0,0,0
0000026d--2363789071--4,E,599,0,0,0,0,0,0,0,0
0000026d--2363789071--4,E1,599,0,0,0,0,0,0,0,0
0000026d--2363789071--4,E2,599,0,0,0,0,0,0,0,0
0000026d--2363789071--4,E3,599,0,0,0,0,0,0,0,0
0000026d--2363789071--4,E4,599,0,0,0,0,0,0,0,0
0000026d--2363789071--4,E5,599,0,0,0,0,0,0,0,0
0000026d--2363789071--40,E,600,0,0,0,0,0,0,0,0
0000026d--2363789071--40,E1,600,0,0,0,0,0,0,0,0
0000026d--2363789071--40,E2,600,0,0,0,0,0,0,0,0
0000026d--2363789071--40,E3,600,0,0,0,0,0,0,0,0
0000026d--2363789071--40,E4,600,0,0,0,0,0,0,0,0
0000026d--2363789071--40,E5,600,0,0,0,0,0,0,0,0
0000026d--2363789071--41,E,600,0,0,0,0,0,0,0,0
0000026d--2363789071--41,E1,600,0,0,0,0,0,0,0,0
0000026d--2363789071--41,E2,600,0,0,0,0,0,0,0,0
0000026d--2363789071--41,E3,600,0,0,0,0,0,0,0,0
0000026d--2363789071--41,E4,600,0,0,0,0,0,0,0,0
0000026d--2363789071--41,E5,600,0,0,0,0,0,0,0,0
0000026d--2363789071--42,E,600,0,0,0,0,0,0,0,0
0000026d--2363789071--42,E1,600,0,0,0,0,0,0,0,0
0000026d--2363789071--42,E2,600,0,0,0,0,0,0,0,0
0000026d--2363789071--42,E3,600,0,0,0,0,0,0,0,0
0000026d--2363789071--42,E4,600,0,0,0,0,0,0,0,0
0000026d--2363789071--42,E5,600,0,0,0,0,0,0,0,0
0000026d--2363789071--43,E,600,0,0,0,0,0,0,0,0
0000026d--2363789071--43,E1,600,0,0,0,0,0,0,0,0
0000026d--2363789071--43,E2,600,0,0,0,0,0,0,0,0
0000026d--2363789071--43,E3,600,0,0,0,0,0,0,0,0
0000026d--2363789071--43,E4,600,0,0,0,0,0,0,0,0
0000026d--2363789071--43,E5,600,0,0,0,0,0,0,0,0
0000026d--2363789071--44,E,600,0,0,0,0,0,0,0,0
0000026d--2363789071--44,E1,600,0,0,0,0,0,0,0,0
0000026d--2363789071--44,E2,600,0,0,0,0,0,0,0,0
0000026d--2363789071--44,E3,600,0,0,0,0,0,0,0,0
0000026d--2363789071--44,E4,600,0,0,0,0,0,0,0,0
0000026d--2363789071--44,E5,600,0,0,0,0,0,0,0,0
0000026d--2363789071--45,E,600,0,0,0,0,0,0,0,0
0000026d--2363789071--45,E1,600,0,0,0,0,0,0,0,0
0000026d--2363789071--45,E2,600,0,0,0,0,0,0,0,0
0000026d--2363789071--45,E3,600,0,0,0,0,0,0,0,0
0000026d--2363789071--45,E4,600,0,0,0,0,0,0,0,0
0000026d--2363789071--45,E5,600,0,0,0,0,0,0,0,0
0000026d--2363789071--46,E,600,0,0,0,0,0,0,0,0
0000026d--2363789071--46,E1,600,0,0,0,0,0,0,0,0
0000026d--2363789071--46,E2,600,0,0,0,0,0,0,0,0
0000026d--2363789071--46,E3,600,0,0,0,0,0,0,0,0
0000026d--2363789071--46,E4,600,0,0,0,0,0,0,0,0
0000026d--2363789071--46,E5,600,0,0,0,0,0,0,0,0
0000026d--2363789071--47,E,600,0,0,0,0,0,0,0,0
0000026d--2363789071--47,E1,600,0,0,0,0,0,0,0,0
0000026d--2363789071--47,E2,600,0,0,0,0,0,0,0,0
0000026d--2363789071--47,E3,600,0,0,0,0,0,0,0,0
0000026d--2363789071--47,E4,600,0,0,0,0,0,0,0,0
0000026d--2363789071--47,E5,600,0,0,0,0,0,0,0,0
0000026d--2363789071--48,E,600,0,0,0,0,0,0,0,0
0000026d--2363789071--48,E1,600,0,0,0,0,0,0,0,0
0000026d--2363789071--48,E2,600,0,0,0,0,0,0,0,0
0000026d--2363789071--48,E3,600,0,0,0,0,0,0,0,0
0000026d--2363789071--48,E4,600,0,0,0,0,0,0,0,0
0000026d--2363789071--48,E5,600,0,0,0,0,0,0,0,0
0000026d--2363789071--49,E,600,0,0,0,0,0,0,0,0
0000026d--2363789071--49,E1,600,0,0,0,0,0,0,0,0
0000026d--2363789071--49,E2,600,0,0,0,0,0,0,0,0
0000026d--2363789071--49,E3,600,0,0,0,0,0,0,0,0
0000026d--2363789071--49,E4,600,0,0,0,0,0,0,0,0
0000026d--2363789071--49,E5,600,0,0,0,0,0,0,0,0
0000026d--2363789071--5,E,599,0,0,0,0,0,0,0,0
0000026d--2363789071--5,E1,599,0,0,0,0,0,0,0,0
0000026d--2363789071--5,E2,599,0,0,0,0,0,0,0,0
0000026d--2363789071--5,E3,599,0,0,0,0,0,0,0,0
0000026d--2363789071--5,E4,599,0,0,0,0,0,0,0,0
0000026d--2363789071--5,E5,599,0,0,0,0,0,0,0,0
0000026d--2363789071--50,E,600,0,0,0,0,0,0,0,0
0000026d--2363789071--50,E1,600,0,0,0,0,0,0,0,0
0000026d--2363789071--50,E2,600,0,0,0,0,0,0,0,0
0000026d--2363789071--50,E3,600,0,0,0,0,0,0,0,0
0000026d--2363789071--50,E4,600,0,0,0,0,0,0,0,0
0000026d--2363789071--50,E5,600,0,0,0,0,0,0,0,0
0000026d--2363789071--51,E,599,0,0,0,0,0,0,0,0
0000026d--2363789071--51,E1,599,0,0,0,0,0,0,0,0
0000026d--2363789071--51,E2,599,0,0,0,0,0,0,0,0
0000026d--2363789071--51,E3,599,0,0,0,0,0,0,0,0
0000026d--2363789071--51,E4,599,0,0,0,0,0,0,0,0
0000026d--2363789071--51,E5,599,0,0,0,0,0,0,0,0
0000026d--2363789071--52,E,599,0,0,0,0,0,0,0,0
0000026d--2363789071--52,E1,599,0,0,0,0,0,0,0,0
0000026d--2363789071--52,E2,599,0,0,0,0,0,0,0,0
0000026d--2363789071--52,E3,599,0,0,0,0,0,0,0,0
0000026d--2363789071--52,E4,599,0,0,0,0,0,0,0,0
0000026d--2363789071--52,E5,599,0,0,0,0,0,0,0,0
0000026d--2363789071--53,E,599,0,0,0,0,0,0,0,0
0000026d--2363789071--53,E1,599,0,0,0,0,0,0,0,0
0000026d--2363789071--53,E2,599,0,0,0,0,0,0,0,0
0000026d--2363789071--53,E3,599,0,0,0,0,0,0,0,0
0000026d--2363789071--53,E4,599,0,0,0,0,0,0,0,0
0000026d--2363789071--53,E5,599,0,0,0,0,0,0,0,0
0000026d--2363789071--54,E,599,0,0,0,0,0,0,0,0
0000026d--2363789071--54,E1,599,0,0,0,0,0,0,0,0
0000026d--2363789071--54,E2,599,0,0,0,0,0,0,0,0
0000026d--2363789071--54,E3,599,0,0,0,0,0,0,0,0
0000026d--2363789071--54,E4,599,0,0,0,0,0,0,0,0
0000026d--2363789071--54,E5,599,27,27,0,27,0,0,0,0
0000026d--2363789071--55,E,599,0,0,0,0,0,0,0,0
0000026d--2363789071--55,E1,599,0,0,0,0,0,0,0,0
0000026d--2363789071--55,E2,599,0,0,0,0,0,0,0,0
0000026d--2363789071--55,E3,599,0,0,0,0,0,0,0,0
0000026d--2363789071--55,E4,599,0,0,0,0,0,0,0,0
0000026d--2363789071--55,E5,599,0,0,0,0,0,0,0,0
0000026d--2363789071--56,E,599,0,0,0,0,0,0,0,0
0000026d--2363789071--56,E1,599,0,0,0,0,0,0,0,0
0000026d--2363789071--56,E2,599,0,0,0,0,0,0,0,0
0000026d--2363789071--56,E3,599,0,0,0,0,0,0,0,0
0000026d--2363789071--56,E4,599,0,0,0,0,0,0,0,0
0000026d--2363789071--56,E5,599,0,0,0,0,0,0,0,0
0000026d--2363789071--57,E,600,0,0,0,0,0,0,0,0
0000026d--2363789071--57,E1,600,0,0,0,0,0,0,0,0
0000026d--2363789071--57,E2,600,0,0,0,0,0,0,0,0
0000026d--2363789071--57,E3,600,0,0,0,0,0,0,0,0
0000026d--2363789071--57,E4,600,0,0,0,0,0,0,0,0
0000026d--2363789071--57,E5,600,0,0,0,0,0,0,0,0
0000026d--2363789071--58,E,600,0,0,0,0,0,0,0,0
0000026d--2363789071--58,E1,600,0,0,0,0,0,0,0,0
0000026d--2363789071--58,E2,600,0,0,0,0,0,0,0,0
0000026d--2363789071--58,E3,600,0,0,0,0,0,0,0,0
0000026d--2363789071--58,E4,600,0,0,0,0,0,0,0,0
0000026d--2363789071--58,E5,600,0,0,0,0,0,0,0,0
0000026d--2363789071--59,E,600,0,0,0,0,0,0,0,0
0000026d--2363789071--59,E1,600,0,0,0,0,0,0,0,0
0000026d--2363789071--59,E2,600,0,0,0,0,0,0,0,0
0000026d--2363789071--59,E3,600,0,0,0,0,0,0,0,0
0000026d--2363789071--59,E4,600,0,0,0,0,0,0,0,0
0000026d--2363789071--59,E5,600,0,0,0,0,0,0,0,0
0000026d--2363789071--6,E,599,0,0,0,0,0,0,0,0
0000026d--2363789071--6,E1,599,0,0,0,0,0,0,0,0
0000026d--2363789071--6,E2,599,0,0,0,0,0,0,0,0
0000026d--2363789071--6,E3,599,0,0,0,0,0,0,0,0
0000026d--2363789071--6,E4,599,0,0,0,0,0,0,0,0
0000026d--2363789071--6,E5,599,0,0,0,0,0,0,0,0
0000026d--2363789071--60,E,600,0,0,0,0,0,0,0,0
0000026d--2363789071--60,E1,600,0,0,0,0,0,0,0,0
0000026d--2363789071--60,E2,600,0,0,0,0,0,0,0,0
0000026d--2363789071--60,E3,600,0,0,0,0,0,0,0,0
0000026d--2363789071--60,E4,600,0,0,0,0,0,0,0,0
0000026d--2363789071--60,E5,600,0,0,0,0,0,0,0,0
0000026d--2363789071--61,E,600,0,0,0,0,0,0,0,0
0000026d--2363789071--61,E1,600,0,0,0,0,0,0,0,0
0000026d--2363789071--61,E2,600,0,0,0,0,0,0,0,0
0000026d--2363789071--61,E3,600,0,0,0,0,0,0,0,0
0000026d--2363789071--61,E4,600,0,0,0,0,0,0,0,0
0000026d--2363789071--61,E5,600,0,0,0,0,0,0,0,0
0000026d--2363789071--62,E,600,0,0,0,0,0,0,0,0
0000026d--2363789071--62,E1,600,0,0,0,0,0,0,0,0
0000026d--2363789071--62,E2,600,0,0,0,0,0,0,0,0
0000026d--2363789071--62,E3,600,0,0,0,0,0,0,0,0
0000026d--2363789071--62,E4,600,0,0,0,0,0,0,0,0
0000026d--2363789071--62,E5,600,0,0,0,0,0,0,0,0
0000026d--2363789071--63,E,600,0,0,0,0,0,0,0,0
0000026d--2363789071--63,E1,600,0,0,0,0,0,0,0,0
0000026d--2363789071--63,E2,600,0,0,0,0,0,0,0,0
0000026d--2363789071--63,E3,600,0,0,0,0,0,0,0,0
0000026d--2363789071--63,E4,600,0,0,0,0,0,0,0,0
0000026d--2363789071--63,E5,600,0,0,0,0,0,0,0,0
0000026d--2363789071--64,E,600,0,0,0,0,0,0,0,0
0000026d--2363789071--64,E1,600,0,0,0,0,0,0,0,0
0000026d--2363789071--64,E2,600,0,0,0,0,0,0,0,0
0000026d--2363789071--64,E3,600,0,0,0,0,0,0,0,0
0000026d--2363789071--64,E4,600,0,0,0,0,0,0,0,0
0000026d--2363789071--64,E5,600,0,0,0,0,0,0,0,0
0000026d--2363789071--65,E,600,0,0,0,0,0,0,0,0
0000026d--2363789071--65,E1,600,0,0,0,0,0,0,0,0
0000026d--2363789071--65,E2,600,0,0,0,0,0,0,0,0
0000026d--2363789071--65,E3,600,0,0,0,0,0,0,0,0
0000026d--2363789071--65,E4,600,0,0,0,0,0,0,0,0
0000026d--2363789071--65,E5,600,0,0,0,0,0,0,0,0
0000026d--2363789071--66,E,600,0,0,0,0,0,0,0,0
0000026d--2363789071--66,E1,600,0,0,0,0,0,0,0,0
0000026d--2363789071--66,E2,600,0,0,0,0,0,0,0,0
0000026d--2363789071--66,E3,600,0,0,0,0,0,0,0,0
0000026d--2363789071--66,E4,600,0,0,0,0,0,0,0,0
0000026d--2363789071--66,E5,600,0,0,0,0,0,0,0,0
0000026d--2363789071--67,E,600,0,0,0,0,0,0,0,0
0000026d--2363789071--67,E1,600,0,0,0,0,0,0,0,0
0000026d--2363789071--67,E2,600,0,0,0,0,0,0,0,0
0000026d--2363789071--67,E3,600,0,0,0,0,0,0,0,0
0000026d--2363789071--67,E4,600,0,0,0,0,0,0,0,0
0000026d--2363789071--67,E5,600,0,0,0,0,0,0,0,0
0000026d--2363789071--68,E,600,0,0,0,0,0,0,0,0
0000026d--2363789071--68,E1,600,0,0,0,0,0,0,0,0
0000026d--2363789071--68,E2,600,0,0,0,0,0,0,0,0
0000026d--2363789071--68,E3,600,0,0,0,0,0,0,0,0
0000026d--2363789071--68,E4,600,0,0,0,0,0,0,0,0
0000026d--2363789071--68,E5,600,0,0,0,0,0,0,0,0
0000026d--2363789071--69,E,600,0,0,0,0,0,0,0,0
0000026d--2363789071--69,E1,600,0,0,0,0,0,0,0,0
0000026d--2363789071--69,E2,600,0,0,0,0,0,0,0,0
0000026d--2363789071--69,E3,600,0,0,0,0,0,0,0,0
0000026d--2363789071--69,E4,600,0,0,0,0,0,0,0,0
0000026d--2363789071--69,E5,600,0,0,0,0,0,0,0,0
0000026d--2363789071--7,E,600,0,0,0,0,0,0,0,0
0000026d--2363789071--7,E1,600,0,0,0,0,0,0,0,0
0000026d--2363789071--7,E2,600,0,0,0,0,0,0,0,0
0000026d--2363789071--7,E3,600,0,0,0,0,0,0,0,0
0000026d--2363789071--7,E4,600,0,0,0,0,0,0,0,0
0000026d--2363789071--7,E5,600,0,0,0,0,0,0,0,0
0000026d--2363789071--70,E,600,0,0,0,0,0,0,0,0
0000026d--2363789071--70,E1,600,0,0,0,0,0,0,0,0
0000026d--2363789071--70,E2,600,0,0,0,0,0,0,0,0
0000026d--2363789071--70,E3,600,0,0,0,0,0,0,0,0
0000026d--2363789071--70,E4,600,0,0,0,0,0,0,0,0
0000026d--2363789071--70,E5,600,0,0,0,0,0,0,0,0
0000026d--2363789071--71,E,600,0,0,0,0,0,0,0,0
0000026d--2363789071--71,E1,600,0,0,0,0,0,0,0,0
0000026d--2363789071--71,E2,600,0,0,0,0,0,0,0,0
0000026d--2363789071--71,E3,600,0,0,0,0,0,0,0,0
0000026d--2363789071--71,E4,600,0,0,0,0,0,0,0,0
0000026d--2363789071--71,E5,600,0,0,0,0,0,0,0,0
0000026d--2363789071--72,E,600,0,0,0,0,0,0,0,0
0000026d--2363789071--72,E1,600,0,0,0,0,0,0,0,0
0000026d--2363789071--72,E2,600,0,0,0,0,0,0,0,0
0000026d--2363789071--72,E3,600,0,0,0,0,0,0,0,0
0000026d--2363789071--72,E4,600,0,0,0,0,0,0,0,0
0000026d--2363789071--72,E5,600,0,0,0,0,0,0,0,0
0000026d--2363789071--73,E,600,0,0,0,0,0,0,0,0
0000026d--2363789071--73,E1,600,0,0,0,0,0,0,0,0
0000026d--2363789071--73,E2,600,0,0,0,0,0,0,0,0
0000026d--2363789071--73,E3,600,0,0,0,0,0,0,0,0
0000026d--2363789071--73,E4,600,0,0,0,0,0,0,0,0
0000026d--2363789071--73,E5,600,0,0,0,0,0,0,0,0
0000026d--2363789071--74,E,600,0,0,0,0,0,0,0,0
0000026d--2363789071--74,E1,600,0,0,0,0,0,0,0,0
0000026d--2363789071--74,E2,600,0,0,0,0,0,0,0,0
0000026d--2363789071--74,E3,600,0,0,0,0,0,0,0,0
0000026d--2363789071--74,E4,600,0,0,0,0,0,0,0,0
0000026d--2363789071--74,E5,600,0,0,0,0,0,0,0,0
0000026d--2363789071--75,E,600,0,0,0,0,0,0,0,0
0000026d--2363789071--75,E1,600,0,0,0,0,0,0,0,0
0000026d--2363789071--75,E2,600,0,0,0,0,0,0,0,0
0000026d--2363789071--75,E3,600,0,0,0,0,0,0,0,0
0000026d--2363789071--75,E4,600,0,0,0,0,0,0,0,0
0000026d--2363789071--75,E5,600,0,0,0,0,0,0,0,0
0000026d--2363789071--76,E,600,0,0,0,0,0,0,0,0
0000026d--2363789071--76,E1,600,0,0,0,0,0,0,0,0
0000026d--2363789071--76,E2,600,0,0,0,0,0,0,0,0
0000026d--2363789071--76,E3,600,0,0,0,0,0,0,0,0
0000026d--2363789071--76,E4,600,0,0,0,0,0,0,0,0
0000026d--2363789071--76,E5,600,0,0,0,0,0,0,0,0
0000026d--2363789071--77,E,599,0,0,0,0,0,0,0,0
0000026d--2363789071--77,E1,599,0,0,0,0,0,0,0,0
0000026d--2363789071--77,E2,599,0,0,0,0,0,0,0,0
0000026d--2363789071--77,E3,599,0,0,0,0,0,0,0,0
0000026d--2363789071--77,E4,599,0,0,0,0,0,0,0,0
0000026d--2363789071--77,E5,599,0,0,0,0,0,0,0,0
0000026d--2363789071--78,E,599,0,0,0,0,0,0,0,0
0000026d--2363789071--78,E1,599,0,0,0,0,0,0,0,0
0000026d--2363789071--78,E2,599,0,0,0,0,0,0,0,0
0000026d--2363789071--78,E3,599,0,0,0,0,0,0,0,0
0000026d--2363789071--78,E4,599,0,0,0,0,0,0,0,0
0000026d--2363789071--78,E5,599,0,0,0,0,0,0,0,0
0000026d--2363789071--79,E,599,0,0,0,0,0,0,0,0
0000026d--2363789071--79,E1,599,0,0,0,0,0,0,0,0
0000026d--2363789071--79,E2,599,0,0,0,0,0,0,0,0
0000026d--2363789071--79,E3,599,0,0,0,0,0,0,0,0
0000026d--2363789071--79,E4,599,0,0,0,0,0,0,0,0
0000026d--2363789071--79,E5,599,0,0,0,0,0,0,0,0
0000026d--2363789071--8,E,600,0,0,0,0,0,0,0,0
0000026d--2363789071--8,E1,600,0,0,0,0,0,0,0,0
0000026d--2363789071--8,E2,600,0,0,0,0,0,0,0,0
0000026d--2363789071--8,E3,600,0,0,0,0,0,0,0,0
0000026d--2363789071--8,E4,600,0,0,0,0,0,0,0,0
0000026d--2363789071--8,E5,600,0,0,0,0,0,0,0,0
0000026d--2363789071--80,E,600,0,0,0,0,0,0,0,0
0000026d--2363789071--80,E1,600,0,0,0,0,0,0,0,0
0000026d--2363789071--80,E2,600,0,0,0,0,0,0,0,0
0000026d--2363789071--80,E3,600,0,0,0,0,0,0,0,0
0000026d--2363789071--80,E4,600,0,0,0,0,0,0,0,0
0000026d--2363789071--80,E5,600,0,0,0,0,0,0,0,0
0000026d--2363789071--81,E,600,0,0,0,0,0,0,0,0
0000026d--2363789071--81,E1,600,0,0,0,0,0,0,0,0
0000026d--2363789071--81,E2,600,0,0,0,0,0,0,0,0
0000026d--2363789071--81,E3,600,0,0,0,0,0,0,0,0
0000026d--2363789071--81,E4,600,0,0,0,0,0,0,0,0
0000026d--2363789071--81,E5,600,0,0,0,0,0,0,0,0
0000026d--2363789071--82,E,599,0,0,0,0,0,0,0,0
0000026d--2363789071--82,E1,599,0,0,0,0,0,0,0,0
0000026d--2363789071--82,E2,599,0,0,0,0,0,0,0,0
0000026d--2363789071--82,E3,599,0,0,0,0,0,0,0,0
0000026d--2363789071--82,E4,599,0,0,0,0,0,0,0,0
0000026d--2363789071--82,E5,599,0,0,0,0,0,0,0,0
0000026d--2363789071--83,E,599,0,0,0,0,0,0,0,0
0000026d--2363789071--83,E1,599,0,0,0,0,0,0,0,0
0000026d--2363789071--83,E2,599,0,0,0,0,0,0,0,0
0000026d--2363789071--83,E3,599,0,0,0,0,0,0,0,0
0000026d--2363789071--83,E4,599,0,0,0,0,0,0,0,0
0000026d--2363789071--83,E5,599,0,0,0,0,0,0,0,0
0000026d--2363789071--84,E,599,0,0,0,0,0,0,0,0
0000026d--2363789071--84,E1,599,0,0,0,0,0,0,0,0
0000026d--2363789071--84,E2,599,0,0,0,0,0,0,0,0
0000026d--2363789071--84,E3,599,0,0,0,0,0,0,0,0
0000026d--2363789071--84,E4,599,0,0,0,0,0,0,0,0
0000026d--2363789071--84,E5,599,0,0,0,0,0,0,0,0
0000026d--2363789071--85,E,600,0,0,0,0,0,0,0,0
0000026d--2363789071--85,E1,600,0,0,0,0,0,0,0,0
0000026d--2363789071--85,E2,600,0,0,0,0,0,0,0,0
0000026d--2363789071--85,E3,600,0,0,0,0,0,0,0,0
0000026d--2363789071--85,E4,600,0,0,0,0,0,0,0,0
0000026d--2363789071--85,E5,600,0,0,0,0,0,0,0,0
0000026d--2363789071--86,E,600,0,0,0,0,0,0,0,0
0000026d--2363789071--86,E1,600,0,0,0,0,0,0,0,0
0000026d--2363789071--86,E2,600,0,0,0,0,0,0,0,0
0000026d--2363789071--86,E3,600,0,0,0,0,0,0,0,0
0000026d--2363789071--86,E4,600,0,0,0,0,0,0,0,0
0000026d--2363789071--86,E5,600,0,0,0,0,0,0,0,0
0000026d--2363789071--87,E,600,0,0,0,0,0,0,0,0
0000026d--2363789071--87,E1,600,0,0,0,0,0,0,0,0
0000026d--2363789071--87,E2,600,0,0,0,0,0,0,0,0
0000026d--2363789071--87,E3,600,0,0,0,0,0,0,0,0
0000026d--2363789071--87,E4,600,0,0,0,0,0,0,0,0
0000026d--2363789071--87,E5,600,0,0,0,0,0,0,0,0
0000026d--2363789071--88,E,600,0,0,0,0,0,0,0,0
0000026d--2363789071--88,E1,600,0,0,0,0,0,0,0,0
0000026d--2363789071--88,E2,600,0,0,0,0,0,0,0,0
0000026d--2363789071--88,E3,600,0,0,0,0,0,0,0,0
0000026d--2363789071--88,E4,600,0,0,0,0,0,0,0,0
0000026d--2363789071--88,E5,600,0,0,0,0,0,0,0,0
0000026d--2363789071--89,E,600,0,0,0,0,0,0,0,0
0000026d--2363789071--89,E1,600,0,0,0,0,0,0,0,0
0000026d--2363789071--89,E2,600,0,0,0,0,0,0,0,0
0000026d--2363789071--89,E3,600,0,0,0,0,0,0,0,0
0000026d--2363789071--89,E4,600,0,0,0,0,0,0,0,0
0000026d--2363789071--89,E5,600,0,0,0,0,0,0,0,0
0000026d--2363789071--9,E,600,0,0,0,0,0,0,0,0
0000026d--2363789071--9,E1,600,0,0,0,0,0,0,0,0
0000026d--2363789071--9,E2,600,0,0,0,0,0,0,0,0
0000026d--2363789071--9,E3,600,0,0,0,0,0,0,0,0
0000026d--2363789071--9,E4,600,0,0,0,0,0,0,0,0
0000026d--2363789071--9,E5,600,0,0,0,0,0,0,0,0
0000026d--2363789071--90,E,600,0,0,0,0,0,0,0,0
0000026d--2363789071--90,E1,600,0,0,0,0,0,0,0,0
0000026d--2363789071--90,E2,600,0,0,0,0,0,0,0,0
0000026d--2363789071--90,E3,600,0,0,0,0,0,0,0,0
0000026d--2363789071--90,E4,600,0,0,0,0,0,0,0,0
0000026d--2363789071--90,E5,600,0,0,0,0,0,0,0,0
0000026d--2363789071--91,E,600,0,0,0,0,0,0,0,0
0000026d--2363789071--91,E1,600,0,0,0,0,0,0,0,0
0000026d--2363789071--91,E2,600,0,0,0,0,0,0,0,0
0000026d--2363789071--91,E3,600,0,0,0,0,0,0,0,0
0000026d--2363789071--91,E4,600,0,0,0,0,0,0,0,0
0000026d--2363789071--91,E5,600,0,0,0,0,0,0,0,0
0000026d--2363789071--92,E,600,0,0,0,0,0,0,0,0
0000026d--2363789071--92,E1,600,0,0,0,0,0,0,0,0
0000026d--2363789071--92,E2,600,0,0,0,0,0,0,0,0
0000026d--2363789071--92,E3,600,0,0,0,0,0,0,0,0
0000026d--2363789071--92,E4,600,0,0,0,0,0,0,0,0
0000026d--2363789071--92,E5,600,0,0,0,0,0,0,0,0
0000026d--2363789071--93,E,600,0,0,0,0,0,0,0,0
0000026d--2363789071--93,E1,600,0,0,0,0,0,0,0,0
0000026d--2363789071--93,E2,600,0,0,0,0,0,0,0,0
0000026d--2363789071--93,E3,600,0,0,0,0,0,0,0,0
0000026d--2363789071--93,E4,600,0,0,0,0,0,0,0,0
0000026d--2363789071--93,E5,600,0,0,0,0,0,0,0,0
0000026d--2363789071--94,E,600,0,0,0,0,0,0,0,0
0000026d--2363789071--94,E1,600,0,0,0,0,0,0,0,0
0000026d--2363789071--94,E2,600,0,0,0,0,0,0,0,0
0000026d--2363789071--94,E3,600,0,0,0,0,0,0,0,0
0000026d--2363789071--94,E4,600,0,0,0,0,0,0,0,0
0000026d--2363789071--94,E5,600,0,0,0,0,0,0,0,0
0000026d--2363789071--95,E,600,0,0,0,0,0,0,0,0
0000026d--2363789071--95,E1,600,0,0,0,0,0,0,0,0
0000026d--2363789071--95,E2,600,0,0,0,0,0,0,0,0
0000026d--2363789071--95,E3,600,0,0,0,0,0,0,0,0
0000026d--2363789071--95,E4,600,0,0,0,0,0,0,0,0
0000026d--2363789071--95,E5,600,0,0,0,0,0,0,0,0
0000026d--2363789071--96,E,600,0,0,0,0,0,0,0,0
0000026d--2363789071--96,E1,600,0,0,0,0,0,0,0,0
0000026d--2363789071--96,E2,600,0,0,0,0,0,0,0,0
0000026d--2363789071--96,E3,600,0,0,0,0,0,0,0,0
0000026d--2363789071--96,E4,600,0,0,0,0,0,0,0,0
0000026d--2363789071--96,E5,600,102,102,0,101,0,0,0,1
0000026d--2363789071--97,E,600,0,0,0,0,0,0,0,0
0000026d--2363789071--97,E1,600,0,0,0,0,0,0,0,0
0000026d--2363789071--97,E2,600,0,0,0,0,0,0,0,0
0000026d--2363789071--97,E3,600,0,0,0,0,0,0,0,0
0000026d--2363789071--97,E4,600,0,0,0,0,0,0,0,0
0000026d--2363789071--97,E5,600,0,0,0,0,0,0,0,0
0000026d--2363789071--98,E,600,0,0,0,0,0,0,0,0
0000026d--2363789071--98,E1,600,0,0,0,0,0,0,0,0
0000026d--2363789071--98,E2,600,0,0,0,0,0,0,0,0
0000026d--2363789071--98,E3,600,0,0,0,0,0,0,0,0
0000026d--2363789071--98,E4,600,0,0,0,0,0,0,0,0
0000026d--2363789071--98,E5,600,0,0,0,0,0,0,0,0
0000026d--2363789071--99,E,600,0,0,0,0,0,0,0,0
0000026d--2363789071--99,E1,600,0,0,0,0,0,0,0,0
0000026d--2363789071--99,E2,600,0,0,0,0,0,0,0,0
0000026d--2363789071--99,E3,600,0,0,0,0,0,0,0,0
0000026d--2363789071--99,E4,600,0,0,0,0,0,0,0,0
0000026d--2363789071--99,E5,600,62,62,0,2,0,0,0,60
00000273--d384c0a41a--0,E,618,0,0,0,0,0,0,0,0
00000273--d384c0a41a--0,E1,618,0,0,0,0,0,0,0,0
00000273--d384c0a41a--0,E2,618,0,0,0,0,0,0,0,0
00000273--d384c0a41a--0,E3,618,0,0,0,0,0,0,0,0
00000273--d384c0a41a--0,E4,618,0,0,0,0,0,0,0,0
00000273--d384c0a41a--0,E5,618,0,0,0,0,0,0,0,0
00000273--d384c0a41a--1,E,600,0,0,0,0,0,0,0,0
00000273--d384c0a41a--1,E1,600,0,0,0,0,0,0,0,0
00000273--d384c0a41a--1,E2,600,0,0,0,0,0,0,0,0
00000273--d384c0a41a--1,E3,600,0,0,0,0,0,0,0,0
00000273--d384c0a41a--1,E4,600,0,0,0,0,0,0,0,0
00000273--d384c0a41a--1,E5,600,0,0,0,0,0,0,0,0
00000273--d384c0a41a--10,E,599,0,0,0,0,0,0,0,0
00000273--d384c0a41a--10,E1,599,0,0,0,0,0,0,0,0
00000273--d384c0a41a--10,E2,599,0,0,0,0,0,0,0,0
00000273--d384c0a41a--10,E3,599,0,0,0,0,0,0,0,0
00000273--d384c0a41a--10,E4,599,0,0,0,0,0,0,0,0
00000273--d384c0a41a--10,E5,599,0,0,0,0,0,0,0,0
00000273--d384c0a41a--11,E,600,0,0,0,0,0,0,0,0
00000273--d384c0a41a--11,E1,600,0,0,0,0,0,0,0,0
00000273--d384c0a41a--11,E2,600,0,0,0,0,0,0,0,0
00000273--d384c0a41a--11,E3,600,0,0,0,0,0,0,0,0
00000273--d384c0a41a--11,E4,600,0,0,0,0,0,0,0,0
00000273--d384c0a41a--11,E5,600,0,0,0,0,0,0,0,0
00000273--d384c0a41a--12,E,600,0,0,0,0,0,0,0,0
00000273--d384c0a41a--12,E1,600,0,0,0,0,0,0,0,0
00000273--d384c0a41a--12,E2,600,0,0,0,0,0,0,0,0
00000273--d384c0a41a--12,E3,600,0,0,0,0,0,0,0,0
00000273--d384c0a41a--12,E4,600,0,0,0,0,0,0,0,0
00000273--d384c0a41a--12,E5,600,0,0,0,0,0,0,0,0
00000273--d384c0a41a--13,E,600,0,0,0,0,0,0,0,0
00000273--d384c0a41a--13,E1,600,0,0,0,0,0,0,0,0
00000273--d384c0a41a--13,E2,600,0,0,0,0,0,0,0,0
00000273--d384c0a41a--13,E3,600,0,0,0,0,0,0,0,0
00000273--d384c0a41a--13,E4,600,0,0,0,0,0,0,0,0
00000273--d384c0a41a--13,E5,600,0,0,0,0,0,0,0,0
00000273--d384c0a41a--14,E,600,0,0,0,0,0,0,0,0
00000273--d384c0a41a--14,E1,600,0,0,0,0,0,0,0,0
00000273--d384c0a41a--14,E2,600,0,0,0,0,0,0,0,0
00000273--d384c0a41a--14,E3,600,0,0,0,0,0,0,0,0
00000273--d384c0a41a--14,E4,600,0,0,0,0,0,0,0,0
00000273--d384c0a41a--14,E5,600,0,0,0,0,0,0,0,0
00000273--d384c0a41a--15,E,600,0,0,0,0,0,0,0,0
00000273--d384c0a41a--15,E1,600,0,0,0,0,0,0,0,0
00000273--d384c0a41a--15,E2,600,0,0,0,0,0,0,0,0
00000273--d384c0a41a--15,E3,600,0,0,0,0,0,0,0,0
00000273--d384c0a41a--15,E4,600,0,0,0,0,0,0,0,0
00000273--d384c0a41a--15,E5,600,0,0,0,0,0,0,0,0
00000273--d384c0a41a--16,E,600,0,0,0,0,0,0,0,0
00000273--d384c0a41a--16,E1,600,0,0,0,0,0,0,0,0
00000273--d384c0a41a--16,E2,600,0,0,0,0,0,0,0,0
00000273--d384c0a41a--16,E3,600,0,0,0,0,0,0,0,0
00000273--d384c0a41a--16,E4,600,0,0,0,0,0,0,0,0
00000273--d384c0a41a--16,E5,600,0,0,0,0,0,0,0,0
00000273--d384c0a41a--17,E,600,0,0,0,0,0,0,0,0
00000273--d384c0a41a--17,E1,600,0,0,0,0,0,0,0,0
00000273--d384c0a41a--17,E2,600,0,0,0,0,0,0,0,0
00000273--d384c0a41a--17,E3,600,0,0,0,0,0,0,0,0
00000273--d384c0a41a--17,E4,600,0,0,0,0,0,0,0,0
00000273--d384c0a41a--17,E5,600,0,0,0,0,0,0,0,0
00000273--d384c0a41a--18,E,600,0,0,0,0,0,0,0,0
00000273--d384c0a41a--18,E1,600,0,0,0,0,0,0,0,0
00000273--d384c0a41a--18,E2,600,0,0,0,0,0,0,0,0
00000273--d384c0a41a--18,E3,600,0,0,0,0,0,0,0,0
00000273--d384c0a41a--18,E4,600,0,0,0,0,0,0,0,0
00000273--d384c0a41a--18,E5,600,0,0,0,0,0,0,0,0
00000273--d384c0a41a--19,E,600,0,0,0,0,0,0,0,0
00000273--d384c0a41a--19,E1,600,0,0,0,0,0,0,0,0
00000273--d384c0a41a--19,E2,600,0,0,0,0,0,0,0,0
00000273--d384c0a41a--19,E3,600,0,0,0,0,0,0,0,0
00000273--d384c0a41a--19,E4,600,0,0,0,0,0,0,0,0
00000273--d384c0a41a--19,E5,600,0,0,0,0,0,0,0,0
00000273--d384c0a41a--2,E,600,0,0,0,0,0,0,0,0
00000273--d384c0a41a--2,E1,600,0,0,0,0,0,0,0,0
00000273--d384c0a41a--2,E2,600,0,0,0,0,0,0,0,0
00000273--d384c0a41a--2,E3,600,0,0,0,0,0,0,0,0
00000273--d384c0a41a--2,E4,600,0,0,0,0,0,0,0,0
00000273--d384c0a41a--2,E5,600,0,0,0,0,0,0,0,0
00000273--d384c0a41a--20,E,600,0,0,0,0,0,0,0,0
00000273--d384c0a41a--20,E1,600,0,0,0,0,0,0,0,0
00000273--d384c0a41a--20,E2,600,0,0,0,0,0,0,0,0
00000273--d384c0a41a--20,E3,600,0,0,0,0,0,0,0,0
00000273--d384c0a41a--20,E4,600,0,0,0,0,0,0,0,0
00000273--d384c0a41a--20,E5,600,0,0,0,0,0,0,0,0
00000273--d384c0a41a--21,E,600,0,0,0,0,0,0,0,0
00000273--d384c0a41a--21,E1,600,0,0,0,0,0,0,0,0
00000273--d384c0a41a--21,E2,600,0,0,0,0,0,0,0,0
00000273--d384c0a41a--21,E3,600,0,0,0,0,0,0,0,0
00000273--d384c0a41a--21,E4,600,0,0,0,0,0,0,0,0
00000273--d384c0a41a--21,E5,600,0,0,0,0,0,0,0,0
00000273--d384c0a41a--22,E,600,0,0,0,0,0,0,0,0
00000273--d384c0a41a--22,E1,600,0,0,0,0,0,0,0,0
00000273--d384c0a41a--22,E2,600,0,0,0,0,0,0,0,0
00000273--d384c0a41a--22,E3,600,0,0,0,0,0,0,0,0
00000273--d384c0a41a--22,E4,600,0,0,0,0,0,0,0,0
00000273--d384c0a41a--22,E5,600,0,0,0,0,0,0,0,0
00000273--d384c0a41a--23,E,600,0,0,0,0,0,0,0,0
00000273--d384c0a41a--23,E1,600,0,0,0,0,0,0,0,0
00000273--d384c0a41a--23,E2,600,0,0,0,0,0,0,0,0
00000273--d384c0a41a--23,E3,600,0,0,0,0,0,0,0,0
00000273--d384c0a41a--23,E4,600,0,0,0,0,0,0,0,0
00000273--d384c0a41a--23,E5,600,0,0,0,0,0,0,0,0
00000273--d384c0a41a--24,E,600,0,0,0,0,0,0,0,0
00000273--d384c0a41a--24,E1,600,0,0,0,0,0,0,0,0
00000273--d384c0a41a--24,E2,600,0,0,0,0,0,0,0,0
00000273--d384c0a41a--24,E3,600,0,0,0,0,0,0,0,0
00000273--d384c0a41a--24,E4,600,0,0,0,0,0,0,0,0
00000273--d384c0a41a--24,E5,600,0,0,0,0,0,0,0,0
00000273--d384c0a41a--25,E,600,0,0,0,0,0,0,0,0
00000273--d384c0a41a--25,E1,600,0,0,0,0,0,0,0,0
00000273--d384c0a41a--25,E2,600,0,0,0,0,0,0,0,0
00000273--d384c0a41a--25,E3,600,0,0,0,0,0,0,0,0
00000273--d384c0a41a--25,E4,600,0,0,0,0,0,0,0,0
00000273--d384c0a41a--25,E5,600,0,0,0,0,0,0,0,0
00000273--d384c0a41a--26,E,599,0,0,0,0,0,0,0,0
00000273--d384c0a41a--26,E1,599,0,0,0,0,0,0,0,0
00000273--d384c0a41a--26,E2,599,0,0,0,0,0,0,0,0
00000273--d384c0a41a--26,E3,599,0,0,0,0,0,0,0,0
00000273--d384c0a41a--26,E4,599,0,0,0,0,0,0,0,0
00000273--d384c0a41a--26,E5,599,0,0,0,0,0,0,0,0
00000273--d384c0a41a--27,E,599,0,0,0,0,0,0,0,0
00000273--d384c0a41a--27,E1,599,0,0,0,0,0,0,0,0
00000273--d384c0a41a--27,E2,599,0,0,0,0,0,0,0,0
00000273--d384c0a41a--27,E3,599,0,0,0,0,0,0,0,0
00000273--d384c0a41a--27,E4,599,0,0,0,0,0,0,0,0
00000273--d384c0a41a--27,E5,599,0,0,0,0,0,0,0,0
00000273--d384c0a41a--28,E,599,0,0,0,0,0,0,0,0
00000273--d384c0a41a--28,E1,599,0,0,0,0,0,0,0,0
00000273--d384c0a41a--28,E2,599,0,0,0,0,0,0,0,0
00000273--d384c0a41a--28,E3,599,0,0,0,0,0,0,0,0
00000273--d384c0a41a--28,E4,599,0,0,0,0,0,0,0,0
00000273--d384c0a41a--28,E5,599,0,0,0,0,0,0,0,0
00000273--d384c0a41a--29,E,599,0,0,0,0,0,0,0,0
00000273--d384c0a41a--29,E1,599,0,0,0,0,0,0,0,0
00000273--d384c0a41a--29,E2,599,0,0,0,0,0,0,0,0
00000273--d384c0a41a--29,E3,599,0,0,0,0,0,0,0,0
00000273--d384c0a41a--29,E4,599,0,0,0,0,0,0,0,0
00000273--d384c0a41a--29,E5,599,0,0,0,0,0,0,0,0
00000273--d384c0a41a--3,E,599,0,0,0,0,0,0,0,0
00000273--d384c0a41a--3,E1,599,0,0,0,0,0,0,0,0
00000273--d384c0a41a--3,E2,599,0,0,0,0,0,0,0,0
00000273--d384c0a41a--3,E3,599,0,0,0,0,0,0,0,0
00000273--d384c0a41a--3,E4,599,0,0,0,0,0,0,0,0
00000273--d384c0a41a--3,E5,599,0,0,0,0,0,0,0,0
00000273--d384c0a41a--30,E,600,0,0,0,0,0,0,0,0
00000273--d384c0a41a--30,E1,600,0,0,0,0,0,0,0,0
00000273--d384c0a41a--30,E2,600,0,0,0,0,0,0,0,0
00000273--d384c0a41a--30,E3,600,0,0,0,0,0,0,0,0
00000273--d384c0a41a--30,E4,600,0,0,0,0,0,0,0,0
00000273--d384c0a41a--30,E5,600,0,0,0,0,0,0,0,0
00000273--d384c0a41a--31,E,600,0,0,0,0,0,0,0,0
00000273--d384c0a41a--31,E1,600,0,0,0,0,0,0,0,0
00000273--d384c0a41a--31,E2,600,0,0,0,0,0,0,0,0
00000273--d384c0a41a--31,E3,600,0,0,0,0,0,0,0,0
00000273--d384c0a41a--31,E4,600,0,0,0,0,0,0,0,0
00000273--d384c0a41a--31,E5,600,0,0,0,0,0,0,0,0
00000273--d384c0a41a--32,E,599,0,0,0,0,0,0,0,0
00000273--d384c0a41a--32,E1,599,0,0,0,0,0,0,0,0
00000273--d384c0a41a--32,E2,599,0,0,0,0,0,0,0,0
00000273--d384c0a41a--32,E3,599,0,0,0,0,0,0,0,0
00000273--d384c0a41a--32,E4,599,0,0,0,0,0,0,0,0
00000273--d384c0a41a--32,E5,599,0,0,0,0,0,0,0,0
00000273--d384c0a41a--33,E,600,0,0,0,0,0,0,0,0
00000273--d384c0a41a--33,E1,600,0,0,0,0,0,0,0,0
00000273--d384c0a41a--33,E2,600,0,0,0,0,0,0,0,0
00000273--d384c0a41a--33,E3,600,0,0,0,0,0,0,0,0
00000273--d384c0a41a--33,E4,600,0,0,0,0,0,0,0,0
00000273--d384c0a41a--33,E5,600,0,0,0,0,0,0,0,0
00000273--d384c0a41a--34,E,599,0,0,0,0,0,0,0,0
00000273--d384c0a41a--34,E1,599,0,0,0,0,0,0,0,0
00000273--d384c0a41a--34,E2,599,0,0,0,0,0,0,0,0
00000273--d384c0a41a--34,E3,599,0,0,0,0,0,0,0,0
00000273--d384c0a41a--34,E4,599,0,0,0,0,0,0,0,0
00000273--d384c0a41a--34,E5,599,0,0,0,0,0,0,0,0
00000273--d384c0a41a--35,E,600,124,124,0,124,0,0,0,0
00000273--d384c0a41a--35,E1,600,124,124,0,124,0,0,0,0
00000273--d384c0a41a--35,E2,600,124,124,0,124,0,0,0,0
00000273--d384c0a41a--35,E3,600,124,124,0,124,0,0,0,0
00000273--d384c0a41a--35,E4,600,0,0,0,0,0,0,0,0
00000273--d384c0a41a--35,E5,600,124,124,0,124,0,0,0,0
00000273--d384c0a41a--36,E,600,0,0,0,0,0,0,0,0
00000273--d384c0a41a--36,E1,600,0,0,0,0,0,0,0,0
00000273--d384c0a41a--36,E2,600,0,0,0,0,0,0,0,0
00000273--d384c0a41a--36,E3,600,0,0,0,0,0,0,0,0
00000273--d384c0a41a--36,E4,600,0,0,0,0,0,0,0,0
00000273--d384c0a41a--36,E5,600,0,0,0,0,0,0,0,0
00000273--d384c0a41a--37,E,600,0,0,0,0,0,0,0,0
00000273--d384c0a41a--37,E1,600,0,0,0,0,0,0,0,0
00000273--d384c0a41a--37,E2,600,0,0,0,0,0,0,0,0
00000273--d384c0a41a--37,E3,600,0,0,0,0,0,0,0,0
00000273--d384c0a41a--37,E4,600,0,0,0,0,0,0,0,0
00000273--d384c0a41a--37,E5,600,0,0,0,0,0,0,0,0
00000273--d384c0a41a--38,E,600,0,0,0,0,0,0,0,0
00000273--d384c0a41a--38,E1,600,0,0,0,0,0,0,0,0
00000273--d384c0a41a--38,E2,600,0,0,0,0,0,0,0,0
00000273--d384c0a41a--38,E3,600,0,0,0,0,0,0,0,0
00000273--d384c0a41a--38,E4,600,0,0,0,0,0,0,0,0
00000273--d384c0a41a--38,E5,600,0,0,0,0,0,0,0,0
00000273--d384c0a41a--39,E,600,0,0,0,0,0,0,0,0
00000273--d384c0a41a--39,E1,600,0,0,0,0,0,0,0,0
00000273--d384c0a41a--39,E2,600,0,0,0,0,0,0,0,0
00000273--d384c0a41a--39,E3,600,0,0,0,0,0,0,0,0
00000273--d384c0a41a--39,E4,600,0,0,0,0,0,0,0,0
00000273--d384c0a41a--39,E5,600,0,0,0,0,0,0,0,0
00000273--d384c0a41a--4,E,599,0,0,0,0,0,0,0,0
00000273--d384c0a41a--4,E1,599,0,0,0,0,0,0,0,0
00000273--d384c0a41a--4,E2,599,0,0,0,0,0,0,0,0
00000273--d384c0a41a--4,E3,599,0,0,0,0,0,0,0,0
00000273--d384c0a41a--4,E4,599,0,0,0,0,0,0,0,0
00000273--d384c0a41a--4,E5,599,0,0,0,0,0,0,0,0
00000273--d384c0a41a--40,E,600,0,0,0,0,0,0,0,0
00000273--d384c0a41a--40,E1,600,0,0,0,0,0,0,0,0
00000273--d384c0a41a--40,E2,600,0,0,0,0,0,0,0,0
00000273--d384c0a41a--40,E3,600,0,0,0,0,0,0,0,0
00000273--d384c0a41a--40,E4,600,0,0,0,0,0,0,0,0
00000273--d384c0a41a--40,E5,600,0,0,0,0,0,0,0,0
00000273--d384c0a41a--41,E,600,0,0,0,0,0,0,0,0
00000273--d384c0a41a--41,E1,600,0,0,0,0,0,0,0,0
00000273--d384c0a41a--41,E2,600,0,0,0,0,0,0,0,0
00000273--d384c0a41a--41,E3,600,0,0,0,0,0,0,0,0
00000273--d384c0a41a--41,E4,600,0,0,0,0,0,0,0,0
00000273--d384c0a41a--41,E5,600,0,0,0,0,0,0,0,0
00000273--d384c0a41a--42,E,561,0,0,0,0,0,0,0,0
00000273--d384c0a41a--42,E1,561,0,0,0,0,0,0,0,0
00000273--d384c0a41a--42,E2,561,0,0,0,0,0,0,0,0
00000273--d384c0a41a--42,E3,561,0,0,0,0,0,0,0,0
00000273--d384c0a41a--42,E4,561,0,0,0,0,0,0,0,0
00000273--d384c0a41a--42,E5,561,266,266,0,1,0,0,0,265
00000273--d384c0a41a--5,E,600,0,0,0,0,0,0,0,0
00000273--d384c0a41a--5,E1,600,0,0,0,0,0,0,0,0
00000273--d384c0a41a--5,E2,600,0,0,0,0,0,0,0,0
00000273--d384c0a41a--5,E3,600,0,0,0,0,0,0,0,0
00000273--d384c0a41a--5,E4,600,0,0,0,0,0,0,0,0
00000273--d384c0a41a--5,E5,600,0,0,0,0,0,0,0,0
00000273--d384c0a41a--6,E,600,0,0,0,0,0,0,0,0
00000273--d384c0a41a--6,E1,600,0,0,0,0,0,0,0,0
00000273--d384c0a41a--6,E2,600,0,0,0,0,0,0,0,0
00000273--d384c0a41a--6,E3,600,0,0,0,0,0,0,0,0
00000273--d384c0a41a--6,E4,600,0,0,0,0,0,0,0,0
00000273--d384c0a41a--6,E5,600,0,0,0,0,0,0,0,0
00000273--d384c0a41a--7,E,599,0,0,0,0,0,0,0,0
00000273--d384c0a41a--7,E1,599,0,0,0,0,0,0,0,0
00000273--d384c0a41a--7,E2,599,0,0,0,0,0,0,0,0
00000273--d384c0a41a--7,E3,599,0,0,0,0,0,0,0,0
00000273--d384c0a41a--7,E4,599,0,0,0,0,0,0,0,0
00000273--d384c0a41a--7,E5,599,0,0,0,0,0,0,0,0
00000273--d384c0a41a--8,E,599,0,0,0,0,0,0,0,0
00000273--d384c0a41a--8,E1,599,0,0,0,0,0,0,0,0
00000273--d384c0a41a--8,E2,599,0,0,0,0,0,0,0,0
00000273--d384c0a41a--8,E3,599,0,0,0,0,0,0,0,0
00000273--d384c0a41a--8,E4,599,0,0,0,0,0,0,0,0
00000273--d384c0a41a--8,E5,599,0,0,0,0,0,0,0,0
00000273--d384c0a41a--9,E,600,0,0,0,0,0,0,0,0
00000273--d384c0a41a--9,E1,600,0,0,0,0,0,0,0,0
00000273--d384c0a41a--9,E2,600,0,0,0,0,0,0,0,0
00000273--d384c0a41a--9,E3,600,0,0,0,0,0,0,0,0
00000273--d384c0a41a--9,E4,600,0,0,0,0,0,0,0,0
00000273--d384c0a41a--9,E5,600,0,0,0,0,0,0,0,0
00000274--d3bbe6ddcd--19,E,599,0,0,0,0,0,0,0,0
00000274--d3bbe6ddcd--19,E1,599,0,0,0,0,0,0,0,0
00000274--d3bbe6ddcd--19,E2,599,0,0,0,0,0,0,0,0
00000274--d3bbe6ddcd--19,E3,599,0,0,0,0,0,0,0,0
00000274--d3bbe6ddcd--19,E4,599,0,0,0,0,0,0,0,0
00000274--d3bbe6ddcd--19,E5,599,0,0,0,0,0,0,0,0
00000274--d3bbe6ddcd--33,E,600,0,0,0,0,0,0,0,0
00000274--d3bbe6ddcd--33,E1,600,0,0,0,0,0,0,0,0
00000274--d3bbe6ddcd--33,E2,600,0,0,0,0,0,0,0,0
00000274--d3bbe6ddcd--33,E3,600,0,0,0,0,0,0,0,0
00000274--d3bbe6ddcd--33,E4,600,0,0,0,0,0,0,0,0
00000274--d3bbe6ddcd--33,E5,600,0,0,0,0,0,0,0,0
00000274--d3bbe6ddcd--34,E,600,0,0,0,0,0,0,0,0
00000274--d3bbe6ddcd--34,E1,600,0,0,0,0,0,0,0,0
00000274--d3bbe6ddcd--34,E2,600,0,0,0,0,0,0,0,0
00000274--d3bbe6ddcd--34,E3,600,0,0,0,0,0,0,0,0
00000274--d3bbe6ddcd--34,E4,600,0,0,0,0,0,0,0,0
00000274--d3bbe6ddcd--34,E5,600,247,247,0,247,0,0,0,0
0000027f--cb2a133365--10,E,600,0,0,0,0,0,0,0,0
0000027f--cb2a133365--10,E1,600,0,0,0,0,0,0,0,0
0000027f--cb2a133365--10,E2,600,0,0,0,0,0,0,0,0
0000027f--cb2a133365--10,E3,600,0,0,0,0,0,0,0,0
0000027f--cb2a133365--10,E4,600,0,0,0,0,0,0,0,0
0000027f--cb2a133365--10,E5,600,0,0,0,0,0,0,0,0
0000027f--cb2a133365--11,E,600,0,0,0,0,0,0,0,0
0000027f--cb2a133365--11,E1,600,0,0,0,0,0,0,0,0
0000027f--cb2a133365--11,E2,600,0,0,0,0,0,0,0,0
0000027f--cb2a133365--11,E3,600,0,0,0,0,0,0,0,0
0000027f--cb2a133365--11,E4,600,0,0,0,0,0,0,0,0
0000027f--cb2a133365--11,E5,600,0,0,0,0,0,0,0,0
0000027f--cb2a133365--12,E,600,0,0,0,0,0,0,0,0
0000027f--cb2a133365--12,E1,600,0,0,0,0,0,0,0,0
0000027f--cb2a133365--12,E2,600,0,0,0,0,0,0,0,0
0000027f--cb2a133365--12,E3,600,0,0,0,0,0,0,0,0
0000027f--cb2a133365--12,E4,600,0,0,0,0,0,0,0,0
0000027f--cb2a133365--12,E5,600,0,0,0,0,0,0,0,0
0000027f--cb2a133365--13,E,600,0,0,0,0,0,0,0,0
0000027f--cb2a133365--13,E1,600,0,0,0,0,0,0,0,0
0000027f--cb2a133365--13,E2,600,0,0,0,0,0,0,0,0
0000027f--cb2a133365--13,E3,600,0,0,0,0,0,0,0,0
0000027f--cb2a133365--13,E4,600,0,0,0,0,0,0,0,0
0000027f--cb2a133365--13,E5,600,0,0,0,0,0,0,0,0
0000027f--cb2a133365--14,E,600,0,0,0,0,0,0,0,0
0000027f--cb2a133365--14,E1,600,0,0,0,0,0,0,0,0
0000027f--cb2a133365--14,E2,600,0,0,0,0,0,0,0,0
0000027f--cb2a133365--14,E3,600,0,0,0,0,0,0,0,0
0000027f--cb2a133365--14,E4,600,0,0,0,0,0,0,0,0
0000027f--cb2a133365--14,E5,600,62,62,0,62,0,0,0,0
0000027f--cb2a133365--15,E,600,0,0,0,0,0,0,0,0
0000027f--cb2a133365--15,E1,600,0,0,0,0,0,0,0,0
0000027f--cb2a133365--15,E2,600,0,0,0,0,0,0,0,0
0000027f--cb2a133365--15,E3,600,0,0,0,0,0,0,0,0
0000027f--cb2a133365--15,E4,600,0,0,0,0,0,0,0,0
0000027f--cb2a133365--15,E5,600,0,0,0,0,0,0,0,0
0000027f--cb2a133365--16,E,600,0,0,0,0,0,0,0,0
0000027f--cb2a133365--16,E1,600,0,0,0,0,0,0,0,0
0000027f--cb2a133365--16,E2,600,0,0,0,0,0,0,0,0
0000027f--cb2a133365--16,E3,600,0,0,0,0,0,0,0,0
0000027f--cb2a133365--16,E4,600,0,0,0,0,0,0,0,0
0000027f--cb2a133365--16,E5,600,0,0,0,0,0,0,0,0
0000027f--cb2a133365--17,E,600,0,0,0,0,0,0,0,0
0000027f--cb2a133365--17,E1,600,0,0,0,0,0,0,0,0
0000027f--cb2a133365--17,E2,600,0,0,0,0,0,0,0,0
0000027f--cb2a133365--17,E3,600,0,0,0,0,0,0,0,0
0000027f--cb2a133365--17,E4,600,0,0,0,0,0,0,0,0
0000027f--cb2a133365--17,E5,600,0,0,0,0,0,0,0,0
0000027f--cb2a133365--18,E,600,6,6,0,0,0,0,0,6
0000027f--cb2a133365--18,E1,600,0,0,0,0,0,0,0,0
0000027f--cb2a133365--18,E2,600,0,0,0,0,0,0,0,0
0000027f--cb2a133365--18,E3,600,0,0,0,0,0,0,0,0
0000027f--cb2a133365--18,E4,600,0,0,0,0,0,0,0,0
0000027f--cb2a133365--18,E5,600,20,20,0,14,0,0,0,6
0000027f--cb2a133365--19,E,600,0,0,0,0,0,0,0,0
0000027f--cb2a133365--19,E1,600,0,0,0,0,0,0,0,0
0000027f--cb2a133365--19,E2,600,0,0,0,0,0,0,0,0
0000027f--cb2a133365--19,E3,600,0,0,0,0,0,0,0,0
0000027f--cb2a133365--19,E4,600,0,0,0,0,0,0,0,0
0000027f--cb2a133365--19,E5,600,7,7,0,7,0,0,0,0
0000027f--cb2a133365--2,E,599,0,0,0,0,0,0,0,0
0000027f--cb2a133365--2,E1,599,0,0,0,0,0,0,0,0
0000027f--cb2a133365--2,E2,599,0,0,0,0,0,0,0,0
0000027f--cb2a133365--2,E3,599,0,0,0,0,0,0,0,0
0000027f--cb2a133365--2,E4,599,0,0,0,0,0,0,0,0
0000027f--cb2a133365--2,E5,599,456,456,0,456,0,0,0,0
0000027f--cb2a133365--20,E,600,0,0,0,0,0,0,0,0
0000027f--cb2a133365--20,E1,600,0,0,0,0,0,0,0,0
0000027f--cb2a133365--20,E2,600,0,0,0,0,0,0,0,0
0000027f--cb2a133365--20,E3,600,0,0,0,0,0,0,0,0
0000027f--cb2a133365--20,E4,600,0,0,0,0,0,0,0,0
0000027f--cb2a133365--20,E5,600,90,90,0,90,0,0,0,0
0000027f--cb2a133365--21,E,600,0,0,0,0,0,0,0,0
0000027f--cb2a133365--21,E1,600,0,0,0,0,0,0,0,0
0000027f--cb2a133365--21,E2,600,0,0,0,0,0,0,0,0
0000027f--cb2a133365--21,E3,600,0,0,0,0,0,0,0,0
0000027f--cb2a133365--21,E4,600,0,0,0,0,0,0,0,0
0000027f--cb2a133365--21,E5,600,0,0,0,0,0,0,0,0
0000027f--cb2a133365--22,E,599,0,0,0,0,0,0,0,0
0000027f--cb2a133365--22,E1,599,0,0,0,0,0,0,0,0
0000027f--cb2a133365--22,E2,599,0,0,0,0,0,0,0,0
0000027f--cb2a133365--22,E3,599,0,0,0,0,0,0,0,0
0000027f--cb2a133365--22,E4,599,0,0,0,0,0,0,0,0
0000027f--cb2a133365--22,E5,599,0,0,0,0,0,0,0,0
0000027f--cb2a133365--23,E,600,0,0,0,0,0,0,0,0
0000027f--cb2a133365--23,E1,600,0,0,0,0,0,0,0,0
0000027f--cb2a133365--23,E2,600,0,0,0,0,0,0,0,0
0000027f--cb2a133365--23,E3,600,0,0,0,0,0,0,0,0
0000027f--cb2a133365--23,E4,600,0,0,0,0,0,0,0,0
0000027f--cb2a133365--23,E5,600,0,0,0,0,0,0,0,0
0000027f--cb2a133365--24,E,599,0,0,0,0,0,0,0,0
0000027f--cb2a133365--24,E1,599,0,0,0,0,0,0,0,0
0000027f--cb2a133365--24,E2,599,0,0,0,0,0,0,0,0
0000027f--cb2a133365--24,E3,599,0,0,0,0,0,0,0,0
0000027f--cb2a133365--24,E4,599,0,0,0,0,0,0,0,0
0000027f--cb2a133365--24,E5,599,0,0,0,0,0,0,0,0
0000027f--cb2a133365--25,E,599,0,0,0,0,0,0,0,0
0000027f--cb2a133365--25,E1,599,0,0,0,0,0,0,0,0
0000027f--cb2a133365--25,E2,599,0,0,0,0,0,0,0,0
0000027f--cb2a133365--25,E3,599,0,0,0,0,0,0,0,0
0000027f--cb2a133365--25,E4,599,0,0,0,0,0,0,0,0
0000027f--cb2a133365--25,E5,599,0,0,0,0,0,0,0,0
0000027f--cb2a133365--26,E,600,0,0,0,0,0,0,0,0
0000027f--cb2a133365--26,E1,600,0,0,0,0,0,0,0,0
0000027f--cb2a133365--26,E2,600,0,0,0,0,0,0,0,0
0000027f--cb2a133365--26,E3,600,0,0,0,0,0,0,0,0
0000027f--cb2a133365--26,E4,600,0,0,0,0,0,0,0,0
0000027f--cb2a133365--26,E5,600,0,0,0,0,0,0,0,0
0000027f--cb2a133365--27,E,599,0,0,0,0,0,0,0,0
0000027f--cb2a133365--27,E1,599,0,0,0,0,0,0,0,0
0000027f--cb2a133365--27,E2,599,0,0,0,0,0,0,0,0
0000027f--cb2a133365--27,E3,599,0,0,0,0,0,0,0,0
0000027f--cb2a133365--27,E4,599,0,0,0,0,0,0,0,0
0000027f--cb2a133365--27,E5,599,177,177,0,0,0,0,0,177
0000027f--cb2a133365--3,E,600,0,0,0,0,0,0,0,0
0000027f--cb2a133365--3,E1,600,0,0,0,0,0,0,0,0
0000027f--cb2a133365--3,E2,600,0,0,0,0,0,0,0,0
0000027f--cb2a133365--3,E3,600,0,0,0,0,0,0,0,0
0000027f--cb2a133365--3,E4,600,0,0,0,0,0,0,0,0
0000027f--cb2a133365--3,E5,600,0,0,0,0,0,0,0,0
0000027f--cb2a133365--4,E,600,0,0,0,0,0,0,0,0
0000027f--cb2a133365--4,E1,600,0,0,0,0,0,0,0,0
0000027f--cb2a133365--4,E2,600,0,0,0,0,0,0,0,0
0000027f--cb2a133365--4,E3,600,0,0,0,0,0,0,0,0
0000027f--cb2a133365--4,E4,600,0,0,0,0,0,0,0,0
0000027f--cb2a133365--4,E5,600,18,18,0,0,0,0,0,18
0000027f--cb2a133365--5,E,600,0,0,0,0,0,0,0,0
0000027f--cb2a133365--5,E1,600,0,0,0,0,0,0,0,0
0000027f--cb2a133365--5,E2,600,0,0,0,0,0,0,0,0
0000027f--cb2a133365--5,E3,600,0,0,0,0,0,0,0,0
0000027f--cb2a133365--5,E4,600,0,0,0,0,0,0,0,0
0000027f--cb2a133365--5,E5,600,585,585,0,0,0,0,0,585
0000027f--cb2a133365--6,E,600,0,0,0,0,0,0,0,0
0000027f--cb2a133365--6,E1,600,0,0,0,0,0,0,0,0
0000027f--cb2a133365--6,E2,600,0,0,0,0,0,0,0,0
0000027f--cb2a133365--6,E3,600,0,0,0,0,0,0,0,0
0000027f--cb2a133365--6,E4,600,0,0,0,0,0,0,0,0
0000027f--cb2a133365--6,E5,600,0,0,0,0,0,0,0,0
0000027f--cb2a133365--7,E,600,0,0,0,0,0,0,0,0
0000027f--cb2a133365--7,E1,600,0,0,0,0,0,0,0,0
0000027f--cb2a133365--7,E2,600,0,0,0,0,0,0,0,0
0000027f--cb2a133365--7,E3,600,0,0,0,0,0,0,0,0
0000027f--cb2a133365--7,E4,600,0,0,0,0,0,0,0,0
0000027f--cb2a133365--7,E5,600,0,0,0,0,0,0,0,0
0000027f--cb2a133365--8,E,600,0,0,0,0,0,0,0,0
0000027f--cb2a133365--8,E1,600,0,0,0,0,0,0,0,0
0000027f--cb2a133365--8,E2,600,0,0,0,0,0,0,0,0
0000027f--cb2a133365--8,E3,600,0,0,0,0,0,0,0,0
0000027f--cb2a133365--8,E4,600,0,0,0,0,0,0,0,0
0000027f--cb2a133365--8,E5,600,0,0,0,0,0,0,0,0
0000027f--cb2a133365--9,E,600,0,0,0,0,0,0,0,0
0000027f--cb2a133365--9,E1,600,0,0,0,0,0,0,0,0
0000027f--cb2a133365--9,E2,600,0,0,0,0,0,0,0,0
0000027f--cb2a133365--9,E3,600,0,0,0,0,0,0,0,0
0000027f--cb2a133365--9,E4,600,0,0,0,0,0,0,0,0
0000027f--cb2a133365--9,E5,600,0,0,0,0,0,0,0,0
00000280--91181081d4--10,E,600,0,0,0,0,0,0,0,0
00000280--91181081d4--10,E1,600,0,0,0,0,0,0,0,0
00000280--91181081d4--10,E2,600,0,0,0,0,0,0,0,0
00000280--91181081d4--10,E3,600,0,0,0,0,0,0,0,0
00000280--91181081d4--10,E4,600,0,0,0,0,0,0,0,0
00000280--91181081d4--10,E5,600,0,0,0,0,0,0,0,0
00000280--91181081d4--11,E,600,0,0,0,0,0,0,0,0
00000280--91181081d4--11,E1,600,0,0,0,0,0,0,0,0
00000280--91181081d4--11,E2,600,0,0,0,0,0,0,0,0
00000280--91181081d4--11,E3,600,0,0,0,0,0,0,0,0
00000280--91181081d4--11,E4,600,0,0,0,0,0,0,0,0
00000280--91181081d4--11,E5,600,0,0,0,0,0,0,0,0
00000280--91181081d4--12,E,600,0,0,0,0,0,0,0,0
00000280--91181081d4--12,E1,600,0,0,0,0,0,0,0,0
00000280--91181081d4--12,E2,600,0,0,0,0,0,0,0,0
00000280--91181081d4--12,E3,600,0,0,0,0,0,0,0,0
00000280--91181081d4--12,E4,600,0,0,0,0,0,0,0,0
00000280--91181081d4--12,E5,600,2,2,2,0,0,0,0,0
00000280--91181081d4--13,E,600,0,0,0,0,0,0,0,0
00000280--91181081d4--13,E1,600,0,0,0,0,0,0,0,0
00000280--91181081d4--13,E2,600,0,0,0,0,0,0,0,0
00000280--91181081d4--13,E3,600,0,0,0,0,0,0,0,0
00000280--91181081d4--13,E4,600,0,0,0,0,0,0,0,0
00000280--91181081d4--13,E5,600,0,0,0,0,0,0,0,0
00000280--91181081d4--14,E,600,0,0,0,0,0,0,0,0
00000280--91181081d4--14,E1,600,0,0,0,0,0,0,0,0
00000280--91181081d4--14,E2,600,0,0,0,0,0,0,0,0
00000280--91181081d4--14,E3,600,0,0,0,0,0,0,0,0
00000280--91181081d4--14,E4,600,0,0,0,0,0,0,0,0
00000280--91181081d4--14,E5,600,139,139,0,139,0,0,0,0
00000280--91181081d4--15,E,599,0,0,0,0,0,0,0,0
00000280--91181081d4--15,E1,599,0,0,0,0,0,0,0,0
00000280--91181081d4--15,E2,599,0,0,0,0,0,0,0,0
00000280--91181081d4--15,E3,599,0,0,0,0,0,0,0,0
00000280--91181081d4--15,E4,599,0,0,0,0,0,0,0,0
00000280--91181081d4--15,E5,599,0,0,0,0,0,0,0,0
00000280--91181081d4--16,E,600,0,0,0,0,0,0,0,0
00000280--91181081d4--16,E1,600,0,0,0,0,0,0,0,0
00000280--91181081d4--16,E2,600,0,0,0,0,0,0,0,0
00000280--91181081d4--16,E3,600,0,0,0,0,0,0,0,0
00000280--91181081d4--16,E4,600,0,0,0,0,0,0,0,0
00000280--91181081d4--16,E5,600,0,0,0,0,0,0,0,0
00000280--91181081d4--17,E,600,0,0,0,0,0,0,0,0
00000280--91181081d4--17,E1,600,0,0,0,0,0,0,0,0
00000280--91181081d4--17,E2,600,0,0,0,0,0,0,0,0
00000280--91181081d4--17,E3,600,0,0,0,0,0,0,0,0
00000280--91181081d4--17,E4,600,0,0,0,0,0,0,0,0
00000280--91181081d4--17,E5,600,0,0,0,0,0,0,0,0
00000280--91181081d4--18,E,600,0,0,0,0,0,0,0,0
00000280--91181081d4--18,E1,600,0,0,0,0,0,0,0,0
00000280--91181081d4--18,E2,600,0,0,0,0,0,0,0,0
00000280--91181081d4--18,E3,600,0,0,0,0,0,0,0,0
00000280--91181081d4--18,E4,600,0,0,0,0,0,0,0,0
00000280--91181081d4--18,E5,600,0,0,0,0,0,0,0,0
00000280--91181081d4--19,E,600,0,0,0,0,0,0,0,0
00000280--91181081d4--19,E1,600,0,0,0,0,0,0,0,0
00000280--91181081d4--19,E2,600,0,0,0,0,0,0,0,0
00000280--91181081d4--19,E3,600,0,0,0,0,0,0,0,0
00000280--91181081d4--19,E4,600,0,0,0,0,0,0,0,0
00000280--91181081d4--19,E5,600,0,0,0,0,0,0,0,0
00000280--91181081d4--20,E,600,0,0,0,0,0,0,0,0
00000280--91181081d4--20,E1,600,0,0,0,0,0,0,0,0
00000280--91181081d4--20,E2,600,0,0,0,0,0,0,0,0
00000280--91181081d4--20,E3,600,0,0,0,0,0,0,0,0
00000280--91181081d4--20,E4,600,0,0,0,0,0,0,0,0
00000280--91181081d4--20,E5,600,0,0,0,0,0,0,0,0
00000280--91181081d4--21,E,600,476,476,0,7,0,0,0,469
00000280--91181081d4--21,E1,600,0,0,0,0,0,0,0,0
00000280--91181081d4--21,E2,600,0,0,0,0,0,0,0,0
00000280--91181081d4--21,E3,600,0,0,0,0,0,0,0,0
00000280--91181081d4--21,E4,600,0,0,0,0,0,0,0,0
00000280--91181081d4--21,E5,600,478,478,0,0,0,0,0,478
00000280--91181081d4--22,E,600,0,0,0,0,0,0,0,0
00000280--91181081d4--22,E1,600,0,0,0,0,0,0,0,0
00000280--91181081d4--22,E2,600,0,0,0,0,0,0,0,0
00000280--91181081d4--22,E3,600,0,0,0,0,0,0,0,0
00000280--91181081d4--22,E4,600,0,0,0,0,0,0,0,0
00000280--91181081d4--22,E5,600,0,0,0,0,0,0,0,0
00000280--91181081d4--23,E,600,0,0,0,0,0,0,0,0
00000280--91181081d4--23,E1,600,0,0,0,0,0,0,0,0
00000280--91181081d4--23,E2,600,0,0,0,0,0,0,0,0
00000280--91181081d4--23,E3,600,0,0,0,0,0,0,0,0
00000280--91181081d4--23,E4,600,0,0,0,0,0,0,0,0
00000280--91181081d4--23,E5,600,0,0,0,0,0,0,0,0
00000280--91181081d4--24,E,600,0,0,0,0,0,0,0,0
00000280--91181081d4--24,E1,600,0,0,0,0,0,0,0,0
00000280--91181081d4--24,E2,600,0,0,0,0,0,0,0,0
00000280--91181081d4--24,E3,600,0,0,0,0,0,0,0,0
00000280--91181081d4--24,E4,600,0,0,0,0,0,0,0,0
00000280--91181081d4--24,E5,600,0,0,0,0,0,0,0,0
00000280--91181081d4--25,E,600,0,0,0,0,0,0,0,0
00000280--91181081d4--25,E1,600,0,0,0,0,0,0,0,0
00000280--91181081d4--25,E2,600,0,0,0,0,0,0,0,0
00000280--91181081d4--25,E3,600,0,0,0,0,0,0,0,0
00000280--91181081d4--25,E4,600,0,0,0,0,0,0,0,0
00000280--91181081d4--25,E5,600,0,0,0,0,0,0,0,0
00000280--91181081d4--29,E,599,0,0,0,0,0,0,0,0
00000280--91181081d4--29,E1,599,0,0,0,0,0,0,0,0
00000280--91181081d4--29,E2,599,0,0,0,0,0,0,0,0
00000280--91181081d4--29,E3,599,0,0,0,0,0,0,0,0
00000280--91181081d4--29,E4,599,0,0,0,0,0,0,0,0
00000280--91181081d4--29,E5,599,0,0,0,0,0,0,0,0
00000280--91181081d4--30,E,599,0,0,0,0,0,0,0,0
00000280--91181081d4--30,E1,599,0,0,0,0,0,0,0,0
00000280--91181081d4--30,E2,599,0,0,0,0,0,0,0,0
00000280--91181081d4--30,E3,599,0,0,0,0,0,0,0,0
00000280--91181081d4--30,E4,599,0,0,0,0,0,0,0,0
00000280--91181081d4--30,E5,599,1,1,0,1,0,0,0,0
00000280--91181081d4--31,E,600,0,0,0,0,0,0,0,0
00000280--91181081d4--31,E1,600,0,0,0,0,0,0,0,0
00000280--91181081d4--31,E2,600,0,0,0,0,0,0,0,0
00000280--91181081d4--31,E3,600,0,0,0,0,0,0,0,0
00000280--91181081d4--31,E4,600,0,0,0,0,0,0,0,0
00000280--91181081d4--31,E5,600,0,0,0,0,0,0,0,0
00000280--91181081d4--32,E,599,0,0,0,0,0,0,0,0
00000280--91181081d4--32,E1,599,0,0,0,0,0,0,0,0
00000280--91181081d4--32,E2,599,0,0,0,0,0,0,0,0
00000280--91181081d4--32,E3,599,0,0,0,0,0,0,0,0
00000280--91181081d4--32,E4,599,0,0,0,0,0,0,0,0
00000280--91181081d4--32,E5,599,0,0,0,0,0,0,0,0
00000280--91181081d4--33,E,600,0,0,0,0,0,0,0,0
00000280--91181081d4--33,E1,600,0,0,0,0,0,0,0,0
00000280--91181081d4--33,E2,600,0,0,0,0,0,0,0,0
00000280--91181081d4--33,E3,600,0,0,0,0,0,0,0,0
00000280--91181081d4--33,E4,600,0,0,0,0,0,0,0,0
00000280--91181081d4--33,E5,600,0,0,0,0,0,0,0,0
00000280--91181081d4--34,E,600,0,0,0,0,0,0,0,0
00000280--91181081d4--34,E1,600,0,0,0,0,0,0,0,0
00000280--91181081d4--34,E2,600,0,0,0,0,0,0,0,0
00000280--91181081d4--34,E3,600,0,0,0,0,0,0,0,0
00000280--91181081d4--34,E4,600,0,0,0,0,0,0,0,0
00000280--91181081d4--34,E5,600,179,179,0,0,0,0,0,179
00000280--91181081d4--35,E,600,0,0,0,0,0,0,0,0
00000280--91181081d4--35,E1,600,0,0,0,0,0,0,0,0
00000280--91181081d4--35,E2,600,0,0,0,0,0,0,0,0
00000280--91181081d4--35,E3,600,0,0,0,0,0,0,0,0
00000280--91181081d4--35,E4,600,0,0,0,0,0,0,0,0
00000280--91181081d4--35,E5,600,97,97,0,97,0,0,0,0
00000280--91181081d4--36,E,600,0,0,0,0,0,0,0,0
00000280--91181081d4--36,E1,600,0,0,0,0,0,0,0,0
00000280--91181081d4--36,E2,600,0,0,0,0,0,0,0,0
00000280--91181081d4--36,E3,600,0,0,0,0,0,0,0,0
00000280--91181081d4--36,E4,600,0,0,0,0,0,0,0,0
00000280--91181081d4--36,E5,600,0,0,0,0,0,0,0,0
00000280--91181081d4--37,E,600,0,0,0,0,0,0,0,0
00000280--91181081d4--37,E1,600,0,0,0,0,0,0,0,0
00000280--91181081d4--37,E2,600,0,0,0,0,0,0,0,0
00000280--91181081d4--37,E3,600,0,0,0,0,0,0,0,0
00000280--91181081d4--37,E4,600,0,0,0,0,0,0,0,0
00000280--91181081d4--37,E5,600,186,186,4,0,0,0,0,182
00000280--91181081d4--38,E,600,0,0,0,0,0,0,0,0
00000280--91181081d4--38,E1,600,0,0,0,0,0,0,0,0
00000280--91181081d4--38,E2,600,0,0,0,0,0,0,0,0
00000280--91181081d4--38,E3,600,0,0,0,0,0,0,0,0
00000280--91181081d4--38,E4,600,0,0,0,0,0,0,0,0
00000280--91181081d4--38,E5,600,0,0,0,0,0,0,0,0
00000280--91181081d4--39,E,600,0,0,0,0,0,0,0,0
00000280--91181081d4--39,E1,600,0,0,0,0,0,0,0,0
00000280--91181081d4--39,E2,600,0,0,0,0,0,0,0,0
00000280--91181081d4--39,E3,600,0,0,0,0,0,0,0,0
00000280--91181081d4--39,E4,600,0,0,0,0,0,0,0,0
00000280--91181081d4--39,E5,600,31,31,0,31,0,0,0,0
00000280--91181081d4--4,E,600,0,0,0,0,0,0,0,0
00000280--91181081d4--4,E1,600,0,0,0,0,0,0,0,0
00000280--91181081d4--4,E2,600,0,0,0,0,0,0,0,0
00000280--91181081d4--4,E3,600,0,0,0,0,0,0,0,0
00000280--91181081d4--4,E4,600,0,0,0,0,0,0,0,0
00000280--91181081d4--4,E5,600,0,0,0,0,0,0,0,0
00000280--91181081d4--40,E,600,0,0,0,0,0,0,0,0
00000280--91181081d4--40,E1,600,0,0,0,0,0,0,0,0
00000280--91181081d4--40,E2,600,0,0,0,0,0,0,0,0
00000280--91181081d4--40,E3,600,0,0,0,0,0,0,0,0
00000280--91181081d4--40,E4,600,0,0,0,0,0,0,0,0
00000280--91181081d4--40,E5,600,0,0,0,0,0,0,0,0
00000280--91181081d4--41,E,600,0,0,0,0,0,0,0,0
00000280--91181081d4--41,E1,600,0,0,0,0,0,0,0,0
00000280--91181081d4--41,E2,600,0,0,0,0,0,0,0,0
00000280--91181081d4--41,E3,600,0,0,0,0,0,0,0,0
00000280--91181081d4--41,E4,600,0,0,0,0,0,0,0,0
00000280--91181081d4--41,E5,600,0,0,0,0,0,0,0,0
00000280--91181081d4--42,E,600,0,0,0,0,0,0,0,0
00000280--91181081d4--42,E1,600,0,0,0,0,0,0,0,0
00000280--91181081d4--42,E2,600,0,0,0,0,0,0,0,0
00000280--91181081d4--42,E3,600,0,0,0,0,0,0,0,0
00000280--91181081d4--42,E4,600,0,0,0,0,0,0,0,0
00000280--91181081d4--42,E5,600,0,0,0,0,0,0,0,0
00000280--91181081d4--43,E,600,0,0,0,0,0,0,0,0
00000280--91181081d4--43,E1,600,0,0,0,0,0,0,0,0
00000280--91181081d4--43,E2,600,0,0,0,0,0,0,0,0
00000280--91181081d4--43,E3,600,0,0,0,0,0,0,0,0
00000280--91181081d4--43,E4,600,0,0,0,0,0,0,0,0
00000280--91181081d4--43,E5,600,5,5,3,0,2,0,0,0
00000280--91181081d4--44,E,600,148,148,0,148,0,0,0,0
00000280--91181081d4--44,E1,600,0,0,0,0,0,0,0,0
00000280--91181081d4--44,E2,600,6,6,0,6,0,0,0,0
00000280--91181081d4--44,E3,600,6,6,0,6,0,0,0,0
00000280--91181081d4--44,E4,600,0,0,0,0,0,0,0,0
00000280--91181081d4--44,E5,600,135,135,6,103,0,1,0,25
00000280--91181081d4--5,E,599,0,0,0,0,0,0,0,0
00000280--91181081d4--5,E1,599,0,0,0,0,0,0,0,0
00000280--91181081d4--5,E2,599,0,0,0,0,0,0,0,0
00000280--91181081d4--5,E3,599,0,0,0,0,0,0,0,0
00000280--91181081d4--5,E4,599,0,0,0,0,0,0,0,0
00000280--91181081d4--5,E5,599,0,0,0,0,0,0,0,0
00000280--91181081d4--6,E,600,0,0,0,0,0,0,0,0
00000280--91181081d4--6,E1,600,0,0,0,0,0,0,0,0
00000280--91181081d4--6,E2,600,0,0,0,0,0,0,0,0
00000280--91181081d4--6,E3,600,0,0,0,0,0,0,0,0
00000280--91181081d4--6,E4,600,0,0,0,0,0,0,0,0
00000280--91181081d4--6,E5,600,0,0,0,0,0,0,0,0
00000280--91181081d4--7,E,600,0,0,0,0,0,0,0,0
00000280--91181081d4--7,E1,600,0,0,0,0,0,0,0,0
00000280--91181081d4--7,E2,600,0,0,0,0,0,0,0,0
00000280--91181081d4--7,E3,600,0,0,0,0,0,0,0,0
00000280--91181081d4--7,E4,600,0,0,0,0,0,0,0,0
00000280--91181081d4--7,E5,600,0,0,0,0,0,0,0,0
00000280--91181081d4--8,E,600,0,0,0,0,0,0,0,0
00000280--91181081d4--8,E1,600,0,0,0,0,0,0,0,0
00000280--91181081d4--8,E2,600,0,0,0,0,0,0,0,0
00000280--91181081d4--8,E3,600,0,0,0,0,0,0,0,0
00000280--91181081d4--8,E4,600,0,0,0,0,0,0,0,0
00000280--91181081d4--8,E5,600,0,0,0,0,0,0,0,0
00000280--91181081d4--9,E,600,0,0,0,0,0,0,0,0
00000280--91181081d4--9,E1,600,0,0,0,0,0,0,0,0
00000280--91181081d4--9,E2,600,0,0,0,0,0,0,0,0
00000280--91181081d4--9,E3,600,0,0,0,0,0,0,0,0
00000280--91181081d4--9,E4,600,0,0,0,0,0,0,0,0
00000280--91181081d4--9,E5,600,0,0,0,0,0,0,0,0
00000283--b395338ef9--0,E,620,0,0,0,0,0,0,0,0
00000283--b395338ef9--0,E1,620,0,0,0,0,0,0,0,0
00000283--b395338ef9--0,E2,620,0,0,0,0,0,0,0,0
00000283--b395338ef9--0,E3,620,0,0,0,0,0,0,0,0
00000283--b395338ef9--0,E4,620,0,0,0,0,0,0,0,0
00000283--b395338ef9--0,E5,620,326,326,0,169,0,0,0,157
00000283--b395338ef9--1,E,600,0,0,0,0,0,0,0,0
00000283--b395338ef9--1,E1,600,0,0,0,0,0,0,0,0
00000283--b395338ef9--1,E2,600,0,0,0,0,0,0,0,0
00000283--b395338ef9--1,E3,600,0,0,0,0,0,0,0,0
00000283--b395338ef9--1,E4,600,0,0,0,0,0,0,0,0
00000283--b395338ef9--1,E5,600,0,0,0,0,0,0,0,0
00000283--b395338ef9--10,E,600,0,0,0,0,0,0,0,0
00000283--b395338ef9--10,E1,600,0,0,0,0,0,0,0,0
00000283--b395338ef9--10,E2,600,0,0,0,0,0,0,0,0
00000283--b395338ef9--10,E3,600,0,0,0,0,0,0,0,0
00000283--b395338ef9--10,E4,600,0,0,0,0,0,0,0,0
00000283--b395338ef9--10,E5,600,0,0,0,0,0,0,0,0
00000283--b395338ef9--11,E,600,0,0,0,0,0,0,0,0
00000283--b395338ef9--11,E1,600,0,0,0,0,0,0,0,0
00000283--b395338ef9--11,E2,600,0,0,0,0,0,0,0,0
00000283--b395338ef9--11,E3,600,0,0,0,0,0,0,0,0
00000283--b395338ef9--11,E4,600,0,0,0,0,0,0,0,0
00000283--b395338ef9--11,E5,600,0,0,0,0,0,0,0,0
00000283--b395338ef9--12,E,600,0,0,0,0,0,0,0,0
00000283--b395338ef9--12,E1,600,0,0,0,0,0,0,0,0
00000283--b395338ef9--12,E2,600,0,0,0,0,0,0,0,0
00000283--b395338ef9--12,E3,600,0,0,0,0,0,0,0,0
00000283--b395338ef9--12,E4,600,0,0,0,0,0,0,0,0
00000283--b395338ef9--12,E5,600,0,0,0,0,0,0,0,0
00000283--b395338ef9--13,E,600,0,0,0,0,0,0,0,0
00000283--b395338ef9--13,E1,600,0,0,0,0,0,0,0,0
00000283--b395338ef9--13,E2,600,0,0,0,0,0,0,0,0
00000283--b395338ef9--13,E3,600,0,0,0,0,0,0,0,0
00000283--b395338ef9--13,E4,600,0,0,0,0,0,0,0,0
00000283--b395338ef9--13,E5,600,0,0,0,0,0,0,0,0
00000283--b395338ef9--14,E,600,0,0,0,0,0,0,0,0
00000283--b395338ef9--14,E1,600,0,0,0,0,0,0,0,0
00000283--b395338ef9--14,E2,600,0,0,0,0,0,0,0,0
00000283--b395338ef9--14,E3,600,0,0,0,0,0,0,0,0
00000283--b395338ef9--14,E4,600,0,0,0,0,0,0,0,0
00000283--b395338ef9--14,E5,600,0,0,0,0,0,0,0,0
00000283--b395338ef9--15,E,600,0,0,0,0,0,0,0,0
00000283--b395338ef9--15,E1,600,0,0,0,0,0,0,0,0
00000283--b395338ef9--15,E2,600,0,0,0,0,0,0,0,0
00000283--b395338ef9--15,E3,600,0,0,0,0,0,0,0,0
00000283--b395338ef9--15,E4,600,0,0,0,0,0,0,0,0
00000283--b395338ef9--15,E5,600,0,0,0,0,0,0,0,0
00000283--b395338ef9--16,E,600,0,0,0,0,0,0,0,0
00000283--b395338ef9--16,E1,600,0,0,0,0,0,0,0,0
00000283--b395338ef9--16,E2,600,0,0,0,0,0,0,0,0
00000283--b395338ef9--16,E3,600,0,0,0,0,0,0,0,0
00000283--b395338ef9--16,E4,600,0,0,0,0,0,0,0,0
00000283--b395338ef9--16,E5,600,0,0,0,0,0,0,0,0
00000283--b395338ef9--17,E,599,0,0,0,0,0,0,0,0
00000283--b395338ef9--17,E1,599,0,0,0,0,0,0,0,0
00000283--b395338ef9--17,E2,599,0,0,0,0,0,0,0,0
00000283--b395338ef9--17,E3,599,0,0,0,0,0,0,0,0
00000283--b395338ef9--17,E4,599,0,0,0,0,0,0,0,0
00000283--b395338ef9--17,E5,599,0,0,0,0,0,0,0,0
00000283--b395338ef9--18,E,599,0,0,0,0,0,0,0,0
00000283--b395338ef9--18,E1,599,0,0,0,0,0,0,0,0
00000283--b395338ef9--18,E2,599,0,0,0,0,0,0,0,0
00000283--b395338ef9--18,E3,599,0,0,0,0,0,0,0,0
00000283--b395338ef9--18,E4,599,0,0,0,0,0,0,0,0
00000283--b395338ef9--18,E5,599,0,0,0,0,0,0,0,0
00000283--b395338ef9--19,E,600,0,0,0,0,0,0,0,0
00000283--b395338ef9--19,E1,600,0,0,0,0,0,0,0,0
00000283--b395338ef9--19,E2,600,0,0,0,0,0,0,0,0
00000283--b395338ef9--19,E3,600,0,0,0,0,0,0,0,0
00000283--b395338ef9--19,E4,600,0,0,0,0,0,0,0,0
00000283--b395338ef9--19,E5,600,106,106,0,106,0,0,0,0
00000283--b395338ef9--2,E,600,0,0,0,0,0,0,0,0
00000283--b395338ef9--2,E1,600,0,0,0,0,0,0,0,0
00000283--b395338ef9--2,E2,600,0,0,0,0,0,0,0,0
00000283--b395338ef9--2,E3,600,0,0,0,0,0,0,0,0
00000283--b395338ef9--2,E4,600,0,0,0,0,0,0,0,0
00000283--b395338ef9--2,E5,600,0,0,0,0,0,0,0,0
00000283--b395338ef9--20,E,599,0,0,0,0,0,0,0,0
00000283--b395338ef9--20,E1,599,0,0,0,0,0,0,0,0
00000283--b395338ef9--20,E2,599,0,0,0,0,0,0,0,0
00000283--b395338ef9--20,E3,599,0,0,0,0,0,0,0,0
00000283--b395338ef9--20,E4,599,0,0,0,0,0,0,0,0
00000283--b395338ef9--20,E5,599,0,0,0,0,0,0,0,0
00000283--b395338ef9--21,E,600,0,0,0,0,0,0,0,0
00000283--b395338ef9--21,E1,600,0,0,0,0,0,0,0,0
00000283--b395338ef9--21,E2,600,0,0,0,0,0,0,0,0
00000283--b395338ef9--21,E3,600,0,0,0,0,0,0,0,0
00000283--b395338ef9--21,E4,600,0,0,0,0,0,0,0,0
00000283--b395338ef9--21,E5,600,0,0,0,0,0,0,0,0
00000283--b395338ef9--22,E,600,0,0,0,0,0,0,0,0
00000283--b395338ef9--22,E1,600,0,0,0,0,0,0,0,0
00000283--b395338ef9--22,E2,600,0,0,0,0,0,0,0,0
00000283--b395338ef9--22,E3,600,0,0,0,0,0,0,0,0
00000283--b395338ef9--22,E4,600,0,0,0,0,0,0,0,0
00000283--b395338ef9--22,E5,600,0,0,0,0,0,0,0,0
00000283--b395338ef9--23,E,599,0,0,0,0,0,0,0,0
00000283--b395338ef9--23,E1,599,0,0,0,0,0,0,0,0
00000283--b395338ef9--23,E2,599,0,0,0,0,0,0,0,0
00000283--b395338ef9--23,E3,599,0,0,0,0,0,0,0,0
00000283--b395338ef9--23,E4,599,0,0,0,0,0,0,0,0
00000283--b395338ef9--23,E5,599,0,0,0,0,0,0,0,0
00000283--b395338ef9--24,E,599,0,0,0,0,0,0,0,0
00000283--b395338ef9--24,E1,599,0,0,0,0,0,0,0,0
00000283--b395338ef9--24,E2,599,0,0,0,0,0,0,0,0
00000283--b395338ef9--24,E3,599,0,0,0,0,0,0,0,0
00000283--b395338ef9--24,E4,599,0,0,0,0,0,0,0,0
00000283--b395338ef9--24,E5,599,0,0,0,0,0,0,0,0
00000283--b395338ef9--25,E,600,0,0,0,0,0,0,0,0
00000283--b395338ef9--25,E1,600,0,0,0,0,0,0,0,0
00000283--b395338ef9--25,E2,600,0,0,0,0,0,0,0,0
00000283--b395338ef9--25,E3,600,0,0,0,0,0,0,0,0
00000283--b395338ef9--25,E4,600,0,0,0,0,0,0,0,0
00000283--b395338ef9--25,E5,600,0,0,0,0,0,0,0,0
00000283--b395338ef9--26,E,600,0,0,0,0,0,0,0,0
00000283--b395338ef9--26,E1,600,0,0,0,0,0,0,0,0
00000283--b395338ef9--26,E2,600,0,0,0,0,0,0,0,0
00000283--b395338ef9--26,E3,600,0,0,0,0,0,0,0,0
00000283--b395338ef9--26,E4,600,0,0,0,0,0,0,0,0
00000283--b395338ef9--26,E5,600,9,9,0,0,0,0,0,9
00000283--b395338ef9--27,E,600,0,0,0,0,0,0,0,0
00000283--b395338ef9--27,E1,600,0,0,0,0,0,0,0,0
00000283--b395338ef9--27,E2,600,0,0,0,0,0,0,0,0
00000283--b395338ef9--27,E3,600,0,0,0,0,0,0,0,0
00000283--b395338ef9--27,E4,600,0,0,0,0,0,0,0,0
00000283--b395338ef9--27,E5,600,0,0,0,0,0,0,0,0
00000283--b395338ef9--28,E,600,0,0,0,0,0,0,0,0
00000283--b395338ef9--28,E1,600,0,0,0,0,0,0,0,0
00000283--b395338ef9--28,E2,600,0,0,0,0,0,0,0,0
00000283--b395338ef9--28,E3,600,0,0,0,0,0,0,0,0
00000283--b395338ef9--28,E4,600,0,0,0,0,0,0,0,0
00000283--b395338ef9--28,E5,600,0,0,0,0,0,0,0,0
00000283--b395338ef9--29,E,600,0,0,0,0,0,0,0,0
00000283--b395338ef9--29,E1,600,0,0,0,0,0,0,0,0
00000283--b395338ef9--29,E2,600,0,0,0,0,0,0,0,0
00000283--b395338ef9--29,E3,600,0,0,0,0,0,0,0,0
00000283--b395338ef9--29,E4,600,0,0,0,0,0,0,0,0
00000283--b395338ef9--29,E5,600,0,0,0,0,0,0,0,0
00000283--b395338ef9--3,E,600,0,0,0,0,0,0,0,0
00000283--b395338ef9--3,E1,600,0,0,0,0,0,0,0,0
00000283--b395338ef9--3,E2,600,0,0,0,0,0,0,0,0
00000283--b395338ef9--3,E3,600,0,0,0,0,0,0,0,0
00000283--b395338ef9--3,E4,600,0,0,0,0,0,0,0,0
00000283--b395338ef9--3,E5,600,0,0,0,0,0,0,0,0
00000283--b395338ef9--30,E,600,0,0,0,0,0,0,0,0
00000283--b395338ef9--30,E1,600,0,0,0,0,0,0,0,0
00000283--b395338ef9--30,E2,600,0,0,0,0,0,0,0,0
00000283--b395338ef9--30,E3,600,0,0,0,0,0,0,0,0
00000283--b395338ef9--30,E4,600,0,0,0,0,0,0,0,0
00000283--b395338ef9--30,E5,600,0,0,0,0,0,0,0,0
00000283--b395338ef9--31,E,600,0,0,0,0,0,0,0,0
00000283--b395338ef9--31,E1,600,0,0,0,0,0,0,0,0
00000283--b395338ef9--31,E2,600,0,0,0,0,0,0,0,0
00000283--b395338ef9--31,E3,600,0,0,0,0,0,0,0,0
00000283--b395338ef9--31,E4,600,0,0,0,0,0,0,0,0
00000283--b395338ef9--31,E5,600,0,0,0,0,0,0,0,0
00000283--b395338ef9--32,E,600,0,0,0,0,0,0,0,0
00000283--b395338ef9--32,E1,600,0,0,0,0,0,0,0,0
00000283--b395338ef9--32,E2,600,0,0,0,0,0,0,0,0
00000283--b395338ef9--32,E3,600,0,0,0,0,0,0,0,0
00000283--b395338ef9--32,E4,600,0,0,0,0,0,0,0,0
00000283--b395338ef9--32,E5,600,0,0,0,0,0,0,0,0
00000283--b395338ef9--33,E,600,0,0,0,0,0,0,0,0
00000283--b395338ef9--33,E1,600,0,0,0,0,0,0,0,0
00000283--b395338ef9--33,E2,600,0,0,0,0,0,0,0,0
00000283--b395338ef9--33,E3,600,0,0,0,0,0,0,0,0
00000283--b395338ef9--33,E4,600,0,0,0,0,0,0,0,0
00000283--b395338ef9--33,E5,600,0,0,0,0,0,0,0,0
00000283--b395338ef9--34,E,600,0,0,0,0,0,0,0,0
00000283--b395338ef9--34,E1,600,0,0,0,0,0,0,0,0
00000283--b395338ef9--34,E2,600,0,0,0,0,0,0,0,0
00000283--b395338ef9--34,E3,600,0,0,0,0,0,0,0,0
00000283--b395338ef9--34,E4,600,0,0,0,0,0,0,0,0
00000283--b395338ef9--34,E5,600,0,0,0,0,0,0,0,0
00000283--b395338ef9--35,E,600,0,0,0,0,0,0,0,0
00000283--b395338ef9--35,E1,600,0,0,0,0,0,0,0,0
00000283--b395338ef9--35,E2,600,0,0,0,0,0,0,0,0
00000283--b395338ef9--35,E3,600,0,0,0,0,0,0,0,0
00000283--b395338ef9--35,E4,600,0,0,0,0,0,0,0,0
00000283--b395338ef9--35,E5,600,0,0,0,0,0,0,0,0
00000283--b395338ef9--36,E,600,0,0,0,0,0,0,0,0
00000283--b395338ef9--36,E1,600,0,0,0,0,0,0,0,0
00000283--b395338ef9--36,E2,600,0,0,0,0,0,0,0,0
00000283--b395338ef9--36,E3,600,0,0,0,0,0,0,0,0
00000283--b395338ef9--36,E4,600,0,0,0,0,0,0,0,0
00000283--b395338ef9--36,E5,600,0,0,0,0,0,0,0,0
00000283--b395338ef9--37,E,600,0,0,0,0,0,0,0,0
00000283--b395338ef9--37,E1,600,0,0,0,0,0,0,0,0
00000283--b395338ef9--37,E2,600,0,0,0,0,0,0,0,0
00000283--b395338ef9--37,E3,600,0,0,0,0,0,0,0,0
00000283--b395338ef9--37,E4,600,0,0,0,0,0,0,0,0
00000283--b395338ef9--37,E5,600,0,0,0,0,0,0,0,0
00000283--b395338ef9--38,E,600,0,0,0,0,0,0,0,0
00000283--b395338ef9--38,E1,600,0,0,0,0,0,0,0,0
00000283--b395338ef9--38,E2,600,0,0,0,0,0,0,0,0
00000283--b395338ef9--38,E3,600,0,0,0,0,0,0,0,0
00000283--b395338ef9--38,E4,600,0,0,0,0,0,0,0,0
00000283--b395338ef9--38,E5,600,0,0,0,0,0,0,0,0
00000283--b395338ef9--39,E,600,0,0,0,0,0,0,0,0
00000283--b395338ef9--39,E1,600,0,0,0,0,0,0,0,0
00000283--b395338ef9--39,E2,600,0,0,0,0,0,0,0,0
00000283--b395338ef9--39,E3,600,0,0,0,0,0,0,0,0
00000283--b395338ef9--39,E4,600,0,0,0,0,0,0,0,0
00000283--b395338ef9--39,E5,600,0,0,0,0,0,0,0,0
00000283--b395338ef9--4,E,600,0,0,0,0,0,0,0,0
00000283--b395338ef9--4,E1,600,0,0,0,0,0,0,0,0
00000283--b395338ef9--4,E2,600,0,0,0,0,0,0,0,0
00000283--b395338ef9--4,E3,600,0,0,0,0,0,0,0,0
00000283--b395338ef9--4,E4,600,0,0,0,0,0,0,0,0
00000283--b395338ef9--4,E5,600,0,0,0,0,0,0,0,0
00000283--b395338ef9--40,E,600,0,0,0,0,0,0,0,0
00000283--b395338ef9--40,E1,600,0,0,0,0,0,0,0,0
00000283--b395338ef9--40,E2,600,0,0,0,0,0,0,0,0
00000283--b395338ef9--40,E3,600,0,0,0,0,0,0,0,0
00000283--b395338ef9--40,E4,600,0,0,0,0,0,0,0,0
00000283--b395338ef9--40,E5,600,0,0,0,0,0,0,0,0
00000283--b395338ef9--41,E,600,0,0,0,0,0,0,0,0
00000283--b395338ef9--41,E1,600,0,0,0,0,0,0,0,0
00000283--b395338ef9--41,E2,600,0,0,0,0,0,0,0,0
00000283--b395338ef9--41,E3,600,0,0,0,0,0,0,0,0
00000283--b395338ef9--41,E4,600,0,0,0,0,0,0,0,0
00000283--b395338ef9--41,E5,600,0,0,0,0,0,0,0,0
00000283--b395338ef9--42,E,600,0,0,0,0,0,0,0,0
00000283--b395338ef9--42,E1,600,0,0,0,0,0,0,0,0
00000283--b395338ef9--42,E2,600,0,0,0,0,0,0,0,0
00000283--b395338ef9--42,E3,600,0,0,0,0,0,0,0,0
00000283--b395338ef9--42,E4,600,0,0,0,0,0,0,0,0
00000283--b395338ef9--42,E5,600,0,0,0,0,0,0,0,0
00000283--b395338ef9--43,E,600,0,0,0,0,0,0,0,0
00000283--b395338ef9--43,E1,600,0,0,0,0,0,0,0,0
00000283--b395338ef9--43,E2,600,0,0,0,0,0,0,0,0
00000283--b395338ef9--43,E3,600,0,0,0,0,0,0,0,0
00000283--b395338ef9--43,E4,600,0,0,0,0,0,0,0,0
00000283--b395338ef9--43,E5,600,0,0,0,0,0,0,0,0
00000283--b395338ef9--44,E,600,0,0,0,0,0,0,0,0
00000283--b395338ef9--44,E1,600,0,0,0,0,0,0,0,0
00000283--b395338ef9--44,E2,600,0,0,0,0,0,0,0,0
00000283--b395338ef9--44,E3,600,0,0,0,0,0,0,0,0
00000283--b395338ef9--44,E4,600,0,0,0,0,0,0,0,0
00000283--b395338ef9--44,E5,600,0,0,0,0,0,0,0,0
00000283--b395338ef9--45,E,599,0,0,0,0,0,0,0,0
00000283--b395338ef9--45,E1,599,0,0,0,0,0,0,0,0
00000283--b395338ef9--45,E2,599,0,0,0,0,0,0,0,0
00000283--b395338ef9--45,E3,599,0,0,0,0,0,0,0,0
00000283--b395338ef9--45,E4,599,0,0,0,0,0,0,0,0
00000283--b395338ef9--45,E5,599,290,290,1,289,0,0,0,0
00000283--b395338ef9--46,E,600,0,0,0,0,0,0,0,0
00000283--b395338ef9--46,E1,600,0,0,0,0,0,0,0,0
00000283--b395338ef9--46,E2,600,0,0,0,0,0,0,0,0
00000283--b395338ef9--46,E3,600,0,0,0,0,0,0,0,0
00000283--b395338ef9--46,E4,600,0,0,0,0,0,0,0,0
00000283--b395338ef9--46,E5,600,0,0,0,0,0,0,0,0
00000283--b395338ef9--47,E,599,0,0,0,0,0,0,0,0
00000283--b395338ef9--47,E1,599,0,0,0,0,0,0,0,0
00000283--b395338ef9--47,E2,599,0,0,0,0,0,0,0,0
00000283--b395338ef9--47,E3,599,0,0,0,0,0,0,0,0
00000283--b395338ef9--47,E4,599,0,0,0,0,0,0,0,0
00000283--b395338ef9--47,E5,599,5,5,1,4,0,0,0,0
00000283--b395338ef9--48,E,599,0,0,0,0,0,0,0,0
00000283--b395338ef9--48,E1,599,0,0,0,0,0,0,0,0
00000283--b395338ef9--48,E2,599,0,0,0,0,0,0,0,0
00000283--b395338ef9--48,E3,599,0,0,0,0,0,0,0,0
00000283--b395338ef9--48,E4,599,0,0,0,0,0,0,0,0
00000283--b395338ef9--48,E5,599,316,316,2,85,0,3,0,226
00000283--b395338ef9--49,E,28,0,0,0,0,0,0,0,0
00000283--b395338ef9--49,E1,28,0,0,0,0,0,0,0,0
00000283--b395338ef9--49,E2,28,0,0,0,0,0,0,0,0
00000283--b395338ef9--49,E3,28,0,0,0,0,0,0,0,0
00000283--b395338ef9--49,E4,28,0,0,0,0,0,0,0,0
00000283--b395338ef9--49,E5,28,0,0,0,0,0,0,0,0
00000283--b395338ef9--5,E,600,0,0,0,0,0,0,0,0
00000283--b395338ef9--5,E1,600,0,0,0,0,0,0,0,0
00000283--b395338ef9--5,E2,600,0,0,0,0,0,0,0,0
00000283--b395338ef9--5,E3,600,0,0,0,0,0,0,0,0
00000283--b395338ef9--5,E4,600,0,0,0,0,0,0,0,0
00000283--b395338ef9--5,E5,600,0,0,0,0,0,0,0,0
00000283--b395338ef9--6,E,600,0,0,0,0,0,0,0,0
00000283--b395338ef9--6,E1,600,0,0,0,0,0,0,0,0
00000283--b395338ef9--6,E2,600,0,0,0,0,0,0,0,0
00000283--b395338ef9--6,E3,600,0,0,0,0,0,0,0,0
00000283--b395338ef9--6,E4,600,0,0,0,0,0,0,0,0
00000283--b395338ef9--6,E5,600,0,0,0,0,0,0,0,0
00000283--b395338ef9--7,E,600,0,0,0,0,0,0,0,0
00000283--b395338ef9--7,E1,600,0,0,0,0,0,0,0,0
00000283--b395338ef9--7,E2,600,0,0,0,0,0,0,0,0
00000283--b395338ef9--7,E3,600,0,0,0,0,0,0,0,0
00000283--b395338ef9--7,E4,600,0,0,0,0,0,0,0,0
00000283--b395338ef9--7,E5,600,0,0,0,0,0,0,0,0
00000283--b395338ef9--8,E,600,0,0,0,0,0,0,0,0
00000283--b395338ef9--8,E1,600,0,0,0,0,0,0,0,0
00000283--b395338ef9--8,E2,600,0,0,0,0,0,0,0,0
00000283--b395338ef9--8,E3,600,0,0,0,0,0,0,0,0
00000283--b395338ef9--8,E4,600,0,0,0,0,0,0,0,0
00000283--b395338ef9--8,E5,600,0,0,0,0,0,0,0,0
00000283--b395338ef9--9,E,600,0,0,0,0,0,0,0,0
00000283--b395338ef9--9,E1,600,0,0,0,0,0,0,0,0
00000283--b395338ef9--9,E2,600,0,0,0,0,0,0,0,0
00000283--b395338ef9--9,E3,600,0,0,0,0,0,0,0,0
00000283--b395338ef9--9,E4,600,0,0,0,0,0,0,0,0
00000283--b395338ef9--9,E5,600,0,0,0,0,0,0,0,0
00000285--27dca1de75--10,E,599,0,0,0,0,0,0,0,0
00000285--27dca1de75--10,E1,599,0,0,0,0,0,0,0,0
00000285--27dca1de75--10,E2,599,0,0,0,0,0,0,0,0
00000285--27dca1de75--10,E3,599,0,0,0,0,0,0,0,0
00000285--27dca1de75--10,E4,599,0,0,0,0,0,0,0,0
00000285--27dca1de75--10,E5,599,0,0,0,0,0,0,0,0
00000285--27dca1de75--11,E,599,0,0,0,0,0,0,0,0
00000285--27dca1de75--11,E1,599,0,0,0,0,0,0,0,0
00000285--27dca1de75--11,E2,599,0,0,0,0,0,0,0,0
00000285--27dca1de75--11,E3,599,0,0,0,0,0,0,0,0
00000285--27dca1de75--11,E4,599,0,0,0,0,0,0,0,0
00000285--27dca1de75--11,E5,599,0,0,0,0,0,0,0,0
00000285--27dca1de75--12,E,600,0,0,0,0,0,0,0,0
00000285--27dca1de75--12,E1,600,0,0,0,0,0,0,0,0
00000285--27dca1de75--12,E2,600,0,0,0,0,0,0,0,0
00000285--27dca1de75--12,E3,600,0,0,0,0,0,0,0,0
00000285--27dca1de75--12,E4,600,0,0,0,0,0,0,0,0
00000285--27dca1de75--12,E5,600,0,0,0,0,0,0,0,0
00000285--27dca1de75--13,E,600,2,2,0,2,0,0,0,0
00000285--27dca1de75--13,E1,600,0,0,0,0,0,0,0,0
00000285--27dca1de75--13,E2,600,2,2,0,2,0,0,0,0
00000285--27dca1de75--13,E3,600,2,2,0,2,0,0,0,0
00000285--27dca1de75--13,E4,600,2,2,0,2,0,0,0,0
00000285--27dca1de75--13,E5,600,13,13,0,13,0,0,0,0
00000285--27dca1de75--14,E,600,0,0,0,0,0,0,0,0
00000285--27dca1de75--14,E1,600,0,0,0,0,0,0,0,0
00000285--27dca1de75--14,E2,600,0,0,0,0,0,0,0,0
00000285--27dca1de75--14,E3,600,0,0,0,0,0,0,0,0
00000285--27dca1de75--14,E4,600,0,0,0,0,0,0,0,0
00000285--27dca1de75--14,E5,600,0,0,0,0,0,0,0,0
00000285--27dca1de75--15,E,600,0,0,0,0,0,0,0,0
00000285--27dca1de75--15,E1,600,0,0,0,0,0,0,0,0
00000285--27dca1de75--15,E2,600,0,0,0,0,0,0,0,0
00000285--27dca1de75--15,E3,600,0,0,0,0,0,0,0,0
00000285--27dca1de75--15,E4,600,0,0,0,0,0,0,0,0
00000285--27dca1de75--15,E5,600,0,0,0,0,0,0,0,0
00000285--27dca1de75--16,E,600,0,0,0,0,0,0,0,0
00000285--27dca1de75--16,E1,600,0,0,0,0,0,0,0,0
00000285--27dca1de75--16,E2,600,0,0,0,0,0,0,0,0
00000285--27dca1de75--16,E3,600,0,0,0,0,0,0,0,0
00000285--27dca1de75--16,E4,600,0,0,0,0,0,0,0,0
00000285--27dca1de75--16,E5,600,0,0,0,0,0,0,0,0
00000285--27dca1de75--17,E,600,0,0,0,0,0,0,0,0
00000285--27dca1de75--17,E1,600,0,0,0,0,0,0,0,0
00000285--27dca1de75--17,E2,600,0,0,0,0,0,0,0,0
00000285--27dca1de75--17,E3,600,0,0,0,0,0,0,0,0
00000285--27dca1de75--17,E4,600,0,0,0,0,0,0,0,0
00000285--27dca1de75--17,E5,600,2,2,0,2,0,0,0,0
00000285--27dca1de75--18,E,600,0,0,0,0,0,0,0,0
00000285--27dca1de75--18,E1,600,0,0,0,0,0,0,0,0
00000285--27dca1de75--18,E2,600,0,0,0,0,0,0,0,0
00000285--27dca1de75--18,E3,600,0,0,0,0,0,0,0,0
00000285--27dca1de75--18,E4,600,0,0,0,0,0,0,0,0
00000285--27dca1de75--18,E5,600,0,0,0,0,0,0,0,0
00000285--27dca1de75--19,E,600,0,0,0,0,0,0,0,0
00000285--27dca1de75--19,E1,600,0,0,0,0,0,0,0,0
00000285--27dca1de75--19,E2,600,0,0,0,0,0,0,0,0
00000285--27dca1de75--19,E3,600,0,0,0,0,0,0,0,0
00000285--27dca1de75--19,E4,600,0,0,0,0,0,0,0,0
00000285--27dca1de75--19,E5,600,0,0,0,0,0,0,0,0
00000285--27dca1de75--2,E,600,1,1,0,1,0,0,0,0
00000285--27dca1de75--2,E1,600,1,1,0,1,0,0,0,0
00000285--27dca1de75--2,E2,600,1,1,0,1,0,0,0,0
00000285--27dca1de75--2,E3,600,1,1,0,1,0,0,0,0
00000285--27dca1de75--2,E4,600,0,0,0,0,0,0,0,0
00000285--27dca1de75--2,E5,600,333,333,0,75,0,0,0,258
00000285--27dca1de75--20,E,600,0,0,0,0,0,0,0,0
00000285--27dca1de75--20,E1,600,0,0,0,0,0,0,0,0
00000285--27dca1de75--20,E2,600,0,0,0,0,0,0,0,0
00000285--27dca1de75--20,E3,600,0,0,0,0,0,0,0,0
00000285--27dca1de75--20,E4,600,0,0,0,0,0,0,0,0
00000285--27dca1de75--20,E5,600,0,0,0,0,0,0,0,0
00000285--27dca1de75--21,E,600,0,0,0,0,0,0,0,0
00000285--27dca1de75--21,E1,600,0,0,0,0,0,0,0,0
00000285--27dca1de75--21,E2,600,0,0,0,0,0,0,0,0
00000285--27dca1de75--21,E3,600,0,0,0,0,0,0,0,0
00000285--27dca1de75--21,E4,600,0,0,0,0,0,0,0,0
00000285--27dca1de75--21,E5,600,0,0,0,0,0,0,0,0
00000285--27dca1de75--22,E,600,155,155,0,155,0,0,0,0
00000285--27dca1de75--22,E1,600,155,155,0,155,0,0,0,0
00000285--27dca1de75--22,E2,600,155,155,0,155,0,0,0,0
00000285--27dca1de75--22,E3,600,155,155,0,155,0,0,0,0
00000285--27dca1de75--22,E4,600,0,0,0,0,0,0,0,0
00000285--27dca1de75--22,E5,600,155,155,0,155,0,0,0,0
00000285--27dca1de75--23,E,600,0,0,0,0,0,0,0,0
00000285--27dca1de75--23,E1,600,0,0,0,0,0,0,0,0
00000285--27dca1de75--23,E2,600,0,0,0,0,0,0,0,0
00000285--27dca1de75--23,E3,600,0,0,0,0,0,0,0,0
00000285--27dca1de75--23,E4,600,0,0,0,0,0,0,0,0
00000285--27dca1de75--23,E5,600,0,0,0,0,0,0,0,0
00000285--27dca1de75--24,E,600,0,0,0,0,0,0,0,0
00000285--27dca1de75--24,E1,600,0,0,0,0,0,0,0,0
00000285--27dca1de75--24,E2,600,0,0,0,0,0,0,0,0
00000285--27dca1de75--24,E3,600,0,0,0,0,0,0,0,0
00000285--27dca1de75--24,E4,600,0,0,0,0,0,0,0,0
00000285--27dca1de75--24,E5,600,0,0,0,0,0,0,0,0
00000285--27dca1de75--25,E,600,0,0,0,0,0,0,0,0
00000285--27dca1de75--25,E1,600,0,0,0,0,0,0,0,0
00000285--27dca1de75--25,E2,600,0,0,0,0,0,0,0,0
00000285--27dca1de75--25,E3,600,0,0,0,0,0,0,0,0
00000285--27dca1de75--25,E4,600,0,0,0,0,0,0,0,0
00000285--27dca1de75--25,E5,600,0,0,0,0,0,0,0,0
00000285--27dca1de75--26,E,600,0,0,0,0,0,0,0,0
00000285--27dca1de75--26,E1,600,0,0,0,0,0,0,0,0
00000285--27dca1de75--26,E2,600,0,0,0,0,0,0,0,0
00000285--27dca1de75--26,E3,600,0,0,0,0,0,0,0,0
00000285--27dca1de75--26,E4,600,0,0,0,0,0,0,0,0
00000285--27dca1de75--26,E5,600,0,0,0,0,0,0,0,0
00000285--27dca1de75--27,E,599,0,0,0,0,0,0,0,0
00000285--27dca1de75--27,E1,599,0,0,0,0,0,0,0,0
00000285--27dca1de75--27,E2,599,0,0,0,0,0,0,0,0
00000285--27dca1de75--27,E3,599,0,0,0,0,0,0,0,0
00000285--27dca1de75--27,E4,599,0,0,0,0,0,0,0,0
00000285--27dca1de75--27,E5,599,0,0,0,0,0,0,0,0
00000285--27dca1de75--28,E,599,0,0,0,0,0,0,0,0
00000285--27dca1de75--28,E1,599,0,0,0,0,0,0,0,0
00000285--27dca1de75--28,E2,599,0,0,0,0,0,0,0,0
00000285--27dca1de75--28,E3,599,0,0,0,0,0,0,0,0
00000285--27dca1de75--28,E4,599,0,0,0,0,0,0,0,0
00000285--27dca1de75--28,E5,599,0,0,0,0,0,0,0,0
00000285--27dca1de75--29,E,600,0,0,0,0,0,0,0,0
00000285--27dca1de75--29,E1,600,0,0,0,0,0,0,0,0
00000285--27dca1de75--29,E2,600,0,0,0,0,0,0,0,0
00000285--27dca1de75--29,E3,600,0,0,0,0,0,0,0,0
00000285--27dca1de75--29,E4,600,0,0,0,0,0,0,0,0
00000285--27dca1de75--29,E5,600,0,0,0,0,0,0,0,0
00000285--27dca1de75--3,E,599,0,0,0,0,0,0,0,0
00000285--27dca1de75--3,E1,599,0,0,0,0,0,0,0,0
00000285--27dca1de75--3,E2,599,0,0,0,0,0,0,0,0
00000285--27dca1de75--3,E3,599,0,0,0,0,0,0,0,0
00000285--27dca1de75--3,E4,599,0,0,0,0,0,0,0,0
00000285--27dca1de75--3,E5,599,0,0,0,0,0,0,0,0
00000285--27dca1de75--30,E,600,0,0,0,0,0,0,0,0
00000285--27dca1de75--30,E1,600,0,0,0,0,0,0,0,0
00000285--27dca1de75--30,E2,600,0,0,0,0,0,0,0,0
00000285--27dca1de75--30,E3,600,0,0,0,0,0,0,0,0
00000285--27dca1de75--30,E4,600,0,0,0,0,0,0,0,0
00000285--27dca1de75--30,E5,600,18,18,0,18,0,0,0,0
00000285--27dca1de75--31,E,599,0,0,0,0,0,0,0,0
00000285--27dca1de75--31,E1,599,0,0,0,0,0,0,0,0
00000285--27dca1de75--31,E2,599,0,0,0,0,0,0,0,0
00000285--27dca1de75--31,E3,599,0,0,0,0,0,0,0,0
00000285--27dca1de75--31,E4,599,0,0,0,0,0,0,0,0
00000285--27dca1de75--31,E5,599,64,64,0,48,10,0,0,6
00000285--27dca1de75--32,E,599,0,0,0,0,0,0,0,0
00000285--27dca1de75--32,E1,599,0,0,0,0,0,0,0,0
00000285--27dca1de75--32,E2,599,0,0,0,0,0,0,0,0
00000285--27dca1de75--32,E3,599,0,0,0,0,0,0,0,0
00000285--27dca1de75--32,E4,599,0,0,0,0,0,0,0,0
00000285--27dca1de75--32,E5,599,0,0,0,0,0,0,0,0
00000285--27dca1de75--33,E,599,0,0,0,0,0,0,0,0
00000285--27dca1de75--33,E1,599,0,0,0,0,0,0,0,0
00000285--27dca1de75--33,E2,599,0,0,0,0,0,0,0,0
00000285--27dca1de75--33,E3,599,0,0,0,0,0,0,0,0
00000285--27dca1de75--33,E4,599,0,0,0,0,0,0,0,0
00000285--27dca1de75--33,E5,599,9,9,0,9,0,0,0,0
00000285--27dca1de75--34,E,189,0,0,0,0,0,0,0,0
00000285--27dca1de75--34,E1,189,0,0,0,0,0,0,0,0
00000285--27dca1de75--34,E2,189,0,0,0,0,0,0,0,0
00000285--27dca1de75--34,E3,189,0,0,0,0,0,0,0,0
00000285--27dca1de75--34,E4,189,0,0,0,0,0,0,0,0
00000285--27dca1de75--34,E5,189,0,0,0,0,0,0,0,0
00000285--27dca1de75--4,E,599,0,0,0,0,0,0,0,0
00000285--27dca1de75--4,E1,599,0,0,0,0,0,0,0,0
00000285--27dca1de75--4,E2,599,0,0,0,0,0,0,0,0
00000285--27dca1de75--4,E3,599,0,0,0,0,0,0,0,0
00000285--27dca1de75--4,E4,599,0,0,0,0,0,0,0,0
00000285--27dca1de75--4,E5,599,0,0,0,0,0,0,0,0
00000285--27dca1de75--5,E,599,0,0,0,0,0,0,0,0
00000285--27dca1de75--5,E1,599,0,0,0,0,0,0,0,0
00000285--27dca1de75--5,E2,599,0,0,0,0,0,0,0,0
00000285--27dca1de75--5,E3,599,0,0,0,0,0,0,0,0
00000285--27dca1de75--5,E4,599,0,0,0,0,0,0,0,0
00000285--27dca1de75--5,E5,599,0,0,0,0,0,0,0,0
00000285--27dca1de75--6,E,599,0,0,0,0,0,0,0,0
00000285--27dca1de75--6,E1,599,0,0,0,0,0,0,0,0
00000285--27dca1de75--6,E2,599,0,0,0,0,0,0,0,0
00000285--27dca1de75--6,E3,599,0,0,0,0,0,0,0,0
00000285--27dca1de75--6,E4,599,0,0,0,0,0,0,0,0
00000285--27dca1de75--6,E5,599,0,0,0,0,0,0,0,0
00000285--27dca1de75--7,E,599,0,0,0,0,0,0,0,0
00000285--27dca1de75--7,E1,599,0,0,0,0,0,0,0,0
00000285--27dca1de75--7,E2,599,0,0,0,0,0,0,0,0
00000285--27dca1de75--7,E3,599,0,0,0,0,0,0,0,0
00000285--27dca1de75--7,E4,599,0,0,0,0,0,0,0,0
00000285--27dca1de75--7,E5,599,0,0,0,0,0,0,0,0
00000285--27dca1de75--8,E,600,0,0,0,0,0,0,0,0
00000285--27dca1de75--8,E1,600,0,0,0,0,0,0,0,0
00000285--27dca1de75--8,E2,600,0,0,0,0,0,0,0,0
00000285--27dca1de75--8,E3,600,0,0,0,0,0,0,0,0
00000285--27dca1de75--8,E4,600,0,0,0,0,0,0,0,0
00000285--27dca1de75--8,E5,600,0,0,0,0,0,0,0,0
00000285--27dca1de75--9,E,600,0,0,0,0,0,0,0,0
00000285--27dca1de75--9,E1,600,0,0,0,0,0,0,0,0
00000285--27dca1de75--9,E2,600,0,0,0,0,0,0,0,0
00000285--27dca1de75--9,E3,600,0,0,0,0,0,0,0,0
00000285--27dca1de75--9,E4,600,0,0,0,0,0,0,0,0
00000285--27dca1de75--9,E5,600,0,0,0,0,0,0,0,0
00000286--de6bd2c087--11,E,600,0,0,0,0,0,0,0,0
00000286--de6bd2c087--11,E1,600,0,0,0,0,0,0,0,0
00000286--de6bd2c087--11,E2,600,0,0,0,0,0,0,0,0
00000286--de6bd2c087--11,E3,600,0,0,0,0,0,0,0,0
00000286--de6bd2c087--11,E4,600,0,0,0,0,0,0,0,0
00000286--de6bd2c087--11,E5,600,1,1,0,1,0,0,0,0
00000286--de6bd2c087--12,E,600,0,0,0,0,0,0,0,0
00000286--de6bd2c087--12,E1,600,0,0,0,0,0,0,0,0
00000286--de6bd2c087--12,E2,600,0,0,0,0,0,0,0,0
00000286--de6bd2c087--12,E3,600,0,0,0,0,0,0,0,0
00000286--de6bd2c087--12,E4,600,0,0,0,0,0,0,0,0
00000286--de6bd2c087--12,E5,600,0,0,0,0,0,0,0,0
00000286--de6bd2c087--13,E,600,0,0,0,0,0,0,0,0
00000286--de6bd2c087--13,E1,600,0,0,0,0,0,0,0,0
00000286--de6bd2c087--13,E2,600,0,0,0,0,0,0,0,0
00000286--de6bd2c087--13,E3,600,0,0,0,0,0,0,0,0
00000286--de6bd2c087--13,E4,600,0,0,0,0,0,0,0,0
00000286--de6bd2c087--13,E5,600,0,0,0,0,0,0,0,0
00000286--de6bd2c087--14,E,600,0,0,0,0,0,0,0,0
00000286--de6bd2c087--14,E1,600,0,0,0,0,0,0,0,0
00000286--de6bd2c087--14,E2,600,0,0,0,0,0,0,0,0
00000286--de6bd2c087--14,E3,600,0,0,0,0,0,0,0,0
00000286--de6bd2c087--14,E4,600,0,0,0,0,0,0,0,0
00000286--de6bd2c087--14,E5,600,0,0,0,0,0,0,0,0
00000286--de6bd2c087--15,E,600,0,0,0,0,0,0,0,0
00000286--de6bd2c087--15,E1,600,0,0,0,0,0,0,0,0
00000286--de6bd2c087--15,E2,600,0,0,0,0,0,0,0,0
00000286--de6bd2c087--15,E3,600,0,0,0,0,0,0,0,0
00000286--de6bd2c087--15,E4,600,0,0,0,0,0,0,0,0
00000286--de6bd2c087--15,E5,600,0,0,0,0,0,0,0,0
00000286--de6bd2c087--16,E,600,0,0,0,0,0,0,0,0
00000286--de6bd2c087--16,E1,600,0,0,0,0,0,0,0,0
00000286--de6bd2c087--16,E2,600,0,0,0,0,0,0,0,0
00000286--de6bd2c087--16,E3,600,0,0,0,0,0,0,0,0
00000286--de6bd2c087--16,E4,600,0,0,0,0,0,0,0,0
00000286--de6bd2c087--16,E5,600,0,0,0,0,0,0,0,0
00000286--de6bd2c087--17,E,600,0,0,0,0,0,0,0,0
00000286--de6bd2c087--17,E1,600,0,0,0,0,0,0,0,0
00000286--de6bd2c087--17,E2,600,0,0,0,0,0,0,0,0
00000286--de6bd2c087--17,E3,600,0,0,0,0,0,0,0,0
00000286--de6bd2c087--17,E4,600,0,0,0,0,0,0,0,0
00000286--de6bd2c087--17,E5,600,0,0,0,0,0,0,0,0
00000286--de6bd2c087--18,E,600,0,0,0,0,0,0,0,0
00000286--de6bd2c087--18,E1,600,0,0,0,0,0,0,0,0
00000286--de6bd2c087--18,E2,600,0,0,0,0,0,0,0,0
00000286--de6bd2c087--18,E3,600,0,0,0,0,0,0,0,0
00000286--de6bd2c087--18,E4,600,0,0,0,0,0,0,0,0
00000286--de6bd2c087--18,E5,600,0,0,0,0,0,0,0,0
00000286--de6bd2c087--19,E,600,112,112,0,112,0,0,0,0
00000286--de6bd2c087--19,E1,600,0,0,0,0,0,0,0,0
00000286--de6bd2c087--19,E2,600,112,112,0,112,0,0,0,0
00000286--de6bd2c087--19,E3,600,112,112,0,112,0,0,0,0
00000286--de6bd2c087--19,E4,600,0,0,0,0,0,0,0,0
00000286--de6bd2c087--19,E5,600,112,112,0,112,0,0,0,0
00000286--de6bd2c087--20,E,599,0,0,0,0,0,0,0,0
00000286--de6bd2c087--20,E1,599,0,0,0,0,0,0,0,0
00000286--de6bd2c087--20,E2,599,0,0,0,0,0,0,0,0
00000286--de6bd2c087--20,E3,599,0,0,0,0,0,0,0,0
00000286--de6bd2c087--20,E4,599,0,0,0,0,0,0,0,0
00000286--de6bd2c087--20,E5,599,0,0,0,0,0,0,0,0
00000286--de6bd2c087--21,E,599,0,0,0,0,0,0,0,0
00000286--de6bd2c087--21,E1,599,0,0,0,0,0,0,0,0
00000286--de6bd2c087--21,E2,599,0,0,0,0,0,0,0,0
00000286--de6bd2c087--21,E3,599,0,0,0,0,0,0,0,0
00000286--de6bd2c087--21,E4,599,0,0,0,0,0,0,0,0
00000286--de6bd2c087--21,E5,599,0,0,0,0,0,0,0,0
00000286--de6bd2c087--22,E,600,0,0,0,0,0,0,0,0
00000286--de6bd2c087--22,E1,600,0,0,0,0,0,0,0,0
00000286--de6bd2c087--22,E2,600,0,0,0,0,0,0,0,0
00000286--de6bd2c087--22,E3,600,0,0,0,0,0,0,0,0
00000286--de6bd2c087--22,E4,600,0,0,0,0,0,0,0,0
00000286--de6bd2c087--22,E5,600,0,0,0,0,0,0,0,0
00000286--de6bd2c087--23,E,600,0,0,0,0,0,0,0,0
00000286--de6bd2c087--23,E1,600,0,0,0,0,0,0,0,0
00000286--de6bd2c087--23,E2,600,0,0,0,0,0,0,0,0
00000286--de6bd2c087--23,E3,600,0,0,0,0,0,0,0,0
00000286--de6bd2c087--23,E4,600,0,0,0,0,0,0,0,0
00000286--de6bd2c087--23,E5,600,0,0,0,0,0,0,0,0
00000286--de6bd2c087--24,E,599,0,0,0,0,0,0,0,0
00000286--de6bd2c087--24,E1,599,0,0,0,0,0,0,0,0
00000286--de6bd2c087--24,E2,599,0,0,0,0,0,0,0,0
00000286--de6bd2c087--24,E3,599,0,0,0,0,0,0,0,0
00000286--de6bd2c087--24,E4,599,0,0,0,0,0,0,0,0
00000286--de6bd2c087--24,E5,599,0,0,0,0,0,0,0,0
00000286--de6bd2c087--25,E,599,0,0,0,0,0,0,0,0
00000286--de6bd2c087--25,E1,599,0,0,0,0,0,0,0,0
00000286--de6bd2c087--25,E2,599,0,0,0,0,0,0,0,0
00000286--de6bd2c087--25,E3,599,0,0,0,0,0,0,0,0
00000286--de6bd2c087--25,E4,599,0,0,0,0,0,0,0,0
00000286--de6bd2c087--25,E5,599,0,0,0,0,0,0,0,0
00000286--de6bd2c087--26,E,599,0,0,0,0,0,0,0,0
00000286--de6bd2c087--26,E1,599,0,0,0,0,0,0,0,0
00000286--de6bd2c087--26,E2,599,0,0,0,0,0,0,0,0
00000286--de6bd2c087--26,E3,599,0,0,0,0,0,0,0,0
00000286--de6bd2c087--26,E4,599,0,0,0,0,0,0,0,0
00000286--de6bd2c087--26,E5,599,0,0,0,0,0,0,0,0
00000286--de6bd2c087--27,E,599,0,0,0,0,0,0,0,0
00000286--de6bd2c087--27,E1,599,0,0,0,0,0,0,0,0
00000286--de6bd2c087--27,E2,599,0,0,0,0,0,0,0,0
00000286--de6bd2c087--27,E3,599,0,0,0,0,0,0,0,0
00000286--de6bd2c087--27,E4,599,0,0,0,0,0,0,0,0
00000286--de6bd2c087--27,E5,599,0,0,0,0,0,0,0,0
00000286--de6bd2c087--28,E,600,0,0,0,0,0,0,0,0
00000286--de6bd2c087--28,E1,600,0,0,0,0,0,0,0,0
00000286--de6bd2c087--28,E2,600,0,0,0,0,0,0,0,0
00000286--de6bd2c087--28,E3,600,0,0,0,0,0,0,0,0
00000286--de6bd2c087--28,E4,600,0,0,0,0,0,0,0,0
00000286--de6bd2c087--28,E5,600,0,0,0,0,0,0,0,0
00000286--de6bd2c087--29,E,599,0,0,0,0,0,0,0,0
00000286--de6bd2c087--29,E1,599,0,0,0,0,0,0,0,0
00000286--de6bd2c087--29,E2,599,0,0,0,0,0,0,0,0
00000286--de6bd2c087--29,E3,599,0,0,0,0,0,0,0,0
00000286--de6bd2c087--29,E4,599,0,0,0,0,0,0,0,0
00000286--de6bd2c087--29,E5,599,0,0,0,0,0,0,0,0
00000286--de6bd2c087--30,E,600,0,0,0,0,0,0,0,0
00000286--de6bd2c087--30,E1,600,0,0,0,0,0,0,0,0
00000286--de6bd2c087--30,E2,600,0,0,0,0,0,0,0,0
00000286--de6bd2c087--30,E3,600,0,0,0,0,0,0,0,0
00000286--de6bd2c087--30,E4,600,0,0,0,0,0,0,0,0
00000286--de6bd2c087--30,E5,600,0,0,0,0,0,0,0,0
00000286--de6bd2c087--31,E,600,0,0,0,0,0,0,0,0
00000286--de6bd2c087--31,E1,600,0,0,0,0,0,0,0,0
00000286--de6bd2c087--31,E2,600,0,0,0,0,0,0,0,0
00000286--de6bd2c087--31,E3,600,0,0,0,0,0,0,0,0
00000286--de6bd2c087--31,E4,600,0,0,0,0,0,0,0,0
00000286--de6bd2c087--31,E5,600,0,0,0,0,0,0,0,0
00000286--de6bd2c087--32,E,600,0,0,0,0,0,0,0,0
00000286--de6bd2c087--32,E1,600,0,0,0,0,0,0,0,0
00000286--de6bd2c087--32,E2,600,0,0,0,0,0,0,0,0
00000286--de6bd2c087--32,E3,600,0,0,0,0,0,0,0,0
00000286--de6bd2c087--32,E4,600,0,0,0,0,0,0,0,0
00000286--de6bd2c087--32,E5,600,0,0,0,0,0,0,0,0
00000286--de6bd2c087--33,E,600,0,0,0,0,0,0,0,0
00000286--de6bd2c087--33,E1,600,0,0,0,0,0,0,0,0
00000286--de6bd2c087--33,E2,600,0,0,0,0,0,0,0,0
00000286--de6bd2c087--33,E3,600,0,0,0,0,0,0,0,0
00000286--de6bd2c087--33,E4,600,0,0,0,0,0,0,0,0
00000286--de6bd2c087--33,E5,600,0,0,0,0,0,0,0,0
00000286--de6bd2c087--34,E,600,0,0,0,0,0,0,0,0
00000286--de6bd2c087--34,E1,600,0,0,0,0,0,0,0,0
00000286--de6bd2c087--34,E2,600,0,0,0,0,0,0,0,0
00000286--de6bd2c087--34,E3,600,0,0,0,0,0,0,0,0
00000286--de6bd2c087--34,E4,600,0,0,0,0,0,0,0,0
00000286--de6bd2c087--34,E5,600,0,0,0,0,0,0,0,0
0000028b--ca855432c0--10,E,600,0,0,0,0,0,0,0,0
0000028b--ca855432c0--10,E1,600,0,0,0,0,0,0,0,0
0000028b--ca855432c0--10,E2,600,0,0,0,0,0,0,0,0
0000028b--ca855432c0--10,E3,600,0,0,0,0,0,0,0,0
0000028b--ca855432c0--10,E4,600,0,0,0,0,0,0,0,0
0000028b--ca855432c0--10,E5,600,0,0,0,0,0,0,0,0
0000028b--ca855432c0--11,E,599,0,0,0,0,0,0,0,0
0000028b--ca855432c0--11,E1,599,0,0,0,0,0,0,0,0
0000028b--ca855432c0--11,E2,599,0,0,0,0,0,0,0,0
0000028b--ca855432c0--11,E3,599,0,0,0,0,0,0,0,0
0000028b--ca855432c0--11,E4,599,0,0,0,0,0,0,0,0
0000028b--ca855432c0--11,E5,599,0,0,0,0,0,0,0,0
0000028b--ca855432c0--24,E,600,0,0,0,0,0,0,0,0
0000028b--ca855432c0--24,E1,600,0,0,0,0,0,0,0,0
0000028b--ca855432c0--24,E2,600,0,0,0,0,0,0,0,0
0000028b--ca855432c0--24,E3,600,0,0,0,0,0,0,0,0
0000028b--ca855432c0--24,E4,600,0,0,0,0,0,0,0,0
0000028b--ca855432c0--24,E5,600,0,0,0,0,0,0,0,0
0000028b--ca855432c0--25,E,600,0,0,0,0,0,0,0,0
0000028b--ca855432c0--25,E1,600,0,0,0,0,0,0,0,0
0000028b--ca855432c0--25,E2,600,0,0,0,0,0,0,0,0
0000028b--ca855432c0--25,E3,600,0,0,0,0,0,0,0,0
0000028b--ca855432c0--25,E4,600,0,0,0,0,0,0,0,0
0000028b--ca855432c0--25,E5,600,0,0,0,0,0,0,0,0
0000028b--ca855432c0--33,E,599,0,0,0,0,0,0,0,0
0000028b--ca855432c0--33,E1,599,0,0,0,0,0,0,0,0
0000028b--ca855432c0--33,E2,599,0,0,0,0,0,0,0,0
0000028b--ca855432c0--33,E3,599,0,0,0,0,0,0,0,0
0000028b--ca855432c0--33,E4,599,0,0,0,0,0,0,0,0
0000028b--ca855432c0--33,E5,599,0,0,0,0,0,0,0,0
0000028b--ca855432c0--57,E,599,0,0,0,0,0,0,0,0
0000028b--ca855432c0--57,E1,599,0,0,0,0,0,0,0,0
0000028b--ca855432c0--57,E2,599,0,0,0,0,0,0,0,0
0000028b--ca855432c0--57,E3,599,0,0,0,0,0,0,0,0
0000028b--ca855432c0--57,E4,599,0,0,0,0,0,0,0,0
0000028b--ca855432c0--57,E5,599,0,0,0,0,0,0,0,0
0000028b--ca855432c0--58,E,600,0,0,0,0,0,0,0,0
0000028b--ca855432c0--58,E1,600,0,0,0,0,0,0,0,0
0000028b--ca855432c0--58,E2,600,0,0,0,0,0,0,0,0
0000028b--ca855432c0--58,E3,600,0,0,0,0,0,0,0,0
0000028b--ca855432c0--58,E4,600,0,0,0,0,0,0,0,0
0000028b--ca855432c0--58,E5,600,170,170,0,170,0,0,0,0
0000028b--ca855432c0--78,E,600,0,0,0,0,0,0,0,0
0000028b--ca855432c0--78,E1,600,0,0,0,0,0,0,0,0
0000028b--ca855432c0--78,E2,600,0,0,0,0,0,0,0,0
0000028b--ca855432c0--78,E3,600,0,0,0,0,0,0,0,0
0000028b--ca855432c0--78,E4,600,0,0,0,0,0,0,0,0
0000028b--ca855432c0--78,E5,600,0,0,0,0,0,0,0,0
0000028f--bc6e81a93a--32,E,600,0,0,0,0,0,0,0,0
0000028f--bc6e81a93a--32,E1,600,0,0,0,0,0,0,0,0
0000028f--bc6e81a93a--32,E2,600,0,0,0,0,0,0,0,0
0000028f--bc6e81a93a--32,E3,600,0,0,0,0,0,0,0,0
0000028f--bc6e81a93a--32,E4,600,0,0,0,0,0,0,0,0
0000028f--bc6e81a93a--32,E5,600,0,0,0,0,0,0,0,0
0000028f--bc6e81a93a--35,E,600,0,0,0,0,0,0,0,0
0000028f--bc6e81a93a--35,E1,600,0,0,0,0,0,0,0,0
0000028f--bc6e81a93a--35,E2,600,0,0,0,0,0,0,0,0
0000028f--bc6e81a93a--35,E3,600,0,0,0,0,0,0,0,0
0000028f--bc6e81a93a--35,E4,600,0,0,0,0,0,0,0,0
0000028f--bc6e81a93a--35,E5,600,0,0,0,0,0,0,0,0
0000028f--bc6e81a93a--36,E,599,0,0,0,0,0,0,0,0
0000028f--bc6e81a93a--36,E1,599,0,0,0,0,0,0,0,0
0000028f--bc6e81a93a--36,E2,599,0,0,0,0,0,0,0,0
0000028f--bc6e81a93a--36,E3,599,0,0,0,0,0,0,0,0
0000028f--bc6e81a93a--36,E4,599,0,0,0,0,0,0,0,0
0000028f--bc6e81a93a--36,E5,599,0,0,0,0,0,0,0,0
0000028f--bc6e81a93a--37,E,600,0,0,0,0,0,0,0,0
0000028f--bc6e81a93a--37,E1,600,0,0,0,0,0,0,0,0
0000028f--bc6e81a93a--37,E2,600,0,0,0,0,0,0,0,0
0000028f--bc6e81a93a--37,E3,600,0,0,0,0,0,0,0,0
0000028f--bc6e81a93a--37,E4,600,0,0,0,0,0,0,0,0
0000028f--bc6e81a93a--37,E5,600,0,0,0,0,0,0,0,0
0000028f--bc6e81a93a--38,E,600,0,0,0,0,0,0,0,0
0000028f--bc6e81a93a--38,E1,600,0,0,0,0,0,0,0,0
0000028f--bc6e81a93a--38,E2,600,0,0,0,0,0,0,0,0
0000028f--bc6e81a93a--38,E3,600,0,0,0,0,0,0,0,0
0000028f--bc6e81a93a--38,E4,600,0,0,0,0,0,0,0,0
0000028f--bc6e81a93a--38,E5,600,0,0,0,0,0,0,0,0
00000292--6d6fbf4d88--17,E,600,0,0,0,0,0,0,0,0
00000292--6d6fbf4d88--17,E1,600,0,0,0,0,0,0,0,0
00000292--6d6fbf4d88--17,E2,600,0,0,0,0,0,0,0,0
00000292--6d6fbf4d88--17,E3,600,0,0,0,0,0,0,0,0
00000292--6d6fbf4d88--17,E4,600,0,0,0,0,0,0,0,0
00000292--6d6fbf4d88--17,E5,600,0,0,0,0,0,0,0,0
00000294--307ed6c5e3--0,E,615,0,0,0,0,0,0,0,0
00000294--307ed6c5e3--0,E1,615,0,0,0,0,0,0,0,0
00000294--307ed6c5e3--0,E2,615,0,0,0,0,0,0,0,0
00000294--307ed6c5e3--0,E3,615,0,0,0,0,0,0,0,0
00000294--307ed6c5e3--0,E4,615,0,0,0,0,0,0,0,0
00000294--307ed6c5e3--0,E5,615,0,0,0,0,0,0,0,0
00000294--307ed6c5e3--1,E,600,0,0,0,0,0,0,0,0
00000294--307ed6c5e3--1,E1,600,0,0,0,0,0,0,0,0
00000294--307ed6c5e3--1,E2,600,0,0,0,0,0,0,0,0
00000294--307ed6c5e3--1,E3,600,0,0,0,0,0,0,0,0
00000294--307ed6c5e3--1,E4,600,0,0,0,0,0,0,0,0
00000294--307ed6c5e3--1,E5,600,518,518,2,34,0,12,0,470
00000294--307ed6c5e3--10,E,599,0,0,0,0,0,0,0,0
00000294--307ed6c5e3--10,E1,599,0,0,0,0,0,0,0,0
00000294--307ed6c5e3--10,E2,599,0,0,0,0,0,0,0,0
00000294--307ed6c5e3--10,E3,599,0,0,0,0,0,0,0,0
00000294--307ed6c5e3--10,E4,599,0,0,0,0,0,0,0,0
00000294--307ed6c5e3--10,E5,599,0,0,0,0,0,0,0,0
00000294--307ed6c5e3--11,E,599,0,0,0,0,0,0,0,0
00000294--307ed6c5e3--11,E1,599,0,0,0,0,0,0,0,0
00000294--307ed6c5e3--11,E2,599,0,0,0,0,0,0,0,0
00000294--307ed6c5e3--11,E3,599,0,0,0,0,0,0,0,0
00000294--307ed6c5e3--11,E4,599,0,0,0,0,0,0,0,0
00000294--307ed6c5e3--11,E5,599,0,0,0,0,0,0,0,0
00000294--307ed6c5e3--12,E,599,0,0,0,0,0,0,0,0
00000294--307ed6c5e3--12,E1,599,0,0,0,0,0,0,0,0
00000294--307ed6c5e3--12,E2,599,0,0,0,0,0,0,0,0
00000294--307ed6c5e3--12,E3,599,0,0,0,0,0,0,0,0
00000294--307ed6c5e3--12,E4,599,0,0,0,0,0,0,0,0
00000294--307ed6c5e3--12,E5,599,0,0,0,0,0,0,0,0
00000294--307ed6c5e3--13,E,599,0,0,0,0,0,0,0,0
00000294--307ed6c5e3--13,E1,599,0,0,0,0,0,0,0,0
00000294--307ed6c5e3--13,E2,599,0,0,0,0,0,0,0,0
00000294--307ed6c5e3--13,E3,599,0,0,0,0,0,0,0,0
00000294--307ed6c5e3--13,E4,599,0,0,0,0,0,0,0,0
00000294--307ed6c5e3--13,E5,599,0,0,0,0,0,0,0,0
00000294--307ed6c5e3--14,E,600,0,0,0,0,0,0,0,0
00000294--307ed6c5e3--14,E1,600,0,0,0,0,0,0,0,0
00000294--307ed6c5e3--14,E2,600,0,0,0,0,0,0,0,0
00000294--307ed6c5e3--14,E3,600,0,0,0,0,0,0,0,0
00000294--307ed6c5e3--14,E4,600,0,0,0,0,0,0,0,0
00000294--307ed6c5e3--14,E5,600,0,0,0,0,0,0,0,0
00000294--307ed6c5e3--15,E,600,0,0,0,0,0,0,0,0
00000294--307ed6c5e3--15,E1,600,0,0,0,0,0,0,0,0
00000294--307ed6c5e3--15,E2,600,0,0,0,0,0,0,0,0
00000294--307ed6c5e3--15,E3,600,0,0,0,0,0,0,0,0
00000294--307ed6c5e3--15,E4,600,0,0,0,0,0,0,0,0
00000294--307ed6c5e3--15,E5,600,0,0,0,0,0,0,0,0
00000294--307ed6c5e3--16,E,599,0,0,0,0,0,0,0,0
00000294--307ed6c5e3--16,E1,599,0,0,0,0,0,0,0,0
00000294--307ed6c5e3--16,E2,599,0,0,0,0,0,0,0,0
00000294--307ed6c5e3--16,E3,599,0,0,0,0,0,0,0,0
00000294--307ed6c5e3--16,E4,599,0,0,0,0,0,0,0,0
00000294--307ed6c5e3--16,E5,599,0,0,0,0,0,0,0,0
00000294--307ed6c5e3--17,E,600,0,0,0,0,0,0,0,0
00000294--307ed6c5e3--17,E1,600,0,0,0,0,0,0,0,0
00000294--307ed6c5e3--17,E2,600,0,0,0,0,0,0,0,0
00000294--307ed6c5e3--17,E3,600,0,0,0,0,0,0,0,0
00000294--307ed6c5e3--17,E4,600,0,0,0,0,0,0,0,0
00000294--307ed6c5e3--17,E5,600,0,0,0,0,0,0,0,0
00000294--307ed6c5e3--18,E,600,0,0,0,0,0,0,0,0
00000294--307ed6c5e3--18,E1,600,0,0,0,0,0,0,0,0
00000294--307ed6c5e3--18,E2,600,0,0,0,0,0,0,0,0
00000294--307ed6c5e3--18,E3,600,0,0,0,0,0,0,0,0
00000294--307ed6c5e3--18,E4,600,0,0,0,0,0,0,0,0
00000294--307ed6c5e3--18,E5,600,199,199,0,199,0,0,0,0
00000294--307ed6c5e3--19,E,600,117,117,0,117,0,0,0,0
00000294--307ed6c5e3--19,E1,600,0,0,0,0,0,0,0,0
00000294--307ed6c5e3--19,E2,600,117,117,0,117,0,0,0,0
00000294--307ed6c5e3--19,E3,600,117,117,0,117,0,0,0,0
00000294--307ed6c5e3--19,E4,600,0,0,0,0,0,0,0,0
00000294--307ed6c5e3--19,E5,600,117,117,0,117,0,0,0,0
00000294--307ed6c5e3--2,E,600,0,0,0,0,0,0,0,0
00000294--307ed6c5e3--2,E1,600,0,0,0,0,0,0,0,0
00000294--307ed6c5e3--2,E2,600,0,0,0,0,0,0,0,0
00000294--307ed6c5e3--2,E3,600,0,0,0,0,0,0,0,0
00000294--307ed6c5e3--2,E4,600,0,0,0,0,0,0,0,0
00000294--307ed6c5e3--2,E5,600,0,0,0,0,0,0,0,0
00000294--307ed6c5e3--20,E,600,2,2,0,2,0,0,0,0
00000294--307ed6c5e3--20,E1,600,0,0,0,0,0,0,0,0
00000294--307ed6c5e3--20,E2,600,2,2,0,2,0,0,0,0
00000294--307ed6c5e3--20,E3,600,2,2,0,2,0,0,0,0
00000294--307ed6c5e3--20,E4,600,0,0,0,0,0,0,0,0
00000294--307ed6c5e3--20,E5,600,119,119,0,119,0,0,0,0
00000294--307ed6c5e3--21,E,600,0,0,0,0,0,0,0,0
00000294--307ed6c5e3--21,E1,600,0,0,0,0,0,0,0,0
00000294--307ed6c5e3--21,E2,600,0,0,0,0,0,0,0,0
00000294--307ed6c5e3--21,E3,600,0,0,0,0,0,0,0,0
00000294--307ed6c5e3--21,E4,600,0,0,0,0,0,0,0,0
00000294--307ed6c5e3--21,E5,600,10,10,0,0,0,0,0,10
00000294--307ed6c5e3--22,E,600,0,0,0,0,0,0,0,0
00000294--307ed6c5e3--22,E1,600,0,0,0,0,0,0,0,0
00000294--307ed6c5e3--22,E2,600,0,0,0,0,0,0,0,0
00000294--307ed6c5e3--22,E3,600,0,0,0,0,0,0,0,0
00000294--307ed6c5e3--22,E4,600,0,0,0,0,0,0,0,0
00000294--307ed6c5e3--22,E5,600,0,0,0,0,0,0,0,0
00000294--307ed6c5e3--23,E,600,0,0,0,0,0,0,0,0
00000294--307ed6c5e3--23,E1,600,0,0,0,0,0,0,0,0
00000294--307ed6c5e3--23,E2,600,0,0,0,0,0,0,0,0
00000294--307ed6c5e3--23,E3,600,0,0,0,0,0,0,0,0
00000294--307ed6c5e3--23,E4,600,0,0,0,0,0,0,0,0
00000294--307ed6c5e3--23,E5,600,0,0,0,0,0,0,0,0
00000294--307ed6c5e3--24,E,600,0,0,0,0,0,0,0,0
00000294--307ed6c5e3--24,E1,600,0,0,0,0,0,0,0,0
00000294--307ed6c5e3--24,E2,600,0,0,0,0,0,0,0,0
00000294--307ed6c5e3--24,E3,600,0,0,0,0,0,0,0,0
00000294--307ed6c5e3--24,E4,600,0,0,0,0,0,0,0,0
00000294--307ed6c5e3--24,E5,600,168,168,0,168,0,0,0,0
00000294--307ed6c5e3--25,E,600,0,0,0,0,0,0,0,0
00000294--307ed6c5e3--25,E1,600,0,0,0,0,0,0,0,0
00000294--307ed6c5e3--25,E2,600,0,0,0,0,0,0,0,0
00000294--307ed6c5e3--25,E3,600,0,0,0,0,0,0,0,0
00000294--307ed6c5e3--25,E4,600,0,0,0,0,0,0,0,0
00000294--307ed6c5e3--25,E5,600,0,0,0,0,0,0,0,0
00000294--307ed6c5e3--26,E,600,0,0,0,0,0,0,0,0
00000294--307ed6c5e3--26,E1,600,0,0,0,0,0,0,0,0
00000294--307ed6c5e3--26,E2,600,0,0,0,0,0,0,0,0
00000294--307ed6c5e3--26,E3,600,0,0,0,0,0,0,0,0
00000294--307ed6c5e3--26,E4,600,0,0,0,0,0,0,0,0
00000294--307ed6c5e3--26,E5,600,0,0,0,0,0,0,0,0
00000294--307ed6c5e3--27,E,600,0,0,0,0,0,0,0,0
00000294--307ed6c5e3--27,E1,600,0,0,0,0,0,0,0,0
00000294--307ed6c5e3--27,E2,600,0,0,0,0,0,0,0,0
00000294--307ed6c5e3--27,E3,600,0,0,0,0,0,0,0,0
00000294--307ed6c5e3--27,E4,600,0,0,0,0,0,0,0,0
00000294--307ed6c5e3--27,E5,600,0,0,0,0,0,0,0,0
00000294--307ed6c5e3--28,E,600,0,0,0,0,0,0,0,0
00000294--307ed6c5e3--28,E1,600,0,0,0,0,0,0,0,0
00000294--307ed6c5e3--28,E2,600,0,0,0,0,0,0,0,0
00000294--307ed6c5e3--28,E3,600,0,0,0,0,0,0,0,0
00000294--307ed6c5e3--28,E4,600,0,0,0,0,0,0,0,0
00000294--307ed6c5e3--28,E5,600,0,0,0,0,0,0,0,0
00000294--307ed6c5e3--3,E,600,0,0,0,0,0,0,0,0
00000294--307ed6c5e3--3,E1,600,0,0,0,0,0,0,0,0
00000294--307ed6c5e3--3,E2,600,0,0,0,0,0,0,0,0
00000294--307ed6c5e3--3,E3,600,0,0,0,0,0,0,0,0
00000294--307ed6c5e3--3,E4,600,0,0,0,0,0,0,0,0
00000294--307ed6c5e3--3,E5,600,66,66,0,0,0,0,0,66
00000294--307ed6c5e3--4,E,600,0,0,0,0,0,0,0,0
00000294--307ed6c5e3--4,E1,600,0,0,0,0,0,0,0,0
00000294--307ed6c5e3--4,E2,600,0,0,0,0,0,0,0,0
00000294--307ed6c5e3--4,E3,600,0,0,0,0,0,0,0,0
00000294--307ed6c5e3--4,E4,600,0,0,0,0,0,0,0,0
00000294--307ed6c5e3--4,E5,600,304,304,0,304,0,0,0,0
00000294--307ed6c5e3--5,E,600,0,0,0,0,0,0,0,0
00000294--307ed6c5e3--5,E1,600,0,0,0,0,0,0,0,0
00000294--307ed6c5e3--5,E2,600,0,0,0,0,0,0,0,0
00000294--307ed6c5e3--5,E3,600,0,0,0,0,0,0,0,0
00000294--307ed6c5e3--5,E4,600,0,0,0,0,0,0,0,0
00000294--307ed6c5e3--5,E5,600,0,0,0,0,0,0,0,0
00000294--307ed6c5e3--6,E,600,0,0,0,0,0,0,0,0
00000294--307ed6c5e3--6,E1,600,0,0,0,0,0,0,0,0
00000294--307ed6c5e3--6,E2,600,0,0,0,0,0,0,0,0
00000294--307ed6c5e3--6,E3,600,0,0,0,0,0,0,0,0
00000294--307ed6c5e3--6,E4,600,0,0,0,0,0,0,0,0
00000294--307ed6c5e3--6,E5,600,0,0,0,0,0,0,0,0
00000294--307ed6c5e3--7,E,600,0,0,0,0,0,0,0,0
00000294--307ed6c5e3--7,E1,600,0,0,0,0,0,0,0,0
00000294--307ed6c5e3--7,E2,600,0,0,0,0,0,0,0,0
00000294--307ed6c5e3--7,E3,600,0,0,0,0,0,0,0,0
00000294--307ed6c5e3--7,E4,600,0,0,0,0,0,0,0,0
00000294--307ed6c5e3--7,E5,600,0,0,0,0,0,0,0,0
00000294--307ed6c5e3--8,E,599,0,0,0,0,0,0,0,0
00000294--307ed6c5e3--8,E1,599,0,0,0,0,0,0,0,0
00000294--307ed6c5e3--8,E2,599,0,0,0,0,0,0,0,0
00000294--307ed6c5e3--8,E3,599,0,0,0,0,0,0,0,0
00000294--307ed6c5e3--8,E4,599,0,0,0,0,0,0,0,0
00000294--307ed6c5e3--8,E5,599,0,0,0,0,0,0,0,0
00000294--307ed6c5e3--9,E,599,0,0,0,0,0,0,0,0
00000294--307ed6c5e3--9,E1,599,0,0,0,0,0,0,0,0
00000294--307ed6c5e3--9,E2,599,0,0,0,0,0,0,0,0
00000294--307ed6c5e3--9,E3,599,0,0,0,0,0,0,0,0
00000294--307ed6c5e3--9,E4,599,0,0,0,0,0,0,0,0
00000294--307ed6c5e3--9,E5,599,0,0,0,0,0,0,0,0
00000299--4e4dc57170--0,E,620,0,0,0,0,0,0,0,0
00000299--4e4dc57170--0,E1,620,0,0,0,0,0,0,0,0
00000299--4e4dc57170--0,E2,620,0,0,0,0,0,0,0,0
00000299--4e4dc57170--0,E3,620,0,0,0,0,0,0,0,0
00000299--4e4dc57170--0,E4,620,0,0,0,0,0,0,0,0
00000299--4e4dc57170--0,E5,620,210,210,0,0,0,0,0,210
00000299--4e4dc57170--1,E,600,0,0,0,0,0,0,0,0
00000299--4e4dc57170--1,E1,600,0,0,0,0,0,0,0,0
00000299--4e4dc57170--1,E2,600,0,0,0,0,0,0,0,0
00000299--4e4dc57170--1,E3,600,0,0,0,0,0,0,0,0
00000299--4e4dc57170--1,E4,600,0,0,0,0,0,0,0,0
00000299--4e4dc57170--1,E5,600,179,179,0,0,0,0,0,179
00000299--4e4dc57170--10,E,600,0,0,0,0,0,0,0,0
00000299--4e4dc57170--10,E1,600,0,0,0,0,0,0,0,0
00000299--4e4dc57170--10,E2,600,0,0,0,0,0,0,0,0
00000299--4e4dc57170--10,E3,600,0,0,0,0,0,0,0,0
00000299--4e4dc57170--10,E4,600,0,0,0,0,0,0,0,0
00000299--4e4dc57170--10,E5,600,52,52,0,52,0,0,0,0
00000299--4e4dc57170--11,E,600,0,0,0,0,0,0,0,0
00000299--4e4dc57170--11,E1,600,0,0,0,0,0,0,0,0
00000299--4e4dc57170--11,E2,600,0,0,0,0,0,0,0,0
00000299--4e4dc57170--11,E3,600,0,0,0,0,0,0,0,0
00000299--4e4dc57170--11,E4,600,0,0,0,0,0,0,0,0
00000299--4e4dc57170--11,E5,600,1,1,0,1,0,0,0,0
00000299--4e4dc57170--12,E,600,0,0,0,0,0,0,0,0
00000299--4e4dc57170--12,E1,600,0,0,0,0,0,0,0,0
00000299--4e4dc57170--12,E2,600,0,0,0,0,0,0,0,0
00000299--4e4dc57170--12,E3,600,0,0,0,0,0,0,0,0
00000299--4e4dc57170--12,E4,600,0,0,0,0,0,0,0,0
00000299--4e4dc57170--12,E5,600,0,0,0,0,0,0,0,0
00000299--4e4dc57170--13,E,599,0,0,0,0,0,0,0,0
00000299--4e4dc57170--13,E1,599,0,0,0,0,0,0,0,0
00000299--4e4dc57170--13,E2,599,0,0,0,0,0,0,0,0
00000299--4e4dc57170--13,E3,599,0,0,0,0,0,0,0,0
00000299--4e4dc57170--13,E4,599,0,0,0,0,0,0,0,0
00000299--4e4dc57170--13,E5,599,0,0,0,0,0,0,0,0
00000299--4e4dc57170--14,E,599,0,0,0,0,0,0,0,0
00000299--4e4dc57170--14,E1,599,0,0,0,0,0,0,0,0
00000299--4e4dc57170--14,E2,599,0,0,0,0,0,0,0,0
00000299--4e4dc57170--14,E3,599,0,0,0,0,0,0,0,0
00000299--4e4dc57170--14,E4,599,0,0,0,0,0,0,0,0
00000299--4e4dc57170--14,E5,599,0,0,0,0,0,0,0,0
00000299--4e4dc57170--15,E,599,0,0,0,0,0,0,0,0
00000299--4e4dc57170--15,E1,599,0,0,0,0,0,0,0,0
00000299--4e4dc57170--15,E2,599,0,0,0,0,0,0,0,0
00000299--4e4dc57170--15,E3,599,0,0,0,0,0,0,0,0
00000299--4e4dc57170--15,E4,599,0,0,0,0,0,0,0,0
00000299--4e4dc57170--15,E5,599,0,0,0,0,0,0,0,0
00000299--4e4dc57170--16,E,599,0,0,0,0,0,0,0,0
00000299--4e4dc57170--16,E1,599,0,0,0,0,0,0,0,0
00000299--4e4dc57170--16,E2,599,0,0,0,0,0,0,0,0
00000299--4e4dc57170--16,E3,599,0,0,0,0,0,0,0,0
00000299--4e4dc57170--16,E4,599,0,0,0,0,0,0,0,0
00000299--4e4dc57170--16,E5,599,15,15,0,15,0,0,0,0
00000299--4e4dc57170--17,E,600,0,0,0,0,0,0,0,0
00000299--4e4dc57170--17,E1,600,0,0,0,0,0,0,0,0
00000299--4e4dc57170--17,E2,600,0,0,0,0,0,0,0,0
00000299--4e4dc57170--17,E3,600,0,0,0,0,0,0,0,0
00000299--4e4dc57170--17,E4,600,0,0,0,0,0,0,0,0
00000299--4e4dc57170--17,E5,600,0,0,0,0,0,0,0,0
00000299--4e4dc57170--18,E,599,0,0,0,0,0,0,0,0
00000299--4e4dc57170--18,E1,599,0,0,0,0,0,0,0,0
00000299--4e4dc57170--18,E2,599,0,0,0,0,0,0,0,0
00000299--4e4dc57170--18,E3,599,0,0,0,0,0,0,0,0
00000299--4e4dc57170--18,E4,599,0,0,0,0,0,0,0,0
00000299--4e4dc57170--18,E5,599,0,0,0,0,0,0,0,0
00000299--4e4dc57170--19,E,600,0,0,0,0,0,0,0,0
00000299--4e4dc57170--19,E1,600,0,0,0,0,0,0,0,0
00000299--4e4dc57170--19,E2,600,0,0,0,0,0,0,0,0
00000299--4e4dc57170--19,E3,600,0,0,0,0,0,0,0,0
00000299--4e4dc57170--19,E4,600,0,0,0,0,0,0,0,0
00000299--4e4dc57170--19,E5,600,0,0,0,0,0,0,0,0
00000299--4e4dc57170--2,E,600,0,0,0,0,0,0,0,0
00000299--4e4dc57170--2,E1,600,0,0,0,0,0,0,0,0
00000299--4e4dc57170--2,E2,600,0,0,0,0,0,0,0,0
00000299--4e4dc57170--2,E3,600,0,0,0,0,0,0,0,0
00000299--4e4dc57170--2,E4,600,0,0,0,0,0,0,0,0
00000299--4e4dc57170--2,E5,600,0,0,0,0,0,0,0,0
00000299--4e4dc57170--20,E,600,0,0,0,0,0,0,0,0
00000299--4e4dc57170--20,E1,600,0,0,0,0,0,0,0,0
00000299--4e4dc57170--20,E2,600,0,0,0,0,0,0,0,0
00000299--4e4dc57170--20,E3,600,0,0,0,0,0,0,0,0
00000299--4e4dc57170--20,E4,600,0,0,0,0,0,0,0,0
00000299--4e4dc57170--20,E5,600,0,0,0,0,0,0,0,0
00000299--4e4dc57170--21,E,600,0,0,0,0,0,0,0,0
00000299--4e4dc57170--21,E1,600,0,0,0,0,0,0,0,0
00000299--4e4dc57170--21,E2,600,0,0,0,0,0,0,0,0
00000299--4e4dc57170--21,E3,600,0,0,0,0,0,0,0,0
00000299--4e4dc57170--21,E4,600,0,0,0,0,0,0,0,0
00000299--4e4dc57170--21,E5,600,2,2,0,2,0,0,0,0
00000299--4e4dc57170--22,E,600,0,0,0,0,0,0,0,0
00000299--4e4dc57170--22,E1,600,0,0,0,0,0,0,0,0
00000299--4e4dc57170--22,E2,600,0,0,0,0,0,0,0,0
00000299--4e4dc57170--22,E3,600,0,0,0,0,0,0,0,0
00000299--4e4dc57170--22,E4,600,0,0,0,0,0,0,0,0
00000299--4e4dc57170--22,E5,600,0,0,0,0,0,0,0,0
00000299--4e4dc57170--23,E,600,0,0,0,0,0,0,0,0
00000299--4e4dc57170--23,E1,600,0,0,0,0,0,0,0,0
00000299--4e4dc57170--23,E2,600,0,0,0,0,0,0,0,0
00000299--4e4dc57170--23,E3,600,0,0,0,0,0,0,0,0
00000299--4e4dc57170--23,E4,600,0,0,0,0,0,0,0,0
00000299--4e4dc57170--23,E5,600,0,0,0,0,0,0,0,0
00000299--4e4dc57170--24,E,600,0,0,0,0,0,0,0,0
00000299--4e4dc57170--24,E1,600,0,0,0,0,0,0,0,0
00000299--4e4dc57170--24,E2,600,0,0,0,0,0,0,0,0
00000299--4e4dc57170--24,E3,600,0,0,0,0,0,0,0,0
00000299--4e4dc57170--24,E4,600,0,0,0,0,0,0,0,0
00000299--4e4dc57170--24,E5,600,0,0,0,0,0,0,0,0
00000299--4e4dc57170--25,E,600,0,0,0,0,0,0,0,0
00000299--4e4dc57170--25,E1,600,0,0,0,0,0,0,0,0
00000299--4e4dc57170--25,E2,600,0,0,0,0,0,0,0,0
00000299--4e4dc57170--25,E3,600,0,0,0,0,0,0,0,0
00000299--4e4dc57170--25,E4,600,0,0,0,0,0,0,0,0
00000299--4e4dc57170--25,E5,600,0,0,0,0,0,0,0,0
00000299--4e4dc57170--26,E,600,0,0,0,0,0,0,0,0
00000299--4e4dc57170--26,E1,600,0,0,0,0,0,0,0,0
00000299--4e4dc57170--26,E2,600,0,0,0,0,0,0,0,0
00000299--4e4dc57170--26,E3,600,0,0,0,0,0,0,0,0
00000299--4e4dc57170--26,E4,600,0,0,0,0,0,0,0,0
00000299--4e4dc57170--26,E5,600,0,0,0,0,0,0,0,0
00000299--4e4dc57170--27,E,600,0,0,0,0,0,0,0,0
00000299--4e4dc57170--27,E1,600,0,0,0,0,0,0,0,0
00000299--4e4dc57170--27,E2,600,0,0,0,0,0,0,0,0
00000299--4e4dc57170--27,E3,600,0,0,0,0,0,0,0,0
00000299--4e4dc57170--27,E4,600,0,0,0,0,0,0,0,0
00000299--4e4dc57170--27,E5,600,0,0,0,0,0,0,0,0
00000299--4e4dc57170--3,E,600,0,0,0,0,0,0,0,0
00000299--4e4dc57170--3,E1,600,0,0,0,0,0,0,0,0
00000299--4e4dc57170--3,E2,600,0,0,0,0,0,0,0,0
00000299--4e4dc57170--3,E3,600,0,0,0,0,0,0,0,0
00000299--4e4dc57170--3,E4,600,0,0,0,0,0,0,0,0
00000299--4e4dc57170--3,E5,600,22,22,0,22,0,0,0,0
00000299--4e4dc57170--4,E,600,0,0,0,0,0,0,0,0
00000299--4e4dc57170--4,E1,600,0,0,0,0,0,0,0,0
00000299--4e4dc57170--4,E2,600,0,0,0,0,0,0,0,0
00000299--4e4dc57170--4,E3,600,0,0,0,0,0,0,0,0
00000299--4e4dc57170--4,E4,600,0,0,0,0,0,0,0,0
00000299--4e4dc57170--4,E5,600,231,231,0,231,0,0,0,0
00000299--4e4dc57170--5,E,600,0,0,0,0,0,0,0,0
00000299--4e4dc57170--5,E1,600,0,0,0,0,0,0,0,0
00000299--4e4dc57170--5,E2,600,0,0,0,0,0,0,0,0
00000299--4e4dc57170--5,E3,600,0,0,0,0,0,0,0,0
00000299--4e4dc57170--5,E4,600,0,0,0,0,0,0,0,0
00000299--4e4dc57170--5,E5,600,0,0,0,0,0,0,0,0
00000299--4e4dc57170--6,E,600,0,0,0,0,0,0,0,0
00000299--4e4dc57170--6,E1,600,0,0,0,0,0,0,0,0
00000299--4e4dc57170--6,E2,600,0,0,0,0,0,0,0,0
00000299--4e4dc57170--6,E3,600,0,0,0,0,0,0,0,0
00000299--4e4dc57170--6,E4,600,0,0,0,0,0,0,0,0
00000299--4e4dc57170--6,E5,600,130,130,0,0,0,0,0,130
00000299--4e4dc57170--7,E,600,314,314,0,314,0,0,0,0
00000299--4e4dc57170--7,E1,600,0,0,0,0,0,0,0,0
00000299--4e4dc57170--7,E2,600,314,314,0,314,0,0,0,0
00000299--4e4dc57170--7,E3,600,314,314,0,314,0,0,0,0
00000299--4e4dc57170--7,E4,600,0,0,0,0,0,0,0,0
00000299--4e4dc57170--7,E5,600,367,367,0,315,0,0,0,52
00000299--4e4dc57170--8,E,600,0,0,0,0,0,0,0,0
00000299--4e4dc57170--8,E1,600,0,0,0,0,0,0,0,0
00000299--4e4dc57170--8,E2,600,0,0,0,0,0,0,0,0
00000299--4e4dc57170--8,E3,600,0,0,0,0,0,0,0,0
00000299--4e4dc57170--8,E4,600,0,0,0,0,0,0,0,0
00000299--4e4dc57170--8,E5,600,0,0,0,0,0,0,0,0
00000299--4e4dc57170--9,E,599,0,0,0,0,0,0,0,0
00000299--4e4dc57170--9,E1,599,0,0,0,0,0,0,0,0
00000299--4e4dc57170--9,E2,599,0,0,0,0,0,0,0,0
00000299--4e4dc57170--9,E3,599,0,0,0,0,0,0,0,0
00000299--4e4dc57170--9,E4,599,0,0,0,0,0,0,0,0
00000299--4e4dc57170--9,E5,599,150,150,3,0,0,0,0,147
0000029b--52f66a3abc--0,E,616,0,0,0,0,0,0,0,0
0000029b--52f66a3abc--0,E1,616,0,0,0,0,0,0,0,0
0000029b--52f66a3abc--0,E2,616,0,0,0,0,0,0,0,0
0000029b--52f66a3abc--0,E3,616,0,0,0,0,0,0,0,0
0000029b--52f66a3abc--0,E4,616,0,0,0,0,0,0,0,0
0000029b--52f66a3abc--0,E5,616,0,0,0,0,0,0,0,0
0000029b--52f66a3abc--1,E,599,0,0,0,0,0,0,0,0
0000029b--52f66a3abc--1,E1,599,0,0,0,0,0,0,0,0
0000029b--52f66a3abc--1,E2,599,0,0,0,0,0,0,0,0
0000029b--52f66a3abc--1,E3,599,0,0,0,0,0,0,0,0
0000029b--52f66a3abc--1,E4,599,0,0,0,0,0,0,0,0
0000029b--52f66a3abc--1,E5,599,0,0,0,0,0,0,0,0
0000029b--52f66a3abc--10,E,600,0,0,0,0,0,0,0,0
0000029b--52f66a3abc--10,E1,600,0,0,0,0,0,0,0,0
0000029b--52f66a3abc--10,E2,600,0,0,0,0,0,0,0,0
0000029b--52f66a3abc--10,E3,600,0,0,0,0,0,0,0,0
0000029b--52f66a3abc--10,E4,600,0,0,0,0,0,0,0,0
0000029b--52f66a3abc--10,E5,600,0,0,0,0,0,0,0,0
0000029b--52f66a3abc--11,E,600,0,0,0,0,0,0,0,0
0000029b--52f66a3abc--11,E1,600,0,0,0,0,0,0,0,0
0000029b--52f66a3abc--11,E2,600,0,0,0,0,0,0,0,0
0000029b--52f66a3abc--11,E3,600,0,0,0,0,0,0,0,0
0000029b--52f66a3abc--11,E4,600,0,0,0,0,0,0,0,0
0000029b--52f66a3abc--11,E5,600,0,0,0,0,0,0,0,0
0000029b--52f66a3abc--12,E,600,0,0,0,0,0,0,0,0
0000029b--52f66a3abc--12,E1,600,0,0,0,0,0,0,0,0
0000029b--52f66a3abc--12,E2,600,0,0,0,0,0,0,0,0
0000029b--52f66a3abc--12,E3,600,0,0,0,0,0,0,0,0
0000029b--52f66a3abc--12,E4,600,0,0,0,0,0,0,0,0
0000029b--52f66a3abc--12,E5,600,0,0,0,0,0,0,0,0
0000029b--52f66a3abc--13,E,600,0,0,0,0,0,0,0,0
0000029b--52f66a3abc--13,E1,600,0,0,0,0,0,0,0,0
0000029b--52f66a3abc--13,E2,600,0,0,0,0,0,0,0,0
0000029b--52f66a3abc--13,E3,600,0,0,0,0,0,0,0,0
0000029b--52f66a3abc--13,E4,600,0,0,0,0,0,0,0,0
0000029b--52f66a3abc--13,E5,600,0,0,0,0,0,0,0,0
0000029b--52f66a3abc--14,E,600,0,0,0,0,0,0,0,0
0000029b--52f66a3abc--14,E1,600,0,0,0,0,0,0,0,0
0000029b--52f66a3abc--14,E2,600,0,0,0,0,0,0,0,0
0000029b--52f66a3abc--14,E3,600,0,0,0,0,0,0,0,0
0000029b--52f66a3abc--14,E4,600,0,0,0,0,0,0,0,0
0000029b--52f66a3abc--14,E5,600,0,0,0,0,0,0,0,0
0000029b--52f66a3abc--15,E,600,0,0,0,0,0,0,0,0
0000029b--52f66a3abc--15,E1,600,0,0,0,0,0,0,0,0
0000029b--52f66a3abc--15,E2,600,0,0,0,0,0,0,0,0
0000029b--52f66a3abc--15,E3,600,0,0,0,0,0,0,0,0
0000029b--52f66a3abc--15,E4,600,0,0,0,0,0,0,0,0
0000029b--52f66a3abc--15,E5,600,0,0,0,0,0,0,0,0
0000029b--52f66a3abc--16,E,600,0,0,0,0,0,0,0,0
0000029b--52f66a3abc--16,E1,600,0,0,0,0,0,0,0,0
0000029b--52f66a3abc--16,E2,600,0,0,0,0,0,0,0,0
0000029b--52f66a3abc--16,E3,600,0,0,0,0,0,0,0,0
0000029b--52f66a3abc--16,E4,600,0,0,0,0,0,0,0,0
0000029b--52f66a3abc--16,E5,600,0,0,0,0,0,0,0,0
0000029b--52f66a3abc--17,E,600,0,0,0,0,0,0,0,0
0000029b--52f66a3abc--17,E1,600,0,0,0,0,0,0,0,0
0000029b--52f66a3abc--17,E2,600,0,0,0,0,0,0,0,0
0000029b--52f66a3abc--17,E3,600,0,0,0,0,0,0,0,0
0000029b--52f66a3abc--17,E4,600,0,0,0,0,0,0,0,0
0000029b--52f66a3abc--17,E5,600,0,0,0,0,0,0,0,0
0000029b--52f66a3abc--18,E,600,0,0,0,0,0,0,0,0
0000029b--52f66a3abc--18,E1,600,0,0,0,0,0,0,0,0
0000029b--52f66a3abc--18,E2,600,0,0,0,0,0,0,0,0
0000029b--52f66a3abc--18,E3,600,0,0,0,0,0,0,0,0
0000029b--52f66a3abc--18,E4,600,0,0,0,0,0,0,0,0
0000029b--52f66a3abc--18,E5,600,0,0,0,0,0,0,0,0
0000029b--52f66a3abc--19,E,600,0,0,0,0,0,0,0,0
0000029b--52f66a3abc--19,E1,600,0,0,0,0,0,0,0,0
0000029b--52f66a3abc--19,E2,600,0,0,0,0,0,0,0,0
0000029b--52f66a3abc--19,E3,600,0,0,0,0,0,0,0,0
0000029b--52f66a3abc--19,E4,600,0,0,0,0,0,0,0,0
0000029b--52f66a3abc--19,E5,600,31,31,0,31,0,0,0,0
0000029b--52f66a3abc--2,E,599,0,0,0,0,0,0,0,0
0000029b--52f66a3abc--2,E1,599,0,0,0,0,0,0,0,0
0000029b--52f66a3abc--2,E2,599,0,0,0,0,0,0,0,0
0000029b--52f66a3abc--2,E3,599,0,0,0,0,0,0,0,0
0000029b--52f66a3abc--2,E4,599,0,0,0,0,0,0,0,0
0000029b--52f66a3abc--2,E5,599,0,0,0,0,0,0,0,0
0000029b--52f66a3abc--20,E,600,0,0,0,0,0,0,0,0
0000029b--52f66a3abc--20,E1,600,0,0,0,0,0,0,0,0
0000029b--52f66a3abc--20,E2,600,0,0,0,0,0,0,0,0
0000029b--52f66a3abc--20,E3,600,0,0,0,0,0,0,0,0
0000029b--52f66a3abc--20,E4,600,0,0,0,0,0,0,0,0
0000029b--52f66a3abc--20,E5,600,0,0,0,0,0,0,0,0
0000029b--52f66a3abc--21,E,600,0,0,0,0,0,0,0,0
0000029b--52f66a3abc--21,E1,600,0,0,0,0,0,0,0,0
0000029b--52f66a3abc--21,E2,600,0,0,0,0,0,0,0,0
0000029b--52f66a3abc--21,E3,600,0,0,0,0,0,0,0,0
0000029b--52f66a3abc--21,E4,600,0,0,0,0,0,0,0,0
0000029b--52f66a3abc--21,E5,600,0,0,0,0,0,0,0,0
0000029b--52f66a3abc--22,E,599,0,0,0,0,0,0,0,0
0000029b--52f66a3abc--22,E1,599,0,0,0,0,0,0,0,0
0000029b--52f66a3abc--22,E2,599,0,0,0,0,0,0,0,0
0000029b--52f66a3abc--22,E3,599,0,0,0,0,0,0,0,0
0000029b--52f66a3abc--22,E4,599,0,0,0,0,0,0,0,0
0000029b--52f66a3abc--22,E5,599,1,1,0,1,0,0,0,0
0000029b--52f66a3abc--23,E,600,0,0,0,0,0,0,0,0
0000029b--52f66a3abc--23,E1,600,0,0,0,0,0,0,0,0
0000029b--52f66a3abc--23,E2,600,0,0,0,0,0,0,0,0
0000029b--52f66a3abc--23,E3,600,0,0,0,0,0,0,0,0
0000029b--52f66a3abc--23,E4,600,0,0,0,0,0,0,0,0
0000029b--52f66a3abc--23,E5,600,0,0,0,0,0,0,0,0
0000029b--52f66a3abc--24,E,599,0,0,0,0,0,0,0,0
0000029b--52f66a3abc--24,E1,599,0,0,0,0,0,0,0,0
0000029b--52f66a3abc--24,E2,599,0,0,0,0,0,0,0,0
0000029b--52f66a3abc--24,E3,599,0,0,0,0,0,0,0,0
0000029b--52f66a3abc--24,E4,599,0,0,0,0,0,0,0,0
0000029b--52f66a3abc--24,E5,599,0,0,0,0,0,0,0,0
0000029b--52f66a3abc--25,E,599,0,0,0,0,0,0,0,0
0000029b--52f66a3abc--25,E1,599,0,0,0,0,0,0,0,0
0000029b--52f66a3abc--25,E2,599,0,0,0,0,0,0,0,0
0000029b--52f66a3abc--25,E3,599,0,0,0,0,0,0,0,0
0000029b--52f66a3abc--25,E4,599,0,0,0,0,0,0,0,0
0000029b--52f66a3abc--25,E5,599,0,0,0,0,0,0,0,0
0000029b--52f66a3abc--26,E,599,0,0,0,0,0,0,0,0
0000029b--52f66a3abc--26,E1,599,0,0,0,0,0,0,0,0
0000029b--52f66a3abc--26,E2,599,0,0,0,0,0,0,0,0
0000029b--52f66a3abc--26,E3,599,0,0,0,0,0,0,0,0
0000029b--52f66a3abc--26,E4,599,0,0,0,0,0,0,0,0
0000029b--52f66a3abc--26,E5,599,0,0,0,0,0,0,0,0
0000029b--52f66a3abc--27,E,599,177,177,0,177,0,0,0,0
0000029b--52f66a3abc--27,E1,599,0,0,0,0,0,0,0,0
0000029b--52f66a3abc--27,E2,599,177,177,0,177,0,0,0,0
0000029b--52f66a3abc--27,E3,599,177,177,0,177,0,0,0,0
0000029b--52f66a3abc--27,E4,599,0,0,0,0,0,0,0,0
0000029b--52f66a3abc--27,E5,599,154,154,0,154,0,0,0,0
0000029b--52f66a3abc--28,E,600,0,0,0,0,0,0,0,0
0000029b--52f66a3abc--28,E1,600,0,0,0,0,0,0,0,0
0000029b--52f66a3abc--28,E2,600,0,0,0,0,0,0,0,0
0000029b--52f66a3abc--28,E3,600,0,0,0,0,0,0,0,0
0000029b--52f66a3abc--28,E4,600,0,0,0,0,0,0,0,0
0000029b--52f66a3abc--28,E5,600,137,137,0,137,0,0,0,0
0000029b--52f66a3abc--29,E,599,0,0,0,0,0,0,0,0
0000029b--52f66a3abc--29,E1,599,0,0,0,0,0,0,0,0
0000029b--52f66a3abc--29,E2,599,0,0,0,0,0,0,0,0
0000029b--52f66a3abc--29,E3,599,0,0,0,0,0,0,0,0
0000029b--52f66a3abc--29,E4,599,0,0,0,0,0,0,0,0
0000029b--52f66a3abc--29,E5,599,0,0,0,0,0,0,0,0
0000029b--52f66a3abc--3,E,600,0,0,0,0,0,0,0,0
0000029b--52f66a3abc--3,E1,600,0,0,0,0,0,0,0,0
0000029b--52f66a3abc--3,E2,600,0,0,0,0,0,0,0,0
0000029b--52f66a3abc--3,E3,600,0,0,0,0,0,0,0,0
0000029b--52f66a3abc--3,E4,600,0,0,0,0,0,0,0,0
0000029b--52f66a3abc--3,E5,600,0,0,0,0,0,0,0,0
0000029b--52f66a3abc--30,E,600,0,0,0,0,0,0,0,0
0000029b--52f66a3abc--30,E1,600,0,0,0,0,0,0,0,0
0000029b--52f66a3abc--30,E2,600,0,0,0,0,0,0,0,0
0000029b--52f66a3abc--30,E3,600,0,0,0,0,0,0,0,0
0000029b--52f66a3abc--30,E4,600,0,0,0,0,0,0,0,0
0000029b--52f66a3abc--30,E5,600,0,0,0,0,0,0,0,0
0000029b--52f66a3abc--4,E,600,0,0,0,0,0,0,0,0
0000029b--52f66a3abc--4,E1,600,0,0,0,0,0,0,0,0
0000029b--52f66a3abc--4,E2,600,0,0,0,0,0,0,0,0
0000029b--52f66a3abc--4,E3,600,0,0,0,0,0,0,0,0
0000029b--52f66a3abc--4,E4,600,0,0,0,0,0,0,0,0
0000029b--52f66a3abc--4,E5,600,135,135,0,135,0,0,0,0
0000029b--52f66a3abc--5,E,600,0,0,0,0,0,0,0,0
0000029b--52f66a3abc--5,E1,600,0,0,0,0,0,0,0,0
0000029b--52f66a3abc--5,E2,600,0,0,0,0,0,0,0,0
0000029b--52f66a3abc--5,E3,600,0,0,0,0,0,0,0,0
0000029b--52f66a3abc--5,E4,600,0,0,0,0,0,0,0,0
0000029b--52f66a3abc--5,E5,600,413,413,0,413,0,0,0,0
0000029b--52f66a3abc--6,E,600,0,0,0,0,0,0,0,0
0000029b--52f66a3abc--6,E1,600,0,0,0,0,0,0,0,0
0000029b--52f66a3abc--6,E2,600,0,0,0,0,0,0,0,0
0000029b--52f66a3abc--6,E3,600,0,0,0,0,0,0,0,0
0000029b--52f66a3abc--6,E4,600,0,0,0,0,0,0,0,0
0000029b--52f66a3abc--6,E5,600,0,0,0,0,0,0,0,0
0000029b--52f66a3abc--7,E,600,0,0,0,0,0,0,0,0
0000029b--52f66a3abc--7,E1,600,0,0,0,0,0,0,0,0
0000029b--52f66a3abc--7,E2,600,0,0,0,0,0,0,0,0
0000029b--52f66a3abc--7,E3,600,0,0,0,0,0,0,0,0
0000029b--52f66a3abc--7,E4,600,0,0,0,0,0,0,0,0
0000029b--52f66a3abc--7,E5,600,0,0,0,0,0,0,0,0
0000029b--52f66a3abc--8,E,600,0,0,0,0,0,0,0,0
0000029b--52f66a3abc--8,E1,600,0,0,0,0,0,0,0,0
0000029b--52f66a3abc--8,E2,600,0,0,0,0,0,0,0,0
0000029b--52f66a3abc--8,E3,600,0,0,0,0,0,0,0,0
0000029b--52f66a3abc--8,E4,600,0,0,0,0,0,0,0,0
0000029b--52f66a3abc--8,E5,600,0,0,0,0,0,0,0,0
0000029b--52f66a3abc--9,E,600,0,0,0,0,0,0,0,0
0000029b--52f66a3abc--9,E1,600,0,0,0,0,0,0,0,0
0000029b--52f66a3abc--9,E2,600,0,0,0,0,0,0,0,0
0000029b--52f66a3abc--9,E3,600,0,0,0,0,0,0,0,0
0000029b--52f66a3abc--9,E4,600,0,0,0,0,0,0,0,0
0000029b--52f66a3abc--9,E5,600,0,0,0,0,0,0,0,0
000002a2--b53d86b8b1--10,E,599,0,0,0,0,0,0,0,0
000002a2--b53d86b8b1--10,E1,599,0,0,0,0,0,0,0,0
000002a2--b53d86b8b1--10,E2,599,0,0,0,0,0,0,0,0
000002a2--b53d86b8b1--10,E3,599,0,0,0,0,0,0,0,0
000002a2--b53d86b8b1--10,E4,599,0,0,0,0,0,0,0,0
000002a2--b53d86b8b1--10,E5,599,0,0,0,0,0,0,0,0
000002a2--b53d86b8b1--11,E,600,0,0,0,0,0,0,0,0
000002a2--b53d86b8b1--11,E1,600,0,0,0,0,0,0,0,0
000002a2--b53d86b8b1--11,E2,600,0,0,0,0,0,0,0,0
000002a2--b53d86b8b1--11,E3,600,0,0,0,0,0,0,0,0
000002a2--b53d86b8b1--11,E4,600,0,0,0,0,0,0,0,0
000002a2--b53d86b8b1--11,E5,600,0,0,0,0,0,0,0,0
000002a2--b53d86b8b1--12,E,600,0,0,0,0,0,0,0,0
000002a2--b53d86b8b1--12,E1,600,0,0,0,0,0,0,0,0
000002a2--b53d86b8b1--12,E2,600,0,0,0,0,0,0,0,0
000002a2--b53d86b8b1--12,E3,600,0,0,0,0,0,0,0,0
000002a2--b53d86b8b1--12,E4,600,0,0,0,0,0,0,0,0
000002a2--b53d86b8b1--12,E5,600,0,0,0,0,0,0,0,0
000002a2--b53d86b8b1--13,E,600,0,0,0,0,0,0,0,0
000002a2--b53d86b8b1--13,E1,600,0,0,0,0,0,0,0,0
000002a2--b53d86b8b1--13,E2,600,0,0,0,0,0,0,0,0
000002a2--b53d86b8b1--13,E3,600,0,0,0,0,0,0,0,0
000002a2--b53d86b8b1--13,E4,600,0,0,0,0,0,0,0,0
000002a2--b53d86b8b1--13,E5,600,250,250,1,22,1,0,0,226
000002a2--b53d86b8b1--14,E,600,0,0,0,0,0,0,0,0
000002a2--b53d86b8b1--14,E1,600,0,0,0,0,0,0,0,0
000002a2--b53d86b8b1--14,E2,600,0,0,0,0,0,0,0,0
000002a2--b53d86b8b1--14,E3,600,0,0,0,0,0,0,0,0
000002a2--b53d86b8b1--14,E4,600,0,0,0,0,0,0,0,0
000002a2--b53d86b8b1--14,E5,600,181,181,0,0,0,0,0,181
000002a2--b53d86b8b1--15,E,600,0,0,0,0,0,0,0,0
000002a2--b53d86b8b1--15,E1,600,0,0,0,0,0,0,0,0
000002a2--b53d86b8b1--15,E2,600,0,0,0,0,0,0,0,0
000002a2--b53d86b8b1--15,E3,600,0,0,0,0,0,0,0,0
000002a2--b53d86b8b1--15,E4,600,0,0,0,0,0,0,0,0
000002a2--b53d86b8b1--15,E5,600,8,8,0,7,0,0,0,1
000002a2--b53d86b8b1--17,E,600,0,0,0,0,0,0,0,0
000002a2--b53d86b8b1--17,E1,600,0,0,0,0,0,0,0,0
000002a2--b53d86b8b1--17,E2,600,0,0,0,0,0,0,0,0
000002a2--b53d86b8b1--17,E3,600,0,0,0,0,0,0,0,0
000002a2--b53d86b8b1--17,E4,600,0,0,0,0,0,0,0,0
000002a2--b53d86b8b1--17,E5,600,420,420,0,0,0,0,0,420
000002a2--b53d86b8b1--18,E,599,0,0,0,0,0,0,0,0
000002a2--b53d86b8b1--18,E1,599,0,0,0,0,0,0,0,0
000002a2--b53d86b8b1--18,E2,599,0,0,0,0,0,0,0,0
000002a2--b53d86b8b1--18,E3,599,0,0,0,0,0,0,0,0
000002a2--b53d86b8b1--18,E4,599,0,0,0,0,0,0,0,0
000002a2--b53d86b8b1--18,E5,599,320,320,0,0,0,0,0,320
000002a2--b53d86b8b1--19,E,600,0,0,0,0,0,0,0,0
000002a2--b53d86b8b1--19,E1,600,0,0,0,0,0,0,0,0
000002a2--b53d86b8b1--19,E2,600,0,0,0,0,0,0,0,0
000002a2--b53d86b8b1--19,E3,600,0,0,0,0,0,0,0,0
000002a2--b53d86b8b1--19,E4,600,0,0,0,0,0,0,0,0
000002a2--b53d86b8b1--19,E5,600,0,0,0,0,0,0,0,0
000002a2--b53d86b8b1--20,E,599,0,0,0,0,0,0,0,0
000002a2--b53d86b8b1--20,E1,599,0,0,0,0,0,0,0,0
000002a2--b53d86b8b1--20,E2,599,0,0,0,0,0,0,0,0
000002a2--b53d86b8b1--20,E3,599,0,0,0,0,0,0,0,0
000002a2--b53d86b8b1--20,E4,599,0,0,0,0,0,0,0,0
000002a2--b53d86b8b1--20,E5,599,0,0,0,0,0,0,0,0
000002a2--b53d86b8b1--21,E,599,0,0,0,0,0,0,0,0
000002a2--b53d86b8b1--21,E1,599,0,0,0,0,0,0,0,0
000002a2--b53d86b8b1--21,E2,599,0,0,0,0,0,0,0,0
000002a2--b53d86b8b1--21,E3,599,0,0,0,0,0,0,0,0
000002a2--b53d86b8b1--21,E4,599,0,0,0,0,0,0,0,0
000002a2--b53d86b8b1--21,E5,599,0,0,0,0,0,0,0,0
000002a2--b53d86b8b1--22,E,599,0,0,0,0,0,0,0,0
000002a2--b53d86b8b1--22,E1,599,0,0,0,0,0,0,0,0
000002a2--b53d86b8b1--22,E2,599,0,0,0,0,0,0,0,0
000002a2--b53d86b8b1--22,E3,599,0,0,0,0,0,0,0,0
000002a2--b53d86b8b1--22,E4,599,0,0,0,0,0,0,0,0
000002a2--b53d86b8b1--22,E5,599,0,0,0,0,0,0,0,0
000002a2--b53d86b8b1--23,E,599,0,0,0,0,0,0,0,0
000002a2--b53d86b8b1--23,E1,599,0,0,0,0,0,0,0,0
000002a2--b53d86b8b1--23,E2,599,0,0,0,0,0,0,0,0
000002a2--b53d86b8b1--23,E3,599,0,0,0,0,0,0,0,0
000002a2--b53d86b8b1--23,E4,599,0,0,0,0,0,0,0,0
000002a2--b53d86b8b1--23,E5,599,0,0,0,0,0,0,0,0
000002a2--b53d86b8b1--24,E,600,0,0,0,0,0,0,0,0
000002a2--b53d86b8b1--24,E1,600,0,0,0,0,0,0,0,0
000002a2--b53d86b8b1--24,E2,600,0,0,0,0,0,0,0,0
000002a2--b53d86b8b1--24,E3,600,0,0,0,0,0,0,0,0
000002a2--b53d86b8b1--24,E4,600,0,0,0,0,0,0,0,0
000002a2--b53d86b8b1--24,E5,600,0,0,0,0,0,0,0,0
000002a2--b53d86b8b1--25,E,599,0,0,0,0,0,0,0,0
000002a2--b53d86b8b1--25,E1,599,0,0,0,0,0,0,0,0
000002a2--b53d86b8b1--25,E2,599,0,0,0,0,0,0,0,0
000002a2--b53d86b8b1--25,E3,599,0,0,0,0,0,0,0,0
000002a2--b53d86b8b1--25,E4,599,0,0,0,0,0,0,0,0
000002a2--b53d86b8b1--25,E5,599,0,0,0,0,0,0,0,0
000002a2--b53d86b8b1--27,E,600,0,0,0,0,0,0,0,0
000002a2--b53d86b8b1--27,E1,600,0,0,0,0,0,0,0,0
000002a2--b53d86b8b1--27,E2,600,0,0,0,0,0,0,0,0
000002a2--b53d86b8b1--27,E3,600,0,0,0,0,0,0,0,0
000002a2--b53d86b8b1--27,E4,600,0,0,0,0,0,0,0,0
000002a2--b53d86b8b1--27,E5,600,51,51,39,3,0,0,0,9
000002a2--b53d86b8b1--28,E,600,0,0,0,0,0,0,0,0
000002a2--b53d86b8b1--28,E1,600,0,0,0,0,0,0,0,0
000002a2--b53d86b8b1--28,E2,600,0,0,0,0,0,0,0,0
000002a2--b53d86b8b1--28,E3,600,0,0,0,0,0,0,0,0
000002a2--b53d86b8b1--28,E4,600,0,0,0,0,0,0,0,0
000002a2--b53d86b8b1--28,E5,600,326,326,0,0,0,0,0,326
000002a2--b53d86b8b1--9,E,600,0,0,0,0,0,0,0,0
000002a2--b53d86b8b1--9,E1,600,0,0,0,0,0,0,0,0
000002a2--b53d86b8b1--9,E2,600,0,0,0,0,0,0,0,0
000002a2--b53d86b8b1--9,E3,600,0,0,0,0,0,0,0,0
000002a2--b53d86b8b1--9,E4,600,0,0,0,0,0,0,0,0
000002a2--b53d86b8b1--9,E5,600,0,0,0,0,0,0,0,0
