population,tenure_scans,count,duration_p50_s,duration_p90_s,duration_p95_s,duration_p99_s,duration_max_s
ALL_REPRESENTATIVE_TENURE,1,163757,0.0,0.0,0.0,0.0,0.0
ALL_REPRESENTATIVE_TENURE,2,129498,0.10000336500000001,0.1008393433,0.101426019,0.109890491,0.500494858
ALL_REPRESENTATIVE_TENURE,3,41466,0.199991822,0.201050636,0.20194502450000001,0.21003904475000001,0.59968036
ALL_REPRESENTATIVE_TENURE,4,28793,0.29999047300000004,0.3012028642,0.3020493074,0.30996358264,0.400374969
ALL_REPRESENTATIVE_TENURE,5,22803,0.39999852500000005,0.4012198168,0.4020818886,0.40983197412000005,0.800291415
ALL_REPRESENTATIVE_TENURE,6,17713,0.49999629,0.5012383624000001,0.502219304,0.50990600168,0.900066919
ALL_REPRESENTATIVE_TENURE,7,14770,0.5999974105000001,0.6012742719,0.6021606869,0.6099692972,0.6208707840000001
ALL_REPRESENTATIVE_TENURE,8,12588,0.699987127,0.7012853713,0.7022690741000001,0.71000915802,0.8011086620000001
ALL_REPRESENTATIVE_TENURE,9,11196,0.7999881640000001,0.8012563445,0.8021723165000001,0.8099766758000001,0.830456237
ALL_REPRESENTATIVE_TENURE,10,9760,0.9000048995000001,0.9012592971000001,0.90217226755,0.91004222509,1.2998871410000001
ALL_REPRESENTATIVE_TENURE,11,8816,0.9999741320000001,1.0011992405,1.0020847837500002,1.00997107,1.1002675480000002
ALL_REPRESENTATIVE_TENURE,12,7851,1.0999697800000001,1.1012652310000002,1.1023462415,1.1102395125000002,1.1407239420000002
ALL_REPRESENTATIVE_TENURE,13,7187,1.19999685,1.2013128794,1.2022487902,1.21013353042,1.230081975
ALL_REPRESENTATIVE_TENURE,14,6546,1.2999921015,1.301320874,1.3024651025,1.310142229,1.3396470070000002
ALL_REPRESENTATIVE_TENURE,15,6321,1.4000009480000002,1.401109949,1.4022522860000002,1.4102800908000002,1.80034295
ALL_REPRESENTATIVE_TENURE,16,5824,1.5000014360000002,1.5009757462000002,1.5019343814000004,1.5103830174600001,1.79941769
ALL_REPRESENTATIVE_TENURE,17,5383,1.599980659,1.6007886706,1.6014098266,1.61025566052,1.6403275880000001
ALL_REPRESENTATIVE_TENURE,18,5175,1.699995284,1.700974795,1.702008369,1.7104168596,1.7593176540000002
ALL_REPRESENTATIVE_TENURE,19,4867,1.7999769360000002,1.8011680752,1.8027748421000003,1.8106670337800002,2.199991289
ALL_REPRESENTATIVE_TENURE,20,4460,1.8999497895,1.9013359194000001,1.9028471493000003,1.91045750434,2.00046401
ALL_REPRESENTATIVE_TENURE,21,4303,1.999992693,2.0014610624,2.0027352887000003,2.01050683012,2.0995923530000002
ALL_REPRESENTATIVE_TENURE,22,4000,2.1000079825,2.1016511123000003,2.1082880119500005,2.1106670570799997,2.200353901
ALL_REPRESENTATIVE_TENURE,23,3867,2.199994252,2.2014390738,2.2032205635,2.2104952758,2.3002232300000003
ALL_REPRESENTATIVE_TENURE,24,3504,2.2999891055,2.3014096687000003,2.3029250214,2.31043795641,2.360145508
ALL_REPRESENTATIVE_TENURE,25,3376,2.4000015345000003,2.401408372,2.402805368,2.4105333235,2.449961139
ALL_REPRESENTATIVE_TENURE,26,3158,2.4999735815,2.5014537764,2.5079146545000004,2.5111450302800002,2.599872534
ALL_REPRESENTATIVE_TENURE,27,2928,2.5999621615,2.6013764146000002,2.60753611845,2.61067072169,2.6802995970000003
ALL_REPRESENTATIVE_TENURE,28,2861,2.6999718290000003,2.7015489350000004,2.708552504,2.7115521812,2.989091455
ALL_REPRESENTATIVE_TENURE,29,2825,2.7999963840000004,2.8014330596,2.8071038862,2.81129560872,2.899859551
ALL_REPRESENTATIVE_TENURE,30,2558,2.9000025430000003,2.9013742726,2.90757038915,2.9124376951600004,3.000588387
ALL_REPRESENTATIVE_TENURE,31,2426,3.0000043935000003,3.0015260265,3.0088763835,3.0111905555000003,3.079967625
ALL_REPRESENTATIVE_TENURE,32,2297,3.099989271,3.1012084418000003,3.1090520958,3.11721053808,3.2006491410000004
ALL_REPRESENTATIVE_TENURE,33,2270,3.1999737250000004,3.2008430836,3.2021736578000004,3.21514528889,3.299094058
ALL_REPRESENTATIVE_TENURE,34,2107,3.299967554,3.3010413118,3.3089320538000004,3.3196610776200006,3.3992338870000003
ALL_REPRESENTATIVE_TENURE,35,1991,3.399968545,3.4012759170000004,3.408020177,3.4198164857,3.499812136
ALL_REPRESENTATIVE_TENURE,36,1850,3.4999568930000002,3.5017337889,3.5092417778500002,3.5121197871000005,3.9006935030000003
ALL_REPRESENTATIVE_TENURE,37,1776,3.5999982945,3.6016650885000003,3.6089990285000004,3.61898193175,3.70027987
ALL_REPRESENTATIVE_TENURE,38,1711,3.6999201740000003,3.7016193950000003,3.7083998330000005,3.7112072105000005,3.7877986010000004
ALL_REPRESENTATIVE_TENURE,39,1581,3.799959867,3.8014878980000004,3.808445045,3.8111331450000003,4.199352657
ALL_REPRESENTATIVE_TENURE,40,1486,3.8999596075000005,3.901623529,3.9086298050000003,3.9124985684500007,4.020901119
ALL_REPRESENTATIVE_TENURE,41,1445,3.9999600510000004,4.0017527082,4.008909339200001,4.0114401134,4.279630989
ALL_REPRESENTATIVE_TENURE,42,1388,4.099992501000001,4.1022228688,4.10984467755,4.121881749629999,4.210605124000001
ALL_REPRESENTATIVE_TENURE,43,1272,4.199947903,4.201612408100001,4.208270700350001,4.21180594688,4.299761736000001
ALL_REPRESENTATIVE_TENURE,44,1244,4.2999599275,4.301573705000001,4.309637509,4.32164811257,4.390314286000001
ALL_REPRESENTATIVE_TENURE,45,1179,4.399967061,4.4019265826,4.4096180976,4.42064401858,4.800588309
ALL_REPRESENTATIVE_TENURE,46,1138,4.4999536925,4.5016897371999995,4.50950958735,4.5198169373,4.580208626
ALL_REPRESENTATIVE_TENURE,47,996,4.5999913715,4.601452658,4.6089674367499995,4.611257768300001,4.8694550670000005
ALL_REPRESENTATIVE_TENURE,48,1048,4.699932818000001,4.7011774891,4.709744534650001,4.72434542307,4.969138747000001
ALL_REPRESENTATIVE_TENURE,49,920,4.7999487225,4.8010797300000005,4.809564447750001,4.82904748223,5.0691600900000005
ALL_REPRESENTATIVE_TENURE,50,845,4.900001062,4.9014319096,4.909851654800001,4.92507624776,4.950413109
ALL_REPRESENTATIVE_TENURE,51,769,4.999986338,5.001617571000001,5.009691867600001,5.0232251001999995,5.049309666
ALL_REPRESENTATIVE_TENURE,52,715,5.099917309,5.1016226276,5.1097599214,5.11890209648,5.191001172
ALL_REPRESENTATIVE_TENURE,53,624,5.1999563235,5.201745954000001,5.20973625715,5.22170727893,5.310293774000001
ALL_REPRESENTATIVE_TENURE,54,540,5.299941776000001,5.301534555500001,5.309188739150001,5.33086440494,5.399609773000001
ALL_REPRESENTATIVE_TENURE,55,524,5.399951779,5.4015476511000005,5.4086024587,5.41138294061,5.500067272000001
ALL_REPRESENTATIVE_TENURE,56,523,5.499968638,5.501860889800001,5.509693738600001,5.52787188604,5.649092991000001
ALL_REPRESENTATIVE_TENURE,57,398,5.599925912500001,5.6015673041000005,5.609593703100001,5.61174667304,5.639257291000001
ALL_REPRESENTATIVE_TENURE,58,442,5.699929977,5.7014560312,5.7093326915,5.711815136,5.720705097000001
ALL_REPRESENTATIVE_TENURE,59,363,5.800034881,5.8016637164,5.8092396673,5.82418843632,5.860950112
ALL_REPRESENTATIVE_TENURE,60,389,5.899897339000001,5.9016770437999995,5.9093011736,5.91171309068,5.950843151
ALL_REPRESENTATIVE_TENURE,61,345,5.999946626000001,6.0018508632000005,6.009737674600001,6.050784699599999,6.099690777
ALL_REPRESENTATIVE_TENURE,62,348,6.0999114885,6.1017237489,6.10914655475,6.11050913565,6.112333245
ALL_REPRESENTATIVE_TENURE,63,307,6.1999880030000005,6.2015162398,6.2085086834,6.21183988774,6.239874026000001
ALL_REPRESENTATIVE_TENURE,64,301,6.299845439,6.301783082,6.309504615000001,6.319141085,6.361906579
ALL_REPRESENTATIVE_TENURE,65,301,6.39999392,6.401256185,6.4094216710000005,6.4105534650000005,6.451083552
ALL_REPRESENTATIVE_TENURE,66,273,6.499811510000001,6.501227869400001,6.5028639754,6.510814176,6.519535800000001
ALL_REPRESENTATIVE_TENURE,67,268,6.599852328000001,6.6015453896,6.609280863250001,6.626106427970001,6.6595594810000005
ALL_REPRESENTATIVE_TENURE,68,236,6.6998817955000005,6.701765804500001,6.709282041750001,6.7113960676,6.8199114000000005
ALL_REPRESENTATIVE_TENURE,69,223,6.799849674000001,6.801142794,6.8082870692,6.810439825760001,6.831676292
ALL_REPRESENTATIVE_TENURE,70,210,6.9000799635000005,6.9076548522,6.909936251,6.91052127321,6.950343923
ALL_REPRESENTATIVE_TENURE,71,209,6.999996594000001,7.008436639600001,7.009863642400001,7.02847592188,7.05018659
ALL_REPRESENTATIVE_TENURE,72,201,7.099849396000001,7.101526184000001,7.108958684,7.1104369830000005,7.129920369000001
ALL_REPRESENTATIVE_TENURE,73,198,7.1999635060000005,7.201411520300001,7.208861311200001,7.239917800830001,7.280730484
ALL_REPRESENTATIVE_TENURE,74,186,7.2997967495000005,7.301195992,7.309409768500001,7.333128560750001,7.710801066
ALL_REPRESENTATIVE_TENURE,75,169,7.399862592000001,7.401382476,7.4092165942,7.41090916968,7.430717025000001
ALL_REPRESENTATIVE_TENURE,76,160,7.4999530305,7.5082621153,7.51014572585,7.51512486837,7.5397397150000005
ALL_REPRESENTATIVE_TENURE,77,181,7.5997472440000005,7.601854427,7.608709471,7.653279651,8.009988506000001
ALL_REPRESENTATIVE_TENURE,78,157,7.699920523,7.708803549200001,7.7104189072,7.724151364240001,7.749729138
ALL_REPRESENTATIVE_TENURE,79,131,7.79996939,7.8014263790000005,7.808812259000001,7.811869314700001,7.812670204000001
ALL_REPRESENTATIVE_TENURE,80,139,7.899761525000001,7.901064085800001,7.9034402793,7.92971923144,7.999822036
ALL_REPRESENTATIVE_TENURE,81,155,7.999927767000001,8.0006970324,8.009304163900001,8.01115035666,8.099703481
ALL_REPRESENTATIVE_TENURE,82,118,8.099996169,8.1017130493,8.1092229122,8.1184299341,8.180075293
ALL_REPRESENTATIVE_TENURE,83,122,8.199964783,8.2019172912,8.2101428765,8.249034332,8.249034332
ALL_REPRESENTATIVE_TENURE,84,112,8.299738073,8.301357859900001,8.309978105,8.36448340803,8.710485632000001
ALL_REPRESENTATIVE_TENURE,85,114,8.399778508,8.401550845800001,8.4099486908,8.463018229980001,8.499989205
ALL_REPRESENTATIVE_TENURE,86,117,8.499927725000001,8.501477837000001,8.5095479584,8.54788001588,8.609480507
ALL_REPRESENTATIVE_TENURE,87,102,8.6000059955,8.608393124300001,8.610513895400002,8.630523177970002,8.720358929000001
ALL_REPRESENTATIVE_TENURE,88,127,8.699868761000001,8.701761861000001,8.709964756900002,8.77265518226,8.799480075
ALL_REPRESENTATIVE_TENURE,89,103,8.799993438000001,8.8012259992,8.8099457584,8.81086575816,8.940319713000001
ALL_REPRESENTATIVE_TENURE,90,112,8.899962873500002,8.909841163400001,8.910759232950001,8.929760197030001,8.949041181
ALL_REPRESENTATIVE_TENURE,91,101,8.999947104,9.00195339,9.010608621000001,9.079367259000001,9.099939353
ALL_REPRESENTATIVE_TENURE,92,112,9.099984371000001,9.101955820600002,9.1102998273,9.120136692360003,9.220087205
ALL_REPRESENTATIVE_TENURE,93,109,9.200080441,9.2093061258,9.210073889,9.21190829328,9.279217129000001
ALL_REPRESENTATIVE_TENURE,94,100,9.299855345000001,9.3021508743,9.309369440050002,9.31984204341,9.321181455000001
ALL_REPRESENTATIVE_TENURE,95,85,9.40015631,9.4096547318,9.4101735122,9.44438114184,9.460686864000001
ALL_REPRESENTATIVE_TENURE,96,95,9.499903208000001,9.5010948608,9.504243511,9.510012019740001,9.511256842
ALL_REPRESENTATIVE_TENURE,97,108,9.6000543495,9.6092267309,9.610061485650002,9.61128784577,9.611793334000001
ALL_REPRESENTATIVE_TENURE,98,60,9.6996798885,9.701848398200001,9.709809571100001,9.71422494227,9.719075478
ALL_REPRESENTATIVE_TENURE,99,81,9.799985545,9.801764152,9.810226705,9.812317706000002,9.819894262
ALL_REPRESENTATIVE_TENURE,100,84,9.899900950500001,9.9014964136,9.909511760150002,9.91062967336,9.911430879000001
ALL_REPRESENTATIVE_TENURE,101,76,10.000047608000001,10.0102368545,10.01086379675,10.02287577025,10.031335603
ALL_REPRESENTATIVE_TENURE,102,72,10.099988975,10.101605830800002,10.109917346500001,10.12780398609,10.169765498
ALL_REPRESENTATIVE_TENURE,103,76,10.1999503175,10.200803198500001,10.20185624175,10.21040482,10.210700113000001
ALL_REPRESENTATIVE_TENURE,104,64,10.2999244035,10.3022467769,10.3098530888,10.314217837850002,10.319740925000001
ALL_REPRESENTATIVE_TENURE,105,64,10.400068730500001,10.4099250529,10.410309707200001,10.43102250431,10.450252601
ALL_REPRESENTATIVE_TENURE,106,66,10.499966870000002,10.502103375,10.5099384915,10.5941154204,10.660107739
ALL_REPRESENTATIVE_TENURE,107,60,10.600008218500001,10.602732045,10.6103936447,10.62013481714,10.620243586
ALL_REPRESENTATIVE_TENURE,108,66,10.700093758000001,10.709442191,10.710105101249999,10.725462570300001,10.749977423
ALL_REPRESENTATIVE_TENURE,109,62,10.800233986000002,10.808040448300002,10.8097205769,10.874081470630001,10.959856265
ALL_REPRESENTATIVE_TENURE,110,53,10.899874689,10.9016511174,10.9046333196,10.90964121148,10.909930475000001
ALL_REPRESENTATIVE_TENURE,111,56,10.999865315000001,11.0086286545,11.01009665275,11.046432814150002,11.090567535
ALL_REPRESENTATIVE_TENURE,112,66,11.100123484500001,11.1093019325,11.111151330250001,11.1262990331,11.141909268000001
ALL_REPRESENTATIVE_TENURE,113,60,11.199906569,11.202039888900002,11.209884557599999,11.24129393838,11.269833252000002
ALL_REPRESENTATIVE_TENURE,114,44,11.300077309,11.301150401600001,11.302434074250002,11.31027514134,11.310493436000002
ALL_REPRESENTATIVE_TENURE,115,47,11.399958694,11.401259082000001,11.4097172253,11.410130695040001,11.41021491
ALL_REPRESENTATIVE_TENURE,116,66,11.500148239000001,11.5060389175,11.50968473925,11.51043923735,11.510503562
ALL_REPRESENTATIVE_TENURE,117,45,11.599867522,11.602101581000001,11.608316180400001,11.66042715532,11.699903173000001
ALL_REPRESENTATIVE_TENURE,118,57,11.699903402,11.7053633266,11.7121567282,11.77713805628,11.850396857000002
ALL_REPRESENTATIVE_TENURE,119,45,11.800006711,11.801707179800001,11.8073817386,11.81050716336,11.810932481
ALL_REPRESENTATIVE_TENURE,120,54,11.8999591135,11.9066716364,11.908714276600001,11.924872247740002,11.929350558000001
ALL_REPRESENTATIVE_TENURE,121,42,11.999679407,12.001346921900002,12.0085983431,12.028581003550002,12.040087344000002
ALL_REPRESENTATIVE_TENURE,122,45,12.099706219000002,12.111021081,12.1595669072,12.2248309422,12.260178351
ALL_REPRESENTATIVE_TENURE,123,39,12.200014150000001,12.2095262982,12.222474087400002,12.49592717294,12.610103811
ALL_REPRESENTATIVE_TENURE,124,49,12.299738407000001,12.3008590724,12.3068186506,12.330934966880001,12.339823412000001
ALL_REPRESENTATIVE_TENURE,125,52,12.3999376035,12.400597277200001,12.400952441250002,12.4023298649,12.402664481
ALL_REPRESENTATIVE_TENURE,126,50,12.499984498,12.5096242448,12.510422212950001,12.511037382120001,12.511325606000002
ALL_REPRESENTATIVE_TENURE,127,55,12.600074177000002,12.608866385599999,12.610167391200001,12.692948537360001,12.789467066
ALL_REPRESENTATIVE_TENURE,128,45,12.69963152,12.7012766224,12.716651368199999,12.74234859372,12.759553666
ALL_REPRESENTATIVE_TENURE,129,35,12.799985086000001,12.8058083124,12.8104723649,12.822904730000001,12.829179311
ALL_REPRESENTATIVE_TENURE,130,47,12.899989939000001,12.907977949000003,12.9098892046,12.910399097820001,12.910636519
ALL_REPRESENTATIVE_TENURE,131,42,12.999807126,13.0092363281,13.0104919749,13.016241492470002,13.020036507
ALL_REPRESENTATIVE_TENURE,132,49,13.099471143,13.109212991800002,13.117360252600001,13.1607558788,13.179834038000001
ALL_REPRESENTATIVE_TENURE,133,43,13.199731225,13.202771305399999,13.209802022300002,13.24869851382,13.269589578000001
ALL_REPRESENTATIVE_TENURE,134,38,13.299904291,13.3015024762,13.310213688000001,13.31055171321,13.310582892000001
ALL_REPRESENTATIVE_TENURE,135,40,13.399686758000001,13.4012312712,13.4094170186,13.482694649630002,13.528981091
ALL_REPRESENTATIVE_TENURE,136,41,13.499696243,13.50917822,13.510246726,13.5599887276,13.580453902
ALL_REPRESENTATIVE_TENURE,137,39,13.59974998,13.6084027094,13.6101211578,13.64737762554,13.670148657
ALL_REPRESENTATIVE_TENURE,138,34,13.699864230000001,13.709638705,13.71044518595,13.71862627179,13.722559257
ALL_REPRESENTATIVE_TENURE,139,44,13.800015105500002,13.8060998745,13.81040340965,13.876310869220001,13.910808843000002
ALL_REPRESENTATIVE_TENURE,140,38,13.899907326500001,13.9045506593,13.920774842650001,13.95486917398,13.969776158
ALL_REPRESENTATIVE_TENURE,141,33,13.999920579000001,14.001322118000001,14.0934758386,14.348939456520002,14.410209341000002
ALL_REPRESENTATIVE_TENURE,142,36,14.099852612000001,14.100979864500001,14.10331477375,14.1102127937,14.11045185
ALL_REPRESENTATIVE_TENURE,143,36,14.200031095,14.209217439500001,14.212838506,14.2263446328,14.229778340000001
ALL_REPRESENTATIVE_TENURE,144,39,14.299877271000001,14.309633931,14.310140243700001,14.36073487428,14.391458841
ALL_REPRESENTATIVE_TENURE,145,36,14.399795893,14.4057241035,14.412578632000002,14.419817400300001,14.419878623
ALL_REPRESENTATIVE_TENURE,146,30,14.4997240585,14.5031645776,14.510742205350002,14.51728258656,14.519916522
ALL_REPRESENTATIVE_TENURE,147,37,14.599900204,14.609684788800003,14.6120174422,14.741765738840002,14.810639717
ALL_REPRESENTATIVE_TENURE,148,42,14.69964254,14.701130692200003,14.709907717150001,14.72723014221,14.738754922
ALL_REPRESENTATIVE_TENURE,149,34,14.7998210435,14.8067712926,14.809958517150001,14.816680216790001,14.819988347
ALL_REPRESENTATIVE_TENURE,150,39,14.900027845,14.9007756798,14.9018414124,14.971829531600001,15.009754702
ALL_REPRESENTATIVE_TENURE,151,33,14.999719323,15.0015855426,15.009975599200002,15.017961467720001,15.021468021
ALL_REPRESENTATIVE_TENURE,152,38,15.100069112500002,15.109267256800003,15.109966250500001,15.11605761398,15.119395697000002
ALL_REPRESENTATIVE_TENURE,153,32,15.200108673000003,15.2075585363,15.2151006586,15.33073518113,15.380426872000001
ALL_REPRESENTATIVE_TENURE,154,25,15.2997946,15.301501794200002,15.302060562600001,15.307303280680001,15.308952571
ALL_REPRESENTATIVE_TENURE,155,35,15.400131473000002,15.409989733400002,15.410213649200001,15.410476622280001,15.410583283000001
ALL_REPRESENTATIVE_TENURE,156,26,15.499593149,15.5018324475,15.506740192000002,15.509400688749999,15.509763265
ALL_REPRESENTATIVE_TENURE,157,31,15.599793378000001,15.609840751,15.610348763000001,15.8969309141,16.019544398
ALL_REPRESENTATIVE_TENURE,158,26,15.699862688000001,15.710054608500002,15.717323029750002,15.728244521500002,15.731160730000001
ALL_REPRESENTATIVE_TENURE,159,32,15.800169059000002,15.809091523300001,15.810361300250001,15.824241973060001,15.830410283
ALL_REPRESENTATIVE_TENURE,160,25,15.899413740000002,15.9114760912,15.919073993200001,15.935560584240001,15.940195410000001
ALL_REPRESENTATIVE_TENURE,161,32,15.999916242500001,16.009952960200003,16.014769814850002,16.075340393730002,16.099974301
ALL_REPRESENTATIVE_TENURE,162,31,16.099541118,16.101073642,16.106426805,16.1113157889,16.111672923
ALL_REPRESENTATIVE_TENURE,163,27,16.19979451,16.2046487096,16.2094532578,16.209825433920003,16.209908597000002
ALL_REPRESENTATIVE_TENURE,164,32,16.29973976,16.308611570200004,16.3106035223,16.4686383374,16.539606470000003
ALL_REPRESENTATIVE_TENURE,165,26,16.3999893635,16.42964611,16.43016727125,16.7147501855,16.809560769
ALL_REPRESENTATIVE_TENURE,166,33,16.499883325000003,16.5111901924,16.517027349,16.54187544712,16.55059949
ALL_REPRESENTATIVE_TENURE,167,24,16.599874295,16.605791730500002,16.6522968931,16.93728251815,17.020032814
ALL_REPRESENTATIVE_TENURE,168,29,16.700068959,16.7100567266,16.710205629,16.7106899734,16.710852722000002
ALL_REPRESENTATIVE_TENURE,169,24,16.800265263500002,16.8093045762,16.80986541405,16.84019768164,16.849241795
ALL_REPRESENTATIVE_TENURE,170,23,16.899718222,16.9076994274,16.90981519,16.91017022566,16.91025223
ALL_REPRESENTATIVE_TENURE,171,22,16.999673722,17.0017030182,17.0027434327,17.009153480640002,17.010844362
ALL_REPRESENTATIVE_TENURE,172,21,17.099817897,17.101578522,17.109227908,17.157026704800003,17.168976404000002
ALL_REPRESENTATIVE_TENURE,173,24,17.199723847500003,17.2100232807,17.2109240915,17.25648753548,17.270083715000002
ALL_REPRESENTATIVE_TENURE,174,25,17.299835748,17.300810520000002,17.3018207992,17.62011745968,17.720555532000002
ALL_REPRESENTATIVE_TENURE,175,33,17.400050295,17.401599705200002,17.4083349958,17.40988593192,17.410482338
ALL_REPRESENTATIVE_TENURE,176,25,17.499959566,17.5098455872,17.5100387536,17.51052099072,17.510672058
ALL_REPRESENTATIVE_TENURE,177,32,17.599902640000003,17.601363668500003,17.60480701645,17.64374799194,17.65952266
ALL_REPRESENTATIVE_TENURE,178,24,17.700149899000003,17.7104450651,17.7356729631,18.032655455180002,18.120036373
ALL_REPRESENTATIVE_TENURE,179,18,17.799989238000002,17.848649133100004,17.9644579894,18.16877085468,18.219849071000002
ALL_REPRESENTATIVE_TENURE,180,33,17.900038239,17.917666525,18.080243695,18.32037304,18.32037304
ALL_REPRESENTATIVE_TENURE,181,15,18.000028845000003,18.0089928282,18.009331275100003,18.009642359020003,18.00972013
ALL_REPRESENTATIVE_TENURE,182,20,18.1000135205,18.111558269,18.1403106126,18.44437923452,18.520396390000002
ALL_REPRESENTATIVE_TENURE,183,19,18.199747047000002,18.2044824584,18.250767555000003,18.5403882678,18.612793446
ALL_REPRESENTATIVE_TENURE,184,25,18.299579642,18.300790890600002,18.3011317902,18.30128347148,18.301323287000002
ALL_REPRESENTATIVE_TENURE,185,21,18.400156653,18.411381510000002,18.411381510000002,18.4499894196,18.459641397000002
ALL_REPRESENTATIVE_TENURE,186,24,18.499670284,18.501932331000003,18.50926033895,18.51798223467,18.520224958
ALL_REPRESENTATIVE_TENURE,187,18,18.599918116,18.6127306905,18.622782649850002,18.63684945557,18.640366157000003
ALL_REPRESENTATIVE_TENURE,188,24,18.6997209265,18.7008457428,18.706990161100002,18.70877352235,18.70898686
ALL_REPRESENTATIVE_TENURE,189,35,18.799555914000003,18.8007759806,18.801101311500002,18.92610761952,18.990346836
ALL_REPRESENTATIVE_TENURE,190,26,18.8992595065,18.900977814500003,18.907466477,18.909957844,18.910070433
ALL_REPRESENTATIVE_TENURE,191,16,18.999500120500002,19.0103671675,19.024699918750002,19.035061644549998,19.037652076
ALL_REPRESENTATIVE_TENURE,192,22,19.099997247,19.1008951276,19.1013042052,19.107987283870003,19.109758288000002
ALL_REPRESENTATIVE_TENURE,193,17,19.199665677000002,19.200703423600004,19.2046029376,19.21694127232,19.220025856
ALL_REPRESENTATIVE_TENURE,194,18,19.299889181,19.3034992947,19.33383616605,19.442340710809997,19.469466847
ALL_REPRESENTATIVE_TENURE,195,17,19.399753699,19.400760203,19.400907204200003,19.400919524840003,19.400922605
ALL_REPRESENTATIVE_TENURE,196,26,19.499699409500003,19.5055121805,19.517798351000003,19.639451114000003,19.679127774
ALL_REPRESENTATIVE_TENURE,197,14,19.599563298,19.6004808549,19.600988256150004,19.601581778430003,19.601730159000002
ALL_REPRESENTATIVE_TENURE,198,22,19.699987262,19.707889497400004,19.710976379750004,19.797264368780002,19.820166734
ALL_REPRESENTATIVE_TENURE,199,24,19.800367299500003,19.8079490111,19.809370903,19.856377207180003,19.870345138
ALL_REPRESENTATIVE_TENURE,200,17,19.898641570000002,19.9011764548,19.9034487394,19.908665204680002,19.909969321000002
ALL_REPRESENTATIVE_TENURE,201,22,19.999884287500002,20.001321056900004,20.0173897938,20.335432822780003,20.419751830000003
ALL_REPRESENTATIVE_TENURE,202,19,20.099965830000002,20.112234001999997,20.1222578292,20.13628437384,20.13979101
ALL_REPRESENTATIVE_TENURE,203,20,20.2001560525,20.220383866600002,20.220907492100004,20.227959533619998,20.229722544
ALL_REPRESENTATIVE_TENURE,204,12,20.299747695,20.3012564764,20.30470001455,20.307997602910003,20.308822000000003
ALL_REPRESENTATIVE_TENURE,205,21,20.399666323,20.417901630000003,20.419911064,20.740391169600002,20.820511196
ALL_REPRESENTATIVE_TENURE,206,17,20.499511526000003,20.5084068838,20.511685250600003,20.518645303720003,20.520385317000002
ALL_REPRESENTATIVE_TENURE,207,14,20.5910101455,20.600385849200002,20.603803652350003,20.608608328069998,20.609809497
ALL_REPRESENTATIVE_TENURE,208,15,20.70001626,20.7006008882,20.7032895418,20.70818219236,20.709405355
ALL_REPRESENTATIVE_TENURE,209,23,20.800442065000002,20.828408044,20.847895964499997,21.13839508722,21.219783548000002
ALL_REPRESENTATIVE_TENURE,210,18,20.899689921500002,20.9593154824,21.0145308992,21.259901819040003,21.321244549000003
ALL_REPRESENTATIVE_TENURE,211,16,20.999632727,21.014496102500004,21.022384670750004,21.02822598215,21.029686310000002
ALL_REPRESENTATIVE_TENURE,212,19,21.09986878,21.1122469314,21.1226633198,21.136288245560003,21.139694477000003
ALL_REPRESENTATIVE_TENURE,213,21,21.199488635,21.202084129000003,21.270214947000003,21.542074717400002,21.61003966
ALL_REPRESENTATIVE_TENURE,214,20,21.2997550955,21.301309605300002,21.3025262813,21.308715923460003,21.310263334000002
ALL_REPRESENTATIVE_TENURE,215,11,21.400060111000002,21.400410274000002,21.405061612500003,21.408782683300004,21.409712951000003
ALL_REPRESENTATIVE_TENURE,216,12,21.499428718500003,21.5010493507,21.545985510450002,21.589898170890002,21.600876336000002
ALL_REPRESENTATIVE_TENURE,217,21,21.598202837000002,21.602098712,21.619629236,21.6281088208,21.630228717
ALL_REPRESENTATIVE_TENURE,218,18,21.699922424,21.7045050993,21.7221094508,21.77525076536,21.788536094
ALL_REPRESENTATIVE_TENURE,219,15,21.800253644,21.80708027,21.8132054536,21.81898501872,21.82042991
ALL_REPRESENTATIVE_TENURE,220,21,21.899683621,21.909688065,21.988830361,22.035354536200003,22.04698558
ALL_REPRESENTATIVE_TENURE,221,16,21.999908686,22.004760640500002,22.009267023,22.0108483158,22.011243639
ALL_REPRESENTATIVE_TENURE,222,12,22.0989207955,22.1091282381,22.29476201715,22.47532871863,22.520470394
ALL_REPRESENTATIVE_TENURE,223,19,22.198869743000003,22.2092836568,22.224697549800002,22.32580575156,22.351082802
ALL_REPRESENTATIVE_TENURE,224,19,22.299429849000003,22.3008533508,22.3040033274,22.325109244680004,22.330385724000003
ALL_REPRESENTATIVE_TENURE,225,17,22.400210071,22.418885902200003,22.435941805600002,22.455609417120005,22.460526320000003
ALL_REPRESENTATIVE_TENURE,226,17,22.499903861,22.5018343364,22.5054913652,22.516565737040004,22.519334330000003
ALL_REPRESENTATIVE_TENURE,227,15,22.599947030000003,22.606152325000004,22.615270000800002,22.62652435776,22.629337947
ALL_REPRESENTATIVE_TENURE,228,19,22.699596200000002,22.7004726288,22.7025118675,22.7159246287,22.719277819000002
ALL_REPRESENTATIVE_TENURE,229,23,22.799965272,22.8009662408,22.8094244268,22.81675894976,22.818563047
ALL_REPRESENTATIVE_TENURE,230,9,22.900258788000002,22.905061844000002,22.912191308,22.917894879200002,22.919320772000003
ALL_REPRESENTATIVE_TENURE,231,14,23.000362801,23.0096319897,23.010047977700005,23.010649930740005,23.010800419000002
ALL_REPRESENTATIVE_TENURE,232,15,23.099444291,23.106874308000002,23.1340026331,23.17866566662,23.189831425
ALL_REPRESENTATIVE_TENURE,233,10,23.2006553525,23.252435214400002,23.2615223092,23.26879198504,23.270609404
ALL_REPRESENTATIVE_TENURE,234,14,23.299365433,23.301511267500004,23.30449449785,23.307753509970002,23.308568263
ALL_REPRESENTATIVE_TENURE,235,16,23.399876492,23.400908363,23.408997137750003,23.42770052435,23.432376371
ALL_REPRESENTATIVE_TENURE,236,15,23.500413745000003,23.522372276200002,23.545643183000003,23.573270917400002,23.580177851000002
ALL_REPRESENTATIVE_TENURE,237,14,23.599884857,23.6009619674,23.6037000174,23.607584377880002,23.608555468000002
ALL_REPRESENTATIVE_TENURE,238,21,23.701015660000003,23.720505748,23.728481749,23.784907285800003,23.79901367
ALL_REPRESENTATIVE_TENURE,239,23,23.800278657,23.809852638800002,23.810587770700003,23.896407029160002,23.920593273
ALL_REPRESENTATIVE_TENURE,240,24,23.900232218,23.914012829100002,23.91981099165,23.943026240640002,23.949945108
ALL_REPRESENTATIVE_TENURE,241,19,23.999661109,24.002626511400003,24.0143838603,24.04300518006,24.05016051
ALL_REPRESENTATIVE_TENURE,242,17,24.099897688000002,24.1183658076,24.1319790218,24.13804800996,24.139565257
ALL_REPRESENTATIVE_TENURE,243,11,24.199639608000002,24.200639926,24.2053864205,24.209183616100002,24.210132915000003
ALL_REPRESENTATIVE_TENURE,244,13,24.299663807,24.3002713744,24.3404722872,24.388597158240003,24.400628376
ALL_REPRESENTATIVE_TENURE,245,11,24.400264701,24.410069653,24.459951822,24.4998575572,24.509833991
ALL_REPRESENTATIVE_TENURE,246,15,24.500164032,24.5124389836,24.532078642600002,24.554294941320002,24.559849016
ALL_REPRESENTATIVE_TENURE,247,8,24.600264165,24.603571426700004,24.606670112850004,24.60914906177,24.609768799
ALL_REPRESENTATIVE_TENURE,248,15,24.699189702,24.704995303,24.711694070300002,24.71826762526,24.719911014
ALL_REPRESENTATIVE_TENURE,249,13,24.799818563000002,24.810178996000005,24.830209632400003,24.854199956080002,24.860197537
ALL_REPRESENTATIVE_TENURE,250,17,24.900168687,24.9240460476,24.934343404200003,24.94689337284,24.950030865000002
ALL_REPRESENTATIVE_TENURE,251,18,24.9953000345,25.003962283600004,25.02060223735,25.067917717870003,25.079746588000003
ALL_REPRESENTATIVE_TENURE,252,14,25.099439827,25.110203484499998,25.11032417005,25.110406872410003,25.110427548
ALL_REPRESENTATIVE_TENURE,253,17,25.199625169,25.230143054600003,25.268734306000002,25.292618987600004,25.298590158000003
ALL_REPRESENTATIVE_TENURE,254,11,25.299942804,25.321022392000003,25.3303952845,25.337893598500003,25.339768177
ALL_REPRESENTATIVE_TENURE,255,17,25.399930443000002,25.404226871600002,25.4116421396,25.418618355920003,25.420362410000003
ALL_REPRESENTATIVE_TENURE,256,8,25.495458636000002,25.503609297300002,25.50713612515,25.50995758743,25.510662953
ALL_REPRESENTATIVE_TENURE,257,11,25.599250955000002,25.600717886,25.610379258500004,25.618108356500002,25.620040631000002
ALL_REPRESENTATIVE_TENURE,258,9,25.691861141,25.7256012212,25.736593069599998,25.74538654832,25.747584918
ALL_REPRESENTATIVE_TENURE,259,11,25.799996753000002,25.800850478,25.9297084885,26.0327948969,26.058566499
ALL_REPRESENTATIVE_TENURE,260,13,25.900306318000002,25.919035225000002,25.947794097200003,25.982210038640005,25.990814024000002
ALL_REPRESENTATIVE_TENURE,261,13,25.999883017000002,26.0105337596,26.010808088,26.010808088000005,26.010808088
ALL_REPRESENTATIVE_TENURE,262,18,26.099566747,26.1010443972,26.10325410095,26.108673791390004,26.110028714000002
ALL_REPRESENTATIVE_TENURE,263,12,26.1997678415,26.200711238,26.2274361136,26.25352205392,26.260043539
ALL_REPRESENTATIVE_TENURE,264,11,26.300354167000002,26.317737743000002,26.323738130500004,26.3285384405,26.329738518000003
ALL_REPRESENTATIVE_TENURE,265,13,26.39990702,26.4018136756,26.4052106996,26.40900524552,26.409953882
ALL_REPRESENTATIVE_TENURE,266,12,26.494646052,26.528263784,26.530362910450002,26.530406814090004,26.53041779
ALL_REPRESENTATIVE_TENURE,267,15,26.59990081,26.621635309000002,26.635740621100005,26.646907372220003,26.649699060000003
ALL_REPRESENTATIVE_TENURE,268,8,26.6944259025,26.7527834509,26.781287997950002,26.804091635589998,26.809792545
ALL_REPRESENTATIVE_TENURE,269,8,26.799379941,26.8136305901,26.817179445550003,26.82001852991,26.820728301000003
ALL_REPRESENTATIVE_TENURE,270,16,26.899442340500002,26.92037148,26.958053879250002,27.047683195050002,27.070090524
ALL_REPRESENTATIVE_TENURE,271,10,27.000517931500003,27.0094733358,27.010067402400004,27.010542655680002,27.010661469000002
ALL_REPRESENTATIVE_TENURE,272,8,27.09478849,27.1039833902,27.1068629081,27.10916652242,27.109742426
ALL_REPRESENTATIVE_TENURE,273,11,27.199335028,27.220390559000002,27.280614389,27.328793453000003,27.340838219000002
ALL_REPRESENTATIVE_TENURE,274,7,27.299876471,27.3097081956,27.3099334158,27.31011359196,27.310158636
ALL_REPRESENTATIVE_TENURE,275,7,27.400227892,27.425373417000003,27.4372578375,27.4467653739,27.449142258000002
ALL_REPRESENTATIVE_TENURE,276,9,27.500032699000002,27.514314292199998,27.5221691566,27.52845304812,27.530024021000003
ALL_REPRESENTATIVE_TENURE,277,9,27.599656337000003,27.602093590600006,27.6053038018,27.60787197076,27.608514013
ALL_REPRESENTATIVE_TENURE,278,8,27.694335281500003,27.7094454311,27.70980280455,27.710088703310003,27.710160178000002
ALL_REPRESENTATIVE_TENURE,279,5,27.800033534,27.809387726800004,27.809757604400005,27.810053506480003,27.810127482000002
ALL_REPRESENTATIVE_TENURE,280,8,27.899281659000003,27.9001684372,27.9004673246,27.900706434520004,27.900766212
ALL_REPRESENTATIVE_TENURE,281,10,28.000199498500002,28.024162769600004,28.041787409300003,28.055887121060003,28.059412049000002
ALL_REPRESENTATIVE_TENURE,282,7,28.099379652000003,28.1001245084,28.100254864700002,28.100359149740004,28.100385221000003
ALL_REPRESENTATIVE_TENURE,283,10,28.199631410000002,28.217184808800003,28.2488289564,28.27414427448,28.280473104000002
ALL_REPRESENTATIVE_TENURE,284,12,28.295134382500002,28.300389331500003,28.300713188500005,28.3010293857,28.301108435000003
ALL_REPRESENTATIVE_TENURE,285,12,28.4002069525,28.410418061,28.41463745435,28.418514946870005,28.419484320000002
ALL_REPRESENTATIVE_TENURE,286,9,28.491103265000003,28.500183976200002,28.5004473926,28.50065812572,28.500710809
ALL_REPRESENTATIVE_TENURE,287,6,28.599905355500002,28.600419017500002,28.600607526250002,28.600758333250003,28.600796035000002
ALL_REPRESENTATIVE_TENURE,288,7,28.70007782,28.704377530000002,28.7073693205,28.7097627529,28.710361111
ALL_REPRESENTATIVE_TENURE,289,6,28.799739171000002,28.816138679,28.8227212795,28.8279873599,28.82930388
ALL_REPRESENTATIVE_TENURE,290,8,28.8998591485,28.9013111717,28.901994976850002,28.902542020970003,28.902678782000002
ALL_REPRESENTATIVE_TENURE,291,10,28.994906073000003,29.004717108900003,29.012818809450003,29.019300169890005,29.020920510000003
ALL_REPRESENTATIVE_TENURE,292,13,29.099717186000003,29.100505012,29.1006732482,29.10085038404,29.100894668000002
ALL_REPRESENTATIVE_TENURE,293,13,29.200380047000003,29.218127095,29.223790374000004,29.228047882800002,29.22911226
ALL_REPRESENTATIVE_TENURE,294,7,29.300224898000003,29.303924161400005,29.3062119287,29.308042142540003,29.308499696000002
ALL_REPRESENTATIVE_TENURE,295,6,29.400116468500002,29.48546333,29.5275585445,29.5612347161,29.569653759
ALL_REPRESENTATIVE_TENURE,296,7,29.499404392000002,29.5002893322,29.5003219416,29.50034802912,29.500354551
ALL_REPRESENTATIVE_TENURE,297,7,29.590572899,29.6206550158,29.6356305574,29.64761099068,29.650606099
ALL_REPRESENTATIVE_TENURE,298,6,29.700155640000002,29.7154537535,29.72270015275,29.72849727215,29.729946552
ALL_REPRESENTATIVE_TENURE,299,9,29.800112275000004,29.800822455800002,29.8010361754,29.80120715108,29.801249895
ALL_REPRESENTATIVE_TENURE,300,15,29.900129142,29.910845096800003,29.917107291000004,29.927410971800004,29.929986892000002
ALL_REPRESENTATIVE_TENURE,301,15,30.000052505000003,30.005385168000004,30.0091837724,30.010131106480003,30.010367940000002
ALL_REPRESENTATIVE_TENURE,302,12,30.100365938000003,30.1464860088,30.177764758300004,30.204393907660002,30.211051195000003
ALL_REPRESENTATIVE_TENURE,303,4,30.199693472,30.214302639099998,30.217405628050003,30.21988801921,30.220508617
ALL_REPRESENTATIVE_TENURE,304,9,30.280961651000002,30.3030732128,30.3077313964,30.31145794328,30.31238958
ALL_REPRESENTATIVE_TENURE,305,10,30.4001116055,30.4007861075,30.401192540750003,30.40151768735,30.401598974000002
ALL_REPRESENTATIVE_TENURE,306,6,30.495485262000003,30.5002069535,30.50035370725,30.50047111025,30.500500461
ALL_REPRESENTATIVE_TENURE,307,7,30.60066969,30.609965376800005,30.6101112374,30.61022792588,30.610257098
ALL_REPRESENTATIVE_TENURE,308,4,30.700147855000004,30.7079204435,30.709505513750003,30.71077356995,30.711090584
ALL_REPRESENTATIVE_TENURE,309,14,30.799526087500002,30.806598722400004,30.809950509300002,30.81083837706,30.811060344
ALL_REPRESENTATIVE_TENURE,310,11,30.900007264000003,30.902051453000002,30.921211289000002,30.936539157800002,30.940371125000002
ALL_REPRESENTATIVE_TENURE,311,9,30.999839251,31.012175819400003,31.015138078200003,31.017507885240004,31.018100337000003
ALL_REPRESENTATIVE_TENURE,312,4,31.1001018165,31.100348875100003,31.100387065550002,31.10041761791,31.100425256
ALL_REPRESENTATIVE_TENURE,313,7,31.199769318,31.221831835200007,31.2310383231,31.238403513420007,31.240244811000004
ALL_REPRESENTATIVE_TENURE,314,8,31.299951925000002,31.341662449900006,31.38111746095,31.412681469790005,31.420572472000003
ALL_REPRESENTATIVE_TENURE,315,10,31.400101414,31.409536209400002,31.4098314202,31.41006758884,31.410126631
ALL_REPRESENTATIVE_TENURE,316,12,31.499236754000002,31.527194756500002,31.542711721550006,31.556255493110005,31.559641436000003
ALL_REPRESENTATIVE_TENURE,317,5,31.600139060000004,31.622093801200002,31.6263082866,31.629679874920004,31.630522772000003
ALL_REPRESENTATIVE_TENURE,318,8,31.700199313000002,31.700858797600002,31.701133089800003,31.701352523560004,31.701407382000003
ALL_REPRESENTATIVE_TENURE,319,6,31.799596770500003,31.800505222,31.800725383,31.800901511800003,31.800945544
ALL_REPRESENTATIVE_TENURE,320,5,31.900870256,31.924396135400002,31.9317842962,31.93769482484,31.939172457
ALL_REPRESENTATIVE_TENURE,321,8,31.995438689500002,32.0156173317,32.02311578035,32.029114539270005,32.030614229
ALL_REPRESENTATIVE_TENURE,322,8,32.099598253500005,32.1188790283,32.12952750565,32.13804628753,32.140175983
ALL_REPRESENTATIVE_TENURE,323,5,32.20069162,32.20091780880001,32.200952142400006,32.200979609280004,32.200986476000004
ALL_REPRESENTATIVE_TENURE,324,2,32.299986299500006,32.3004008279,32.30045264395,32.300494096790004,32.30050446
ALL_REPRESENTATIVE_TENURE,325,8,32.3995654055,32.4429197473,32.48051905065,32.51059849333,32.518118354
ALL_REPRESENTATIVE_TENURE,326,9,32.49942385,32.509652019,32.509652019,32.509652019,32.509652019
ALL_REPRESENTATIVE_TENURE,327,5,32.599164287,32.62433055660001,32.632151926800006,32.638409022960005,32.639973297000004
ALL_REPRESENTATIVE_TENURE,328,8,32.699637817,32.7040300338,32.7071902909,32.70971849658,32.710350548
ALL_REPRESENTATIVE_TENURE,329,5,32.798406264,32.8052814496,32.8070909458,32.80853854276,32.808900442
ALL_REPRESENTATIVE_TENURE,330,6,32.8708661295,32.899694541,32.8997635015,32.8998186699,32.899832462
ALL_REPRESENTATIVE_TENURE,331,11,32.99961265,33.010091019,33.01594182,33.020622460800006,33.021792621
ALL_REPRESENTATIVE_TENURE,332,14,33.099437933000004,33.1152680085,33.126664645350004,33.13699316667,33.139575297
ALL_REPRESENTATIVE_TENURE,333,10,33.195263590500005,33.21176169660001,33.2258475453,33.23711622426001,33.239933394000005
ALL_REPRESENTATIVE_TENURE,334,4,33.2999759045,33.3631425851,33.376640893550004,33.38743954031,33.390139202
ALL_REPRESENTATIVE_TENURE,335,8,33.400464469,33.420743991,33.4208977425,33.421020743700005,33.421051494000004
ALL_REPRESENTATIVE_TENURE,336,9,33.500596678,33.5127319436,33.5359487508,33.55452219656,33.559165558000004
ALL_REPRESENTATIVE_TENURE,337,8,33.599998574500006,33.655964935200004,33.698005729100004,33.731638364220004,33.740046523000004
ALL_REPRESENTATIVE_TENURE,338,7,33.699997043,33.7011909286,33.701453732800005,33.701663976160006,33.701716537
ALL_REPRESENTATIVE_TENURE,339,5,33.800117395,33.81101432620001,33.81105951360001,33.81109566352,33.811104701000005
ALL_REPRESENTATIVE_TENURE,340,3,33.899758462,34.0432406116,34.0611758803,34.07552409526,34.079111149
ALL_REPRESENTATIVE_TENURE,341,7,34.000139602000004,34.11657404060001,34.128046511300006,34.13722448786,34.139518982000006
ALL_REPRESENTATIVE_TENURE,342,7,34.100062963,34.152286991400004,34.1762235747,34.19537284134,34.200160158
ALL_REPRESENTATIVE_TENURE,343,3,34.200350262,34.2014109284,34.2015435117,34.20164957834,34.201676095
ALL_REPRESENTATIVE_TENURE,344,3,34.300397382,34.4368704308,34.453929561900004,34.46757686678,34.470988693
ALL_REPRESENTATIVE_TENURE,345,5,34.399501051,34.429704322999996,34.4397395,34.447767641599995,34.449774677
ALL_REPRESENTATIVE_TENURE,346,9,34.490765232,34.49999118,34.500025646,34.5000532188,34.500060112
ALL_REPRESENTATIVE_TENURE,347,8,34.59946702650001,34.6003937893,34.60040495115,34.60041388063,34.600416113
ALL_REPRESENTATIVE_TENURE,348,8,34.69443414450001,34.699962674700004,34.70016571635001,34.70032814967001,34.700368758
ALL_REPRESENTATIVE_TENURE,349,12,34.800122394,34.8625833906,34.93695208705,35.00294997021,35.019449441
ALL_REPRESENTATIVE_TENURE,350,5,34.897093892,34.8994691254,34.8997427372,34.89996162664001,34.900016349000005
ALL_REPRESENTATIVE_TENURE,351,6,35.000070798,35.01033640450001,35.015393878750004,35.01943985815,35.020451353000006
ALL_REPRESENTATIVE_TENURE,352,5,35.099738401,35.100241334799996,35.1003033674,35.10035299348,35.1003654
ALL_REPRESENTATIVE_TENURE,353,8,35.202627609000004,35.2198850722,35.2200115986,35.22011281972,35.220138125000005
ALL_REPRESENTATIVE_TENURE,354,3,35.289555601,35.297997897,35.299053184,35.2998974136,35.300108471
ALL_REPRESENTATIVE_TENURE,355,6,35.399800673,35.4053135285,35.40766699225,35.409549763250006,35.410020456000005
ALL_REPRESENTATIVE_TENURE,356,6,35.499760485500005,35.5006499575,35.50078447525,35.50089208945,35.500918993
ALL_REPRESENTATIVE_TENURE,357,4,35.594684372,35.6058739937,35.60709919385,35.60807935397,35.608324394
ALL_REPRESENTATIVE_TENURE,358,5,35.700177603,35.7058261118,35.707182817399996,35.70826818188,35.708539523
ALL_REPRESENTATIVE_TENURE,359,8,35.800249614500004,35.8302049229,35.85536664795001,35.87549602799,35.880528373000004
ALL_REPRESENTATIVE_TENURE,360,3,35.901896135,35.9322444814,35.936038024700004,35.93907285934,35.939831568
ALL_REPRESENTATIVE_TENURE,361,8,35.9998803245,36.0035186428,36.0066568779,36.009167465980006,36.009795113
ALL_REPRESENTATIVE_TENURE,362,4,36.10009509,36.1067236297,36.10808898685,36.10918127257,36.109454344
ALL_REPRESENTATIVE_TENURE,363,5,36.190589371,36.199574563400006,36.199889587200005,36.20014160624001,36.200204611000004
ALL_REPRESENTATIVE_TENURE,364,10,36.299499465500006,36.3437173179,36.53669541645,36.69107789529001,36.729673515
ALL_REPRESENTATIVE_TENURE,365,5,36.389855156,36.423668372600005,36.4318163768,36.438334780160005,36.439964381
ALL_REPRESENTATIVE_TENURE,366,8,36.49959616150001,36.51284413660001,36.51595611330001,36.51844569466,36.519068090000005
ALL_REPRESENTATIVE_TENURE,367,4,36.598481400500006,36.6014695555,36.601894939750004,36.602235247150006,36.602320324000004
ALL_REPRESENTATIVE_TENURE,368,7,36.700073515,36.762383076,36.801920127,36.8335497678,36.841457178
ALL_REPRESENTATIVE_TENURE,369,8,36.799581111500004,36.8031578609,36.80644021095,36.80906609099,36.809722561
ALL_REPRESENTATIVE_TENURE,370,10,36.899951202,36.908970008000004,36.914629757,36.9191575562,36.920289506
ALL_REPRESENTATIVE_TENURE,371,8,36.999714938500006,37.038551902100004,37.03903687505,37.03942485341,37.039521848
ALL_REPRESENTATIVE_TENURE,373,4,37.2060735155,37.2179650447,37.21945904035,37.220654236870004,37.220953036000004
ALL_REPRESENTATIVE_TENURE,374,6,37.294606010500004,37.299878789000005,37.300153954500004,37.30037408690001,37.300429120000004
ALL_REPRESENTATIVE_TENURE,375,14,37.39939854000001,37.500884059300006,37.54826540345,37.574304573490004,37.580814366000006
ALL_REPRESENTATIVE_TENURE,376,12,37.499853487,37.51871761150001,37.52879329145,37.53763223189,37.539841967
ALL_REPRESENTATIVE_TENURE,378,7,37.700749386000005,37.7204446426,37.7214392998,37.722235025559996,37.722433957
ALL_REPRESENTATIVE_TENURE,379,4,37.799514399,37.806873247000006,37.808202472000005,37.809265852,37.809531697000004
ALL_REPRESENTATIVE_TENURE,380,5,37.900244759,38.0241750022,38.0613521646,38.09109389452,38.098529327
ALL_REPRESENTATIVE_TENURE,381,9,37.999570500000004,38.0128927476,38.0370389248,38.056355866560004,38.061185102
ALL_REPRESENTATIVE_TENURE,382,9,38.099686137,38.102397551,38.105988077000006,38.1088604978,38.109578603
ALL_REPRESENTATIVE_TENURE,383,3,38.199967242,38.200202242,38.200231617,38.200255117000005,38.200260992000004
ALL_REPRESENTATIVE_TENURE,384,7,38.290440829000005,38.2999749836,38.30026105580001,38.30048991356001,38.300547128000005
ALL_REPRESENTATIVE_TENURE,385,4,38.399215170000005,38.400081886,38.4001263445,38.4001619113,38.400170803
ALL_REPRESENTATIVE_TENURE,386,8,38.499704317,38.5009223459,38.501282510950006,38.50157064299,38.501642676
ALL_REPRESENTATIVE_TENURE,387,2,38.60013445450001,38.6006095525,38.60066893975001,38.600716449550006,38.600728327000006
ALL_REPRESENTATIVE_TENURE,388,10,38.6954856425,38.712158682100004,38.716023773050004,38.71911584581,38.719888864000005
ALL_REPRESENTATIVE_TENURE,389,6,38.7936470495,38.85017194300001,38.865070524000004,38.8769893888,38.879969105
ALL_REPRESENTATIVE_TENURE,390,10,38.9000714055,38.96481833520001,38.9759081361,38.98477997682001,38.986997937000005
ALL_REPRESENTATIVE_TENURE,391,2,39.00153334550001,39.008384691500005,39.00924110975,39.009926244350005,39.010097528
ALL_REPRESENTATIVE_TENURE,392,3,39.099702053,39.0999964306,39.100033227800004,39.10006266556,39.100070025
ALL_REPRESENTATIVE_TENURE,393,4,39.1706888535,39.19638147260001,39.1975565003,39.198496522460005,39.198731528
ALL_REPRESENTATIVE_TENURE,394,5,39.300054332,39.30973229440001,39.3098210172,39.309891995440005,39.30990974
ALL_REPRESENTATIVE_TENURE,395,9,39.39102339,39.401862473200005,39.405821879600005,39.40898940472,39.409781286000005
ALL_REPRESENTATIVE_TENURE,396,6,39.499668071500004,39.500141699500006,39.500199296750004,39.50024537455,39.500256894
ALL_REPRESENTATIVE_TENURE,397,6,39.5997249025,39.604307857,39.606193211000004,39.6077014942,39.608078565
ALL_REPRESENTATIVE_TENURE,398,6,39.694542347500004,39.700619186500006,39.70109679075,39.70147887415,39.701574395
ALL_REPRESENTATIVE_TENURE,399,7,39.799537470000004,39.8512875464,39.8601878627,39.86730811574,39.869088179
ALL_REPRESENTATIVE_TENURE,400,8,39.89202209050001,39.900165801200004,39.900396554100006,39.90058115642,39.900627307
ALL_REPRESENTATIVE_TENURE,401,7,39.999210193,40.0042627882,40.006944426100006,40.00908973642001,40.009626064
ALL_REPRESENTATIVE_TENURE,402,3,40.089812583000004,40.09788730380001,40.098896643900005,40.09970411598,40.099905984
ALL_REPRESENTATIVE_TENURE,403,6,40.1991953185,40.200263224500006,40.20032213225001,40.20036925845001,40.20038104
ALL_REPRESENTATIVE_TENURE,404,4,40.299488496,40.30691735880001,40.3084447539,40.309666669980004,40.309972149000004
ALL_REPRESENTATIVE_TENURE,405,1,40.430730409000006,40.430730409000006,40.430730409000006,40.430730409000006,40.430730409000006
ALL_REPRESENTATIVE_TENURE,406,5,40.509191306000005,40.522309988399996,40.5263553822,40.52959169724,40.530400776
ALL_REPRESENTATIVE_TENURE,407,5,40.600274325,40.6239228724,40.6317488892,40.638009702640005,40.639574906
ALL_REPRESENTATIVE_TENURE,408,3,40.690104367,40.698889845400004,40.699988030200004,40.70086657804001,40.701086215000004
ALL_REPRESENTATIVE_TENURE,409,7,40.799862265,40.8042522766,40.807131074800004,40.809434113360005,40.810009873000006
ALL_REPRESENTATIVE_TENURE,410,4,40.900390817,40.914360874799996,40.9173472014,40.91973626268,40.920333528
ALL_REPRESENTATIVE_TENURE,411,6,40.99922978000001,41.000359876000005,41.00074377,41.0010508852,41.001127664
ALL_REPRESENTATIVE_TENURE,412,9,41.100159196,41.1474714442,41.2237756306,41.28481897972,41.300079817000004
ALL_REPRESENTATIVE_TENURE,413,8,41.19945331700001,41.2036357235,41.20683408125,41.209392767450005,41.210032439
ALL_REPRESENTATIVE_TENURE,414,4,41.2991590975,41.3074910105,41.30901548525,41.31023506505,41.31053996
ALL_REPRESENTATIVE_TENURE,415,4,41.3949911205,41.3998722631,41.399887427050004,41.399899558209995,41.399902591
ALL_REPRESENTATIVE_TENURE,416,5,41.499565229000005,41.5061173468,41.5081298334,41.50973982268,41.51014232
ALL_REPRESENTATIVE_TENURE,417,3,41.599294729,41.60005437860001,41.6001493348,41.600225299760005,41.600244291
ALL_REPRESENTATIVE_TENURE,418,7,41.697575735,41.700213223999995,41.700408581000005,41.700564866600004,41.700603938
ALL_REPRESENTATIVE_TENURE,419,4,41.8148530405,41.8203722624,41.820472158200005,41.82055207484,41.820572054
ALL_REPRESENTATIVE_TENURE,420,6,41.895061142,41.905243939,41.9078140505,41.9098701397,41.910384162
ALL_REPRESENTATIVE_TENURE,421,5,41.989888122,42.0001172866,42.0003558018,42.00054661396,42.000594317
ALL_REPRESENTATIVE_TENURE,422,3,42.100028014,42.1070461116,42.107923373800006,42.10862518356,42.108800636000005
ALL_REPRESENTATIVE_TENURE,423,5,42.199948986,42.22437267720001,42.232374860600004,42.238776607320005,42.240377044000006
ALL_REPRESENTATIVE_TENURE,424,5,42.309358776,42.310717004000004,42.310717004000004,42.310717004000004,42.310717004000004
ALL_REPRESENTATIVE_TENURE,425,6,42.404702892500005,42.4107729445,42.41083657475001,42.41088747895001,42.410900205000004
ALL_REPRESENTATIVE_TENURE,426,8,42.495261577,42.5450072159,42.572507847450005,42.594508352690006,42.600008479
ALL_REPRESENTATIVE_TENURE,427,3,42.589853037000005,42.607399845,42.609593196,42.6113478768,42.611786547
ALL_REPRESENTATIVE_TENURE,428,3,42.690605159,42.697328495,42.698168912,42.6988412456,42.699009329000006
ALL_REPRESENTATIVE_TENURE,429,6,42.790433831499996,42.810157983500005,42.81511425375,42.81907926995,42.820070524
ALL_REPRESENTATIVE_TENURE,430,3,42.909945230000005,42.9184408092,42.9195027566,42.92035231452,42.920564704
ALL_REPRESENTATIVE_TENURE,431,5,42.990566108,43.010200198,43.010215055,43.010226940600006,43.010229912
ALL_REPRESENTATIVE_TENURE,432,3,43.100447069000005,43.1075719186,43.108462524800004,43.10917500976,43.109353131000006
ALL_REPRESENTATIVE_TENURE,433,2,43.194767470500004,43.2069467341,43.20846914205,43.20968706841,43.209991550000005
ALL_REPRESENTATIVE_TENURE,434,3,43.299789825000005,43.2997915786,43.2997917978,43.299791973160005,43.299792017
ALL_REPRESENTATIVE_TENURE,435,1,43.409734279000006,43.409734279000006,43.409734279000006,43.409734279000006,43.409734279000006
ALL_REPRESENTATIVE_TENURE,436,5,43.5194508,43.5375747392,43.5433005626,43.547881221320004,43.549026386
ALL_REPRESENTATIVE_TENURE,437,5,43.590072422000006,43.600338342600004,43.600477385800005,43.60058862036,43.600616429000006
ALL_REPRESENTATIVE_TENURE,438,5,43.700412007000004,43.7068006768,43.70889799740001,43.71057585388,43.710995318
ALL_REPRESENTATIVE_TENURE,439,9,43.790790081000004,43.8028128248,43.8065692884,43.80957445928,43.810325752000004
ALL_REPRESENTATIVE_TENURE,440,7,43.899821336,43.913054241,43.921444663500004,43.928157001500004,43.929835086000004
ALL_REPRESENTATIVE_TENURE,441,7,44.00090962,44.0502997226,44.0805685058,44.10478353236,44.110837289
ALL_REPRESENTATIVE_TENURE,442,4,44.100322885,44.10136327320001,44.10156142260001,44.101719942120006,44.101759572000006
ALL_REPRESENTATIVE_TENURE,443,4,44.19985502350001,44.2379103402,44.2440834951,44.24902201902,44.250256650000004
ALL_REPRESENTATIVE_TENURE,444,4,44.2945487575,44.300149162400004,44.3003720087,44.300550285739995,44.300594855
ALL_REPRESENTATIVE_TENURE,445,3,44.320581000000004,44.3838344288,44.3917411074,44.398066450280005,44.399647786
ALL_REPRESENTATIVE_TENURE,446,2,44.475048184500004,44.4868791449,44.48835801495,44.489541110990004,44.489836885
ALL_REPRESENTATIVE_TENURE,447,6,44.589700085000004,44.600263402500005,44.60035250575,44.60042378835,44.600441609
ALL_REPRESENTATIVE_TENURE,448,5,44.690084411,44.699756335400004,44.699825941200004,44.69988162584,44.699895547000004
ALL_REPRESENTATIVE_TENURE,449,6,44.7702426425,44.795442513000005,44.7980350495,44.800109078700004,44.800627586000004
ALL_REPRESENTATIVE_TENURE,450,9,44.899881394000005,44.90252345980001,44.9065593194,44.90978800708001,44.910595179000005
ALL_REPRESENTATIVE_TENURE,451,1,44.960113236000005,44.960113236000005,44.960113236000005,44.960113236000005,44.960113236000005
ALL_REPRESENTATIVE_TENURE,452,3,45.070506931000004,45.101921312600005,45.10584811030001,45.10898954846001,45.109774908000006
ALL_REPRESENTATIVE_TENURE,453,2,45.1938756375,45.19713154990001,45.197538538950006,45.197864130190005,45.197945528000005
ALL_REPRESENTATIVE_TENURE,454,4,45.295618203000004,45.306518266400005,45.3077474342,45.30873076844,45.308976602
ALL_REPRESENTATIVE_TENURE,455,2,45.400649219,45.4010903358,45.4011454754,45.40118958708,45.401200615
ALL_REPRESENTATIVE_TENURE,456,5,45.500376556000006,45.506531517,45.508436703,45.5099608518,45.510341889
ALL_REPRESENTATIVE_TENURE,457,2,45.589807015000005,45.5900815486,45.59011586530001,45.590143318660004,45.590150182
ALL_REPRESENTATIVE_TENURE,458,4,45.689735683500004,45.695226222100004,45.69639134305,45.69732343981,45.697556464
ALL_REPRESENTATIVE_TENURE,460,5,45.899085803000006,45.8995781668,45.8995822194,45.89958546148,45.899586272
ALL_REPRESENTATIVE_TENURE,461,1,45.921287477,45.921287477,45.921287477,45.921287477,45.921287477
ALL_REPRESENTATIVE_TENURE,462,4,46.099825223500005,46.099945391000006,46.099945391000006,46.099945391000006,46.099945391000006
ALL_REPRESENTATIVE_TENURE,463,5,46.200857434,46.2127025932,46.216650979600004,46.219809688720005,46.220599366
ALL_REPRESENTATIVE_TENURE,464,7,46.300126583,46.30856683500001,46.3139208285,46.318204023300005,46.319274822000004
ALL_REPRESENTATIVE_TENURE,465,1,46.389563077000005,46.389563077000005,46.389563077000005,46.389563077000005,46.389563077000005
ALL_REPRESENTATIVE_TENURE,466,3,46.49978814,46.5160765112,46.518112557600006,46.51974139472,46.520148604000006
ALL_REPRESENTATIVE_TENURE,467,2,46.5998567175,46.599961004300006,46.59997404015,46.59998446883,46.599987076000005
ALL_REPRESENTATIVE_TENURE,468,1,46.731021759,46.731021759,46.731021759,46.731021759,46.731021759
ALL_REPRESENTATIVE_TENURE,469,2,46.814534643500004,46.8265758231,46.828080970550005,46.82928508851,46.829586118
ALL_REPRESENTATIVE_TENURE,470,2,46.919986327000004,46.9364736534,46.9385345692,46.94018330184,46.940595485
ALL_REPRESENTATIVE_TENURE,471,1,46.98926247,46.98926247,46.98926247,46.98926247,46.98926247
ALL_REPRESENTATIVE_TENURE,472,3,47.101949925,47.110851409800006,47.111964095400005,47.11285424388001,47.113076781000004
ALL_REPRESENTATIVE_TENURE,473,1,47.190404559,47.190404559,47.190404559,47.190404559,47.190404559
ALL_REPRESENTATIVE_TENURE,474,4,47.294392417000005,47.299434477300004,47.29969959465001,47.29991168853001,47.299964712000005
ALL_REPRESENTATIVE_TENURE,475,4,47.3992678005,47.415385194600006,47.418836055300005,47.42159674386,47.422286916000004
ALL_REPRESENTATIVE_TENURE,476,6,47.49009893350001,47.500058407000004,47.500175805000005,47.5002697234,47.500293203000005
ALL_REPRESENTATIVE_TENURE,477,2,47.625293767500004,47.645343725500005,47.64784997025,47.64985496605,47.650356215
ALL_REPRESENTATIVE_TENURE,478,3,47.699708120000004,47.701525356800005,47.7017525114,47.70193423508,47.701979666
ALL_REPRESENTATIVE_TENURE,479,5,47.790912178000006,47.8059148718,47.8078538324,47.80940500088,47.809792793
ALL_REPRESENTATIVE_TENURE,480,7,47.888077446000004,47.915458608,47.9278574355,47.937776497499996,47.940256263
ALL_REPRESENTATIVE_TENURE,481,2,48.030777202,48.1025669332,48.1115406496,48.11871962272,48.120514366
ALL_REPRESENTATIVE_TENURE,482,3,48.098919465,48.132414797,48.1366017135,48.1399512467,48.14078863
ALL_REPRESENTATIVE_TENURE,483,1,48.210322616000006,48.210322616000006,48.210322616000006,48.210322616000006,48.210322616000006
ALL_REPRESENTATIVE_TENURE,484,1,48.300410801000005,48.300410801000005,48.300410801000005,48.300410801000005,48.300410801000005
ALL_REPRESENTATIVE_TENURE,485,1,48.39989276,48.39989276,48.39989276,48.39989276,48.39989276
ALL_REPRESENTATIVE_TENURE,486,3,48.499543844,48.508055520000006,48.50911947950001,48.509970647100005,48.510183439
ALL_REPRESENTATIVE_TENURE,487,2,48.584457755,48.588664262200005,48.5891900756,48.589610726320004,48.589715889000004
ALL_REPRESENTATIVE_TENURE,489,3,48.800030285000005,48.80146323860001,48.801642357800006,48.80178565316,48.801821477000004
ALL_REPRESENTATIVE_TENURE,490,1,48.860582807,48.860582807,48.860582807,48.860582807,48.860582807
ALL_REPRESENTATIVE_TENURE,491,1,48.999809871000004,48.999809871000004,48.999809871000004,48.999809871000004,48.999809871000004
ALL_REPRESENTATIVE_TENURE,492,2,49.103441299,49.1070448774,49.1074953247,49.107855682540006,49.107945772
ALL_REPRESENTATIVE_TENURE,493,4,49.199485493000005,49.290942239500005,49.310426340250004,49.326013620850006,49.329910441
ALL_REPRESENTATIVE_TENURE,494,5,49.299453782,49.30917053100001,49.30928907100001,49.309383903000004,49.309407611000005
ALL_REPRESENTATIVE_TENURE,495,5,49.399529068,49.4010646566,49.401473853800006,49.401801211560006,49.401883051000006
ALL_REPRESENTATIVE_TENURE,496,3,49.499997911,49.5006421894,49.5007227242,49.500787152040004,49.500803259
ALL_REPRESENTATIVE_TENURE,497,3,49.590407973000005,49.5979435986,49.5988855518,49.59963911436,49.599827505
ALL_REPRESENTATIVE_TENURE,498,6,49.7001239005,49.780961248000004,49.820644031,49.85239025740001,49.860326814000004
ALL_REPRESENTATIVE_TENURE,499,2,49.7948010125,49.798727376900004,49.79921817245,49.79961080889001,49.799708968000004
ALL_REPRESENTATIVE_TENURE,500,6,49.899482383000006,49.900088846,49.900207178,49.9003018436,49.90032551
ALL_REPRESENTATIVE_TENURE,501,3,49.880385447,49.96028680060001,49.9702744698,49.97826460516001,49.980262139000004
ALL_REPRESENTATIVE_TENURE,502,1,50.098928032,50.098928032,50.098928032,50.098928032,50.098928032
ALL_REPRESENTATIVE_TENURE,503,2,50.200045518500005,50.2001869765,50.200204658749996,50.20021880455,50.200222341
ALL_REPRESENTATIVE_TENURE,504,3,50.299291208,50.338096832000005,50.342947535,50.3468280974,50.347798238
ALL_REPRESENTATIVE_TENURE,505,4,50.39978011150001,50.401342631000006,50.4015277895,50.4016759163,50.401712948000004
ALL_REPRESENTATIVE_TENURE,506,2,50.4950383485,50.49924786890001,50.49977405895,50.500195010990005,50.500300249000006
ALL_REPRESENTATIVE_TENURE,507,4,50.595072543,50.6139858022,50.6173887466,50.62011110212,50.620791691
ALL_REPRESENTATIVE_TENURE,508,4,50.7003963035,50.70056247150001,50.70057805875,50.70059052855,50.700593646
ALL_REPRESENTATIVE_TENURE,509,4,50.7832582555,50.789471342700004,50.789721490350004,50.78992160847,50.789971638000004
ALL_REPRESENTATIVE_TENURE,510,1,50.88981153100001,50.88981153100001,50.88981153100001,50.88981153100001,50.88981153100001
ALL_REPRESENTATIVE_TENURE,511,2,50.9947494605,50.9988775377,50.99939354735,50.99980635507,50.999909557
ALL_REPRESENTATIVE_TENURE,512,2,51.155220580000005,51.1912806248,51.195788130400004,51.19939413488,51.200295636
ALL_REPRESENTATIVE_TENURE,513,2,51.1896825755,51.18994527910001,51.18997811705,51.190004387410006,51.190010955000005
ALL_REPRESENTATIVE_TENURE,514,3,51.289871096000006,51.30593882960001,51.30794729630001,51.30955406966001,51.309955763000005
ALL_REPRESENTATIVE_TENURE,516,2,51.51199921450001,51.519945023700004,51.520938249850005,51.521732830770006,51.521931476000006
ALL_REPRESENTATIVE_TENURE,517,2,51.602229346,51.602727402000006,51.602789659,51.6028394646,51.602851916000006
ALL_REPRESENTATIVE_TENURE,519,1,51.809393156000006,51.809393156000006,51.809393156000006,51.809393156000006,51.809393156000006
ALL_REPRESENTATIVE_TENURE,520,1,51.880022584,51.880022584,51.880022584,51.880022584,51.880022584
ALL_REPRESENTATIVE_TENURE,521,2,51.980372145000004,51.9880921034,51.9890570982,51.989829094040005,51.990022093
ALL_REPRESENTATIVE_TENURE,522,3,52.089668931000006,52.0976630838,52.09866235290001,52.09946176818001,52.099661622000006
ALL_REPRESENTATIVE_TENURE,523,4,52.204253624,52.2161475053,52.21771947515,52.21897705103,52.219291445
ALL_REPRESENTATIVE_TENURE,524,3,52.310898894000005,52.405819051600005,52.4176840713,52.427176087060005,52.429549091000005
ALL_REPRESENTATIVE_TENURE,525,2,52.394667092000006,52.398778333600006,52.3992922388,52.39970336296,52.399806144
ALL_REPRESENTATIVE_TENURE,526,2,52.5057565275,52.5100215927,52.51055472585,52.51098123237,52.511087859
ALL_REPRESENTATIVE_TENURE,528,3,52.690265287,52.809228727000004,52.824099157,52.835995501,52.838969587
ALL_REPRESENTATIVE_TENURE,529,2,52.794580409000005,52.798572692200004,52.7990717276,52.79947095592001,52.799570763000006
ALL_REPRESENTATIVE_TENURE,530,3,52.889930725000006,52.898329853,52.899379744,52.900219656800004,52.900429635
ALL_REPRESENTATIVE_TENURE,532,3,53.090542771,53.1215274758,53.1254005639,53.12849903438,53.129273652
ALL_REPRESENTATIVE_TENURE,533,1,53.200098747000006,53.200098747000006,53.200098747000006,53.200098747000006,53.200098747000006
ALL_REPRESENTATIVE_TENURE,534,3,53.290431356000006,53.298332718400005,53.2993203887,53.30011052494,53.300308059
ALL_REPRESENTATIVE_TENURE,535,2,53.4000366625,53.4002992637,53.40033208885001,53.40035834897,53.400364914
ALL_REPRESENTATIVE_TENURE,536,4,53.54066022200001,53.55426966120001,53.5571859696,53.55951901632,53.560102278
ALL_REPRESENTATIVE_TENURE,540,5,53.899780969000005,53.998471511800005,54.0248913754,54.04602726628,54.051311239
ALL_REPRESENTATIVE_TENURE,541,1,53.992220045,53.992220045,53.992220045,53.992220045,53.992220045
ALL_REPRESENTATIVE_TENURE,542,1,54.099739919,54.099739919,54.099739919,54.099739919,54.099739919
ALL_REPRESENTATIVE_TENURE,543,2,54.185439479,54.189467700600005,54.189971228299996,54.190374050459994,54.190474756
ALL_REPRESENTATIVE_TENURE,544,1,54.272020498,54.272020498,54.272020498,54.272020498,54.272020498
ALL_REPRESENTATIVE_TENURE,545,4,54.395159441500006,54.40035611580001,54.4003895139,54.40041623238001,54.400422912
ALL_REPRESENTATIVE_TENURE,546,7,54.490325860000006,54.499951568200004,54.5000490421,54.50012702122,54.500146516
ALL_REPRESENTATIVE_TENURE,547,2,54.6050716705,54.6164437205,54.61786522675,54.619002431750005,54.619286733
ALL_REPRESENTATIVE_TENURE,548,2,54.693872627000005,54.6974916766,54.69794405780001,54.69830596276,54.69839643900001
ALL_REPRESENTATIVE_TENURE,549,4,54.795102304000004,54.800511593,54.800511593,54.800511593,54.800511593
ALL_REPRESENTATIVE_TENURE,550,3,54.879937954000006,54.90378741160001,54.90676859380001,54.90915353956,54.909749776000005
ALL_REPRESENTATIVE_TENURE,551,2,55.0198322455,55.043904937099995,55.04691402355,55.049321292710005,55.04992311
ALL_REPRESENTATIVE_TENURE,552,2,55.0952897625,55.09901523570001,55.09948091985,55.09985346717,55.099946604
ALL_REPRESENTATIVE_TENURE,553,6,55.199183973000004,55.200015103000005,55.200255391000006,55.20044762140001,55.20049567900001
ALL_REPRESENTATIVE_TENURE,554,1,55.309923498,55.309923498,55.309923498,55.309923498,55.309923498
ALL_REPRESENTATIVE_TENURE,556,2,55.48899183100001,55.4896741422,55.489759431100005,55.48982766222,55.48984472
ALL_REPRESENTATIVE_TENURE,557,1,55.591769144000004,55.591769144000004,55.591769144000004,55.591769144000004,55.591769144000004
ALL_REPRESENTATIVE_TENURE,558,3,55.69061914500001,55.697676421800004,55.6985585814,55.69926430908,55.699440741000004
ALL_REPRESENTATIVE_TENURE,559,1,55.809945314000004,55.809945314000004,55.809945314000004,55.809945314000004,55.809945314000004
ALL_REPRESENTATIVE_TENURE,561,2,56.084683001,56.1525068506,56.16098483180001,56.167767216760005,56.169462813
ALL_REPRESENTATIVE_TENURE,562,1,56.089211432000006,56.089211432000006,56.089211432000006,56.089211432000006,56.089211432000006
ALL_REPRESENTATIVE_TENURE,563,4,56.19878950500001,56.20013586430001,56.20027451215,56.20038543043,56.200413160000004
ALL_REPRESENTATIVE_TENURE,564,1,56.149714207,56.149714207,56.149714207,56.149714207,56.149714207
ALL_REPRESENTATIVE_TENURE,565,4,56.395781883,56.4278472307,56.433891431350006,56.438726791869996,56.439935632
ALL_REPRESENTATIVE_TENURE,566,3,56.498217777,56.499806263400004,56.500004824200005,56.50016367284001,56.500203385000006
ALL_REPRESENTATIVE_TENURE,567,4,56.59607453150001,56.60007916850001,56.60010356075,56.600123074550005,56.600127953000005
ALL_REPRESENTATIVE_TENURE,568,1,56.692869810000005,56.692869810000005,56.692869810000005,56.692869810000005,56.692869810000005
ALL_REPRESENTATIVE_TENURE,569,3,56.759222935000004,56.7920527406,56.796156466300005,56.799439446860006,56.800260192
ALL_REPRESENTATIVE_TENURE,570,2,56.900054488,56.9001689784,56.9001832897,56.900194738740005,56.900197601
ALL_REPRESENTATIVE_TENURE,571,3,57.009738554,57.00996663800001,57.00999514850001,57.01001795690001,57.010023659000005
ALL_REPRESENTATIVE_TENURE,572,3,57.109554708000005,57.110262868,57.110351388,57.110422204,57.110439908000004
ALL_REPRESENTATIVE_TENURE,573,4,57.1851239115,57.1963946031,57.19786779255,57.19904634411,57.199340982
ALL_REPRESENTATIVE_TENURE,574,4,57.304933433500004,57.30980072740001,57.309847020700005,57.30988405534001,57.30989331400001
ALL_REPRESENTATIVE_TENURE,575,3,57.398277771000004,57.40793331260001,57.4091402553,57.410105809460006,57.410347198000004
ALL_REPRESENTATIVE_TENURE,576,1,57.500319074000004,57.500319074000004,57.500319074000004,57.500319074000004,57.500319074000004
ALL_REPRESENTATIVE_TENURE,578,1,57.70003036000001,57.70003036000001,57.70003036000001,57.70003036000001,57.70003036000001
ALL_REPRESENTATIVE_TENURE,579,2,57.795250106500006,57.799046326900005,57.79952085445001,57.79990047649001,57.799995382000006
ALL_REPRESENTATIVE_TENURE,580,2,57.900084732,57.9001525912,57.9001610736,57.900167859519996,57.900169556
ALL_REPRESENTATIVE_TENURE,581,2,57.9878143365,57.9892992313,57.98948484315,57.98963333263,57.989670455
ALL_REPRESENTATIVE_TENURE,582,3,58.09021185900001,58.10666702380001,58.108723919400006,58.11036943588,58.110780815000005
ALL_REPRESENTATIVE_TENURE,584,1,58.299017933,58.299017933,58.299017933,58.299017933,58.299017933
ALL_REPRESENTATIVE_TENURE,585,3,58.400374310000004,58.4081053932,58.40907177860001,58.40984488692001,58.41003816400001
ALL_REPRESENTATIVE_TENURE,586,3,58.500082732,58.55559351920001,58.5625323676,58.56808344632,58.569471216000004
ALL_REPRESENTATIVE_TENURE,587,1,58.60850241200001,58.60850241200001,58.60850241200001,58.60850241200001,58.60850241200001
ALL_REPRESENTATIVE_TENURE,588,1,58.690730581000004,58.690730581000004,58.690730581000004,58.690730581000004,58.690730581000004
ALL_REPRESENTATIVE_TENURE,589,3,58.790297463,58.790567834200004,58.79060163060001,58.79062866772001,58.790635427000005
ALL_REPRESENTATIVE_TENURE,590,1,58.911032393000006,58.911032393000006,58.911032393000006,58.911032393000006,58.911032393000006
ALL_REPRESENTATIVE_TENURE,591,2,58.985194884500004,59.0054702305,59.00800464875,59.010032183350006,59.010539067
ALL_REPRESENTATIVE_TENURE,592,2,59.1299073335,59.137807581100006,59.138795112050005,59.139585136810005,59.139782643000004
ALL_REPRESENTATIVE_TENURE,593,1,59.180724690000005,59.180724690000005,59.180724690000005,59.180724690000005,59.180724690000005
ALL_REPRESENTATIVE_TENURE,595,2,59.3934701565,59.3984696641,59.39909460255001,59.39959455331001,59.399719541
ALL_REPRESENTATIVE_TENURE,596,1,59.48207217,59.48207217,59.48207217,59.48207217,59.48207217
ALL_REPRESENTATIVE_TENURE,597,2,59.5999790225,59.600399240499996,59.60045176775,59.60049378955,59.600504295
ALL_REPRESENTATIVE_TENURE,598,5,59.699233500000005,59.788166354000005,59.788166354000005,59.788166354000005,59.788166354000005
ALL_REPRESENTATIVE_TENURE,599,122,59.799267421,59.829817195000004,59.86920259845,59.99339829199,60.010339691000006
ALL_REPRESENTATIVE_TENURE,600,405,59.89959892900001,59.920147978200006,59.940596697000004,60.07209328856,60.109832447
ALL_REPRESENTATIVE_TENURE,617,1,61.709657969000006,61.709657969000006,61.709657969000006,61.709657969000006,61.709657969000006
ALL_REPRESENTATIVE_TENURE,618,1,61.790611447,61.790611447,61.790611447,61.790611447,61.790611447
STABLE_MEMBERSHIP,1,195845,0.0,0.0,0.0,0.0,0.0
STABLE_MEMBERSHIP,2,159184,0.100002901,0.100838092,0.10140601155000001,0.10988024495000003,0.500494858
STABLE_MEMBERSHIP,3,60608,0.1999931895,0.20103712850000002,0.20190818515,0.209986467,0.59968036
STABLE_MEMBERSHIP,4,42292,0.2999973225,0.3012001466,0.30206597405,0.30994961194000004,0.400374969
STABLE_MEMBERSHIP,5,32274,0.399998183,0.40124909810000003,0.40210853580000006,0.40983992277000003,0.800291415
STABLE_MEMBERSHIP,6,24946,0.5000020535,0.501230095,0.50215503825,0.50988503845,0.900537845
STABLE_MEMBERSHIP,7,20034,0.599987177,0.6012506324000001,0.6021181224500001,0.60996211416,0.6208707840000001
STABLE_MEMBERSHIP,8,16783,0.699985886,0.7012254270000001,0.7021550054,0.70993135552,0.72170202
STABLE_MEMBERSHIP,9,14218,0.7999866955,0.8012267407000001,0.8021135008,0.80990988852,0.830456237
STABLE_MEMBERSHIP,10,12294,0.9000006545000001,0.9012513025000002,0.9021550615,0.9099963048100002,1.000092712
STABLE_MEMBERSHIP,11,10722,0.9999704330000001,1.0012299550000001,1.0021086487500002,1.0100195697,1.2992317910000002
STABLE_MEMBERSHIP,12,9412,1.099969892,1.1012620981000003,1.1023692717,1.11023633212,1.500464947
STABLE_MEMBERSHIP,13,8538,1.1999920295000002,1.2013338011,1.2022144583,1.2101409701699999,1.2319912860000002
STABLE_MEMBERSHIP,14,7573,1.299990199,1.3013169934000002,1.3023681196,1.3102065676,1.700591269
STABLE_MEMBERSHIP,15,6922,1.399996543,1.4010441609000002,1.40210943785,1.41029075992,1.4395746390000002
STABLE_MEMBERSHIP,16,6297,1.500012085,1.500975803,1.5019464114,1.5102546096800002,1.79941769
STABLE_MEMBERSHIP,17,5735,1.599987838,1.6007837724000002,1.6014187673,1.6102047963400001,1.6403275880000001
STABLE_MEMBERSHIP,18,5503,1.6999941650000001,1.7009911394000001,1.7021099712999999,1.71046992876,2.1005462870000002
STABLE_MEMBERSHIP,19,5005,1.799963309,1.8011055142,1.8023896934000003,1.8106018442000003,1.9007880760000002
STABLE_MEMBERSHIP,20,4631,1.8999458660000001,1.9013080670000002,1.9027007935000002,1.9104339369,2.199210329
STABLE_MEMBERSHIP,21,4256,1.9999904345000001,2.0014663615000003,2.00254901125,2.01049353995,2.0992747080000003
STABLE_MEMBERSHIP,22,3906,2.1000061580000002,2.101619317,2.10832090025,2.1108263622,2.200861883
STABLE_MEMBERSHIP,23,3765,2.1999917780000002,2.2015542344,2.2078312896,2.2106478774000005,2.259412525
STABLE_MEMBERSHIP,24,3421,2.299983772,2.3013793170000003,2.3028431040000004,2.3105502632,2.360145508
STABLE_MEMBERSHIP,25,3278,2.4000013855,2.4014333221,2.4077694081,2.41075774997,2.499324331
STABLE_MEMBERSHIP,26,3021,2.499962521,2.501435878,2.5076032390000003,2.5107620978,2.579337159
STABLE_MEMBERSHIP,27,2784,2.5999724915,2.6015170043,2.6081973946500003,2.6108982696500003,2.6802995970000003
STABLE_MEMBERSHIP,28,2628,2.6999880980000004,2.7016142255,2.7084761383500005,2.7117464686300004,2.799733123
STABLE_MEMBERSHIP,29,2604,2.799995023,2.8013471746,2.8028595528,2.81102943479,2.899859551
STABLE_MEMBERSHIP,30,2296,2.9000111540000004,2.9015445605,2.908310174,2.9191260693000003,2.9700551490000002
STABLE_MEMBERSHIP,31,2220,3.0000075710000003,3.001511958,3.0088810135000004,3.01122872474,3.079967625
STABLE_MEMBERSHIP,32,2092,3.1000088425000003,3.1012015961,3.10925609015,3.1201751888300002,3.2006491410000004
STABLE_MEMBERSHIP,33,2028,3.1999815115,3.2008486961000004,3.20209516595,3.21330667384,3.2708674920000003
STABLE_MEMBERSHIP,34,1845,3.2999650390000004,3.3010532360000004,3.3088597216,3.31972825288,3.3992338870000003
STABLE_MEMBERSHIP,35,1746,3.3999873155,3.401287707,3.4078998005,3.4201117909,3.499812136
STABLE_MEMBERSHIP,36,1623,3.4999585200000003,3.5017248142,3.5089791561,3.5114029538200002,3.9006935030000003
STABLE_MEMBERSHIP,37,1611,3.599993609,3.601762212,3.609063952,3.6114898771000004,3.70027987
STABLE_MEMBERSHIP,38,1521,3.699937524,3.7015757440000003,3.70838466,3.7108851804,3.7877986010000004
STABLE_MEMBERSHIP,39,1406,3.7999594435,3.8015844825,3.8083839172500005,3.8113926262500004,3.8801950510000003
STABLE_MEMBERSHIP,40,1279,3.899991071,3.9016220812,3.9085825529,3.9185230738,4.020901119
STABLE_MEMBERSHIP,41,1258,3.999964616,4.001794263100001,4.0091948264,4.01986141088,4.279630989
STABLE_MEMBERSHIP,42,1210,4.099988941,4.1024344222,4.10984238685,4.1208319251,4.210605124000001
STABLE_MEMBERSHIP,43,1073,4.199984023,4.2016472616,4.2080606298,4.21180044916,4.279953302
STABLE_MEMBERSHIP,44,1081,4.299978899,4.301869392,4.309767242,4.321374571200001,4.390314286000001
STABLE_MEMBERSHIP,45,964,4.399969513,4.4019436009,4.40947378335,4.4242385874500005,4.800588309
STABLE_MEMBERSHIP,46,973,4.499941729000001,4.501613410000001,4.5089999118,4.51971814052,4.580208626
STABLE_MEMBERSHIP,47,846,4.599987781,4.6013972365,4.6093669465,4.6110387192,4.660380977
STABLE_MEMBERSHIP,48,882,4.69991488,4.701203520600001,4.7096778203000005,4.7286253366899995,4.828922449
STABLE_MEMBERSHIP,49,772,4.7999385255,4.80115301,4.80956851775,4.8229233228599995,4.900035321000001
STABLE_MEMBERSHIP,50,719,4.900012901,4.901401503400001,4.9097649268,4.920697107880001,4.950413109
STABLE_MEMBERSHIP,51,625,4.999991802,5.0016121702000005,5.0096009128,5.01139681812,5.049309666
STABLE_MEMBERSHIP,52,589,5.099924651,5.101470305,5.1097070246000005,5.130116897800001,5.191001172
STABLE_MEMBERSHIP,53,522,5.199923937,5.201736154600001,5.2093822385,5.22174539311,5.310293774000001
STABLE_MEMBERSHIP,54,438,5.2999963260000005,5.3017303343,5.309266779300001,5.33758717913,5.399609773000001
STABLE_MEMBERSHIP,55,410,5.3999778405,5.402192897900001,5.4094853593,5.411402735630001,5.41288648
STABLE_MEMBERSHIP,56,405,5.499899153,5.501644647000001,5.5088688656,5.520114814479999,5.649092991000001
STABLE_MEMBERSHIP,57,340,5.599876024,5.6014907268,5.60977701425,5.611478558210001,5.708286431
STABLE_MEMBERSHIP,58,348,5.6998929275000005,5.7014954728000005,5.709361279700001,5.71082513628,5.720705097000001
STABLE_MEMBERSHIP,59,291,5.799997545,5.80128469,5.802437047000001,5.810154357500001,5.860950112
STABLE_MEMBERSHIP,60,310,5.899891759000001,5.901638649000001,5.9093778254,5.9385650431500006,5.980824449
STABLE_MEMBERSHIP,61,297,5.999982864000001,6.0019847382,6.0094868706,6.011453841680001,6.099690777
STABLE_MEMBERSHIP,62,253,6.099909858,6.1014410288,6.1080301482,6.11033517184,6.112074514000001
STABLE_MEMBERSHIP,63,250,6.1999760230000005,6.2014703743,6.2092319944000005,6.21640945956,6.2706769410000005
STABLE_MEMBERSHIP,64,244,6.299833228500001,6.3009823357000005,6.3094396149000005,6.31094886194,6.361906579
STABLE_MEMBERSHIP,65,246,6.399978987500001,6.400811006500001,6.40206710825,6.410473027950001,6.451083552
STABLE_MEMBERSHIP,66,216,6.499815589500001,6.5020670005,6.51025358125,6.51828672465,6.599476506
STABLE_MEMBERSHIP,67,233,6.599866873000001,6.6019351974000005,6.6098908508,6.63314237612,6.699662451
STABLE_MEMBERSHIP,68,195,6.69995531,6.701803270000001,6.709642648800001,6.75055873466,6.8199114000000005
STABLE_MEMBERSHIP,69,183,6.799780920000001,6.8007105434,6.802645853800001,6.810382440560001,6.810682328
STABLE_MEMBERSHIP,70,181,6.900011723,6.907165269,6.909936251,6.9107270182,6.950343923
STABLE_MEMBERSHIP,71,173,6.9999441440000005,7.0021639252000005,7.0096075642,7.032624555160001,7.05018659
STABLE_MEMBERSHIP,72,165,7.099871764,7.105921928800001,7.1100001694,7.11803214792,7.149104214
STABLE_MEMBERSHIP,73,156,7.199892373500001,7.201239300500001,7.202109438750001,7.21129776115,7.239681855000001
STABLE_MEMBERSHIP,74,140,7.2997898345,7.301667331000001,7.308137920900001,7.317381157970001,7.3301914880000005
STABLE_MEMBERSHIP,75,141,7.3997929440000005,7.401114894000001,7.408352538000001,7.410540425800001,7.410762658
STABLE_MEMBERSHIP,76,125,7.499957653,7.5022861160000005,7.5097595946,7.510619997200001,7.519888208
STABLE_MEMBERSHIP,77,131,7.5997455920000005,7.602245967000001,7.610174117500001,7.697339084599999,8.009988506000001
STABLE_MEMBERSHIP,78,139,7.699952363,7.7020541434,7.7104619145,7.719712148540001,7.749729138
STABLE_MEMBERSHIP,79,116,7.799983900500001,7.8011202265,7.808370461500001,7.8106947973,7.811007103000001
STABLE_MEMBERSHIP,80,104,7.899898754500001,7.9013957665,7.9026540878,7.910382016060001,7.94153203
STABLE_MEMBERSHIP,81,128,7.999940910500001,8.0006737911,8.0088360867,8.01038022916,8.01120075
STABLE_MEMBERSHIP,82,93,8.100079412000001,8.1021582928,8.1096823978,8.152649054320001,8.180075293
STABLE_MEMBERSHIP,83,106,8.199955835,8.2013525875,8.209445714500001,8.239844937800001,8.249034332
STABLE_MEMBERSHIP,84,99,8.299875393,8.301237674200001,8.310432328,8.377878969080001,8.710485632000001
STABLE_MEMBERSHIP,85,97,8.399753069,8.4010027308,8.409988942000002,8.47039255284,8.499989205
STABLE_MEMBERSHIP,86,87,8.499844815000001,8.501074608200001,8.5021059918,8.51544417194,8.539469279
STABLE_MEMBERSHIP,87,91,8.599975910000001,8.601816041000001,8.608394673500001,8.612970763100002,8.630637674
STABLE_MEMBERSHIP,88,113,8.699975938,8.7018422534,8.710134344800002,8.77195708448,8.799480075
STABLE_MEMBERSHIP,89,93,8.799922731,8.8095333088,8.810178912800001,8.829545763359999,8.940319713000001
STABLE_MEMBERSHIP,90,94,8.8998826525,8.9021124563,8.909429365800001,8.93226378198,8.949041181
STABLE_MEMBERSHIP,91,72,8.999674928000001,9.000988341900001,9.001853683,9.08533316626,9.099939353
STABLE_MEMBERSHIP,92,98,9.100082118,9.1040049814,9.11056962075,9.228798629720002,9.510468029
STABLE_MEMBERSHIP,93,92,9.200047452,9.2095010423,9.209992589600002,9.211147729290001,9.211941596
STABLE_MEMBERSHIP,94,85,9.299856512,9.301953792800001,9.309359446600002,9.32004498456,9.321181455000001
STABLE_MEMBERSHIP,95,79,9.40000914,9.4099754874,9.4126136013,9.4435084443,9.460686864000001
STABLE_MEMBERSHIP,96,78,9.499818958,9.501209834,9.502974187900001,9.510218617380001,9.510302013
STABLE_MEMBERSHIP,97,101,9.599960015,9.609158054,9.610054660000001,9.610190737,9.611793334000001
STABLE_MEMBERSHIP,98,56,9.699917733500001,9.7047656795,9.7121283435,9.743577721450002,9.769967690000001
STABLE_MEMBERSHIP,99,73,9.799907673,9.801001279600001,9.804596402,9.81305686624,9.819894262
STABLE_MEMBERSHIP,100,72,9.899826881,9.901540598,9.90984810185,9.91080263829,9.911627872
STABLE_MEMBERSHIP,101,67,9.999983277,10.0022803222,10.010515338800001,10.018111342060001,10.031335603
STABLE_MEMBERSHIP,102,62,10.099930519499999,10.101605830800002,10.1097649935,10.13341887614,10.169765498
STABLE_MEMBERSHIP,103,65,10.199918626,10.2011763346,10.2019845386,10.210448129640001,10.210700113000001
STABLE_MEMBERSHIP,104,57,10.300154841000001,10.305629506599999,10.310803230600001,10.314831514200002,10.319740925000001
STABLE_MEMBERSHIP,105,65,10.400015126000001,10.4099243862,10.4103022236,10.43071726468,10.450252601
STABLE_MEMBERSHIP,106,53,10.499916,10.501982962,10.509499094799999,10.5827650294,10.660107739
STABLE_MEMBERSHIP,107,52,10.600067617,10.607275061000001,10.6093479665,10.61988661026,10.620059232000001
STABLE_MEMBERSHIP,108,58,10.6999191625,10.7015727085,10.71009055365,10.728479782940001,10.749977423
STABLE_MEMBERSHIP,109,52,10.7999680545,10.808279368600001,10.8094572059,10.88745513551,10.959856265
STABLE_MEMBERSHIP,110,58,10.900161482000001,10.904040355700001,10.909949701,11.08796988365,11.309938631000001
STABLE_MEMBERSHIP,111,57,10.999999782000002,11.004335672600002,11.009805630600003,11.045630364680001,11.090567535
STABLE_MEMBERSHIP,112,63,11.099998241000002,11.1011175166,11.110196258800002,11.113940984800001,11.117893522000001
STABLE_MEMBERSHIP,113,46,11.199445772499999,11.2022650965,11.210043270500002,11.21662630335,11.221461534000001
STABLE_MEMBERSHIP,114,44,11.300088646,11.3021616859,11.3103228738,11.361318282860001,11.399659834000001
STABLE_MEMBERSHIP,115,48,11.3999785655,11.4010520884,11.410031686300002,11.500285576620001,11.580159564
STABLE_MEMBERSHIP,116,54,11.500172322000001,11.5023898741,11.5093577623,11.510287630530001,11.510404601000001
STABLE_MEMBERSHIP,117,46,11.600041844000001,11.602223449500002,11.6095438535,11.610029044450002,11.610184951
STABLE_MEMBERSHIP,118,43,11.699964916,11.7079201186,11.7102830902,11.71948233206,11.71957757
STABLE_MEMBERSHIP,119,40,11.79986396,11.802962892700002,11.810014181550002,11.81649000556,11.820043177
STABLE_MEMBERSHIP,120,50,11.899942084500001,11.903229927200002,11.9095156335,11.92521023342,11.929350558000001
STABLE_MEMBERSHIP,121,38,11.999905054000001,12.0013040873,12.00310314375,12.029703573350002,12.040087344000002
STABLE_MEMBERSHIP,122,50,12.099911332000001,12.110332488000001,12.11509127175,12.190524411450001,12.200786626000001
STABLE_MEMBERSHIP,123,32,12.200068240500002,12.208697975200002,12.21106900965,12.486936250590002,12.610103811
STABLE_MEMBERSHIP,124,51,12.299978893,12.310352468000001,12.310989795000001,12.320565833500002,12.321305818
STABLE_MEMBERSHIP,125,46,12.399902818000001,12.400618742,12.401783032250002,12.406616022000001,12.409849101
STABLE_MEMBERSHIP,126,39,12.500149144000002,12.5096768326,12.510175556400002,12.511102085440001,12.511325606000002
STABLE_MEMBERSHIP,127,53,12.600146294,12.606680789800002,12.609814153800002,12.6963492854,12.789467066
STABLE_MEMBERSHIP,128,39,12.699583421000002,12.703171708800001,12.7202375744,12.744694739940002,12.759553666
STABLE_MEMBERSHIP,129,36,12.799879876000002,12.8010130325,12.809331956,12.810598512950001,12.810724661
STABLE_MEMBERSHIP,130,43,12.899989939000001,12.908247229,12.910031170200002,12.91041974314,12.910636519
STABLE_MEMBERSHIP,131,39,12.999703590000001,13.001767143200002,13.0100790875,13.016262685960001,13.020036507
STABLE_MEMBERSHIP,132,43,13.099471143,13.1092935562,13.120618972900001,13.1631406487,13.179834038000001
STABLE_MEMBERSHIP,133,39,13.199731225,13.202627115,13.210813494400002,13.250688138980001,13.269589578000001
STABLE_MEMBERSHIP,134,35,13.300099899000001,13.310549185200001,13.314238066800002,13.35293331442,13.369398796
STABLE_MEMBERSHIP,135,35,13.399594205000001,13.401076685,13.4041559829,13.40998264232,13.410297908
STABLE_MEMBERSHIP,136,34,13.4998235725,13.500627357,13.508388278900002,13.52265375982,13.529290966000001
STABLE_MEMBERSHIP,137,39,13.600279376000001,13.6101326836,13.6103159603,13.647453153579999,13.670148657
STABLE_MEMBERSHIP,138,35,13.69971188,13.710339011400002,13.7107017638,13.71857582006,13.722559257
STABLE_MEMBERSHIP,139,38,13.7997555235,13.802150529799999,13.811179016850001,13.88112453998,13.910808843000002
STABLE_MEMBERSHIP,140,37,13.899974573000001,13.905265612400001,13.921287323200001,13.95527206544,13.969776158
STABLE_MEMBERSHIP,141,29,13.99988532,14.003136914200002,14.1352308764,14.356598192080002,14.410209341000002
STABLE_MEMBERSHIP,142,30,14.099807718500001,14.100471681700002,14.100601752350002,14.101054331920002,14.101224867
STABLE_MEMBERSHIP,143,30,14.200185607000002,14.209374139400001,14.210160657700001,14.22417662808,14.229778340000001
STABLE_MEMBERSHIP,144,37,14.299877271000001,14.3098310978,14.3123721822,14.36553051852,14.391458841
STABLE_MEMBERSHIP,145,39,14.399792405000001,14.408050973000002,14.411153618200002,14.419812152639999,14.419878623
STABLE_MEMBERSHIP,146,31,14.499632837,14.500560720000001,14.5015249255,14.5081415452,14.510630029000001
STABLE_MEMBERSHIP,147,31,14.599855191000001,14.601263478000002,14.614588544500002,14.753244735200001,14.810639717
STABLE_MEMBERSHIP,148,33,14.699635787,14.7001456832,14.704373763200001,14.72975997192,14.738754922
STABLE_MEMBERSHIP,149,36,14.799813759000001,14.8025537565,14.80995771825,14.816479724050001,14.819988347
STABLE_MEMBERSHIP,150,40,14.899953919000001,14.9010172925,14.909635750800001,14.970831500800001,15.009754702
STABLE_MEMBERSHIP,151,33,14.999787354,15.0015855426,15.009975599200002,15.017961467720001,15.021468021
STABLE_MEMBERSHIP,152,29,15.099883222,15.109961039800002,15.115786958600001,15.119510819240002,15.119555589
STABLE_MEMBERSHIP,153,29,15.200157390000001,15.2102015806,15.216472595800003,15.33554405444,15.380426872000001
STABLE_MEMBERSHIP,154,28,15.299812768,15.304068527600002,15.3089482142,15.31566934553,15.318153632000001
STABLE_MEMBERSHIP,155,35,15.400191713000002,15.409778467000002,15.410307761600002,15.429909348880003,15.439865201000002
STABLE_MEMBERSHIP,156,24,15.499593149,15.501539557300003,15.5073692992,15.509429694849999,15.509763265
STABLE_MEMBERSHIP,157,37,15.599793378000001,15.6006027966,15.6091125642,15.61048428916,15.610832785000001
STABLE_MEMBERSHIP,158,24,15.699845193500002,15.710787313,15.718192176250001,15.72847781818,15.731160730000001
STABLE_MEMBERSHIP,159,30,15.800169059000002,15.8099631155,15.81038879275,15.824639928540002,15.830410283
STABLE_MEMBERSHIP,160,29,15.899576076,15.910274166200002,15.916905019600001,15.92739400416,15.929925814
STABLE_MEMBERSHIP,161,35,15.999666491000001,16.0067024074,16.009993508,16.069407937199998,16.099974301
STABLE_MEMBERSHIP,162,28,16.0993203325,16.1037868581,16.11042338955,16.12480183908,16.130111496
STABLE_MEMBERSHIP,163,22,16.1997449525,16.2095435786,16.209892604100002,16.21811453714,16.220295863
STABLE_MEMBERSHIP,164,31,16.299729421000002,16.300669144,16.30527641,16.310322125600003,16.310677010000003
STABLE_MEMBERSHIP,165,26,16.3997937335,16.409481644000003,16.424610169,16.43013343625,16.430318435
STABLE_MEMBERSHIP,166,31,16.500019159,16.51018427,16.5173892645,16.542420699799997,16.55059949
STABLE_MEMBERSHIP,167,22,16.599868595500002,16.6067541855,16.61036107545,16.9340362957,17.020032814
STABLE_MEMBERSHIP,168,25,16.699896808000002,16.706509097199998,16.7100008896,16.71065867528,16.710852722000002
STABLE_MEMBERSHIP,169,24,16.800137718500004,16.807562451899997,16.80986541405,16.84019768164,16.849241795
STABLE_MEMBERSHIP,170,21,16.899718222,16.908446554,16.909879483,16.9101776806,16.91025223
STABLE_MEMBERSHIP,171,23,16.999779895,17.0025960928,17.0100391804,17.025946290660002,17.030205809
STABLE_MEMBERSHIP,172,23,17.100145818,17.1076980308,17.1630015544,17.4428325671,17.520074049
STABLE_MEMBERSHIP,173,21,17.199662618,17.210664561,17.210969891,17.258260950200004,17.270083715000002
STABLE_MEMBERSHIP,174,19,17.299786866,17.300774523,17.3011972267,17.30189029654,17.302063564
STABLE_MEMBERSHIP,175,26,17.3998782355,17.4010536375,17.401466120250003,17.408235098000002,17.410482338
STABLE_MEMBERSHIP,176,20,17.4999693835,17.5096253449,17.510074083350002,17.51055246307,17.510672058
STABLE_MEMBERSHIP,177,30,17.599785770000004,17.601422579500003,17.60550331055,17.64476571246,17.65952266
STABLE_MEMBERSHIP,178,23,17.699785138000003,17.7341908378,18.0820446696,18.120036373,18.120036373
STABLE_MEMBERSHIP,179,15,17.799872431,17.800591015400002,17.8363121924,17.90277361848,17.919388975
STABLE_MEMBERSHIP,180,27,17.899740002,17.909010819600002,17.919965183900004,18.216316990499998,18.32037304
STABLE_MEMBERSHIP,181,18,17.999998982,18.009331275100003,18.0098146531,18.01024315782,18.010350284
STABLE_MEMBERSHIP,182,20,18.099846194,18.111558269,18.1403106126,18.44437923452,18.520396390000002
STABLE_MEMBERSHIP,183,21,18.199290888,18.208350546000002,18.419682721,18.574171301,18.612793446
STABLE_MEMBERSHIP,184,24,18.299786196,18.300850516700002,18.3011381899,18.315201355090004,18.319396306
STABLE_MEMBERSHIP,185,17,18.39998521,18.423028076,18.4443266194,18.45657844148,18.459641397000002
STABLE_MEMBERSHIP,186,29,18.500049179,18.501183741200002,18.5023210712,18.51522920976,18.520224958
STABLE_MEMBERSHIP,187,20,18.599719068,18.6030595482,18.61024890925,18.61779352425,18.619679678
STABLE_MEMBERSHIP,188,20,18.699634678000002,18.7081520605,18.714581506000002,18.7996201252,18.820879780000002
STABLE_MEMBERSHIP,189,34,18.799555914000003,18.8007758403,18.80112321525,18.927997008240002,18.990346836
STABLE_MEMBERSHIP,190,21,18.890489076,18.899960178,18.900949952,18.907886052,18.909620077
STABLE_MEMBERSHIP,191,19,18.99969553,19.00030549,19.0003620009,19.00043543298,19.000453791
STABLE_MEMBERSHIP,192,23,19.100029382000002,19.1012420158,19.1089149527,19.13265991012,19.139119342
STABLE_MEMBERSHIP,193,15,19.199392041000003,19.200617684,19.2064797206,19.21731662892,19.220025856
STABLE_MEMBERSHIP,194,20,19.299889181,19.3099036403,19.317901468200002,19.43915377124,19.469466847
STABLE_MEMBERSHIP,195,20,19.399787136500002,19.401861289800003,19.41031346335,19.41037442067,19.41038966
STABLE_MEMBERSHIP,196,20,19.500018095,19.5109791152,19.528356466000005,19.6489735124,19.679127774
STABLE_MEMBERSHIP,197,16,19.5998846615,19.601404992000003,19.604011000250004,19.60948501925,19.610853524
STABLE_MEMBERSHIP,198,14,19.699853592,19.706089865800003,19.70939871275,19.71076602415,19.711107852
STABLE_MEMBERSHIP,199,19,19.800394094,19.808313132000002,19.815688017400003,19.859413713880002,19.870345138
STABLE_MEMBERSHIP,200,19,19.899062424,19.9034487394,19.912061108800003,19.927121980960003,19.930887199
STABLE_MEMBERSHIP,201,16,20.000055912500002,20.0053673345,20.011973494000003,20.0169808972,20.018232748000003
STABLE_MEMBERSHIP,202,13,20.10020468,20.118290774000002,20.1322259172,20.14652538024,20.150100246
STABLE_MEMBERSHIP,203,20,20.1998065075,20.210387462000003,20.2115818,20.2260943952,20.229722544
STABLE_MEMBERSHIP,204,11,20.299984511,20.301327481,20.305074740500004,20.308072548100004,20.308822000000003
STABLE_MEMBERSHIP,205,21,20.399879462,20.419911064,20.439932979,20.744395552600004,20.820511196
STABLE_MEMBERSHIP,206,13,20.499553461,20.5097941562,20.5143490464,20.519178062880002,20.520385317000002
STABLE_MEMBERSHIP,207,13,20.598174312,20.6004471448,20.6043998036,20.608995884720002,20.610144905000002
STABLE_MEMBERSHIP,208,18,20.699048472500003,20.7032895418,20.7095711218,20.71032259796,20.710510467000002
STABLE_MEMBERSHIP,209,28,20.8001809225,20.813156824200004,20.83949756075,21.11989770977,21.219783548000002
STABLE_MEMBERSHIP,210,17,20.898455149,20.929647685,21.0313277602,21.26326119124,21.321244549000003
STABLE_MEMBERSHIP,211,16,20.9994548975,21.010178836,21.022384670750004,21.02822598215,21.029686310000002
STABLE_MEMBERSHIP,212,13,21.099955905,21.135909775400002,21.152201443800003,21.167209803960002,21.170961894
STABLE_MEMBERSHIP,213,24,21.199521074000003,21.207086990500002,21.2092346389,21.209813176100003,21.209985798
STABLE_MEMBERSHIP,214,21,21.29976959,21.30839556,21.310263334000002,21.3899537892,21.409876403000002
STABLE_MEMBERSHIP,215,12,21.4001065075,21.400391066800005,21.404880107350003,21.40925061107,21.410343237000003
STABLE_MEMBERSHIP,216,11,21.500318314,21.509837072,21.555356704,21.5917724096,21.600876336000002
STABLE_MEMBERSHIP,217,17,21.598202837000002,21.601331303600002,21.605484617600002,21.616800312320002,21.619629236
STABLE_MEMBERSHIP,218,16,21.700023265,21.720260515,21.744734469500003,21.779775769100002,21.788536094
STABLE_MEMBERSHIP,219,14,21.800155813000003,21.807581751700003,21.80987176165,21.81006175873,21.810109258
STABLE_MEMBERSHIP,220,18,21.8997079385,21.9037689679,21.930282692250003,22.023645002450003,22.04698558
STABLE_MEMBERSHIP,221,17,22.000064264000002,22.0045811532,22.009027594400003,22.01036981328,22.010705368
STABLE_MEMBERSHIP,222,12,22.0998135025,22.2364444377,22.3719776848,22.49077185216,22.520470394
STABLE_MEMBERSHIP,223,17,22.200107939000002,22.2133941306,22.2272419994,22.25350212228,22.260067153
STABLE_MEMBERSHIP,224,17,22.299663986000002,22.304709085400003,22.315115600800002,22.327331699360006,22.330385724000003
STABLE_MEMBERSHIP,225,12,22.400166649,22.4114098683,22.43362383945,22.455145823890003,22.460526320000003
STABLE_MEMBERSHIP,226,16,22.499854165000002,22.5006081235,22.505321054750002,22.516531674950002,22.519334330000003
STABLE_MEMBERSHIP,227,12,22.595530648,22.6006762313,22.6010874044,22.601433073680003,22.601519491
STABLE_MEMBERSHIP,228,17,22.699701219,22.708100518000002,22.799536886600002,23.056365902920003,23.120573157000003
STABLE_MEMBERSHIP,229,17,22.800111296,22.800937076400004,22.8028571794,22.80886151988,22.810362605
STABLE_MEMBERSHIP,230,11,22.899905128,22.901497112,22.910408942000004,22.917538406000002,22.919320772000003
STABLE_MEMBERSHIP,231,18,23.000199252500003,23.0096175533,23.012610715800005,23.02606519036,23.029428809000002
STABLE_MEMBERSHIP,232,14,23.0997499085,23.102004035400004,23.104873245500002,23.1090354555,23.110076008
STABLE_MEMBERSHIP,233,9,23.200444062000003,23.239537899200002,23.2396505656,23.239740698720002,23.239763232
STABLE_MEMBERSHIP,234,11,23.2993136,23.302300932,23.305434597500003,23.3079415299,23.308568263
STABLE_MEMBERSHIP,235,13,23.400160014,23.4013771068,23.4139115918,23.42868341516,23.432376371
STABLE_MEMBERSHIP,236,9,23.500267387,23.540709659,23.560443755,23.5762310318,23.580177851000002
STABLE_MEMBERSHIP,237,15,23.599446288000003,23.600800162800002,23.603137631800003,23.607471900760004,23.608555468000002
STABLE_MEMBERSHIP,238,19,23.700333314,23.7221009482,23.7355349411,23.78631792422,23.79901367
STABLE_MEMBERSHIP,239,20,23.7996640875,23.8025897172,23.809425931950003,23.81040982719,23.810655801000003
STABLE_MEMBERSHIP,240,20,23.900232218,23.919550569900004,23.9213671776,23.94422952192,23.949945108
STABLE_MEMBERSHIP,241,14,23.999863406000003,24.006315682,24.009458988650003,24.010218739330004,24.010408677
STABLE_MEMBERSHIP,242,15,24.09993729,24.106625036400004,24.119257869900004,24.135503779580002,24.139565257
STABLE_MEMBERSHIP,243,10,24.199553090500004,24.210047316000004,24.2100901155,24.210124355100003,24.210132915000003
STABLE_MEMBERSHIP,244,9,24.299636004,24.319970835200003,24.3602996056,24.39256262192,24.400628376
STABLE_MEMBERSHIP,245,10,24.400203177500003,24.413041711700004,24.46143785135,24.50015476307,24.509833991
STABLE_MEMBERSHIP,246,13,24.500300237,24.516308018800004,24.5360458388,24.55508838056,24.559849016
STABLE_MEMBERSHIP,247,7,24.600380025,24.604456765600002,24.6071127823,24.60923759566,24.609768799
STABLE_MEMBERSHIP,248,14,24.699609355,24.705900365900003,24.71228099485,24.71838501017,24.719911014
STABLE_MEMBERSHIP,249,12,24.800459250000003,24.8551995529,24.86441665015,24.86854200523,24.869573344000003
STABLE_MEMBERSHIP,250,15,24.899866826,24.926171211400003,24.936304336800003,24.947285559360004,24.950030865000002
STABLE_MEMBERSHIP,251,14,24.9953000345,25.0075066924,25.03451855515,25.07070098143,25.079746588000003
STABLE_MEMBERSHIP,252,14,25.099552756500003,25.1102120183,25.11032417005,25.110406872410003,25.110427548
STABLE_MEMBERSHIP,253,17,25.199669196000002,25.230143054600003,25.268734306000002,25.292618987600004,25.298590158000003
STABLE_MEMBERSHIP,254,10,25.299881641,25.322896970500004,25.33133257375,25.33808105635,25.339768177
STABLE_MEMBERSHIP,255,14,25.399519589500002,25.400684094600003,25.4076057232,25.417811072640003,25.420362410000003
STABLE_MEMBERSHIP,256,10,25.490987482500003,25.5015939671,25.50612846005,25.50975605441,25.510662953
STABLE_MEMBERSHIP,257,9,25.599321545000002,25.604682208600003,25.612361419800003,25.618504788760003,25.620040631000002
STABLE_MEMBERSHIP,258,9,25.691861141,25.7256012212,25.736593069599998,25.74538654832,25.747584918
STABLE_MEMBERSHIP,259,11,25.800402226000003,25.839998398000002,25.9492824485,26.0367096889,26.058566499
STABLE_MEMBERSHIP,260,10,25.9000773765,25.925928989300004,25.958371506650003,25.984325520530003,25.990814024000002
STABLE_MEMBERSHIP,261,13,25.999883017000002,26.0105337596,26.010808088,26.010808088000005,26.010808088
STABLE_MEMBERSHIP,262,20,26.0993647475,26.1006733253,26.102457087650002,26.108514388730004,26.110028714000002
STABLE_MEMBERSHIP,263,10,26.199847061,26.2621589395,26.271678241750003,26.27929368355,26.281197544
STABLE_MEMBERSHIP,264,11,26.300596712,26.317737743000002,26.323738130500004,26.3285384405,26.329738518000003
STABLE_MEMBERSHIP,265,11,26.399878473,26.409953882,26.420376738999998,26.4287150246,26.430799596
STABLE_MEMBERSHIP,266,9,26.499072182000003,26.5303379652,26.530377877600003,26.53040980752,26.53041779
STABLE_MEMBERSHIP,267,14,26.598817899000004,26.6104371505,26.624453637200006,26.644649975440004,26.649699060000003
STABLE_MEMBERSHIP,268,9,26.698507886,26.744639294600002,26.7772159198,26.803277219960002,26.809792545
STABLE_MEMBERSHIP,269,7,26.799371009,26.8039077914,26.807248252700003,26.80992062174,26.810588714
STABLE_MEMBERSHIP,270,15,26.900310023000003,26.9204388502,26.965522988900002,27.049177016980003,27.070090524
STABLE_MEMBERSHIP,271,10,27.000247528500005,27.0094733358,27.010067402400004,27.010542655680002,27.010661469000002
STABLE_MEMBERSHIP,272,6,27.0896076645,27.104916324,27.107329375000003,27.1092598158,27.109742426
STABLE_MEMBERSHIP,273,12,27.1987666995,27.218365897400002,27.274592006,27.3275889764,27.340838219000002
STABLE_MEMBERSHIP,274,7,27.299901155,27.3097081956,27.3099334158,27.31011359196,27.310158636
STABLE_MEMBERSHIP,275,8,27.3998520885,27.415083850400002,27.432113054200002,27.44573641724,27.449142258000002
STABLE_MEMBERSHIP,276,9,27.500147316000003,27.514314292199998,27.5221691566,27.52845304812,27.530024021000003
STABLE_MEMBERSHIP,277,7,27.599965537000003,27.603698696200002,27.6061063546,27.60803248132,27.608514013
STABLE_MEMBERSHIP,278,9,27.699176424,27.709343324400002,27.709751751200002,27.710078492640005,27.710160178000002
STABLE_MEMBERSHIP,279,9,27.800033534,27.810194167800006,27.810327539400003,27.810434236680003,27.810460911000003
STABLE_MEMBERSHIP,280,10,27.899812408500004,27.903662079500002,27.906519671750004,27.908805745550005,27.909377264000003
STABLE_MEMBERSHIP,281,12,27.999616635000002,28.019304522400002,28.0378708227,28.055103803740003,28.059412049000002
STABLE_MEMBERSHIP,282,5,28.099379652000003,28.0999829068,28.0999936424,28.10000223088,28.100004378
STABLE_MEMBERSHIP,283,11,28.197971749,28.210152776,28.24531294,28.2734410712,28.280473104000002
STABLE_MEMBERSHIP,284,10,28.289059326,28.300461668000004,28.300785051500004,28.301043758300004,28.301108435000003
STABLE_MEMBERSHIP,285,10,28.400257508000003,28.4115530853,28.41551870265,28.418691196530002,28.419484320000002
STABLE_MEMBERSHIP,286,8,28.495048084000004,28.499881318200003,28.4999667931,28.500035173020002,28.500052268
STABLE_MEMBERSHIP,287,6,28.599905355500002,28.600419017500002,28.600607526250002,28.600758333250003,28.600796035000002
STABLE_MEMBERSHIP,288,6,28.699764323500002,28.7448742725,28.76711717075,28.78491148935,28.789360069
STABLE_MEMBERSHIP,289,6,28.800151741,28.816138679,28.8227212795,28.8279873599,28.82930388
STABLE_MEMBERSHIP,290,8,28.8990369075,28.9013111717,28.901994976850002,28.902542020970003,28.902678782000002
STABLE_MEMBERSHIP,291,12,28.9997995145,29.0083550899,29.0143418731,29.019604782620004,29.020920510000003
STABLE_MEMBERSHIP,292,11,29.099680451,29.100422520000002,29.100658594000002,29.100847453200004,29.100894668000002
STABLE_MEMBERSHIP,293,12,29.204308647,29.2193363167,29.2242338645,29.2281365809,29.22911226
STABLE_MEMBERSHIP,294,8,29.300170977500002,29.303161572300002,29.30583063415,29.307965883630004,29.308499696000002
STABLE_MEMBERSHIP,295,6,29.400390272500005,29.4897559255,29.52970484225,29.56166397565,29.569653759
STABLE_MEMBERSHIP,296,8,29.4992572955,29.500278462400004,29.500316506700003,29.50034694214,29.500354551
STABLE_MEMBERSHIP,297,5,29.601724135,29.6421630078,29.646384553400004,29.64976178988,29.650606099
STABLE_MEMBERSHIP,298,4,29.700155640000002,29.7211003173,29.72552343465,29.72906192853,29.729946552
STABLE_MEMBERSHIP,299,6,29.8001330895,29.800447740000003,29.800581668000003,29.800688810400004,29.800715596000003
STABLE_MEMBERSHIP,300,15,29.899519073,29.909696924200002,29.915808151900002,29.927151143980005,29.929986892000002
STABLE_MEMBERSHIP,301,11,29.999971538,30.00083078,30.00559936,30.009414224,30.010367940000002
STABLE_MEMBERSHIP,302,10,30.100584420500002,30.1565824804,30.1838168377,30.205604323540005,30.211051195000003
STABLE_MEMBERSHIP,303,8,30.2000553265,30.2136688414,30.2170887292,30.219824639440002,30.220508617
STABLE_MEMBERSHIP,304,6,30.290469255,30.306613845,30.3095017125,30.311812006500002,30.31238958
STABLE_MEMBERSHIP,305,15,30.399800789,30.416211025400003,30.426263782700005,30.43693882694,30.439607588
STABLE_MEMBERSHIP,306,7,30.499658578000002,30.500364882000007,30.5004326715,30.5004869031,30.500500461
STABLE_MEMBERSHIP,307,8,30.599399329500002,30.6099167566,30.6100869273,30.610223063860005,30.610257098
STABLE_MEMBERSHIP,308,5,30.700523449000002,30.710013058,30.710551821,30.710982831400003,30.711090584
STABLE_MEMBERSHIP,309,10,30.799550617500003,30.801090355200003,30.805221630600002,30.80852665092,30.809352906
STABLE_MEMBERSHIP,310,11,30.890395388,30.901421375,30.920896250000002,30.93647615,30.940371125000002
STABLE_MEMBERSHIP,311,11,31.000416657000002,31.009898934000002,31.013999635500003,31.017280196700003,31.018100337000003
STABLE_MEMBERSHIP,312,3,31.10003298,31.100143118400005,31.100156885700002,31.100167899540004,31.100170653000003
STABLE_MEMBERSHIP,313,8,31.198911411,31.218763005900005,31.229503908450003,31.238096630490002,31.240244811000004
STABLE_MEMBERSHIP,314,11,31.300040849000002,31.338240008000003,31.37940624,31.412339225600004,31.420572472000003
STABLE_MEMBERSHIP,315,11,31.400352152000004,31.409470607000003,31.409798619,31.4100610286,31.410126631
STABLE_MEMBERSHIP,316,13,31.498799805,31.537998497000004,31.548026426600003,31.557318434120006,31.559641436000003
STABLE_MEMBERSHIP,317,2,31.594729914000002,31.598668214800004,31.5991605024,31.59955433248,31.59965279
STABLE_MEMBERSHIP,318,5,31.700022824,31.712711081200002,31.7167133316,31.71991513192,31.720715582
STABLE_MEMBERSHIP,319,5,31.799475540000003,31.806308269600002,31.8080958448,31.80952590496,31.809883420000002
STABLE_MEMBERSHIP,320,5,31.899426756,31.9238515766,31.9315120168,31.937640368960004,31.939172457
STABLE_MEMBERSHIP,321,8,31.998900192500003,32.0156173317,32.02311578035,32.029114539270005,32.030614229
STABLE_MEMBERSHIP,322,6,32.094839806500005,32.104797068500005,32.107274415250004,32.10925629265,32.109751762
STABLE_MEMBERSHIP,323,4,32.200394709,32.200898019200004,32.200942247600004,32.200977630320004,32.200986476000004
STABLE_MEMBERSHIP,325,8,32.400184274500006,32.413940645800004,32.4177309974,32.420763278680006,32.421521349
STABLE_MEMBERSHIP,326,6,32.498864590000004,32.4995741205,32.49964925575,32.49970936395,32.499724391
STABLE_MEMBERSHIP,327,3,32.599164287,32.601501879000004,32.601794078000005,32.602027837200005,32.602086277000005
STABLE_MEMBERSHIP,328,4,32.695095631,32.701126467899996,32.70122385495,32.70130176459,32.701321242
STABLE_MEMBERSHIP,329,4,32.799129612499996,32.8061861977,32.80754331985,32.80862901757,32.808900442
STABLE_MEMBERSHIP,330,6,32.8708661295,32.899694541,32.8997635015,32.8998186699,32.899832462
STABLE_MEMBERSHIP,331,11,32.999850872,33.021792621,33.0307598655,33.0379336611,33.03972711
STABLE_MEMBERSHIP,332,11,33.098922513000005,33.100699993,33.1102063745,33.11781147970001,33.119712756000006
STABLE_MEMBERSHIP,333,7,33.198963563,33.2037153918,33.20617344990001,33.208139896380004,33.208631508
STABLE_MEMBERSHIP,334,2,33.3451448405,33.3811403297,33.38563976585,33.389239314769995,33.390139202
STABLE_MEMBERSHIP,335,9,33.400217663,33.420700062,33.420875778,33.4210163508,33.421051494000004
STABLE_MEMBERSHIP,336,8,33.4958730985,33.518536145400006,33.538850851700005,33.55510261674,33.559165558000004
STABLE_MEMBERSHIP,337,5,33.599881010000004,33.61191286500001,33.615921417,33.61912825860001,33.619929969000005
STABLE_MEMBERSHIP,338,4,33.699930966000004,33.700587479000006,33.700714001,33.7008152186,33.700840523000004
STABLE_MEMBERSHIP,339,7,33.799734204,33.804647711,33.807876206,33.81045900200001,33.811104701000005
STABLE_MEMBERSHIP,340,2,33.9843778875,34.0601644967,34.06963782285,34.07721648377,34.079111149
STABLE_MEMBERSHIP,341,6,33.9999806025,34.139623201000006,34.1396753105,34.1397169981,34.13972742
STABLE_MEMBERSHIP,342,6,34.099229284,34.160265852500004,34.18021300525,34.19617072745,34.200160158
STABLE_MEMBERSHIP,343,3,34.200350262,34.2014109284,34.2015435117,34.20164957834,34.201676095
STABLE_MEMBERSHIP,344,3,34.300397382,34.4368704308,34.453929561900004,34.46757686678,34.470988693
STABLE_MEMBERSHIP,345,5,34.399501051,34.429704322999996,34.4397395,34.447767641599995,34.449774677
STABLE_MEMBERSHIP,346,7,34.490765232,34.500008413,34.500034262499994,34.5000549421,34.500060112
STABLE_MEMBERSHIP,347,7,34.599865472000005,34.600396978400006,34.6004065457,34.60041419954,34.600416113
STABLE_MEMBERSHIP,348,2,34.699854137500004,34.700265833900005,34.70031729595,34.70035846559001,34.700368758
STABLE_MEMBERSHIP,349,10,34.8000045795,34.807616499400005,34.838535375700005,34.863270476740006,34.869454252000004
STABLE_MEMBERSHIP,350,7,34.898648290000004,34.9039879246,34.9069666063,34.90934955166,34.909945288
STABLE_MEMBERSHIP,351,6,34.99998265400001,35.01033640450001,35.015393878750004,35.01943985815,35.020451353000006
STABLE_MEMBERSHIP,352,4,35.0994734395,35.0999601862,35.1000077116,35.10004573192,35.100055237
STABLE_MEMBERSHIP,353,8,35.2000258345,35.2129357345,35.21635617775,35.219092532350004,35.219776621
STABLE_MEMBERSHIP,354,2,35.294832036,35.299053184,35.2995808275,35.3000029423,35.300108471
STABLE_MEMBERSHIP,355,4,35.3947779135,35.407023818700004,35.408522137350005,35.40972079227001,35.410020456000005
STABLE_MEMBERSHIP,356,5,35.499428501000004,35.5005883838,35.500753688399996,35.50088593208,35.500918993
STABLE_MEMBERSHIP,357,3,35.599686375000005,35.6065967902,35.607460592100004,35.608151633620004,35.608324394
STABLE_MEMBERSHIP,358,3,35.700177603,35.7014403166,35.7015981558,35.701724427159995,35.701755995
STABLE_MEMBERSHIP,359,8,35.800605993000005,35.8034612468,35.8060494884,35.80812008168,35.80863773
STABLE_MEMBERSHIP,360,6,35.899253618,35.920010879,35.9299212235,35.9378494991,35.939831568
STABLE_MEMBERSHIP,361,7,36.000179939,36.0041753996,36.006985256300005,36.00923314166,36.009795113
STABLE_MEMBERSHIP,362,6,36.10009509,36.10998599,36.110251813000005,36.11046447140001,36.110517636000004
STABLE_MEMBERSHIP,363,5,36.198629492,36.2005640416,36.20068385180001,36.20077969996,36.200803662000006
STABLE_MEMBERSHIP,364,4,36.299533921000005,36.300174692,36.30022559,36.3002663084,36.300276488
STABLE_MEMBERSHIP,365,4,36.390409448,36.4281504092,36.434057395100005,36.438782983820005,36.439964381
STABLE_MEMBERSHIP,366,7,36.499191182000004,36.5137332728,36.5164006814,36.51853460828001,36.519068090000005
STABLE_MEMBERSHIP,367,5,36.599484429,36.606846848800004,36.6083556904,36.60956276368,36.609864532
STABLE_MEMBERSHIP,368,7,36.700258751,36.7627828638,36.8021200209,36.833589746579996,36.841457178
STABLE_MEMBERSHIP,369,9,36.799996418,36.8085750506,36.8091488058,36.80960780996,36.809722561
STABLE_MEMBERSHIP,370,7,36.899654802,36.903807912000005,36.905760099,36.9073218486,36.907712286
STABLE_MEMBERSHIP,371,7,36.999289216,37.0386904658,37.0391061569,37.03943870978,37.039521848
STABLE_MEMBERSHIP,373,5,37.210993065000004,37.232726467000006,37.236650944000004,37.23979052560001,37.240575421
STABLE_MEMBERSHIP,374,6,37.298916401,37.299878789000005,37.300153954500004,37.30037408690001,37.300429120000004
STABLE_MEMBERSHIP,375,14,37.39939854000001,37.500884059300006,37.54826540345,37.574304573490004,37.580814366000006
STABLE_MEMBERSHIP,376,6,37.499853487,37.5145741935,37.517163829750004,37.51923553875,37.519753466000004
STABLE_MEMBERSHIP,378,5,37.700749386000005,37.7120060294,37.7155622312,37.71840719264001,37.719118433000006
STABLE_MEMBERSHIP,379,4,37.799482154,37.800650850000004,37.80066052350001,37.8006682623,37.800670197
STABLE_MEMBERSHIP,380,8,37.899075422500005,37.9147736743,37.91725886015001,37.91924700883,37.919744046000005
STABLE_MEMBERSHIP,381,8,38.0001396925,38.0189292919,38.04005719695,38.056959520990006,38.061185102
STABLE_MEMBERSHIP,382,8,38.099822237,38.1155961023,38.122616518150004,38.12823285083,38.129636934000004
STABLE_MEMBERSHIP,383,3,38.199967242,38.264126341200004,38.2721462286,38.27856213852,38.280166116000004
STABLE_MEMBERSHIP,384,3,38.290235293,38.29039972180001,38.2904202754,38.290436718280006,38.290440829000005
STABLE_MEMBERSHIP,385,2,38.409724568499996,38.4176046929,38.41858970845,38.41937772089,38.419574724
STABLE_MEMBERSHIP,386,6,38.488911524,38.4999950385,38.50030411875,38.50055138294999,38.500613199
STABLE_MEMBERSHIP,387,1,38.599540582,38.599540582,38.599540582,38.599540582,38.599540582
STABLE_MEMBERSHIP,388,5,38.6908371,38.7163866522,38.7180822786,38.71943877972,38.719777905
STABLE_MEMBERSHIP,389,6,38.800009806000006,38.844335182500004,38.86215214375,38.87640571275,38.879969105
STABLE_MEMBERSHIP,390,7,38.899913510000005,38.9722115358,38.979604736400006,38.98551929688001,38.986997937000005
STABLE_MEMBERSHIP,391,3,38.999947545000005,39.0080675314,39.00908252970001,39.009894528340006,39.010097528
STABLE_MEMBERSHIP,392,3,39.100070025,39.1002603506,39.1002841413,39.10030317386,39.100307932
STABLE_MEMBERSHIP,393,4,39.1706888535,39.1974810592,39.1988917126,39.200020235320004,39.200302366
STABLE_MEMBERSHIP,394,2,39.304971837000004,39.308922159400005,39.3094159497,39.309810981940004,39.30990974
STABLE_MEMBERSHIP,395,5,39.390962485,39.3959465574,39.3975876132,39.39890045784,39.399228669
STABLE_MEMBERSHIP,396,7,39.499878556000006,39.507710939000006,39.513024476000005,39.5172753056,39.518338013000005
STABLE_MEMBERSHIP,397,5,39.599126671,39.6050619986,39.606570281799996,39.60777690836,39.608078565
STABLE_MEMBERSHIP,398,4,39.694542347500004,39.7009336643,39.70125402965,39.70151032193,39.701574395
STABLE_MEMBERSHIP,399,8,39.7948585195,39.839699757999995,39.840025608,39.840286288,39.840351458
STABLE_MEMBERSHIP,400,7,39.892411761000005,39.9000989242,39.9003631156,39.90057446872,39.900627307
STABLE_MEMBERSHIP,401,6,40.0014083685,40.00976445250001,40.00983364675,40.009889002150004,40.009902841000006
STABLE_MEMBERSHIP,402,4,40.100341865000004,40.107260064500004,40.10864913275,40.10976038735001,40.110038201
STABLE_MEMBERSHIP,403,6,40.199323650500006,40.2051980215,40.20760651225,40.20953330485,40.210015003
STABLE_MEMBERSHIP,404,2,40.2947174025,40.29853256050001,40.29900945525,40.29939097105,40.29948635
STABLE_MEMBERSHIP,405,2,40.4045496585,40.408737254900004,40.40926070445,40.40967946409,40.409784154
STABLE_MEMBERSHIP,406,5,40.509191306000005,40.522309988399996,40.5263553822,40.52959169724,40.530400776
STABLE_MEMBERSHIP,407,2,40.599886776000005,40.6003332128,40.600389017400005,40.60043366108,40.600444822
STABLE_MEMBERSHIP,408,3,40.689172802,40.689918054,40.6900112105,40.6900857357,40.690104367
STABLE_MEMBERSHIP,409,10,40.799708013,40.8020069629,40.80603724345001,40.80926146789,40.810067524000004
STABLE_MEMBERSHIP,410,2,40.909602728,40.918187368,40.919260448,40.92011891200001,40.920333528
STABLE_MEMBERSHIP,411,3,40.999592088,41.0008205488,41.0009741064,41.001096952480005,41.001127664
STABLE_MEMBERSHIP,412,8,41.099971238500004,41.1002410129,41.10033646595,41.10041282839,41.100431919
STABLE_MEMBERSHIP,413,4,41.19557098050001,41.206839515300004,41.20843597715,41.20971314663,41.210032439
STABLE_MEMBERSHIP,414,4,41.304923831500005,41.3102192324,41.3103795962,41.31050788724,41.31053996
STABLE_MEMBERSHIP,415,3,41.390180743,41.3979582214,41.3989304062,41.39970815404,41.399902591
STABLE_MEMBERSHIP,416,6,41.49917002400001,41.5051111035,41.50762671175,41.50963919835,41.51014232
STABLE_MEMBERSHIP,417,5,41.590829996000004,41.5998644662,41.6000543786,41.60020630852,41.600244291
STABLE_MEMBERSHIP,418,6,41.694193245,41.699898948,41.699925848,41.699947368,41.699952748
STABLE_MEMBERSHIP,419,2,41.82023906800001,41.82050545680001,41.82053875540001,41.82056539428,41.820572054
STABLE_MEMBERSHIP,420,4,41.890275682500004,41.9043811923,41.90738267715,41.90978386503,41.910384162
STABLE_MEMBERSHIP,421,5,41.989888122,42.027937891200004,42.033863504600006,42.03860399532,42.039789118
STABLE_MEMBERSHIP,422,1,42.108800636000005,42.108800636000005,42.108800636000005,42.108800636000005,42.108800636000005
STABLE_MEMBERSHIP,423,6,42.194816377,42.2001575565,42.200261841750006,42.200345269950006,42.200366127
STABLE_MEMBERSHIP,424,6,42.300189541,42.310037890000004,42.31037744700001,42.31064909260001,42.310717004000004
STABLE_MEMBERSHIP,425,5,42.399838042000006,42.4102145076,42.41043009580001,42.41060256636,42.410645684
STABLE_MEMBERSHIP,426,6,42.5003940925,42.5607218625,42.58036517075001,42.59607981735,42.600008479
STABLE_MEMBERSHIP,427,2,42.600696967000005,42.609568631,42.610677589,42.6115647554,42.611786547
STABLE_MEMBERSHIP,428,3,42.690605159,42.6981529454,42.699096418699995,42.699851197339996,42.700039892
STABLE_MEMBERSHIP,429,3,42.780888712,42.7963740968,42.7983097699,42.79985830838,42.800245443
STABLE_MEMBERSHIP,430,4,42.91074307150001,42.9178575667,42.919211135350004,42.92029399027,42.920564704
STABLE_MEMBERSHIP,431,3,42.990566108,43.0062377232,43.0081966751,43.00976383662,43.010155627
STABLE_MEMBERSHIP,432,4,43.10417561450001,43.1105218475,43.110772286750006,43.11097263815,43.111022726
STABLE_MEMBERSHIP,433,2,43.194767470500004,43.2069467341,43.20846914205,43.20968706841,43.209991550000005
STABLE_MEMBERSHIP,434,2,43.2898231575,43.2977964915,43.29879315825,43.29959049165,43.299789825000005
STABLE_MEMBERSHIP,435,1,43.399610355,43.399610355,43.399610355,43.399610355,43.399610355
STABLE_MEMBERSHIP,436,4,43.5050371965,43.5401537102,43.544590048100005,43.54813911842,43.549026386
STABLE_MEMBERSHIP,437,6,43.5888695275,43.5953444255,43.59798042725001,43.600089228650006,43.600616429000006
STABLE_MEMBERSHIP,438,5,43.700412007000004,43.7068006768,43.70889799740001,43.71057585388,43.710995318
STABLE_MEMBERSHIP,439,9,43.790790081000004,43.8028128248,43.8065692884,43.80957445928,43.810325752000004
STABLE_MEMBERSHIP,440,6,43.900125719,43.9158510485,43.92284306725001,43.92843668225,43.929835086000004
STABLE_MEMBERSHIP,441,4,44.0054254825,44.0805685058,44.0957028974,44.10781041068,44.110837289
STABLE_MEMBERSHIP,442,3,44.100438576,44.1014953728,44.101627472400004,44.10173315208,44.101759572000006
STABLE_MEMBERSHIP,443,3,44.190607763,44.2054033798,44.20725283190001,44.20873239358001,44.209102284000004
STABLE_MEMBERSHIP,444,3,44.299109213,44.3002977266,44.300446290800004,44.30056514216,44.300594855
STABLE_MEMBERSHIP,445,4,44.399427469500004,44.3998822706,44.3999325173,44.39997271466,44.399982764
STABLE_MEMBERSHIP,446,1,44.460259484000005,44.460259484000005,44.460259484000005,44.460259484000005,44.460259484000005
STABLE_MEMBERSHIP,447,7,44.589743581,44.6002277612,44.6003346851,44.600420224219995,44.600441609
STABLE_MEMBERSHIP,448,4,44.6948159645,44.69979113830001,44.699843342650006,44.699885106130004,44.699895547000004
STABLE_MEMBERSHIP,449,4,44.7902303855,44.80978707530001,44.813971997150006,44.81731993463001,44.818156919
STABLE_MEMBERSHIP,450,6,44.899881394000005,44.90523828650001,44.90791673275,44.910059489750005,44.910595179000005
STABLE_MEMBERSHIP,451,2,44.9799929605,44.9958967401,44.99788471255,44.99947509051,44.999872685
STABLE_MEMBERSHIP,452,3,45.100099152000006,45.107839756800004,45.108807332400005,45.10958139288001,45.109774908000006
STABLE_MEMBERSHIP,454,2,45.284052491,45.3039917798,45.30648419090001,45.308478119780005,45.308976602
STABLE_MEMBERSHIP,455,2,45.4002113,45.400302081599996,45.4003134293,45.40032250746,45.400324777
STABLE_MEMBERSHIP,456,4,45.499596994,45.5006841381,45.50075004855,45.50080277691,45.500815959
STABLE_MEMBERSHIP,457,3,45.589463848,45.5900129152,45.5900815486,45.59013645532,45.590150182
STABLE_MEMBERSHIP,458,2,45.6936727275,45.69677971670001,45.697168090350004,45.69747878927001,45.697556464
STABLE_MEMBERSHIP,460,3,45.889246778,45.897117998,45.8981019005,45.89888902250001,45.899085803000006
STABLE_MEMBERSHIP,461,2,45.9951581775,45.9989441907,45.99941744235,45.99979604367,45.999890694
STABLE_MEMBERSHIP,462,3,46.099705056000005,46.099897324000004,46.0999213575,46.0999405843,46.099945391000006
STABLE_MEMBERSHIP,463,4,46.2107284,46.2343973747,46.23735409085,46.23971946377,46.240310807
STABLE_MEMBERSHIP,464,2,46.304884917500004,46.3163968411,46.317835831550006,46.318987023910005,46.319274822000004
STABLE_MEMBERSHIP,466,4,46.4999286795,46.5141247885,46.517136696250006,46.51954622245,46.520148604000006
STABLE_MEMBERSHIP,467,3,46.599987076000005,46.600436801600004,46.6004930173,46.60053798986,46.600549233
STABLE_MEMBERSHIP,468,1,46.731021759,46.731021759,46.731021759,46.731021759,46.731021759
STABLE_MEMBERSHIP,469,2,46.799660905500005,46.79980309470001,46.799820868350004,46.799835087270004,46.799838642000005
STABLE_MEMBERSHIP,470,3,46.899377169000005,46.9323518218,46.9364736534,46.93977111868001,46.940595485
STABLE_MEMBERSHIP,471,2,46.989902515500006,46.9904145519,46.99047855645001,46.990529760090006,46.990542561000005
STABLE_MEMBERSHIP,472,3,47.090225048,47.108506434400006,47.1107916077,47.11261974634001,47.113076781000004
STABLE_MEMBERSHIP,473,1,47.190404559,47.190404559,47.190404559,47.190404559,47.190404559
STABLE_MEMBERSHIP,474,3,47.298197263000006,47.29961122220001,47.29978796710001,47.299929363020006,47.299964712000005
STABLE_MEMBERSHIP,475,4,47.394607056,47.415385194600006,47.418836055300005,47.42159674386,47.422286916000004
STABLE_MEMBERSHIP,476,3,47.490197151000004,47.498273992600005,47.49928359780001,47.50009128196,47.500293203000005
STABLE_MEMBERSHIP,477,2,47.625461231,47.645377218200004,47.6478667166,47.64985831532,47.650356215
STABLE_MEMBERSHIP,478,2,47.695783488000004,47.700740430399996,47.701360048199994,47.701855742439996,47.701979666
STABLE_MEMBERSHIP,479,3,47.790912178000006,47.798260827600004,47.7991794088,47.79991427376001,47.800097990000005
STABLE_MEMBERSHIP,480,3,47.898926838,47.899726318,47.899826253,47.899906201,47.899926188
STABLE_MEMBERSHIP,481,4,47.99859516,48.084176166400006,48.102345266200004,48.11688054604,48.120514366
STABLE_MEMBERSHIP,482,4,48.099696927500005,48.128694358000004,48.134741494000004,48.1395792028,48.14078863
STABLE_MEMBERSHIP,483,1,48.210322616000006,48.210322616000006,48.210322616000006,48.210322616000006,48.210322616000006
STABLE_MEMBERSHIP,485,2,48.40640755450001,48.4193284645,48.420943578250004,48.42223566925001,48.422558692
STABLE_MEMBERSHIP,486,1,48.510183439,48.510183439,48.510183439,48.510183439,48.510183439
STABLE_MEMBERSHIP,487,1,48.579199621,48.579199621,48.579199621,48.579199621,48.579199621
STABLE_MEMBERSHIP,489,4,48.795582111,48.80128411940001,48.80155279820001,48.801767741240006,48.801821477000004
STABLE_MEMBERSHIP,490,2,48.885243828,48.9049726448,48.9074387469,48.90941162858,48.909904849
STABLE_MEMBERSHIP,491,2,48.996215998000004,48.99995442120001,49.00042172410001,49.00079556642001,49.00088902700001
STABLE_MEMBERSHIP,492,1,49.107945772,49.107945772,49.107945772,49.107945772,49.107945772
STABLE_MEMBERSHIP,493,2,49.264963438500004,49.316921040500006,49.32341574075,49.328611500950004,49.329910441
STABLE_MEMBERSHIP,494,4,49.304762504500005,49.30922980100001,49.309318706,49.30938983,49.309407611000005
STABLE_MEMBERSHIP,495,6,49.394811182,49.400860058000006,49.4013715545,49.40178075170001,49.401883051000006
STABLE_MEMBERSHIP,496,3,49.499997911,49.5006421894,49.5007227242,49.500787152040004,49.500803259
STABLE_MEMBERSHIP,497,5,49.590407973000005,49.6053101178,49.6071376554,49.60859968548,49.608965193
STABLE_MEMBERSHIP,498,5,49.700387691,49.796834361200006,49.8285805876,49.853977568720005,49.860326814000004
STABLE_MEMBERSHIP,499,2,49.7948010125,49.798727376900004,49.79921817245,49.79961080889001,49.799708968000004
STABLE_MEMBERSHIP,500,4,49.895055072000005,49.90004625830001,49.90018588415,49.90029758483,49.90032551
STABLE_MEMBERSHIP,501,2,49.921041641,49.96841803940001,49.974340089200005,49.97907772904,49.980262139000004
STABLE_MEMBERSHIP,503,3,50.199868696,50.200151612000006,50.2001869765,50.2002152681,50.200222341
STABLE_MEMBERSHIP,504,4,50.279119696500004,50.333246129,50.3405221835,50.3463430271,50.347798238
STABLE_MEMBERSHIP,505,3,50.399081665000004,50.400199179400005,50.400338868700004,50.40045062014,50.400478558
STABLE_MEMBERSHIP,507,3,50.592039691000004,50.615041291000004,50.617916491,50.620216651,50.620791691
STABLE_MEMBERSHIP,508,4,50.7003963035,50.70056247150001,50.70057805875,50.70059052855,50.700593646
STABLE_MEMBERSHIP,509,3,50.778212524000004,50.7876198152,50.78879572660001,50.78973645572001,50.789971638000004
STABLE_MEMBERSHIP,510,1,50.88981153100001,50.88981153100001,50.88981153100001,50.88981153100001,50.88981153100001
STABLE_MEMBERSHIP,511,1,50.989589364000004,50.989589364000004,50.989589364000004,50.989589364000004,50.989589364000004
STABLE_MEMBERSHIP,512,1,51.200295636,51.200295636,51.200295636,51.200295636,51.200295636
STABLE_MEMBERSHIP,513,3,51.190010955000005,51.197390108600004,51.1983125028,51.199050418160006,51.199234897000004
STABLE_MEMBERSHIP,514,2,51.289871096000006,51.289871096000006,51.289871096000006,51.289871096000006,51.289871096000006
STABLE_MEMBERSHIP,516,2,51.51199921450001,51.519945023700004,51.520938249850005,51.521732830770006,51.521931476000006
STABLE_MEMBERSHIP,517,1,51.601606776000004,51.601606776000004,51.601606776000004,51.601606776000004,51.601606776000004
STABLE_MEMBERSHIP,519,1,51.809393156000006,51.809393156000006,51.809393156000006,51.809393156000006,51.809393156000006
STABLE_MEMBERSHIP,520,2,51.88965043500001,51.89763073660001,51.8986282743,51.89942630446001,51.899625812000004
STABLE_MEMBERSHIP,521,2,51.980372145000004,51.9880921034,51.9890570982,51.989829094040005,51.990022093
STABLE_MEMBERSHIP,522,1,52.099661622000006,52.099661622000006,52.099661622000006,52.099661622000006,52.099661622000006
STABLE_MEMBERSHIP,523,1,52.219291445,52.219291445,52.219291445,52.219291445,52.219291445
STABLE_MEMBERSHIP,524,2,52.3007427475,52.30886766470001,52.309883279350004,52.31069577107,52.310898894000005
STABLE_MEMBERSHIP,525,1,52.399806144,52.399806144,52.399806144,52.399806144,52.399806144
STABLE_MEMBERSHIP,526,3,52.500425196,52.5089553264,52.5100215927,52.51087460574,52.511087859
STABLE_MEMBERSHIP,528,2,52.695146519000005,52.6990515046,52.6995396278,52.69993012636,52.700027751
STABLE_MEMBERSHIP,529,2,52.795161201,52.7996181178,52.8001752324,52.80062092408,52.800732347
STABLE_MEMBERSHIP,530,3,52.889930725000006,52.898329853,52.899379744,52.900219656800004,52.900429635
STABLE_MEMBERSHIP,531,1,52.759841305,52.759841305,52.759841305,52.759841305,52.759841305
STABLE_MEMBERSHIP,532,2,53.1099082115,53.1254005639,53.12733710795,53.128886343190004,53.129273652
STABLE_MEMBERSHIP,534,2,53.2953697075,53.299320388699996,53.29981422385,53.300209291970006,53.300308059
STABLE_MEMBERSHIP,535,2,53.4000366625,53.4002992637,53.40033208885001,53.40035834897,53.400364914
STABLE_MEMBERSHIP,536,2,53.55038125,53.558158072400005,53.5591301752,53.55990785744,53.560102278
STABLE_MEMBERSHIP,537,1,53.600057448,53.600057448,53.600057448,53.600057448,53.600057448
STABLE_MEMBERSHIP,538,1,53.851939147,53.851939147,53.851939147,53.851939147,53.851939147
STABLE_MEMBERSHIP,540,3,53.899780969000005,53.9153257306,53.91726882580001,53.91882330196,53.919211921000006
STABLE_MEMBERSHIP,541,1,53.992220045,53.992220045,53.992220045,53.992220045,53.992220045
STABLE_MEMBERSHIP,543,2,54.185439479,54.189467700600005,54.189971228299996,54.190374050459994,54.190474756
STABLE_MEMBERSHIP,544,1,54.272020498,54.272020498,54.272020498,54.272020498,54.272020498
STABLE_MEMBERSHIP,545,3,54.39011862500001,54.398183931400006,54.399192094700005,54.399998625340004,54.400200258000005
STABLE_MEMBERSHIP,546,6,54.490420374,54.4999840595,54.500065287750004,54.50013027035,54.500146516
STABLE_MEMBERSHIP,547,1,54.590856608,54.590856608,54.590856608,54.590856608,54.590856608
STABLE_MEMBERSHIP,548,2,54.693872627000005,54.6974916766,54.69794405780001,54.69830596276,54.69839643900001
STABLE_MEMBERSHIP,549,3,54.789693015000005,54.798613223800004,54.79972824990001,54.80062027078,54.800843276
STABLE_MEMBERSHIP,550,2,54.875255127,54.8790013886,54.87946967130001,54.879844297460004,54.879937954000006
STABLE_MEMBERSHIP,551,2,55.0198322455,55.043904937099995,55.04691402355,55.049321292710005,55.04992311
STABLE_MEMBERSHIP,553,6,55.194668485,55.200015103000005,55.200255391000006,55.20044762140001,55.20049567900001
STABLE_MEMBERSHIP,554,1,55.309923498,55.309923498,55.309923498,55.309923498,55.309923498
STABLE_MEMBERSHIP,556,1,55.488138942000006,55.488138942000006,55.488138942000006,55.488138942000006,55.488138942000006
STABLE_MEMBERSHIP,557,1,55.591769144000004,55.591769144000004,55.591769144000004,55.591769144000004,55.591769144000004
STABLE_MEMBERSHIP,558,4,55.69502994300001,55.69989942790001,55.69999771795,55.70007634999,55.700096008
STABLE_MEMBERSHIP,559,1,55.809945314000004,55.809945314000004,55.809945314000004,55.809945314000004,55.809945314000004
STABLE_MEMBERSHIP,561,3,56.019974984,56.139565247200004,56.1545140301,56.16647305642,56.169462813
STABLE_MEMBERSHIP,562,1,56.089211432000006,56.089211432000006,56.089211432000006,56.089211432000006,56.089211432000006
STABLE_MEMBERSHIP,563,6,56.1986683045,56.19995100050001,56.20018208025,56.20036694405,56.200413160000004
STABLE_MEMBERSHIP,564,1,56.310257179000004,56.310257179000004,56.310257179000004,56.310257179000004,56.310257179000004
STABLE_MEMBERSHIP,565,4,56.401736484500006,56.4314199916,56.435677811800005,56.43908406796,56.439935632
STABLE_MEMBERSHIP,566,3,56.498217777,56.499806263400004,56.500004824200005,56.50016367284001,56.500203385000006
STABLE_MEMBERSHIP,567,4,56.59631205000001,56.60007916850001,56.60010356075,56.600123074550005,56.600127953000005
STABLE_MEMBERSHIP,569,4,56.75470339900001,56.78794901490001,56.79410460345,56.799029074290004,56.800260192
STABLE_MEMBERSHIP,570,2,56.900054488,56.9001689784,56.9001832897,56.900194738740005,56.900197601
STABLE_MEMBERSHIP,571,3,57.000181415,57.007827126200006,57.0087828401,57.00954741122,57.009738554
STABLE_MEMBERSHIP,572,2,57.109997308000004,57.110351388000005,57.110395648,57.110431056,57.110439908000004
STABLE_MEMBERSHIP,573,2,57.180511176500005,57.180684718500004,57.18070641125001,57.180723765450004,57.180728104
STABLE_MEMBERSHIP,574,3,57.299852144000006,57.307638182400005,57.3086114372,57.30939004104,57.309584692
STABLE_MEMBERSHIP,575,2,57.418933782500005,57.4355197349,57.43759297895,57.43925157419,57.439666223
STABLE_MEMBERSHIP,578,1,57.70003036000001,57.70003036000001,57.70003036000001,57.70003036000001,57.70003036000001
STABLE_MEMBERSHIP,579,1,57.799497730000006,57.799497730000006,57.799497730000006,57.799497730000006,57.799497730000006
STABLE_MEMBERSHIP,580,2,57.900084732,57.9001525912,57.9001610736,57.900167859519996,57.900169556
STABLE_MEMBERSHIP,581,2,57.9878143365,57.9892992313,57.98948484315,57.98963333263,57.989670455
STABLE_MEMBERSHIP,582,2,58.080090928000004,58.088187672800004,58.089199765900005,58.09000944038,58.09021185900001
STABLE_MEMBERSHIP,583,1,58.18996107500001,58.18996107500001,58.18996107500001,58.18996107500001,58.18996107500001
STABLE_MEMBERSHIP,584,1,58.299017933,58.299017933,58.299017933,58.299017933,58.299017933
STABLE_MEMBERSHIP,585,2,58.405206237,58.40907177860001,58.409554971300004,58.409941525460006,58.41003816400001
STABLE_MEMBERSHIP,586,3,58.500082732,58.55559351920001,58.5625323676,58.56808344632,58.569471216000004
STABLE_MEMBERSHIP,587,1,58.60850241200001,58.60850241200001,58.60850241200001,58.60850241200001,58.60850241200001
STABLE_MEMBERSHIP,588,2,58.69495903650001,58.69834180090001,58.69876464645,58.699102922890006,58.69918749200001
STABLE_MEMBERSHIP,589,2,58.7855856915,58.7896254799,58.790130453450004,58.79053443229,58.790635427000005
STABLE_MEMBERSHIP,590,2,58.90517680650001,58.9098612757,58.910446834350005,58.91091528127001,58.911032393000006
STABLE_MEMBERSHIP,591,2,58.9800752705,58.9962549253,58.99827738214999,58.99989534763,59.000299839
STABLE_MEMBERSHIP,595,1,59.399719541,59.399719541,59.399719541,59.399719541,59.399719541
STABLE_MEMBERSHIP,596,1,59.48207217,59.48207217,59.48207217,59.48207217,59.48207217
STABLE_MEMBERSHIP,597,7,59.598967029,59.6000789766,59.6002916358,59.60046176316,59.600504295
STABLE_MEMBERSHIP,598,10,59.6992309135,59.788166354000005,59.788166354000005,59.788166354000005,59.788166354000005
STABLE_MEMBERSHIP,599,96,59.7995518445,59.829925959,59.86972857250001,60.00022281705,60.010339691000006
STABLE_MEMBERSHIP,600,327,59.8995661,59.9240976266,59.9495445356,60.07173312964,60.109832447
STABLE_MEMBERSHIP,617,1,61.709657969000006,61.709657969000006,61.709657969000006,61.709657969000006,61.709657969000006
STABLE_MEMBERSHIP,618,1,61.790611447,61.790611447,61.790611447,61.790611447,61.790611447
