score_delta_rounded_1e6,count,within_0_25
9.6e-05,1,1
0.000103,1,1
0.00011,1,1
0.000112,1,1
0.000149,1,1
0.000208,1,1
0.000253,1,1
0.000254,1,1
0.000354,1,1
0.000381,1,1
0.00039,1,1
0.000405,1,1
0.000562,1,1
0.000571,1,1
0.000632,1,1
0.000665,1,1
0.000674,1,1
0.000677,1,1
0.00071,1,1
0.000732,1,1
0.000756,1,1
0.0008,1,1
0.000822,1,1
0.000834,1,1
0.000877,1,1
0.000923,1,1
0.000957,1,1
0.000958,1,1
0.000974,1,1
0.000982,1,1
0.000986,1,1
0.001012,1,1
0.001029,1,1
0.001048,1,1
0.001119,1,1
0.00122,1,1
0.00124,1,1
0.001345,1,1
0.001412,1,1
0.001421,1,1
0.001429,1,1
0.001494,1,1
0.001495,1,1
0.001502,1,1
0.001548,1,1
0.001625,1,1
0.00165,1,1
0.001713,1,1
0.001718,1,1
0.001744,1,1
0.00187,1,1
0.001885,1,1
0.001891,2,1
0.001955,1,1
0.00198,1,1
0.002009,1,1
0.002012,1,1
0.002035,1,1
0.002069,1,1
0.002104,1,1
0.002147,1,1
0.002151,1,1
0.002175,1,1
0.002231,1,1
0.002325,1,1
0.002361,1,1
0.002371,1,1
0.002377,1,1
0.002476,1,1
0.002539,1,1
0.002567,1,1
0.002594,1,1
0.00264,1,1
0.002669,1,1
0.002705,1,1
0.002725,1,1
0.002774,1,1
0.002793,1,1
0.002805,1,1
0.002828,1,1
0.002929,1,1
0.002937,1,1
0.002944,1,1
0.002951,1,1
0.00301,1,1
0.003106,1,1
0.003125,1,1
0.003165,1,1
0.003168,1,1
0.003201,1,1
0.003207,1,1
0.003292,1,1
0.003307,1,1
0.003312,1,1
0.003346,1,1
0.003373,1,1
0.003411,1,1
0.003431,1,1
0.00348,1,1
0.003515,1,1
0.003531,1,1
0.003542,1,1
0.003557,1,1
0.003628,1,1
0.003668,1,1
0.003671,2,1
0.003672,1,1
0.003685,1,1
0.003714,1,1
0.003757,1,1
0.003794,1,1
0.003827,1,1
0.003832,1,1
0.003833,1,1
0.003837,1,1
0.003909,1,1
0.003923,1,1
0.003925,1,1
0.004113,1,1
0.00421,1,1
0.004253,1,1
0.004265,1,1
0.004292,1,1
0.004306,1,1
0.00435,1,1
0.004402,1,1
0.004462,1,1
0.004484,1,1
0.004485,1,1
0.004529,1,1
0.004546,1,1
0.004587,1,1
0.004637,1,1
0.004663,1,1
0.004734,1,1
0.004746,1,1
0.004774,1,1
0.004797,1,1
0.004803,1,1
0.004809,1,1
0.004905,1,1
0.004924,1,1
0.004938,1,1
0.004945,1,1
0.005034,1,1
0.00506,1,1
0.005063,1,1
0.005067,1,1
0.00513,1,1
0.005147,1,1
0.005223,1,1
0.005232,1,1
0.005273,1,1
0.005277,1,1
0.005281,1,1
0.005369,1,1
0.005392,1,1
0.005442,1,1
0.005472,1,1
0.005485,1,1
0.005525,1,1
0.005527,1,1
0.005534,1,1
0.00554,1,1
0.005586,1,1
0.005662,1,1
0.005694,1,1
0.005712,2,1
0.005721,1,1
0.005798,1,1
0.005808,1,1
0.005815,1,1
0.005987,2,1
0.006009,1,1
0.006061,1,1
0.006095,1,1
0.006135,1,1
0.006191,1,1
0.006205,1,1
0.00625,1,1
0.006271,1,1
0.006389,1,1
0.006395,2,1
0.006401,1,1
0.006404,1,1
0.006414,1,1
0.00643,1,1
0.006524,1,1
0.006546,1,1
0.006551,1,1
0.006563,1,1
0.006566,1,1
0.006631,1,1
0.006672,1,1
0.00668,1,1
0.006694,1,1
0.006701,1,1
0.006743,1,1
0.006745,1,1
0.006755,1,1
0.006768,1,1
0.006799,1,1
0.0069,1,1
0.006933,1,1
0.006949,1,1
0.006963,1,1
0.007004,1,1
0.007005,1,1
0.007029,1,1
0.007052,1,1
0.007111,1,1
0.007138,1,1
0.007178,1,1
0.007253,1,1
0.007274,1,1
0.007275,1,1
0.007291,1,1
0.007292,1,1
0.0074,1,1
0.007453,2,1
0.007469,1,1
0.007496,1,1
0.007576,1,1
0.007621,1,1
0.007636,1,1
0.007676,1,1
0.007707,1,1
0.007713,1,1
0.007747,1,1
0.007827,1,1
0.007876,1,1
0.007971,1,1
0.007973,1,1
0.00804,1,1
0.008087,1,1
0.008089,1,1
0.008112,1,1
0.008132,1,1
0.008141,1,1
0.008191,1,1
0.008204,1,1
0.00824,1,1
0.008383,1,1
0.008392,1,1
0.008398,1,1
0.008412,1,1
0.008428,1,1
0.008526,1,1
0.008548,1,1
0.008575,1,1
0.008625,1,1
0.008648,1,1
0.008653,1,1
0.008654,1,1
0.008676,1,1
0.008692,1,1
0.008766,1,1
0.008838,1,1
0.008874,1,1
0.008966,1,1
0.008968,1,1
0.009006,1,1
0.009011,1,1
0.009022,1,1
0.009026,1,1
0.009037,1,1
0.009128,1,1
0.009221,1,1
0.009294,1,1
0.009297,1,1
0.009349,1,1
0.009351,1,1
0.009379,1,1
0.009422,1,1
0.009453,1,1
0.009483,1,1
0.009501,2,1
0.009505,1,1
0.009521,1,1
0.009544,1,1
0.009552,1,1
0.00961,1,1
0.009653,1,1
0.009843,1,1
0.009902,1,1
0.009982,1,1
0.009993,1,1
0.01001,1,1
0.010088,1,1
0.010099,1,1
0.010129,1,1
0.010137,1,1
0.010241,2,1
0.010248,1,1
0.010283,1,1
0.010336,1,1
0.010373,1,1
0.010377,1,1
0.010395,1,1
0.010413,1,1
0.010416,1,1
0.010456,1,1
0.010498,1,1
0.010654,1,1
0.010659,1,1
0.010782,1,1
0.01091,1,1
0.010957,1,1
0.010961,1,1
0.010965,1,1
0.010971,1,1
0.010987,1,1
0.010992,1,1
0.011034,1,1
0.011103,1,1
0.011129,1,1
0.011169,1,1
0.011174,1,1
0.011194,1,1
0.011225,1,1
0.011389,1,1
0.011416,1,1
0.011455,1,1
0.011503,1,1
0.011506,1,1
0.011524,1,1
0.011567,1,1
0.0116,1,1
0.011664,1,1
0.011703,1,1
0.01175,1,1
0.011793,1,1
0.011856,1,1
0.011859,1,1
0.011882,1,1
0.01196,1,1
0.011975,1,1
0.012056,1,1
0.012062,1,1
0.012069,1,1
0.012117,1,1
0.012128,1,1
0.012145,1,1
0.012191,1,1
0.012193,1,1
0.012238,1,1
0.012289,1,1
0.012294,1,1
0.012342,1,1
0.012362,1,1
0.012384,1,1
0.012388,1,1
0.012446,1,1
0.012454,1,1
0.012456,1,1
0.012471,1,1
0.012503,1,1
0.012531,1,1
0.01262,1,1
0.012639,1,1
0.012663,1,1
0.012711,1,1
0.01279,1,1
0.012816,1,1
0.012832,1,1
0.012853,1,1
0.012854,1,1
0.012862,1,1
0.012886,1,1
0.01293,1,1
0.012931,1,1
0.012992,1,1
0.013025,1,1
0.013036,1,1
0.013186,1,1
0.013201,1,1
0.013276,1,1
0.013284,1,1
0.013293,1,1
0.013302,1,1
0.013359,1,1
0.013379,1,1
0.013446,1,1
0.01346,1,1
0.013463,1,1
0.013496,1,1
0.013534,1,1
0.01357,1,1
0.013665,1,1
0.013736,1,1
0.013825,1,1
0.013851,1,1
0.013913,1,1
0.013947,1,1
0.013951,1,1
0.013954,1,1
0.014037,1,1
0.01411,1,1
0.014148,1,1
0.014196,1,1
0.014205,1,1
0.014222,1,1
0.014246,1,1
0.014304,1,1
0.014311,1,1
0.014319,1,1
0.014355,1,1
0.01436,1,1
0.014418,1,1
0.014445,1,1
0.014493,1,1
0.014507,1,1
0.014514,1,1
0.014526,1,1
0.014547,1,1
0.014632,1,1
0.014669,1,1
0.014678,1,1
0.014696,1,1
0.014739,1,1
0.014741,1,1
0.01479,1,1
0.014792,1,1
0.014813,1,1
0.014911,1,1
0.01494,1,1
0.014966,1,1
0.015013,1,1
0.015032,1,1
0.015079,1,1
0.015093,1,1
0.015129,1,1
0.01524,1,1
0.015274,1,1
0.015345,1,1
0.015375,1,1
0.015385,1,1
0.015419,1,1
0.01544,1,1
0.015496,1,1
0.015521,1,1
0.015625,15,1
0.015665,1,1
0.015698,1,1
0.015739,1,1
0.01576,1,1
0.015766,1,1
0.015808,1,1
0.015852,1,1
0.015878,1,1
0.015899,1,1
0.015946,1,1
0.015956,1,1
0.016257,1,1
0.016282,1,1
0.016317,1,1
0.016424,1,1
0.016446,1,1
0.016451,1,1
0.016567,1,1
0.016584,1,1
0.016598,1,1
0.016603,1,1
0.016608,1,1
0.016621,1,1
0.016651,1,1
0.016654,1,1
0.016678,1,1
0.016768,1,1
0.016773,1,1
0.016879,1,1
0.01688,1,1
0.0169,1,1
0.016926,1,1
0.016968,1,1
0.017005,2,1
0.017036,1,1
0.017037,1,1
0.017082,1,1
0.017119,1,1
0.017153,1,1
0.017178,1,1
0.017206,1,1
0.017212,1,1
0.017301,1,1
0.017322,1,1
0.017328,1,1
0.017371,1,1
0.017462,1,1
0.017477,1,1
0.01748,1,1
0.01749,1,1
0.017499,1,1
0.01751,1,1
0.017538,1,1
0.017566,1,1
0.017571,1,1
0.017583,1,1
0.017598,1,1
0.017623,1,1
0.01766,1,1
0.017737,1,1
0.017756,1,1
0.017809,1,1
0.017893,1,1
0.017915,1,1
0.017917,1,1
0.017937,1,1
0.01795,1,1
0.017959,1,1
0.017961,1,1
0.017969,1,1
0.017997,1,1
0.018017,1,1
0.018024,1,1
0.018082,1,1
0.018084,1,1
0.018115,1,1
0.018228,1,1
0.018287,1,1
0.018332,1,1
0.018374,1,1
0.018434,1,1
0.018545,1,1
0.018555,1,1
0.018556,1,1
0.018627,1,1
0.018657,1,1
0.018659,1,1
0.018781,1,1
0.019031,1,1
0.019055,1,1
0.019097,1,1
0.0191,1,1
0.01912,1,1
0.019129,1,1
0.019148,1,1
0.019162,1,1
0.019168,1,1
0.019235,1,1
0.019248,1,1
0.019276,1,1
0.019322,1,1
0.019444,1,1
0.019464,1,1
0.019513,1,1
0.019553,1,1
0.019571,1,1
0.019595,1,1
0.019646,1,1
0.019669,1,1
0.0197,1,1
0.019712,1,1
0.019766,1,1
0.019775,1,1
0.019791,1,1
0.019907,1,1
0.019914,1,1
0.019916,1,1
0.019934,1,1
0.019993,1,1
0.020045,1,1
0.020084,1,1
0.020144,1,1
0.020147,1,1
0.020212,1,1
0.020232,1,1
0.020282,1,1
0.020328,1,1
0.020333,1,1
0.020344,1,1
0.020382,1,1
0.020412,1,1
0.020423,1,1
0.020483,1,1
0.020583,1,1
0.020591,1,1
0.020604,1,1
0.020628,1,1
0.02063,1,1
0.020665,1,1
0.020688,1,1
0.020823,1,1
0.020858,1,1
0.020917,1,1
0.020929,1,1
0.021042,1,1
0.021083,1,1
0.021108,1,1
0.021176,1,1
0.021196,1,1
0.021287,1,1
0.021307,1,1
0.021388,1,1
0.021425,1,1
0.021438,1,1
0.021447,1,1
0.021507,1,1
0.021532,1,1
0.021751,1,1
0.021807,1,1
0.021816,1,1
0.021881,1,1
0.021924,1,1
0.021955,1,1
0.021962,1,1
0.021968,1,1
0.022027,1,1
0.022051,1,1
0.022076,1,1
0.022178,1,1
0.022184,1,1
0.022219,1,1
0.022243,1,1
0.022252,1,1
0.02232,1,1
0.022353,1,1
0.022384,1,1
0.022423,1,1
0.022457,1,1
0.022513,1,1
0.022529,1,1
0.022604,1,1
0.022632,1,1
0.022641,1,1
0.022669,1,1
0.022672,1,1
0.022679,1,1
0.02274,1,1
0.022874,1,1
0.022981,1,1
0.022993,1,1
0.023014,1,1
0.023018,1,1
0.023021,1,1
0.023039,1,1
0.023075,1,1
0.023135,1,1
0.023192,1,1
0.023258,1,1
0.023331,1,1
0.023355,1,1
0.023394,1,1
0.023441,1,1
0.023451,1,1
0.023529,1,1
0.023544,1,1
0.023546,1,1
0.023626,1,1
0.023628,1,1
0.023637,1,1
0.023648,1,1
0.023649,1,1
0.023654,1,1
0.023661,1,1
0.023673,1,1
0.023697,1,1
0.023778,1,1
0.02386,1,1
0.023978,1,1
0.024051,1,1
0.024136,1,1
0.024279,1,1
0.024284,1,1
0.024304,1,1
0.024487,1,1
0.024536,1,1
0.024541,1,1
0.024544,1,1
0.02456,1,1
0.024564,1,1
0.024592,1,1
0.024645,1,1
0.024669,1,1
0.024831,1,1
0.024853,1,1
0.02488,1,1
0.024927,1,1
0.024931,1,1
0.024937,1,1
0.024995,1,1
0.025006,1,1
0.02506,1,1
0.02511,1,1
0.025125,1,1
0.025172,1,1
0.025207,1,1
0.025218,1,1
0.02527,1,1
0.025283,1,1
0.025286,1,1
0.025351,1,1
0.025358,1,1
0.025363,1,1
0.02543,1,1
0.025434,1,1
0.025521,1,1
0.0256,1,1
0.02562,1,1
0.025633,1,1
0.025653,1,1
0.025712,1,1
0.025729,1,1
0.02577,1,1
0.025772,1,1
0.025783,2,1
0.02591,1,1
0.025928,1,1
0.025972,1,1
0.026,1,1
0.026013,1,1
0.02604,1,1
0.026051,1,1
0.026059,1,1
0.026065,1,1
0.026066,1,1
0.026134,1,1
0.026152,1,1
0.026251,1,1
0.02635,1,1
0.02636,1,1
0.02655,1,1
0.026591,1,1
0.026644,1,1
0.026652,1,1
0.026658,1,1
0.026705,1,1
0.026784,1,1
0.026797,1,1
0.026806,1,1
0.026828,1,1
0.026859,1,1
0.026902,1,1
0.026998,1,1
0.027047,1,1
0.027109,1,1
0.02716,1,1
0.0272,1,1
0.02721,1,1
0.027215,1,1
0.027234,1,1
0.027243,1,1
0.027367,1,1
0.027387,1,1
0.027521,1,1
0.02754,1,1
0.027653,1,1
0.027692,1,1
0.027735,1,1
0.027752,1,1
0.027781,1,1
0.027828,1,1
0.027902,1,1
0.027921,1,1
0.02793,1,1
0.028009,1,1
0.028037,1,1
0.028137,1,1
0.028162,1,1
0.028189,1,1
0.028194,1,1
0.02821,1,1
0.028231,1,1
0.028239,1,1
0.02826,1,1
0.028282,1,1
0.028309,1,1
0.028331,1,1
0.028354,1,1
0.028372,1,1
0.028431,1,1
0.0285,1,1
0.028504,1,1
0.028507,1,1
0.028543,1,1
0.028594,1,1
0.028621,1,1
0.028721,1,1
0.028736,1,1
0.028765,1,1
0.028774,2,1
0.028869,1,1
0.028926,1,1
0.028951,1,1
0.028986,1,1
0.029059,1,1
0.02906,1,1
0.029225,1,1
0.029235,1,1
0.029267,1,1
0.029287,1,1
0.029395,1,1
0.029429,1,1
0.02944,1,1
0.029464,1,1
0.029465,1,1
0.029533,1,1
0.02955,1,1
0.029589,1,1
0.02959,1,1
0.029645,1,1
0.029691,1,1
0.029713,1,1
0.029759,1,1
0.029812,1,1
0.029816,1,1
0.029828,1,1
0.029939,1,1
0.030062,1,1
0.030096,1,1
0.03013,1,1
0.030139,1,1
0.030241,1,1
0.030309,1,1
0.030362,1,1
0.030374,1,1
0.030409,1,1
0.030427,1,1
0.030453,1,1
0.030485,1,1
0.030494,1,1
0.030609,1,1
0.03062,1,1
0.030642,1,1
0.030653,1,1
0.030686,1,1
0.030695,1,1
0.030696,1,1
0.030736,1,1
0.030761,1,1
0.030785,1,1
0.030788,1,1
0.03079,1,1
0.030801,1,1
0.030836,1,1
0.030845,1,1
0.030866,1,1
0.03087,1,1
0.030928,1,1
0.031026,1,1
0.031066,1,1
0.031079,1,1
0.03108,1,1
0.031106,1,1
0.031156,1,1
0.031214,1,1
0.031231,1,1
0.03125,15,1
0.03134,1,1
0.031441,1,1
0.031465,1,1
0.031479,1,1
0.031539,1,1
0.031658,1,1
0.031702,1,1
0.031732,1,1
0.031865,1,1
0.031915,1,1
0.031926,1,1
0.032012,1,1
0.032014,1,1
0.03214,1,1
0.032194,1,1
0.032244,1,1
0.032263,1,1
0.032285,1,1
0.032469,1,1
0.03248,1,1
0.032508,1,1
0.032515,1,1
0.032596,1,1
0.032617,1,1
0.032754,1,1
0.032756,1,1
0.032801,1,1
0.032884,1,1
0.032893,1,1
0.032972,1,1
0.03298,1,1
0.032991,1,1
0.033001,1,1
0.033106,1,1
0.033365,1,1
0.0334,1,1
0.033416,1,1
0.033474,1,1
0.033476,1,1
0.033484,1,1
0.033593,1,1
0.033665,1,1
0.033667,1,1
0.033758,1,1
0.033855,1,1
0.03388,1,1
0.033929,1,1
0.033944,1,1
0.03396,1,1
0.034008,1,1
0.03406,1,1
0.034064,1,1
0.034086,1,1
0.034089,1,1
0.034096,1,1
0.034119,1,1
0.034192,1,1
0.034221,1,1
0.034231,1,1
0.034253,1,1
0.034284,1,1
0.034291,1,1
0.034305,1,1
0.034317,1,1
0.034372,1,1
0.034464,1,1
0.034616,1,1
0.034759,1,1
0.034769,1,1
0.034773,1,1
0.034811,1,1
0.034858,1,1
0.034894,1,1
0.034926,1,1
0.034957,1,1
0.034999,1,1
0.035088,1,1
0.035102,1,1
0.035155,1,1
0.035171,1,1
0.035208,1,1
0.035215,1,1
0.035219,1,1
0.035243,1,1
0.035262,1,1
0.035397,1,1
0.035421,1,1
0.035423,1,1
0.035497,1,1
0.035514,1,1
0.035537,1,1
0.035587,1,1
0.035593,1,1
0.035689,1,1
0.035728,1,1
0.03576,1,1
0.035771,1,1
0.035785,1,1
0.035808,1,1
0.035883,1,1
0.035884,1,1
0.035984,1,1
0.036002,1,1
0.036007,1,1
0.036017,1,1
0.036035,1,1
0.036052,1,1
0.036077,1,1
0.036107,1,1
0.036137,1,1
0.036162,2,1
0.036174,1,1
0.036242,1,1
0.036294,1,1
0.036301,1,1
0.036304,1,1
0.036425,1,1
0.036445,1,1
0.036452,1,1
0.036491,1,1
0.036536,1,1
0.036541,1,1
0.03655,1,1
0.036564,1,1
0.036567,1,1
0.036578,1,1
0.036699,1,1
0.036744,1,1
0.036748,1,1
0.036766,1,1
0.036771,1,1
0.036794,1,1
0.036819,1,1
0.03683,1,1
0.036831,1,1
0.036889,1,1
0.036913,1,1
0.036933,1,1
0.036972,1,1
0.037005,1,1
0.03702,1,1
0.037113,1,1
0.037179,1,1
0.037231,1,1
0.037258,1,1
0.037359,1,1
0.03736,1,1
0.037417,1,1
0.037457,1,1
0.037474,1,1
0.037551,1,1
0.037644,1,1
0.037665,1,1
0.037801,1,1
0.037833,1,1
0.037841,2,1
0.038015,1,1
0.038038,1,1
0.038048,1,1
0.038049,1,1
0.038143,1,1
0.038202,1,1
0.03826,1,1
0.038328,1,1
0.038333,2,1
0.038365,1,1
0.038435,1,1
0.038494,1,1
0.038521,1,1
0.038537,1,1
0.038552,1,1
0.038597,1,1
0.038666,1,1
0.038716,1,1
0.038765,1,1
0.038786,1,1
0.038828,1,1
0.038849,1,1
0.038952,1,1
0.038976,1,1
0.038982,1,1
0.039049,1,1
0.039109,1,1
0.03913,1,1
0.039215,1,1
0.039221,1,1
0.039254,1,1
0.039281,1,1
0.039297,1,1
0.039349,1,1
0.039493,1,1
0.039547,1,1
0.039557,1,1
0.03956,1,1
0.039564,1,1
0.039613,1,1
0.03965,1,1
0.039711,1,1
0.039778,1,1
0.03978,1,1
0.03979,1,1
0.039853,1,1
0.039909,1,1
0.040113,1,1
0.04015,1,1
0.04016,1,1
0.040202,1,1
0.040228,1,1
0.04023,1,1
0.040283,1,1
0.040338,1,1
0.040349,1,1
0.040379,1,1
0.040388,1,1
0.040391,1,1
0.040392,1,1
0.040511,1,1
0.040536,1,1
0.040573,1,1
0.040604,1,1
0.040734,1,1
0.040887,1,1
0.040888,1,1
0.040932,1,1
0.041018,1,1
0.041033,1,1
0.041145,1,1
0.041252,1,1
0.041294,1,1
0.041444,1,1
0.041488,1,1
0.041622,1,1
0.041667,1,1
0.041719,1,1
0.041737,1,1
0.041753,1,1
0.041858,1,1
0.041866,1,1
0.041964,1,1
0.041976,2,1
0.04199,1,1
0.042006,1,1
0.042136,1,1
0.04215,1,1
0.042166,1,1
0.042275,1,1
0.042294,1,1
0.042364,1,1
0.04237,1,1
0.042373,1,1
0.042383,1,1
0.042395,1,1
0.042407,1,1
0.042424,1,1
0.042449,1,1
0.042496,1,1
0.042538,1,1
0.042565,1,1
0.042637,1,1
0.042739,1,1
0.042741,1,1
0.042771,1,1
0.042799,1,1
0.04286,1,1
0.042935,1,1
0.042963,1,1
0.042964,2,1
0.042973,1,1
0.043042,1,1
0.043082,1,1
0.043161,1,1
0.043172,1,1
0.043184,1,1
0.043213,1,1
0.043243,1,1
0.043364,1,1
0.043416,1,1
0.043427,2,1
0.043435,1,1
0.04344,1,1
0.043456,1,1
0.043503,1,1
0.04361,1,1
0.043661,1,1
0.043673,1,1
0.04378,1,1
0.04384,1,1
0.043864,1,1
0.043894,1,1
0.044,1,1
0.044005,1,1
0.044047,1,1
0.044064,1,1
0.044168,1,1
0.044199,1,1
0.044254,1,1
0.044299,1,1
0.044339,1,1
0.044412,1,1
0.044424,1,1
0.044451,1,1
0.044463,1,1
0.044535,1,1
0.044541,1,1
0.044562,1,1
0.044583,1,1
0.044642,1,1
0.044654,1,1
0.044691,1,1
0.044834,1,1
0.044869,1,1
0.044964,1,1
0.044965,1,1
0.045059,1,1
0.045109,1,1
0.045122,1,1
0.04513,1,1
0.045131,1,1
0.045134,1,1
0.045156,1,1
0.0452,1,1
0.045218,1,1
0.045343,1,1
0.045462,1,1
0.045554,1,1
0.045568,1,1
0.045605,1,1
0.045628,2,1
0.045669,1,1
0.045705,1,1
0.045723,1,1
0.045737,1,1
0.045741,1,1
0.04575,1,1
0.045773,1,1
0.045882,1,1
0.046057,1,1
0.046107,1,1
0.046111,1,1
0.046193,1,1
0.046282,1,1
0.046305,1,1
0.046337,1,1
0.04634,1,1
0.046373,1,1
0.04645,1,1
0.046452,1,1
0.046459,1,1
0.046495,1,1
0.046516,1,1
0.046518,1,1
0.046534,1,1
0.04658,2,1
0.046625,1,1
0.046659,1,1
0.046661,1,1
0.046689,1,1
0.046697,2,1
0.046745,1,1
0.046751,1,1
0.046777,1,1
0.046875,12,1
0.04693,1,1
0.046934,1,1
0.046944,1,1
0.046981,1,1
0.046988,1,1
0.047025,1,1
0.047041,1,1
0.047042,1,1
0.047045,1,1
0.047216,1,1
0.047368,1,1
0.047373,1,1
0.047414,1,1
0.047437,1,1
0.047452,1,1
0.047555,1,1
0.047655,1,1
0.047659,1,1
0.047683,1,1
0.047693,1,1
0.047698,1,1
0.047736,1,1
0.047793,1,1
0.047922,1,1
0.047989,1,1
0.048035,1,1
0.048089,1,1
0.048097,1,1
0.048121,1,1
0.048237,1,1
0.048306,1,1
0.048326,1,1
0.048336,1,1
0.048352,1,1
0.048357,1,1
0.04842,1,1
0.048439,1,1
0.048539,1,1
0.048541,1,1
0.048564,1,1
0.048648,1,1
0.048729,1,1
0.048755,1,1
0.04881,1,1
0.048812,1,1
0.048814,1,1
0.048912,1,1
0.048915,1,1
0.04898,1,1
0.049175,1,1
0.049234,1,1
0.049307,1,1
0.049323,1,1
0.04934,1,1
0.049421,1,1
0.049426,1,1
0.049478,1,1
0.049552,1,1
0.049658,1,1
0.049712,1,1
0.049853,1,1
0.049923,1,1
0.049979,1,1
0.049991,1,1
0.050048,1,1
0.050071,1,1
0.050077,1,1
0.050218,1,1
0.050294,1,1
0.050388,1,1
0.050444,1,1
0.050448,1,1
0.050454,1,1
0.050468,1,1
0.050489,1,1
0.050503,1,1
0.050558,1,1
0.050581,1,1
0.05059,1,1
0.050639,1,1
0.05066,1,1
0.050669,1,1
0.050871,1,1
0.050937,1,1
0.050976,1,1
0.051097,1,1
0.051141,1,1
0.051171,1,1
0.051201,1,1
0.051203,1,1
0.051209,1,1
0.051256,1,1
0.051265,1,1
0.051283,1,1
0.051327,1,1
0.051385,1,1
0.051537,1,1
0.051564,1,1
0.051566,1,1
0.051667,1,1
0.051687,1,1
0.051714,1,1
0.05179,1,1
0.051798,1,1
0.051843,1,1
0.05186,1,1
0.051864,1,1
0.051872,1,1
0.051926,1,1
0.051947,1,1
0.052083,1,1
0.052098,1,1
0.052104,1,1
0.052128,1,1
0.052136,1,1
0.052199,1,1
0.052201,1,1
0.0523,1,1
0.052309,1,1
0.052324,2,1
0.052327,1,1
0.05239,1,1
0.052415,1,1
0.052489,1,1
0.052509,1,1
0.052591,1,1
0.052596,1,1
0.052706,1,1
0.052794,1,1
0.05287,1,1
0.052984,1,1
0.053057,1,1
0.05314,1,1
0.05315,1,1
0.05325,1,1
0.053266,1,1
0.053362,1,1
0.053435,1,1
0.053447,1,1
0.053476,1,1
0.053515,1,1
0.053565,1,1
0.053576,1,1
0.05361,1,1
0.053641,1,1
0.053696,1,1
0.053744,1,1
0.053834,1,1
0.053852,1,1
0.053885,1,1
0.053954,1,1
0.053973,1,1
0.053993,1,1
0.053999,1,1
0.054051,1,1
0.054191,1,1
0.054262,1,1
0.054264,1,1
0.054278,1,1
0.054384,1,1
0.0544,1,1
0.05449,1,1
0.054491,1,1
0.054508,1,1
0.054591,1,1
0.054676,1,1
0.054698,1,1
0.054702,1,1
0.054756,2,1
0.054785,1,1
0.05481,1,1
0.054849,1,1
0.054872,1,1
0.054903,1,1
0.055058,1,1
0.055103,1,1
0.055255,1,1
0.055268,1,1
0.055283,1,1
0.055308,1,1
0.055402,1,1
0.05541,1,1
0.055443,1,1
0.055454,1,1
0.055478,1,1
0.05552,1,1
0.055552,1,1
0.055559,1,1
0.055609,1,1
0.055669,1,1
0.055712,1,1
0.055756,1,1
0.055843,1,1
0.05597,1,1
0.055981,1,1
0.055997,1,1
0.056,1,1
0.056046,1,1
0.056208,1,1
0.056211,1,1
0.056268,1,1
0.056276,1,1
0.056302,1,1
0.056305,1,1
0.05647,1,1
0.056475,1,1
0.056491,1,1
0.056517,1,1
0.056671,1,1
0.056673,1,1
0.056684,1,1
0.056692,1,1
0.05673,1,1
0.056765,1,1
0.056836,1,1
0.056851,1,1
0.056914,1,1
0.056928,1,1
0.056985,1,1
0.057009,1,1
0.05702,1,1
0.057105,1,1
0.057147,1,1
0.057165,1,1
0.057224,1,1
0.057238,1,1
0.05736,1,1
0.057378,1,1
0.057385,1,1
0.057408,1,1
0.057487,1,1
0.057532,1,1
0.057544,1,1
0.057545,1,1
0.057567,1,1
0.057633,1,1
0.05769,1,1
0.057701,1,1
0.057759,1,1
0.057816,1,1
0.057868,1,1
0.057895,1,1
0.057913,1,1
0.058071,1,1
0.05811,1,1
0.058207,1,1
0.058235,1,1
0.058282,1,1
0.058322,1,1
0.058326,1,1
0.058373,1,1
0.058509,1,1
0.058533,1,1
0.05861,2,1
0.058744,1,1
0.058766,1,1
0.058767,1,1
0.058768,1,1
0.05878,1,1
0.058787,1,1
0.05888,1,1
0.058922,1,1
0.058953,1,1
0.059016,1,1
0.059069,1,1
0.059095,1,1
0.059163,1,1
0.059233,1,1
0.059245,1,1
0.059267,1,1
0.059299,1,1
0.059354,1,1
0.059358,1,1
0.059383,1,1
0.059414,1,1
0.059448,1,1
0.059469,1,1
0.059535,1,1
0.05963,1,1
0.059719,1,1
0.059781,1,1
0.059794,1,1
0.059954,1,1
0.059982,1,1
0.060074,1,1
0.060103,1,1
0.060142,1,1
0.06026,1,1
0.060286,1,1
0.060329,1,1
0.060334,1,1
0.060415,1,1
0.060442,1,1
0.060506,1,1
0.060569,1,1
0.060626,2,1
0.060691,1,1
0.060709,1,1
0.060713,1,1
0.060731,1,1
0.060741,1,1
0.06077,1,1
0.060799,1,1
0.060889,1,1
0.060904,1,1
0.060951,1,1
0.060955,1,1
0.06105,1,1
0.061082,1,1
0.061203,1,1
0.061227,1,1
0.061248,1,1
0.061263,1,1
0.06131,1,1
0.061382,1,1
0.061412,1,1
0.061471,1,1
0.061473,1,1
0.061521,1,1
0.061546,1,1
0.061627,1,1
0.06164,1,1
0.061645,1,1
0.061652,1,1
0.061703,1,1
0.06172,1,1
0.061722,1,1
0.061723,1,1
0.061751,1,1
0.061768,1,1
0.061799,1,1
0.061848,1,1
0.061851,1,1
0.061877,1,1
0.061879,1,1
0.061894,1,1
0.061943,1,1
0.062059,1,1
0.062083,1,1
0.062229,1,1
0.062315,1,1
0.062403,1,1
0.062415,1,1
0.062431,1,1
0.062446,1,1
0.062448,1,1
0.062453,1,1
0.062469,1,1
0.0625,21,1
0.062508,1,1
0.06254,1,1
0.062564,1,1
0.062739,1,1
0.062755,1,1
0.062814,1,1
0.062885,1,1
0.062905,1,1
0.062986,1,1
0.063009,1,1
0.063103,1,1
0.063176,1,1
0.063195,1,1
0.063248,1,1
0.063257,1,1
0.063339,1,1
0.06345,1,1
0.063502,1,1
0.063534,1,1
0.063564,1,1
0.063645,1,1
0.063673,1,1
0.063713,1,1
0.063755,1,1
0.063797,1,1
0.063809,1,1
0.063844,1,1
0.063884,1,1
0.063898,1,1
0.063908,1,1
0.063986,1,1
0.064089,1,1
0.064148,1,1
0.064276,1,1
0.064288,1,1
0.064325,1,1
0.064393,1,1
0.064445,1,1
0.064483,1,1
0.064547,1,1
0.064596,1,1
0.064606,1,1
0.064607,1,1
0.064755,1,1
0.064767,1,1
0.064813,1,1
0.06484,1,1
0.064894,1,1
0.06492,2,1
0.064921,1,1
0.065033,1,1
0.065067,1,1
0.065076,1,1
0.065089,1,1
0.065146,1,1
0.065166,1,1
0.06517,1,1
0.065275,1,1
0.065292,1,1
0.065358,1,1
0.065367,1,1
0.065417,1,1
0.065467,1,1
0.065504,1,1
0.065531,1,1
0.065554,1,1
0.065559,1,1
0.065589,1,1
0.065608,1,1
0.065612,1,1
0.065682,1,1
0.065684,1,1
0.065685,1,1
0.065999,1,1
0.066016,1,1
0.066054,1,1
0.06609,1,1
0.066121,1,1
0.066151,2,1
0.066174,1,1
0.066188,1,1
0.066218,1,1
0.066226,1,1
0.066332,1,1
0.066393,1,1
0.066462,1,1
0.066468,1,1
0.066502,1,1
0.066512,1,1
0.066535,1,1
0.066549,1,1
0.066582,1,1
0.066598,1,1
0.066601,1,1
0.066649,1,1
0.066724,1,1
0.066752,1,1
0.066759,1,1
0.066785,1,1
0.06687,1,1
0.066948,1,1
0.066961,1,1
0.067003,1,1
0.06703,1,1
0.067059,1,1
0.067084,1,1
0.067098,1,1
0.067117,1,1
0.067135,1,1
0.067172,1,1
0.067253,1,1
0.067376,1,1
0.067393,1,1
0.067396,1,1
0.067425,2,1
0.067453,1,1
0.067596,1,1
0.067622,1,1
0.067658,1,1
0.067741,1,1
0.067815,1,1
0.067839,1,1
0.067886,1,1
0.0679,1,1
0.067938,1,1
0.068027,1,1
0.06803,1,1
0.06811,1,1
0.068114,1,1
0.068143,1,1
0.068256,1,1
0.068264,1,1
0.068335,1,1
0.068346,1,1
0.068397,1,1
0.068398,1,1
0.068408,1,1
0.068432,1,1
0.068496,1,1
0.068584,1,1
0.068649,1,1
0.068662,1,1
0.068667,1,1
0.06867,1,1
0.068674,1,1
0.06868,1,1
0.068712,1,1
0.068751,1,1
0.068827,1,1
0.068834,1,1
0.068852,1,1
0.068869,1,1
0.068945,1,1
0.069021,1,1
0.069083,1,1
0.069092,1,1
0.069174,1,1
0.069187,1,1
0.069219,1,1
0.0693,1,1
0.069303,1,1
0.069327,1,1
0.069405,1,1
0.069422,1,1
0.069533,1,1
0.069545,1,1
0.069609,1,1
0.069681,1,1
0.069744,1,1
0.069786,1,1
0.069876,1,1
0.069929,1,1
0.069936,1,1
0.069952,1,1
0.069982,1,1
0.069996,1,1
0.070005,1,1
0.070066,1,1
0.070069,1,1
0.070075,1,1
0.070161,1,1
0.070199,1,1
0.07023,1,1
0.070287,1,1
0.07045,1,1
0.070481,1,1
0.07052,1,1
0.070548,1,1
0.070549,1,1
0.070562,1,1
0.070695,1,1
0.07071,1,1
0.070712,1,1
0.070719,1,1
0.070774,1,1
0.07078,1,1
0.070805,1,1
0.070883,1,1
0.070902,1,1
0.070956,1,1
0.070967,1,1
0.071051,1,1
0.071102,1,1
0.071128,1,1
0.071139,1,1
0.0712,1,1
0.071226,1,1
0.071227,1,1
0.071251,1,1
0.071371,1,1
0.071437,1,1
0.07144,1,1
0.07147,1,1
0.071472,1,1
0.071522,1,1
0.071523,1,1
0.071579,1,1
0.071594,1,1
0.071617,1,1
0.071653,1,1
0.071689,1,1
0.07169,1,1
0.07172,1,1
0.071781,1,1
0.072008,1,1
0.072091,1,1
0.072098,1,1
0.072141,1,1
0.072299,1,1
0.07235,1,1
0.072351,1,1
0.072558,1,1
0.07261,1,1
0.072688,1,1
0.072713,1,1
0.072752,1,1
0.072819,1,1
0.072858,1,1
0.072895,1,1
0.073057,1,1
0.073073,1,1
0.073093,1,1
0.07314,1,1
0.073151,1,1
0.073162,1,1
0.073174,1,1
0.073175,1,1
0.073183,1,1
0.073203,1,1
0.073214,1,1
0.073239,1,1
0.073247,2,1
0.073263,1,1
0.0733,1,1
0.073332,1,1
0.073448,1,1
0.073481,1,1
0.073525,1,1
0.073533,1,1
0.073559,1,1
0.073641,1,1
0.073649,1,1
0.073695,1,1
0.073885,1,1
0.07393,1,1
0.073957,1,1
0.074029,1,1
0.074079,1,1
0.074107,1,1
0.074166,1,1
0.074182,1,1
0.074194,1,1
0.074216,1,1
0.074268,1,1
0.074272,1,1
0.074403,1,1
0.07442,1,1
0.074481,1,1
0.074538,1,1
0.074573,1,1
0.07459,1,1
0.074608,1,1
0.074667,1,1
0.074691,1,1
0.07481,1,1
0.074844,1,1
0.074876,1,1
0.074881,1,1
0.074883,1,1
0.07496,1,1
0.074975,1,1
0.074978,1,1
0.074982,1,1
0.075024,1,1
0.075036,1,1
0.075062,1,1
0.075133,1,1
0.075155,1,1
0.075162,1,1
0.075207,1,1
0.075263,1,1
0.075268,1,1
0.075284,1,1
0.075328,1,1
0.075348,1,1
0.075444,1,1
0.075669,1,1
0.075694,1,1
0.075884,1,1
0.075924,1,1
0.075932,1,1
0.075934,1,1
0.075963,1,1
0.075988,1,1
0.075996,1,1
0.076146,1,1
0.076191,1,1
0.076216,1,1
0.076223,1,1
0.076242,1,1
0.076373,1,1
0.076449,1,1
0.076794,1,1
0.076868,1,1
0.076886,1,1
0.076921,1,1
0.076929,1,1
0.076962,1,1
0.077011,1,1
0.077025,1,1
0.077034,1,1
0.077102,1,1
0.077183,1,1
0.077198,1,1
0.0772,1,1
0.077251,1,1
0.077338,1,1
0.077339,1,1
0.077492,1,1
0.077658,1,1
0.077728,1,1
0.077829,1,1
0.077902,2,1
0.077907,1,1
0.077912,1,1
0.078029,1,1
0.078065,1,1
0.078122,1,1
0.078125,14,1
0.078133,1,1
0.078134,1,1
0.078259,1,1
0.078276,1,1
0.078326,1,1
0.078337,1,1
0.078341,1,1
0.078389,1,1
0.078414,1,1
0.078436,1,1
0.078525,1,1
0.07857,1,1
0.078635,1,1
0.078728,1,1
0.078741,1,1
0.078785,1,1
0.078797,1,1
0.078854,1,1
0.078921,1,1
0.078925,1,1
0.079058,1,1
0.079065,1,1
0.079069,1,1
0.079076,1,1
0.079091,1,1
0.079099,1,1
0.079111,1,1
0.079143,1,1
0.079177,1,1
0.079205,1,1
0.079257,1,1
0.079401,1,1
0.07945,1,1
0.079475,1,1
0.079486,1,1
0.079524,1,1
0.079558,1,1
0.079619,1,1
0.079622,1,1
0.07971,1,1
0.079726,1,1
0.079763,1,1
0.079804,1,1
0.079879,1,1
0.079942,1,1
0.079945,1,1
0.079957,1,1
0.079966,1,1
0.079984,1,1
0.079987,1,1
0.080084,1,1
0.080094,1,1
0.080124,1,1
0.080131,1,1
0.080158,1,1
0.080164,1,1
0.080216,2,1
0.080266,1,1
0.080345,1,1
0.080368,1,1
0.080375,1,1
0.080452,1,1
0.080454,1,1
0.080463,1,1
0.080476,1,1
0.080479,1,1
0.080497,1,1
0.080576,1,1
0.080716,1,1
0.080729,1,1
0.080752,1,1
0.080878,1,1
0.080956,1,1
0.080984,1,1
0.080987,1,1
0.081004,1,1
0.081051,1,1
0.081124,1,1
0.081142,1,1
0.081181,1,1
0.081217,1,1
0.081234,1,1
0.081273,1,1
0.081307,1,1
0.08135,1,1
0.081356,1,1
0.081523,1,1
0.08159,1,1
0.081674,1,1
0.081695,1,1
0.081763,1,1
0.082004,1,1
0.082037,1,1
0.082159,1,1
0.082199,1,1
0.082263,1,1
0.082302,1,1
0.082333,1,1
0.082334,1,1
0.082343,1,1
0.082408,1,1
0.082412,1,1
0.082417,1,1
0.082448,1,1
0.082513,1,1
0.082675,1,1
0.082746,1,1
0.082772,1,1
0.082802,1,1
0.082933,1,1
0.082946,1,1
0.082993,1,1
0.08303,1,1
0.083033,1,1
0.083052,1,1
0.083125,1,1
0.083205,1,1
0.083304,1,1
0.08336,1,1
0.08339,1,1
0.083395,1,1
0.083488,1,1
0.083522,1,1
0.083585,1,1
0.08363,1,1
0.08364,1,1
0.083733,1,1
0.083784,1,1
0.083828,1,1
0.083853,1,1
0.083953,1,1
0.084015,1,1
0.084073,1,1
0.084075,1,1
0.084165,1,1
0.084352,1,1
0.084361,1,1
0.084371,1,1
0.084398,1,1
0.084444,1,1
0.084475,1,1
0.084492,1,1
0.084528,1,1
0.084531,1,1
0.084532,1,1
0.084563,1,1
0.084584,1,1
0.084614,1,1
0.084615,1,1
0.084655,1,1
0.084712,1,1
0.084726,1,1
0.084739,1,1
0.084762,1,1
0.084786,1,1
0.084885,1,1
0.084945,1,1
0.085055,1,1
0.085068,1,1
0.085096,1,1
0.085105,1,1
0.085141,1,1
0.085151,1,1
0.0852,1,1
0.085254,1,1
0.085309,1,1
0.085321,1,1
0.085349,1,1
0.085435,1,1
0.085464,1,1
0.085532,1,1
0.085536,1,1
0.08554,1,1
0.085553,1,1
0.085569,1,1
0.08558,1,1
0.085637,1,1
0.08567,1,1
0.085676,1,1
0.085681,1,1
0.085767,1,1
0.085861,1,1
0.085891,1,1
0.085955,1,1
0.086006,1,1
0.086199,1,1
0.086233,1,1
0.086315,1,1
0.086353,1,1
0.086488,1,1
0.086494,1,1
0.086573,1,1
0.086613,1,1
0.086664,1,1
0.086685,1,1
0.08671,1,1
0.08673,1,1
0.08675,1,1
0.086756,1,1
0.086792,1,1
0.086821,1,1
0.086829,1,1
0.08685,1,1
0.086899,1,1
0.0869,1,1
0.087032,1,1
0.087068,1,1
0.087124,1,1
0.087155,1,1
0.087199,1,1
0.087223,1,1
0.087227,2,1
0.08725,1,1
0.087334,1,1
0.08736,1,1
0.087363,1,1
0.087404,1,1
0.08747,1,1
0.087492,1,1
0.087523,1,1
0.087591,1,1
0.087592,1,1
0.087599,1,1
0.087685,1,1
0.087719,1,1
0.087749,1,1
0.087841,1,1
0.087892,1,1
0.087936,1,1
0.087967,1,1
0.088081,2,1
0.088086,1,1
0.0881,1,1
0.088144,1,1
0.088181,1,1
0.088225,1,1
0.088494,1,1
0.088522,1,1
0.088572,1,1
0.088609,1,1
0.088655,1,1
0.088742,1,1
0.088857,1,1
0.088881,1,1
0.089029,1,1
0.089062,1,1
0.08912,1,1
0.089141,1,1
0.089162,1,1
0.089163,1,1
0.089249,1,1
0.089257,1,1
0.089269,1,1
0.08945,1,1
0.089455,1,1
0.08951,1,1
0.089547,1,1
0.089574,1,1
0.089597,1,1
0.089628,1,1
0.089692,1,1
0.089787,1,1
0.089794,1,1
0.089856,1,1
0.089867,1,1
0.089897,1,1
0.089902,1,1
0.089903,1,1
0.089955,1,1
0.090112,1,1
0.090113,1,1
0.090147,1,1
0.090151,1,1
0.090159,1,1
0.090209,1,1
0.090212,1,1
0.090304,1,1
0.090401,1,1
0.090457,1,1
0.090459,1,1
0.090476,1,1
0.090501,1,1
0.090584,1,1
0.090598,1,1
0.090652,1,1
0.090695,1,1
0.090875,1,1
0.090938,1,1
0.091013,1,1
0.091159,1,1
0.091252,2,1
0.091256,1,1
0.091268,1,1
0.091325,1,1
0.091382,1,1
0.091392,1,1
0.091403,1,1
0.09142,2,1
0.091472,1,1
0.091495,1,1
0.091559,1,1
0.091704,1,1
0.09174,1,1
0.091804,1,1
0.091809,1,1
0.09191,1,1
0.092037,1,1
0.092058,1,1
0.0921,1,1
0.092244,1,1
0.092292,1,1
0.092308,1,1
0.092344,1,1
0.092464,1,1
0.092528,1,1
0.092578,1,1
0.092595,1,1
0.092636,1,1
0.092658,1,1
0.092709,1,1
0.092716,1,1
0.092872,1,1
0.092881,1,1
0.092902,1,1
0.092903,1,1
0.092913,1,1
0.092956,1,1
0.092964,1,1
0.092968,1,1
0.09302,1,1
0.093097,1,1
0.09312,1,1
0.093124,1,1
0.093201,1,1
0.093325,1,1
0.093575,1,1
0.093662,1,1
0.093673,1,1
0.093686,1,1
0.093746,1,1
0.09375,22,1
0.093753,1,1
0.093773,1,1
0.093792,1,1
0.093817,1,1
0.09384,1,1
0.093855,1,1
0.0939,2,1
0.093911,1,1
0.09397,1,1
0.093998,1,1
0.094018,1,1
0.094246,1,1
0.094259,1,1
0.094269,1,1
0.094328,1,1
0.094374,1,1
0.094443,1,1
0.094454,1,1
0.094504,1,1
0.09451,1,1
0.094529,1,1
0.094546,1,1
0.09459,1,1
0.094599,1,1
0.094615,1,1
0.09462,1,1
0.094631,1,1
0.094718,2,1
0.094799,1,1
0.094888,1,1
0.094978,1,1
0.094994,1,1
0.095018,1,1
0.095041,1,1
0.095164,1,1
0.095186,1,1
0.095406,1,1
0.095416,1,1
0.09544,1,1
0.095465,1,1
0.095466,1,1
0.095477,1,1
0.095489,1,1
0.095574,1,1
0.095637,1,1
0.09572,1,1
0.095756,1,1
0.09577,1,1
0.095797,1,1
0.095843,1,1
0.095931,1,1
0.09594,1,1
0.095954,1,1
0.096034,1,1
0.096036,1,1
0.09604,1,1
0.096056,1,1
0.096113,1,1
0.096147,1,1
0.096328,1,1
0.096329,1,1
0.096339,1,1
0.096387,1,1
0.096391,1,1
0.096394,1,1
0.096404,1,1
0.096558,1,1
0.096625,1,1
0.096639,1,1
0.096671,1,1
0.096765,1,1
0.096783,1,1
0.096796,1,1
0.09682,1,1
0.096866,1,1
0.096923,1,1
0.097002,1,1
0.097129,1,1
0.097137,1,1
0.097192,1,1
0.097198,1,1
0.097219,1,1
0.097272,1,1
0.097388,1,1
0.09744,1,1
0.097449,1,1
0.097467,1,1
0.097486,1,1
0.097572,1,1
0.097592,1,1
0.097605,1,1
0.097657,1,1
0.097713,1,1
0.097733,1,1
0.097776,1,1
0.097812,1,1
0.097818,1,1
0.097868,1,1
0.097871,1,1
0.097922,1,1
0.097945,1,1
0.097986,1,1
0.097999,1,1
0.098013,1,1
0.09804,1,1
0.098069,1,1
0.098113,1,1
0.098262,1,1
0.09834,1,1
0.098345,1,1
0.098356,1,1
0.098367,1,1
0.098402,1,1
0.0985,1,1
0.098682,1,1
0.098698,1,1
0.098777,1,1
0.098779,1,1
0.098824,1,1
0.098847,1,1
0.098958,1,1
0.098971,1,1
0.098989,1,1
0.099008,1,1
0.099065,1,1
0.099085,1,1
0.099114,1,1
0.099134,1,1
0.099177,1,1
0.099197,1,1
0.099213,1,1
0.09927,1,1
0.099297,1,1
0.09933,1,1
0.099345,1,1
0.099456,1,1
0.099509,1,1
0.099595,1,1
0.099715,1,1
0.099726,1,1
0.099732,1,1
0.099738,1,1
0.099958,1,1
0.099992,1,1
0.100095,1,1
0.100161,1,1
0.10026,1,1
0.100309,1,1
0.100336,1,1
0.100338,1,1
0.100367,1,1
0.10037,1,1
0.100444,1,1
0.100466,1,1
0.100498,1,1
0.100538,1,1
0.100564,1,1
0.100604,1,1
0.100605,1,1
0.100616,1,1
0.10062,1,1
0.100686,1,1
0.100709,1,1
0.100779,1,1
0.10087,1,1
0.100972,1,1
0.100988,1,1
0.101036,1,1
0.101096,1,1
0.10115,1,1
0.101236,1,1
0.101265,1,1
0.101307,1,1
0.10131,1,1
0.101403,1,1
0.101457,1,1
0.101518,1,1
0.101574,1,1
0.101575,1,1
0.101631,1,1
0.101733,1,1
0.101867,1,1
0.101872,1,1
0.101896,1,1
0.101951,1,1
0.102269,1,1
0.102275,1,1
0.102422,1,1
0.102484,1,1
0.102661,1,1
0.1027,1,1
0.102737,1,1
0.10275,1,1
0.10276,1,1
0.102792,1,1
0.102883,1,1
0.102942,1,1
0.103061,1,1
0.103077,1,1
0.103086,1,1
0.103204,1,1
0.103209,1,1
0.103217,1,1
0.103294,1,1
0.103343,1,1
0.103344,1,1
0.103413,1,1
0.103605,1,1
0.103645,1,1
0.103746,1,1
0.10375,1,1
0.103824,1,1
0.103827,1,1
0.103881,1,1
0.103922,1,1
0.103949,1,1
0.10404,1,1
0.104105,1,1
0.104234,1,1
0.104255,1,1
0.104283,1,1
0.104301,1,1
0.104341,1,1
0.104355,1,1
0.104366,1,1
0.104383,1,1
0.104424,1,1
0.104449,1,1
0.104469,1,1
0.104476,1,1
0.104516,1,1
0.10452,1,1
0.104523,1,1
0.104544,1,1
0.104599,1,1
0.104602,1,1
0.104636,1,1
0.104683,1,1
0.104758,1,1
0.104796,1,1
0.104841,1,1
0.104857,1,1
0.104918,1,1
0.104933,1,1
0.104935,1,1
0.104988,1,1
0.1051,1,1
0.105135,1,1
0.105208,1,1
0.105224,1,1
0.105302,1,1
0.10537,1,1
0.105379,1,1
0.105451,1,1
0.105548,1,1
0.105576,1,1
0.105601,1,1
0.105623,1,1
0.105699,1,1
0.105736,1,1
0.1058,1,1
0.105803,1,1
0.105806,1,1
0.105923,1,1
0.105983,1,1
0.105984,1,1
0.106063,1,1
0.106175,1,1
0.106216,1,1
0.106241,1,1
0.106296,1,1
0.106438,1,1
0.106476,1,1
0.10652,1,1
0.106594,1,1
0.106597,1,1
0.106733,1,1
0.106821,1,1
0.106855,1,1
0.106866,1,1
0.107036,1,1
0.107039,1,1
0.107062,1,1
0.107096,1,1
0.107134,1,1
0.107262,1,1
0.107334,1,1
0.107356,1,1
0.107369,1,1
0.107553,1,1
0.107613,1,1
0.107618,1,1
0.107626,1,1
0.107706,1,1
0.10773,1,1
0.107761,1,1
0.107768,2,1
0.107779,1,1
0.107819,1,1
0.107871,1,1
0.107895,1,1
0.107905,1,1
0.108087,1,1
0.108161,1,1
0.108196,1,1
0.108203,1,1
0.108225,1,1
0.108377,1,1
0.108494,1,1
0.108537,1,1
0.108583,1,1
0.10861,1,1
0.108627,1,1
0.108642,1,1
0.108704,1,1
0.108764,1,1
0.108773,1,1
0.108833,1,1
0.108861,1,1
0.108895,1,1
0.108922,1,1
0.108963,1,1
0.108993,1,1
0.109016,1,1
0.109039,1,1
0.109105,1,1
0.109117,1,1
0.109131,1,1
0.109162,1,1
0.109199,1,1
0.109241,1,1
0.10933,1,1
0.109351,1,1
0.10936,1,1
0.109361,1,1
0.109375,25,1
0.109448,1,1
0.109623,1,1
0.109679,1,1
0.109681,1,1
0.109712,1,1
0.109743,1,1
0.109859,1,1
0.109936,1,1
0.110048,1,1
0.110128,1,1
0.110136,1,1
0.110142,1,1
0.110148,1,1
0.110198,1,1
0.110287,1,1
0.110318,1,1
0.110343,1,1
0.110355,1,1
0.1104,1,1
0.110419,1,1
0.110511,1,1
0.110513,2,1
0.110593,1,1
0.110604,1,1
0.110721,1,1
0.110725,1,1
0.110743,1,1
0.11075,1,1
0.110802,1,1
0.110925,1,1
0.110933,1,1
0.110949,1,1
0.110976,1,1
0.11098,1,1
0.110994,1,1
0.111046,1,1
0.111115,1,1
0.111163,1,1
0.111194,1,1
0.111219,1,1
0.111221,1,1
0.111242,1,1
0.111301,1,1
0.111334,2,1
0.111364,1,1
0.11137,1,1
0.111372,1,1
0.111395,1,1
0.111413,1,1
0.111669,1,1
0.111681,1,1
0.111855,1,1
0.111935,1,1
0.111945,1,1
0.112055,1,1
0.112181,1,1
0.11219,1,1
0.112216,1,1
0.11227,1,1
0.112271,1,1
0.112294,1,1
0.112298,1,1
0.11234,1,1
0.112348,1,1
0.112382,1,1
0.112412,1,1
0.112418,1,1
0.112477,1,1
0.1126,1,1
0.112663,2,1
0.112706,1,1
0.112721,1,1
0.112823,1,1
0.112848,1,1
0.112865,1,1
0.112913,1,1
0.112952,1,1
0.112978,1,1
0.112991,1,1
0.113051,1,1
0.113119,1,1
0.113292,1,1
0.113334,1,1
0.113349,1,1
0.113384,1,1
0.113416,1,1
0.113608,1,1
0.113681,1,1
0.113714,2,1
0.113719,1,1
0.113728,1,1
0.113788,1,1
0.113796,1,1
0.11383,1,1
0.113893,1,1
0.113912,1,1
0.11397,1,1
0.114025,1,1
0.114058,1,1
0.114097,1,1
0.114134,1,1
0.114201,1,1
0.114292,1,1
0.11434,1,1
0.114341,1,1
0.114423,1,1
0.114434,1,1
0.114437,1,1
0.114443,1,1
0.114485,1,1
0.114526,1,1
0.11455,1,1
0.114552,1,1
0.114652,1,1
0.114749,1,1
0.114783,1,1
0.114794,1,1
0.114808,1,1
0.11483,1,1
0.114839,1,1
0.114886,1,1
0.114972,1,1
0.114995,1,1
0.115015,1,1
0.115017,1,1
0.115023,1,1
0.115039,1,1
0.115058,1,1
0.115122,1,1
0.11519,1,1
0.115209,1,1
0.115222,1,1
0.115278,1,1
0.115375,1,1
0.115388,1,1
0.115466,1,1
0.115494,1,1
0.115526,1,1
0.115595,1,1
0.115596,1,1
0.115723,1,1
0.115735,1,1
0.115767,1,1
0.115905,1,1
0.115909,1,1
0.115976,1,1
0.115988,1,1
0.116006,1,1
0.116075,1,1
0.116086,1,1
0.116116,1,1
0.116254,1,1
0.116312,1,1
0.116325,1,1
0.116364,1,1
0.116398,1,1
0.116415,1,1
0.116445,1,1
0.116446,1,1
0.116482,1,1
0.116485,1,1
0.116495,1,1
0.11651,1,1
0.116624,1,1
0.116731,1,1
0.116808,1,1
0.116824,1,1
0.116839,1,1
0.116861,1,1
0.116917,1,1
0.116946,1,1
0.116953,1,1
0.117036,1,1
0.117164,1,1
0.117236,1,1
0.117357,1,1
0.117372,1,1
0.117454,1,1
0.117484,1,1
0.117559,1,1
0.117672,1,1
0.117679,1,1
0.117728,1,1
0.117751,1,1
0.117957,1,1
0.117959,1,1
0.117986,1,1
0.118009,1,1
0.11802,1,1
0.118032,1,1
0.118033,1,1
0.118038,1,1
0.118061,1,1
0.118225,1,1
0.118246,1,1
0.118262,1,1
0.118317,1,1
0.11835,1,1
0.118356,1,1
0.118367,1,1
0.118388,1,1
0.118428,1,1
0.118448,1,1
0.118489,1,1
0.118506,1,1
0.118514,1,1
0.118527,1,1
0.118548,1,1
0.118568,1,1
0.118616,1,1
0.118621,1,1
0.118624,1,1
0.118643,1,1
0.118674,1,1
0.118694,1,1
0.11872,1,1
0.118722,1,1
0.118815,1,1
0.118898,1,1
0.119074,1,1
0.119185,1,1
0.119227,1,1
0.119306,1,1
0.119391,1,1
0.119416,1,1
0.119453,1,1
0.119472,1,1
0.119477,1,1
0.119626,1,1
0.119667,1,1
0.119707,1,1
0.119718,1,1
0.119723,1,1
0.119741,1,1
0.119754,1,1
0.119863,1,1
0.119968,1,1
0.120014,1,1
0.120022,1,1
0.1201,1,1
0.12015,1,1
0.120159,2,1
0.12019,2,1
0.120204,1,1
0.120229,1,1
0.120243,1,1
0.12043,1,1
0.120485,1,1
0.120595,1,1
0.120648,1,1
0.120808,1,1
0.121149,1,1
0.121295,1,1
0.121396,1,1
0.121583,1,1
0.121634,1,1
0.121694,1,1
0.121762,1,1
0.121803,1,1
0.121942,1,1
0.122001,1,1
0.122008,1,1
0.122254,1,1
0.122276,1,1
0.12228,1,1
0.12232,1,1
0.122343,1,1
0.122402,1,1
0.122403,1,1
0.122468,1,1
0.122513,1,1
0.122581,1,1
0.122639,1,1
0.122667,1,1
0.122706,1,1
0.122744,1,1
0.122747,1,1
0.122789,1,1
0.122791,1,1
0.122866,1,1
0.122868,1,1
0.122875,1,1
0.122946,1,1
0.122947,1,1
0.12306,1,1
0.123066,1,1
0.123115,1,1
0.123124,1,1
0.123126,1,1
0.123136,1,1
0.123162,1,1
0.123183,1,1
0.123277,1,1
0.123289,1,1
0.123296,1,1
0.123359,1,1
0.123386,1,1
0.123417,1,1
0.12345,1,1
0.123497,1,1
0.12362,1,1
0.123628,1,1
0.123633,1,1
0.123695,1,1
0.123707,1,1
0.123709,1,1
0.123851,1,1
0.123854,1,1
0.123891,1,1
0.123903,1,1
0.123982,1,1
0.123986,1,1
0.124067,1,1
0.124095,1,1
0.124166,1,1
0.124183,1,1
0.124363,1,1
0.12442,1,1
0.124494,1,1
0.124519,1,1
0.124541,1,1
0.124568,1,1
0.124573,1,1
0.124581,1,1
0.124606,1,1
0.124614,1,1
0.124636,1,1
0.12464,1,1
0.124698,1,1
0.124733,1,1
0.124843,2,1
0.124883,1,1
0.124952,1,1
0.125,17,1
0.12503,1,1
0.125126,1,1
0.125152,1,1
0.125173,1,1
0.125287,1,1
0.125298,1,1
0.125372,1,1
0.125431,1,1
0.12545,1,1
0.125475,1,1
0.125476,1,1
0.125486,1,1
0.125593,1,1
0.125597,1,1
0.125705,1,1
0.125753,1,1
0.125793,1,1
0.125834,1,1
0.125867,1,1
0.125898,1,1
0.125904,1,1
0.125967,1,1
0.126008,1,1
0.126035,1,1
0.126094,1,1
0.12615,1,1
0.126197,1,1
0.12621,1,1
0.126238,1,1
0.126338,1,1
0.126388,1,1
0.12639,1,1
0.126397,1,1
0.126465,1,1
0.126552,1,1
0.126572,1,1
0.12658,1,1
0.126606,1,1
0.126635,1,1
0.126694,1,1
0.126834,1,1
0.126919,1,1
0.126927,1,1
0.126944,1,1
0.126995,1,1
0.12701,1,1
0.127038,1,1
0.127063,1,1
0.127073,1,1
0.127089,1,1
0.127104,1,1
0.127122,1,1
0.12716,1,1
0.127367,1,1
0.127368,1,1
0.127482,1,1
0.127515,1,1
0.127569,1,1
0.127782,1,1
0.127854,1,1
0.127909,1,1
0.127933,1,1
0.127935,1,1
0.128045,1,1
0.128125,1,1
0.128206,1,1
0.128368,1,1
0.12838,1,1
0.128451,1,1
0.128463,1,1
0.128465,1,1
0.128472,1,1
0.128473,1,1
0.128636,1,1
0.128674,1,1
0.128913,1,1
0.128961,1,1
0.129098,1,1
0.129105,1,1
0.129305,1,1
0.129347,1,1
0.129376,1,1
0.12943,1,1
0.129454,1,1
0.12948,1,1
0.129525,1,1
0.129985,1,1
0.130123,1,1
0.130152,1,1
0.130199,1,1
0.130288,1,1
0.130319,1,1
0.130347,1,1
0.130369,1,1
0.130391,2,1
0.130419,1,1
0.130429,1,1
0.130538,1,1
0.130598,1,1
0.130608,1,1
0.130652,1,1
0.13077,2,1
0.130784,1,1
0.130819,1,1
0.130854,1,1
0.130883,1,1
0.130886,1,1
0.130887,1,1
0.130898,1,1
0.130928,1,1
0.130931,1,1
0.130953,1,1
0.131013,1,1
0.131025,2,1
0.131136,1,1
0.131192,1,1
0.131206,1,1
0.131215,1,1
0.131255,1,1
0.131339,1,1
0.131389,1,1
0.131429,1,1
0.131465,1,1
0.131582,1,1
0.131676,1,1
0.131701,1,1
0.131814,1,1
0.131968,1,1
0.131969,1,1
0.132131,1,1
0.132132,1,1
0.132157,1,1
0.132195,1,1
0.132202,1,1
0.132234,1,1
0.132299,1,1
0.132305,1,1
0.132306,1,1
0.13255,1,1
0.132604,1,1
0.132621,1,1
0.132697,1,1
0.132761,1,1
0.132847,1,1
0.132884,1,1
0.132899,1,1
0.132921,1,1
0.132987,1,1
0.132989,1,1
0.133136,1,1
0.133182,1,1
0.133237,1,1
0.133274,1,1
0.133319,1,1
0.133347,1,1
0.133348,1,1
0.133423,1,1
0.133504,1,1
0.13351,1,1
0.133568,1,1
0.133626,1,1
0.133633,1,1
0.133714,1,1
0.133779,1,1
0.133789,1,1
0.133844,1,1
0.133857,1,1
0.133948,1,1
0.133996,2,1
0.134017,1,1
0.134031,1,1
0.134102,1,1
0.134165,1,1
0.134166,1,1
0.134222,1,1
0.134261,1,1
0.134303,1,1
0.134357,1,1
0.134373,1,1
0.13442,1,1
0.134447,1,1
0.134544,1,1
0.134631,1,1
0.134654,1,1
0.134743,1,1
0.134783,1,1
0.134787,1,1
0.134805,1,1
0.134874,1,1
0.134911,1,1
0.134914,1,1
0.134958,1,1
0.134961,1,1
0.135205,2,1
0.135224,1,1
0.135254,1,1
0.135267,1,1
0.135306,1,1
0.13531,1,1
0.135351,1,1
0.135454,1,1
0.135473,1,1
0.135557,1,1
0.135623,1,1
0.135635,1,1
0.135644,1,1
0.135663,1,1
0.135684,1,1
0.135691,1,1
0.135701,1,1
0.135739,1,1
0.135949,1,1
0.135971,1,1
0.136005,1,1
0.136046,1,1
0.136097,1,1
0.136151,1,1
0.136154,1,1
0.136178,1,1
0.13621,1,1
0.136223,1,1
0.136325,1,1
0.13635,2,1
0.136534,1,1
0.13655,1,1
0.136555,1,1
0.136595,1,1
0.136607,1,1
0.136611,1,1
0.136773,1,1
0.136822,1,1
0.136935,1,1
0.136982,1,1
0.137,1,1
0.137026,1,1
0.137101,1,1
0.137139,1,1
0.137192,1,1
0.137199,1,1
0.137215,1,1
0.137265,1,1
0.137376,1,1
0.137539,1,1
0.137627,1,1
0.137639,1,1
0.137653,1,1
0.13771,1,1
0.137759,1,1
0.137817,1,1
0.137881,1,1
0.137931,1,1
0.137942,1,1
0.137994,1,1
0.138213,1,1
0.138234,1,1
0.138335,1,1
0.13838,1,1
0.138517,1,1
0.138533,1,1
0.138551,1,1
0.138569,1,1
0.138609,1,1
0.138617,1,1
0.138622,1,1
0.138838,1,1
0.138853,1,1
0.138908,1,1
0.138942,1,1
0.13912,1,1
0.139157,1,1
0.139585,1,1
0.139588,1,1
0.1397,1,1
0.139737,1,1
0.139757,1,1
0.139795,1,1
0.139834,1,1
0.139936,1,1
0.13995,1,1
0.139964,1,1
0.139987,1,1
0.140034,1,1
0.140058,1,1
0.140063,1,1
0.140173,1,1
0.140227,1,1
0.140278,1,1
0.140403,1,1
0.140439,1,1
0.140454,1,1
0.140473,1,1
0.140505,1,1
0.14054,1,1
0.140625,25,1
0.140662,1,1
0.140669,1,1
0.140719,1,1
0.140748,1,1
0.140786,1,1
0.140822,1,1
0.140826,1,1
0.140862,1,1
0.140903,1,1
0.14104,1,1
0.141046,1,1
0.141058,1,1
0.141197,1,1
0.141245,1,1
0.141416,1,1
0.141477,1,1
0.141483,1,1
0.14149,1,1
0.141539,1,1
0.141609,1,1
0.141686,1,1
0.141698,1,1
0.141729,1,1
0.14176,1,1
0.141935,1,1
0.141937,1,1
0.141985,1,1
0.141995,1,1
0.142403,1,1
0.142415,1,1
0.142445,1,1
0.14251,1,1
0.142566,1,1
0.142568,1,1
0.142704,1,1
0.142708,1,1
0.142731,1,1
0.142745,1,1
0.142878,1,1
0.142888,1,1
0.142936,1,1
0.142937,1,1
0.14295,1,1
0.142952,1,1
0.142976,1,1
0.142977,1,1
0.143,1,1
0.143071,1,1
0.143094,1,1
0.143117,1,1
0.143122,1,1
0.143191,1,1
0.143271,1,1
0.143291,1,1
0.143306,1,1
0.143367,1,1
0.143396,1,1
0.14344,1,1
0.143476,1,1
0.143507,1,1
0.143539,1,1
0.143585,1,1
0.143692,1,1
0.143705,1,1
0.143719,1,1
0.143787,1,1
0.143828,1,1
0.143882,1,1
0.143937,1,1
0.144001,1,1
0.144025,1,1
0.144046,1,1
0.144099,1,1
0.144112,1,1
0.144145,1,1
0.144238,1,1
0.144321,1,1
0.144379,1,1
0.144499,1,1
0.144535,1,1
0.144573,1,1
0.144585,1,1
0.144634,1,1
0.144836,1,1
0.144872,1,1
0.144893,1,1
0.144991,1,1
0.145045,1,1
0.145051,1,1
0.145082,1,1
0.145269,1,1
0.14529,1,1
0.145304,1,1
0.145357,1,1
0.145483,1,1
0.145652,1,1
0.145691,1,1
0.145707,1,1
0.145727,1,1
0.145844,1,1
0.145913,1,1
0.145977,1,1
0.146241,1,1
0.146306,1,1
0.146438,1,1
0.146487,1,1
0.14661,1,1
0.146799,1,1
0.146944,1,1
0.147073,1,1
0.147115,1,1
0.147209,1,1
0.147214,1,1
0.147251,1,1
0.147335,1,1
0.147409,1,1
0.147459,1,1
0.147499,1,1
0.147537,1,1
0.147581,1,1
0.147598,1,1
0.147613,1,1
0.147615,1,1
0.147628,1,1
0.147726,1,1
0.147804,1,1
0.147845,1,1
0.147872,1,1
0.147882,1,1
0.147925,1,1
0.147932,1,1
0.147989,1,1
0.148004,1,1
0.148037,1,1
0.148092,1,1
0.148116,1,1
0.148154,1,1
0.148187,1,1
0.148193,1,1
0.148198,1,1
0.148212,1,1
0.148422,1,1
0.148511,1,1
0.148534,1,1
0.148536,1,1
0.148559,1,1
0.148645,1,1
0.148696,1,1
0.148718,1,1
0.148799,1,1
0.148822,1,1
0.148836,1,1
0.148857,1,1
0.148859,1,1
0.149011,1,1
0.14912,1,1
0.14918,2,1
0.149201,1,1
0.149272,1,1
0.149432,1,1
0.149452,1,1
0.149476,1,1
0.149509,1,1
0.149742,1,1
0.149869,1,1
0.149915,1,1
0.150007,1,1
0.150032,1,1
0.150074,1,1
0.150169,1,1
0.150182,1,1
0.150205,1,1
0.150226,1,1
0.150232,1,1
0.15024,1,1
0.150398,1,1
0.150543,1,1
0.150626,1,1
0.150639,1,1
0.150708,1,1
0.150715,1,1
0.150746,1,1
0.150812,1,1
0.151001,1,1
0.151034,1,1
0.151082,1,1
0.151087,1,1
0.151279,1,1
0.1513,1,1
0.151307,1,1
0.151402,1,1
0.151417,1,1
0.151423,1,1
0.151456,1,1
0.151463,1,1
0.151679,1,1
0.151724,1,1
0.151744,1,1
0.151751,1,1
0.15188,1,1
0.151903,1,1
0.151932,1,1
0.151987,1,1
0.152025,1,1
0.152037,1,1
0.152054,1,1
0.152108,1,1
0.152134,1,1
0.152157,1,1
0.1522,1,1
0.152215,1,1
0.152221,1,1
0.152245,1,1
0.15233,1,1
0.152359,1,1
0.152423,1,1
0.152472,1,1
0.152495,1,1
0.152532,1,1
0.152657,1,1
0.152737,1,1
0.152834,1,1
0.15288,1,1
0.152941,1,1
0.152953,1,1
0.15299,1,1
0.153123,1,1
0.153278,2,1
0.153315,1,1
0.153414,1,1
0.153444,1,1
0.153452,1,1
0.153483,1,1
0.153647,1,1
0.153681,1,1
0.153692,1,1
0.153703,1,1
0.15372,1,1
0.153754,1,1
0.153766,1,1
0.153973,1,1
0.154155,1,1
0.154206,1,1
0.154213,1,1
0.154319,1,1
0.154352,1,1
0.154524,1,1
0.154547,1,1
0.15456,1,1
0.154562,1,1
0.154577,1,1
0.154581,1,1
0.154622,1,1
0.154686,1,1
0.154734,1,1
0.154771,1,1
0.154792,1,1
0.154851,1,1
0.154857,1,1
0.154873,1,1
0.154895,1,1
0.154998,1,1
0.155113,1,1
0.155118,1,1
0.15514,1,1
0.155237,1,1
0.155259,1,1
0.155344,1,1
0.155348,1,1
0.155363,1,1
0.155453,1,1
0.155614,1,1
0.155627,1,1
0.155663,1,1
0.155725,1,1
0.155773,1,1
0.155813,1,1
0.155845,1,1
0.155887,1,1
0.15594,1,1
0.155953,1,1
0.155969,1,1
0.155971,1,1
0.156114,1,1
0.156134,1,1
0.156136,1,1
0.156182,1,1
0.156235,1,1
0.15625,17,1
0.156281,1,1
0.156316,1,1
0.156332,1,1
0.156337,1,1
0.156382,1,1
0.156383,1,1
0.156565,1,1
0.156703,1,1
0.156829,1,1
0.156837,1,1
0.156937,1,1
0.157065,1,1
0.15713,1,1
0.15718,1,1
0.157202,1,1
0.157223,1,1
0.157264,1,1
0.157306,1,1
0.157355,1,1
0.15758,1,1
0.157604,1,1
0.157622,1,1
0.157696,1,1
0.157831,1,1
0.157887,1,1
0.157933,1,1
0.158026,1,1
0.158158,1,1
0.158211,1,1
0.158292,1,1
0.158344,1,1
0.158417,1,1
0.158458,1,1
0.1585,1,1
0.158575,1,1
0.158651,1,1
0.158678,1,1
0.158845,1,1
0.158882,1,1
0.15892,1,1
0.158945,1,1
0.158951,1,1
0.158961,1,1
0.159008,1,1
0.159012,1,1
0.159131,1,1
0.159281,1,1
0.159316,1,1
0.159354,1,1
0.159433,1,1
0.159462,1,1
0.159467,1,1
0.159541,1,1
0.159598,1,1
0.159612,1,1
0.159705,1,1
0.159831,1,1
0.160153,1,1
0.160214,1,1
0.16027,1,1
0.160276,1,1
0.160288,1,1
0.160403,1,1
0.160405,1,1
0.160413,1,1
0.160418,1,1
0.160427,1,1
0.160479,1,1
0.160493,1,1
0.160499,1,1
0.160526,1,1
0.160586,1,1
0.160592,1,1
0.160652,1,1
0.160704,1,1
0.160726,1,1
0.160738,1,1
0.160827,1,1
0.160846,1,1
0.160888,1,1
0.16099,1,1
0.161055,1,1
0.161082,1,1
0.161113,1,1
0.161142,1,1
0.161168,1,1
0.161213,1,1
0.161223,1,1
0.16123,1,1
0.161251,1,1
0.161287,1,1
0.161302,1,1
0.161331,1,1
0.161367,1,1
0.161437,1,1
0.16157,1,1
0.161641,1,1
0.161699,1,1
0.161769,1,1
0.161795,1,1
0.161834,1,1
0.161864,1,1
0.161914,1,1
0.161942,1,1
0.162014,1,1
0.162025,1,1
0.162144,1,1
0.162188,1,1
0.162214,1,1
0.162343,1,1
0.162371,1,1
0.162442,1,1
0.162455,1,1
0.162511,1,1
0.162606,1,1
0.162685,1,1
0.162702,1,1
0.162753,1,1
0.162808,1,1
0.162886,1,1
0.16289,1,1
0.162933,1,1
0.162943,1,1
0.163014,1,1
0.16306,1,1
0.163181,1,1
0.16321,1,1
0.16323,1,1
0.163246,1,1
0.163309,1,1
0.163318,1,1
0.163347,1,1
0.163373,1,1
0.163502,1,1
0.163604,1,1
0.163629,1,1
0.163669,1,1
0.163677,1,1
0.163705,1,1
0.163796,1,1
0.163813,1,1
0.163845,1,1
0.163895,1,1
0.163902,1,1
0.164039,1,1
0.16405,1,1
0.164052,1,1
0.164128,1,1
0.164131,1,1
0.16419,1,1
0.164199,1,1
0.164266,1,1
0.164317,1,1
0.164375,1,1
0.164412,1,1
0.164416,1,1
0.164422,1,1
0.164429,1,1
0.164452,1,1
0.164468,1,1
0.164656,1,1
0.164689,1,1
0.164694,1,1
0.164703,1,1
0.164748,1,1
0.164774,1,1
0.16481,1,1
0.164822,1,1
0.164982,1,1
0.1651,1,1
0.165261,1,1
0.165269,1,1
0.165324,1,1
0.165329,1,1
0.16533,1,1
0.165337,1,1
0.165351,1,1
0.165392,1,1
0.165523,1,1
0.165535,1,1
0.165616,1,1
0.165774,1,1
0.165781,1,1
0.165787,1,1
0.165837,1,1
0.165909,1,1
0.166103,1,1
0.16612,1,1
0.166149,1,1
0.166278,1,1
0.166365,1,1
0.166409,1,1
0.166583,1,1
0.166713,1,1
0.166957,1,1
0.166991,1,1
0.167007,1,1
0.167327,1,1
0.167334,1,1
0.167395,1,1
0.167534,1,1
0.167559,1,1
0.167741,1,1
0.16776,1,1
0.16784,1,1
0.167883,1,1
0.167921,1,1
0.167957,1,1
0.167969,1,1
0.167984,1,1
0.168003,1,1
0.168082,1,1
0.168147,1,1
0.168209,1,1
0.168292,1,1
0.168345,1,1
0.168599,1,1
0.168726,1,1
0.168891,1,1
0.168943,1,1
0.168982,1,1
0.169036,1,1
0.169078,1,1
0.16908,1,1
0.169119,1,1
0.169131,1,1
0.169154,1,1
0.169179,1,1
0.169189,1,1
0.16919,1,1
0.169215,1,1
0.169262,1,1
0.16927,1,1
0.169279,1,1
0.169302,1,1
0.16937,1,1
0.169448,1,1
0.169517,1,1
0.169674,1,1
0.169835,1,1
0.169965,1,1
0.170008,1,1
0.170034,1,1
0.170046,1,1
0.170058,1,1
0.170295,1,1
0.17032,1,1
0.170387,1,1
0.170452,1,1
0.170524,1,1
0.170643,1,1
0.170717,1,1
0.170761,1,1
0.170808,2,1
0.170815,1,1
0.170872,1,1
0.17093,1,1
0.1711,1,1
0.171114,1,1
0.171131,1,1
0.171139,1,1
0.17125,1,1
0.171256,1,1
0.171263,1,1
0.171344,1,1
0.171405,1,1
0.171484,1,1
0.171608,1,1
0.171632,1,1
0.171861,1,1
0.171875,24,1
0.17188,1,1
0.171944,1,1
0.172171,1,1
0.172182,1,1
0.172284,1,1
0.172356,1,1
0.172427,2,1
0.172453,1,1
0.172572,1,1
0.17259,1,1
0.172664,1,1
0.172666,1,1
0.172855,1,1
0.173068,1,1
0.173209,1,1
0.173226,1,1
0.173299,1,1
0.173301,1,1
0.173327,1,1
0.173334,1,1
0.173445,1,1
0.173457,1,1
0.173613,1,1
0.173628,1,1
0.173648,1,1
0.173772,1,1
0.173794,1,1
0.173814,1,1
0.17387,1,1
0.173881,1,1
0.173913,1,1
0.173965,1,1
0.173989,1,1
0.174008,1,1
0.174029,1,1
0.174062,1,1
0.174188,1,1
0.174214,1,1
0.174305,1,1
0.174364,1,1
0.17439,1,1
0.174391,1,1
0.174415,1,1
0.174497,1,1
0.174498,1,1
0.174677,1,1
0.174826,1,1
0.174892,1,1
0.17493,1,1
0.174953,1,1
0.174963,1,1
0.174968,1,1
0.175015,1,1
0.175066,1,1
0.175067,1,1
0.175069,1,1
0.175084,1,1
0.175116,1,1
0.175121,1,1
0.175195,1,1
0.175236,1,1
0.17524,2,1
0.17531,1,1
0.175324,2,1
0.1755,1,1
0.175509,1,1
0.175572,1,1
0.175909,1,1
0.176001,1,1
0.176048,1,1
0.176075,1,1
0.176135,1,1
0.176164,1,1
0.176203,1,1
0.176235,1,1
0.176241,1,1
0.176563,1,1
0.176685,1,1
0.176759,1,1
0.17676,1,1
0.176779,1,1
0.176782,1,1
0.176791,1,1
0.1768,1,1
0.176807,1,1
0.176864,1,1
0.176917,1,1
0.176949,1,1
0.176953,1,1
0.176986,1,1
0.177168,1,1
0.177188,1,1
0.177289,1,1
0.177541,1,1
0.177543,1,1
0.17765,1,1
0.177724,1,1
0.177763,1,1
0.177813,1,1
0.177948,1,1
0.178065,1,1
0.178135,1,1
0.17824,1,1
0.178355,1,1
0.178404,1,1
0.178447,1,1
0.1785,1,1
0.17852,1,1
0.178564,1,1
0.178631,1,1
0.178684,1,1
0.178776,1,1
0.178785,1,1
0.178808,1,1
0.178858,1,1
0.178899,1,1
0.17901,1,1
0.179019,1,1
0.179136,1,1
0.179188,1,1
0.179192,2,1
0.179223,1,1
0.179284,1,1
0.179411,1,1
0.179497,1,1
0.1795,1,1
0.179703,1,1
0.179713,1,1
0.17978,1,1
0.179841,1,1
0.17988,1,1
0.179917,1,1
0.179923,1,1
0.180078,1,1
0.180099,1,1
0.180104,1,1
0.180134,1,1
0.18016,1,1
0.180184,1,1
0.180201,1,1
0.180207,1,1
0.18023,1,1
0.180246,1,1
0.180275,1,1
0.180319,1,1
0.180381,1,1
0.180431,1,1
0.180673,1,1
0.180721,1,1
0.180741,1,1
0.180785,1,1
0.180887,1,1
0.180905,1,1
0.180959,1,1
0.180969,1,1
0.180986,1,1
0.181013,1,1
0.181075,1,1
0.181084,1,1
0.181104,1,1
0.181134,1,1
0.181281,1,1
0.181286,1,1
0.181351,1,1
0.181432,1,1
0.181482,1,1
0.181498,1,1
0.181501,1,1
0.181589,1,1
0.181709,1,1
0.181756,1,1
0.181809,1,1
0.181987,1,1
0.182059,1,1
0.182185,1,1
0.182259,1,1
0.182313,1,1
0.18233,1,1
0.182344,1,1
0.182565,1,1
0.182585,1,1
0.182641,1,1
0.182732,1,1
0.18284,1,1
0.182868,1,1
0.182975,1,1
0.182979,1,1
0.183371,1,1
0.18354,1,1
0.183554,1,1
0.183566,1,1
0.183587,1,1
0.18367,1,1
0.183674,1,1
0.183797,1,1
0.183832,1,1
0.183874,1,1
0.183905,1,1
0.184046,1,1
0.184241,1,1
0.184262,1,1
0.184303,1,1
0.184339,1,1
0.184393,1,1
0.184397,1,1
0.184414,1,1
0.184617,1,1
0.184631,1,1
0.184709,1,1
0.184729,1,1
0.184855,1,1
0.184899,1,1
0.184985,1,1
0.184991,1,1
0.185041,1,1
0.185083,1,1
0.18514,1,1
0.185189,1,1
0.185201,1,1
0.185245,1,1
0.185439,1,1
0.185482,1,1
0.185486,1,1
0.185574,1,1
0.185579,1,1
0.185665,1,1
0.18571,1,1
0.185775,1,1
0.1858,1,1
0.185839,1,1
0.18597,1,1
0.18611,1,1
0.186117,1,1
0.186133,1,1
0.186367,1,1
0.186377,1,1
0.186486,1,1
0.186532,1,1
0.186576,1,1
0.186672,1,1
0.186674,1,1
0.186879,1,1
0.186887,1,1
0.186891,1,1
0.186902,1,1
0.186967,1,1
0.187007,1,1
0.187281,1,1
0.187293,1,1
0.187352,1,1
0.1875,28,1
0.187553,1,1
0.187556,1,1
0.187919,1,1
0.18799,1,1
0.188032,1,1
0.188088,1,1
0.188202,1,1
0.188278,1,1
0.188309,1,1
0.188352,1,1
0.188356,1,1
0.188454,1,1
0.188515,1,1
0.188525,1,1
0.188604,1,1
0.188675,1,1
0.188735,1,1
0.188786,1,1
0.188862,1,1
0.188863,1,1
0.188933,1,1
0.189012,1,1
0.189042,1,1
0.189052,1,1
0.189309,1,1
0.189339,1,1
0.18934,1,1
0.189346,1,1
0.189724,1,1
0.189734,1,1
0.189812,1,1
0.189817,1,1
0.18984,1,1
0.189983,1,1
0.190239,1,1
0.190255,1,1
0.190274,1,1
0.190303,1,1
0.190422,1,1
0.190428,1,1
0.190514,1,1
0.190598,1,1
0.190622,1,1
0.190836,1,1
0.190849,1,1
0.190933,1,1
0.191045,1,1
0.191108,1,1
0.191133,1,1
0.191349,1,1
0.191358,1,1
0.191387,1,1
0.191431,1,1
0.191457,1,1
0.191465,1,1
0.191481,1,1
0.191657,1,1
0.191678,1,1
0.191715,1,1
0.191804,1,1
0.191845,1,1
0.191898,1,1
0.192081,1,1
0.192227,1,1
0.192379,1,1
0.192394,1,1
0.192416,1,1
0.19243,1,1
0.192505,1,1
0.192551,1,1
0.192643,1,1
0.192644,1,1
0.192649,1,1
0.192962,1,1
0.192993,1,1
0.193298,1,1
0.193404,1,1
0.193414,1,1
0.193437,1,1
0.193439,1,1
0.193442,1,1
0.193782,1,1
0.193823,1,1
0.193834,1,1
0.193856,1,1
0.193883,1,1
0.193921,1,1
0.194077,1,1
0.1941,1,1
0.194109,1,1
0.194113,1,1
0.194191,1,1
0.194235,1,1
0.19426,1,1
0.194428,1,1
0.194476,1,1
0.194526,1,1
0.194588,1,1
0.194679,1,1
0.194708,1,1
0.194783,1,1
0.19485,1,1
0.194955,1,1
0.194977,1,1
0.195006,1,1
0.195166,1,1
0.195211,1,1
0.195243,1,1
0.195252,1,1
0.195332,1,1
0.195373,1,1
0.195611,1,1
0.195632,1,1
0.195649,1,1
0.195665,1,1
0.195778,1,1
0.195921,1,1
0.196038,1,1
0.19605,1,1
0.196054,1,1
0.196156,1,1
0.196172,1,1
0.196192,1,1
0.196245,1,1
0.196344,1,1
0.196404,1,1
0.196409,1,1
0.196442,1,1
0.196452,1,1
0.196473,1,1
0.196544,1,1
0.196652,1,1
0.19667,1,1
0.19672,1,1
0.19673,1,1
0.196746,1,1
0.196824,1,1
0.196969,1,1
0.197072,1,1
0.197219,1,1
0.197256,1,1
0.197271,1,1
0.19742,1,1
0.197432,1,1
0.197471,1,1
0.19776,1,1
0.197825,1,1
0.197951,1,1
0.198047,1,1
0.198049,1,1
0.198056,1,1
0.198114,1,1
0.198146,1,1
0.198253,1,1
0.198298,1,1
0.198331,1,1
0.198352,1,1
0.198393,1,1
0.19846,1,1
0.198722,1,1
0.198768,1,1
0.198835,1,1
0.198839,1,1
0.198902,1,1
0.198951,1,1
0.199067,1,1
0.199095,1,1
0.199131,1,1
0.199148,1,1
0.199172,1,1
0.199176,1,1
0.199211,1,1
0.199326,1,1
0.19934,1,1
0.199351,1,1
0.199417,1,1
0.199482,1,1
0.199501,1,1
0.199714,1,1
0.199732,1,1
0.199763,1,1
0.199824,1,1
0.199989,1,1
0.199992,1,1
0.200015,1,1
0.20002,1,1
0.200021,1,1
0.200042,1,1
0.200095,1,1
0.200097,1,1
0.200118,1,1
0.200132,1,1
0.200135,1,1
0.200154,1,1
0.200179,1,1
0.200204,1,1
0.200225,1,1
0.200248,1,1
0.200272,1,1
0.200353,1,1
0.200409,1,1
0.200431,1,1
0.200442,1,1
0.200503,1,1
0.200587,1,1
0.200596,1,1
0.200611,1,1
0.200634,1,1
0.200653,1,1
0.200676,1,1
0.200704,1,1
0.200718,1,1
0.200796,1,1
0.20083,1,1
0.200898,1,1
0.200969,1,1
0.200972,1,1
0.201113,1,1
0.201541,1,1
0.201773,1,1
0.201812,1,1
0.20193,1,1
0.201983,1,1
0.202045,1,1
0.202152,1,1
0.202258,1,1
0.202444,1,1
0.202502,1,1
0.202533,1,1
0.202599,1,1
0.20265,1,1
0.202664,1,1
0.202738,1,1
0.202751,1,1
0.202914,1,1
0.203057,1,1
0.203125,20,1
0.203144,1,1
0.203154,1,1
0.203165,1,1
0.203167,1,1
0.203281,1,1
0.203291,1,1
0.203322,1,1
0.203351,1,1
0.203356,1,1
0.203371,1,1
0.203397,1,1
0.203471,1,1
0.203521,1,1
0.203549,1,1
0.203589,1,1
0.203597,1,1
0.203759,1,1
0.203776,1,1
0.203788,1,1
0.203798,1,1
0.203813,1,1
0.203874,1,1
0.203987,1,1
0.204072,1,1
0.204118,1,1
0.204313,1,1
0.204508,1,1
0.204573,1,1
0.204711,1,1
0.204906,1,1
0.205028,1,1
0.205058,1,1
0.205075,1,1
0.205106,1,1
0.205125,1,1
0.205242,1,1
0.20535,1,1
0.205382,1,1
0.205474,1,1
0.205539,1,1
0.20563,1,1
0.205695,1,1
0.205752,1,1
0.205822,1,1
0.205845,1,1
0.205863,1,1
0.205936,1,1
0.20594,1,1
0.205953,1,1
0.205955,1,1
0.206007,1,1
0.206043,1,1
0.206139,1,1
0.206156,1,1
0.206175,1,1
0.206332,1,1
0.206354,1,1
0.206602,1,1
0.206621,1,1
0.206681,1,1
0.206774,1,1
0.206955,1,1
0.206996,1,1
0.207032,1,1
0.207092,1,1
0.207128,1,1
0.207201,1,1
0.207212,1,1
0.207236,1,1
0.207298,1,1
0.207362,1,1
0.207396,1,1
0.207417,1,1
0.207463,1,1
0.207529,1,1
0.207583,1,1
0.207842,1,1
0.207879,1,1
0.207981,1,1
0.208032,1,1
0.208038,1,1
0.208145,1,1
0.208184,1,1
0.208391,1,1
0.208414,1,1
0.208533,1,1
0.208538,1,1
0.208649,1,1
0.208829,1,1
0.20894,1,1
0.208973,1,1
0.209065,1,1
0.209082,1,1
0.209305,1,1
0.209352,1,1
0.209375,1,1
0.20943,1,1
0.209519,1,1
0.209575,1,1
0.209637,1,1
0.2097,1,1
0.209705,1,1
0.209796,1,1
0.209804,1,1
0.209829,1,1
0.209882,1,1
0.209908,1,1
0.209965,1,1
0.209969,1,1
0.209972,1,1
0.209987,1,1
0.210063,1,1
0.210102,1,1
0.210105,1,1
0.210216,1,1
0.210219,1,1
0.210331,1,1
0.210477,1,1
0.210717,1,1
0.210819,1,1
0.210825,1,1
0.210844,1,1
0.211012,1,1
0.211043,1,1
0.211077,1,1
0.211216,1,1
0.21123,1,1
0.211242,1,1
0.211359,1,1
0.2114,1,1
0.211491,1,1
0.211546,1,1
0.21159,1,1
0.211597,1,1
0.211655,1,1
0.211662,1,1
0.211747,1,1
0.211749,1,1
0.21179,1,1
0.211794,1,1
0.211958,1,1
0.212031,1,1
0.212072,1,1
0.212132,1,1
0.212173,1,1
0.212253,1,1
0.212269,1,1
0.212282,1,1
0.212304,1,1
0.212306,1,1
0.212326,1,1
0.212636,1,1
0.212821,1,1
0.213065,1,1
0.21319,1,1
0.213234,1,1
0.213322,1,1
0.213363,2,1
0.213399,1,1
0.213461,1,1
0.213471,1,1
0.213539,1,1
0.213576,1,1
0.213624,1,1
0.213851,1,1
0.213964,2,1
0.21398,1,1
0.214027,1,1
0.214033,1,1
0.21411,1,1
0.214164,1,1
0.2142,1,1
0.214209,1,1
0.214234,1,1
0.214282,1,1
0.214284,1,1
0.214399,1,1
0.214563,1,1
0.214596,1,1
0.214816,1,1
0.214853,1,1
0.214979,1,1
0.2151,1,1
0.21516,1,1
0.215316,1,1
0.215552,1,1
0.215597,1,1
0.215822,1,1
0.215885,1,1
0.215894,1,1
0.216001,1,1
0.216015,1,1
0.216087,1,1
0.216255,1,1
0.216332,1,1
0.216409,1,1
0.21658,1,1
0.216656,1,1
0.216744,1,1
0.216802,1,1
0.216804,1,1
0.216979,1,1
0.21698,1,1
0.216992,1,1
0.217005,1,1
0.217015,1,1
0.217031,1,1
0.217373,1,1
0.217497,1,1
0.217505,1,1
0.217528,1,1
0.21763,1,1
0.217653,1,1
0.217858,1,1
0.217898,1,1
0.217961,1,1
0.218048,1,1
0.218106,1,1
0.218248,1,1
0.218278,1,1
0.218416,1,1
0.218586,1,1
0.2186,1,1
0.218627,1,1
0.218734,1,1
0.218738,1,1
0.21875,24,1
0.218771,1,1
0.218807,1,1
0.218817,1,1
0.218916,1,1
0.218919,1,1
0.219032,1,1
0.219053,1,1
0.219082,1,1
0.21909,1,1
0.219137,1,1
0.21915,1,1
0.219243,1,1
0.219258,1,1
0.219318,1,1
0.219352,1,1
0.219372,1,1
0.219465,1,1
0.219532,1,1
0.21956,1,1
0.219564,1,1
0.219587,1,1
0.219633,1,1
0.219645,1,1
0.219735,1,1
0.219742,1,1
0.219933,1,1
0.220028,1,1
0.220029,1,1
0.220033,1,1
0.220057,1,1
0.220128,1,1
0.220145,1,1
0.220303,1,1
0.220336,1,1
0.220362,1,1
0.220456,1,1
0.22049,1,1
0.220502,1,1
0.220519,1,1
0.220524,1,1
0.220673,1,1
0.22076,1,1
0.220896,1,1
0.220974,1,1
0.221004,1,1
0.221024,1,1
0.221031,1,1
0.221129,1,1
0.221149,1,1
0.221182,1,1
0.221262,1,1
0.221276,1,1
0.221437,1,1
0.221636,1,1
0.221664,1,1
0.221738,1,1
0.221766,1,1
0.221803,1,1
0.222008,1,1
0.222098,1,1
0.222137,1,1
0.222289,1,1
0.222431,1,1
0.222451,1,1
0.222477,1,1
0.222574,1,1
0.222651,1,1
0.222784,1,1
0.222786,1,1
0.222899,1,1
0.22303,1,1
0.223205,1,1
0.223256,1,1
0.223274,1,1
0.223444,1,1
0.223464,1,1
0.223563,1,1
0.223678,1,1
0.223896,1,1
0.223944,1,1
0.223945,2,1
0.223966,1,1
0.224008,1,1
0.224158,1,1
0.224224,1,1
0.224226,1,1
0.224393,1,1
0.224429,1,1
0.224461,1,1
0.224554,1,1
0.224806,1,1
0.224814,1,1
0.22487,1,1
0.224924,1,1
0.224937,1,1
0.224967,1,1
0.225017,1,1
0.225112,1,1
0.225155,1,1
0.225233,1,1
0.225269,1,1
0.225334,1,1
0.225338,1,1
0.225401,1,1
0.225525,1,1
0.225837,1,1
0.225865,1,1
0.225933,1,1
0.226096,1,1
0.226106,1,1
0.226213,1,1
0.226221,1,1
0.226249,1,1
0.226535,1,1
0.226681,1,1
0.226781,1,1
0.226824,1,1
0.226902,1,1
0.227165,1,1
0.227371,1,1
0.227416,1,1
0.227437,1,1
0.227585,1,1
0.227589,1,1
0.227597,1,1
0.227771,1,1
0.227799,1,1
0.227939,1,1
0.227996,1,1
0.22802,1,1
0.228109,1,1
0.228369,1,1
0.228395,1,1
0.228485,1,1
0.22852,1,1
0.228538,1,1
0.228574,1,1
0.228771,1,1
0.22894,1,1
0.228956,1,1
0.228997,1,1
0.229002,1,1
0.229113,1,1
0.229228,1,1
0.229528,1,1
0.22963,1,1
0.229705,1,1
0.229734,1,1
0.229772,1,1
0.229832,1,1
0.229883,1,1
0.229912,1,1
0.229948,1,1
0.230043,1,1
0.230062,1,1
0.230099,1,1
0.230224,1,1
0.230465,1,1
0.230516,1,1
0.230604,1,1
0.230614,1,1
0.230632,1,1
0.230634,1,1
0.230675,1,1
0.230721,1,1
0.230753,1,1
0.230792,1,1
0.230868,1,1
0.230894,1,1
0.230944,1,1
0.230988,1,1
0.231008,1,1
0.231037,1,1
0.231059,1,1
0.231093,1,1
0.231144,1,1
0.231147,1,1
0.231162,1,1
0.231176,1,1
0.231252,1,1
0.231286,1,1
0.231394,1,1
0.231412,1,1
0.231541,1,1
0.231566,1,1
0.231626,1,1
0.231628,1,1
0.231644,1,1
0.231669,1,1
0.231704,1,1
0.231705,1,1
0.231729,1,1
0.23181,1,1
0.231841,1,1
0.231866,1,1
0.23195,1,1
0.232268,1,1
0.232316,1,1
0.232356,1,1
0.232462,1,1
0.232649,1,1
0.232666,1,1
0.23276,1,1
0.232892,1,1
0.233227,1,1
0.233272,1,1
0.233331,1,1
0.233686,1,1
0.233766,1,1
0.233876,1,1
0.233967,1,1
0.23401,1,1
0.234088,1,1
0.234226,1,1
0.234298,1,1
0.234302,1,1
0.234331,1,1
0.234375,27,1
0.234518,1,1
0.234531,1,1
0.234606,1,1
0.234639,1,1
0.234667,1,1
0.234695,1,1
0.23474,1,1
0.234755,1,1
0.234966,1,1
0.235102,1,1
0.23545,1,1
0.235518,1,1
0.235527,1,1
0.235573,1,1
0.235616,1,1
0.235742,1,1
0.235756,1,1
0.235797,1,1
0.235818,1,1
0.23597,1,1
0.236009,1,1
0.236025,1,1
0.23649,1,1
0.236502,1,1
0.236646,1,1
0.236733,1,1
0.236766,1,1
0.236798,1,1
0.236865,1,1
0.236932,1,1
0.236933,1,1
0.237106,1,1
0.237128,1,1
0.237179,1,1
0.237219,1,1
0.237279,1,1
0.23735,1,1
0.237443,1,1
0.237517,1,1
0.237532,1,1
0.237566,1,1
0.237582,1,1
0.237594,1,1
0.237619,1,1
0.237622,1,1
0.237647,1,1
0.237694,1,1
0.237738,1,1
0.237779,1,1
0.237853,1,1
0.237999,1,1
0.238163,1,1
0.238193,1,1
0.238211,1,1
0.238233,1,1
0.238415,1,1
0.238512,1,1
0.238672,1,1
0.238699,1,1
0.238723,1,1
0.238727,1,1
0.238835,1,1
0.238893,1,1
0.238895,1,1
0.238927,1,1
0.239031,1,1
0.239038,1,1
0.23908,1,1
0.239081,1,1
0.239096,2,1
0.239139,1,1
0.239154,1,1
0.239297,1,1
0.239301,1,1
0.239358,1,1
0.239498,1,1
0.239515,1,1
0.239706,1,1
0.239735,1,1
0.239878,1,1
0.239946,1,1
0.239976,1,1
0.240078,1,1
0.240111,1,1
0.240214,1,1
0.240223,1,1
0.240475,1,1
0.240542,1,1
0.24056,1,1
0.240571,1,1
0.240712,1,1
0.240716,1,1
0.240731,1,1
0.240766,1,1
0.240787,1,1
0.240806,1,1
0.240854,1,1
0.241021,1,1
0.241048,1,1
0.241052,1,1
0.241093,1,1
0.24116,1,1
0.241176,1,1
0.241284,1,1
0.241496,1,1
0.241566,1,1
0.241603,1,1
0.241667,1,1
0.241671,1,1
0.241715,1,1
0.241731,1,1
0.241767,1,1
0.241827,1,1
0.241918,1,1
0.241929,1,1
0.241986,1,1
0.242036,1,1
0.242073,1,1
0.242105,1,1
0.242138,1,1
0.242139,1,1
0.242231,1,1
0.242236,1,1
0.242335,1,1
0.242378,1,1
0.242379,1,1
0.242598,1,1
0.242603,1,1
0.242634,1,1
0.242639,1,1
0.242771,1,1
0.242786,1,1
0.242823,1,1
0.242943,1,1
0.242998,1,1
0.243037,1,1
0.243243,1,1
0.243265,1,1
0.243381,1,1
0.24351,1,1
0.243594,1,1
0.243822,1,1
0.243847,1,1
0.243887,1,1
0.243968,1,1
0.244058,1,1
0.24416,1,1
0.244228,1,1
0.244239,1,1
0.24425,1,1
0.244356,1,1
0.244375,2,1
0.244383,1,1
0.244438,1,1
0.24448,1,1
0.244548,1,1
0.244585,1,1
0.244589,1,1
0.244677,1,1
0.244733,1,1
0.244754,1,1
0.244836,1,1
0.244849,1,1
0.244862,1,1
0.244967,1,1
0.245075,1,1
0.245077,1,1
0.245209,1,1
0.245308,1,1
0.2454,1,1
0.245488,1,1
0.245497,1,1
0.2455,1,1
0.245575,1,1
0.24561,1,1
0.245805,1,1
0.245832,1,1
0.24589,1,1
0.24597,1,1
0.245979,1,1
0.246084,1,1
0.246144,1,1
0.246313,1,1
0.246422,1,1
0.246453,1,1
0.246545,1,1
0.246711,1,1
0.246748,1,1
0.246768,1,1
0.246822,1,1
0.246831,1,1
0.246836,1,1
0.246963,1,1
0.247067,1,1
0.247108,1,1
0.247131,1,1
0.247145,1,1
0.247166,1,1
0.247268,1,1
0.247285,1,1
0.247301,1,1
0.247316,1,1
0.247342,1,1
0.247381,1,1
0.247382,1,1
0.247473,1,1
0.247562,1,1
0.247821,1,1
0.248069,1,1
0.248107,1,1
0.248162,1,1
0.248227,1,1
0.248236,1,1
0.24825,1,1
0.248281,1,1
0.248287,1,1
0.248289,1,1
0.248302,1,1
0.248366,1,1
0.248388,1,1
0.248457,1,1
0.248492,1,1
0.248512,1,1
0.248633,1,1
0.248702,1,1
0.248708,1,1
0.248723,1,1
0.248804,1,1
0.248848,1,1
0.248893,1,1
0.249119,1,1
0.249124,1,1
0.24928,1,1
0.249302,1,1
0.249305,1,1
0.249323,1,1
0.249576,1,1
0.249701,1,1
0.249704,1,1
0.249795,1,1
0.249888,1,1
0.249895,1,1
0.249917,1,1
0.24992,1,1
0.249994,1,1
0.25,33,1
0.25018,1,0
0.250207,1,0
0.250267,1,0
0.250375,1,0
0.250384,1,0
0.250392,1,0
0.25041,1,0
0.250488,1,0
0.250498,1,0
0.250509,1,0
0.250529,1,0
0.250702,1,0
0.250721,1,0
0.250798,1,0
0.25085,1,0
0.250859,1,0
0.250911,1,0
0.250957,1,0
0.250963,1,0
0.251195,1,0
0.25129,1,0
0.251307,1,0
0.251494,1,0
0.251549,1,0
0.25164,1,0
0.251652,1,0
0.251665,1,0
0.251683,1,0
0.251748,1,0
0.251849,1,0
0.251858,1,0
0.251874,1,0
0.252119,1,0
0.252153,1,0
0.252202,1,0
0.25222,1,0
0.252477,1,0
0.252535,1,0
0.252591,1,0
0.252611,1,0
0.252645,1,0
0.252791,1,0
0.252816,1,0
0.252851,1,0
0.25297,1,0
0.253035,1,0
0.253093,1,0
0.253252,1,0
0.253326,1,0
0.253867,1,0
0.253876,1,0
0.254003,1,0
0.254006,1,0
0.254104,1,0
0.254127,1,0
0.254186,1,0
0.254219,1,0
0.254325,1,0
0.254327,1,0
0.254474,1,0
0.254545,1,0
0.254606,1,0
0.254672,1,0
0.254706,1,0
0.254739,2,0
0.254797,1,0
0.254969,1,0
0.25513,1,0
0.255149,1,0
0.255199,1,0
0.255229,1,0
0.255274,1,0
0.255505,2,0
0.255608,1,0
0.255634,1,0
0.255668,1,0
0.255694,1,0
0.255846,1,0
0.256156,1,0
0.256176,1,0
0.256258,1,0
0.256262,1,0
0.256266,1,0
0.256465,1,0
0.256527,1,0
0.256544,1,0
0.256627,1,0
0.256631,1,0
0.256683,1,0
0.256734,1,0
0.256977,1,0
0.257018,1,0
0.257024,1,0
0.257045,1,0
0.257125,1,0
0.257172,1,0
0.257225,1,0
0.257239,1,0
0.257275,1,0
0.257289,1,0
0.257322,1,0
0.257334,1,0
0.257342,1,0
0.257384,1,0
0.257443,1,0
0.257457,1,0
0.257477,1,0
0.257537,1,0
0.257556,1,0
0.257591,1,0
0.257652,1,0
0.25771,1,0
0.257723,1,0
0.257817,1,0
0.257851,1,0
0.257885,1,0
0.257993,1,0
0.258102,1,0
0.258339,1,0
0.258432,1,0
0.258448,1,0
0.258488,1,0
0.258527,1,0
0.258561,1,0
0.258721,1,0
0.258882,1,0
0.258885,1,0
0.258983,1,0
0.258996,1,0
0.259147,1,0
0.259289,1,0
0.259331,1,0
0.259481,1,0
0.259488,1,0
0.259586,1,0
0.259637,1,0
0.259779,1,0
0.259839,1,0
0.259863,1,0
0.259867,1,0
0.259965,1,0
0.260236,1,0
0.26025,1,0
0.260296,1,0
0.260368,1,0
0.260448,1,0
0.260558,1,0
0.260594,1,0
0.260663,1,0
0.260822,1,0
0.260982,1,0
0.261023,1,0
0.261131,1,0
0.261287,1,0
0.26132,1,0
0.261331,1,0
0.26144,1,0
0.261495,1,0
0.26154,1,0
0.261603,1,0
0.261671,1,0
0.261734,1,0
0.26186,1,0
0.262126,1,0
0.262301,1,0
0.262362,1,0
0.262363,1,0
0.262462,1,0
0.262467,1,0
0.262528,1,0
0.262549,1,0
0.262584,1,0
0.262617,1,0
0.262632,1,0
0.262705,1,0
0.262734,1,0
0.262764,1,0
0.262777,1,0
0.26279,1,0
0.262869,1,0
0.262903,1,0
0.262931,1,0
0.263165,1,0
0.26324,1,0
0.263336,1,0
0.263472,1,0
0.263537,1,0
0.263643,1,0
0.263679,1,0
0.263682,1,0
0.26376,1,0
0.263917,1,0
0.263926,1,0
0.264026,1,0
0.264173,1,0
0.264214,1,0
0.264384,1,0
0.264476,1,0
0.264483,1,0
0.264681,1,0
0.264696,1,0
0.264806,1,0
0.264888,1,0
0.264913,1,0
0.264967,1,0
0.265074,1,0
0.265088,1,0
0.265197,1,0
0.265347,1,0
0.265378,1,0
0.265413,1,0
0.265423,1,0
0.265449,1,0
0.265625,20,0
0.26563,1,0
0.265631,1,0
0.265768,1,0
0.265819,1,0
0.265967,1,0
0.266152,2,0
0.266216,1,0
0.266254,1,0
0.266305,1,0
0.266347,1,0
0.266412,1,0
0.266437,1,0
0.266601,1,0
0.266605,1,0
0.266674,1,0
0.266735,1,0
0.266808,1,0
0.266862,1,0
0.266943,1,0
0.266952,1,0
0.267103,1,0
0.267121,1,0
0.267123,1,0
0.267242,1,0
0.267355,1,0
0.267364,1,0
0.267476,1,0
0.267485,1,0
0.267525,1,0
0.267537,1,0
0.267575,1,0
0.267691,1,0
0.267701,1,0
0.267778,1,0
0.267873,1,0
0.267882,1,0
0.267902,1,0
0.267954,1,0
0.268069,1,0
0.26816,1,0
0.26817,1,0
0.268191,1,0
0.268377,1,0
0.268518,1,0
0.26859,1,0
0.268634,1,0
0.268834,1,0
0.268864,1,0
0.268949,1,0
0.268996,1,0
0.269128,1,0
0.269137,1,0
0.269169,1,0
0.269324,1,0
0.269377,1,0
0.269388,1,0
0.269458,1,0
0.269499,1,0
0.269543,1,0
0.26959,1,0
0.269903,1,0
0.270061,1,0
0.27008,1,0
0.270109,1,0
0.270152,1,0
0.270289,1,0
0.270389,1,0
0.270401,1,0
0.270412,1,0
0.270464,1,0
0.270508,1,0
0.270587,1,0
0.270623,1,0
0.270801,1,0
0.270978,1,0
0.271003,1,0
0.271011,1,0
0.271053,1,0
0.271121,1,0
0.271194,1,0
0.271199,1,0
0.271269,1,0
0.271543,1,0
0.271651,1,0
0.271686,1,0
0.271702,1,0
0.271703,1,0
0.271747,1,0
0.271756,1,0
0.271831,1,0
0.271836,1,0
0.271838,1,0
0.27187,1,0
0.271976,1,0
0.272058,1,0
0.272308,2,0
0.272367,1,0
0.272443,1,0
0.272571,1,0
0.272578,1,0
0.272623,1,0
0.272748,1,0
0.272859,1,0
0.272866,1,0
0.273,1,0
0.273034,1,0
0.273068,1,0
0.273178,1,0
0.27321,1,0
0.273281,1,0
0.273363,1,0
0.273427,1,0
0.273546,1,0
0.273554,1,0
0.273598,1,0
0.273848,1,0
0.273981,1,0
0.274062,1,0
0.274158,1,0
0.274229,1,0
0.274321,1,0
0.274341,1,0
0.274448,1,0
0.274752,1,0
0.274775,1,0
0.274828,1,0
0.274861,1,0
0.274957,1,0
0.275011,1,0
0.275031,1,0
0.275117,1,0
0.27512,1,0
0.275129,1,0
0.27527,1,0
0.275332,1,0
0.275352,1,0
0.275435,1,0
0.275626,1,0
0.27581,1,0
0.275834,1,0
0.275969,1,0
0.275972,1,0
0.276058,1,0
0.276105,2,0
0.276128,1,0
0.276209,1,0
0.276267,1,0
0.276297,1,0
0.276395,1,0
0.276426,1,0
0.276453,1,0
0.276825,1,0
0.276827,1,0
0.27695,1,0
0.276994,1,0
0.276996,1,0
0.276997,1,0
0.277005,1,0
0.277012,1,0
0.277019,1,0
0.277051,1,0
0.277149,1,0
0.277186,1,0
0.277275,1,0
0.27737,1,0
0.277411,1,0
0.277477,1,0
0.277986,1,0
0.278002,1,0
0.278058,1,0
0.278093,1,0
0.278201,1,0
0.278205,1,0
0.278383,1,0
0.278459,1,0
0.278636,1,0
0.27866,1,0
0.278692,1,0
0.27876,1,0
0.278768,1,0
0.2788,1,0
0.278839,1,0
0.278905,1,0
0.2792,1,0
0.279212,1,0
0.279347,1,0
0.279423,1,0
0.279435,1,0
0.279501,1,0
0.279558,1,0
0.279582,1,0
0.279717,1,0
0.27972,1,0
0.279769,1,0
0.279771,1,0
0.279777,1,0
0.279817,1,0
0.279829,1,0
0.279879,1,0
0.280042,1,0
0.280048,1,0
0.280056,1,0
0.280116,1,0
0.280143,1,0
0.280145,1,0
0.280234,1,0
0.280336,1,0
0.280412,1,0
0.280503,1,0
0.280599,1,0
0.280711,1,0
0.280784,1,0
0.280866,1,0
0.280916,1,0
0.280927,1,0
0.280996,1,0
0.281027,1,0
0.281186,1,0
0.28125,18,0
0.281334,1,0
0.281419,1,0
0.281485,1,0
0.281492,1,0
0.281531,1,0
0.281592,1,0
0.281688,1,0
0.281741,1,0
0.281844,1,0
0.281894,1,0
0.281899,1,0
0.28198,1,0
0.282058,1,0
0.282208,1,0
0.282365,1,0
0.282378,1,0
0.282683,1,0
0.282827,1,0
0.282844,1,0
0.282989,1,0
0.28299,1,0
0.283052,1,0
0.283109,1,0
0.283343,1,0
0.283492,1,0
0.283617,1,0
0.283626,1,0
0.283747,1,0
0.283842,1,0
0.283852,1,0
0.283861,1,0
0.28404,1,0
0.284173,1,0
0.284315,1,0
0.284325,1,0
0.28433,1,0
0.284341,1,0
0.28457,1,0
0.284615,1,0
0.284719,1,0
0.284869,1,0
0.284873,1,0
0.284918,1,0
0.285045,1,0
0.285059,1,0
0.285076,1,0
0.285189,1,0
0.285266,1,0
0.285293,1,0
0.285343,1,0
0.285371,1,0
0.285403,1,0
0.285429,1,0
0.285515,1,0
0.285809,1,0
0.285916,1,0
0.285926,1,0
0.285957,1,0
0.285976,1,0
0.285981,1,0
0.286142,1,0
0.286255,1,0
0.286265,1,0
0.286371,1,0
0.286399,1,0
0.286457,1,0
0.286471,1,0
0.286557,1,0
0.286741,1,0
0.286747,1,0
0.28687,1,0
0.286963,1,0
0.287155,1,0
0.287173,1,0
0.287216,1,0
0.287298,1,0
0.287304,1,0
0.287336,1,0
0.287353,1,0
0.287372,1,0
0.28742,1,0
0.287558,1,0
0.287624,1,0
0.287668,1,0
0.287736,1,0
0.287798,1,0
0.287869,1,0
0.287905,1,0
0.287919,1,0
0.287933,1,0
0.287984,1,0
0.288488,1,0
0.288603,1,0
0.28862,1,0
0.288628,2,0
0.288656,1,0
0.288669,1,0
0.288725,1,0
0.288875,1,0
0.288893,1,0
0.288933,1,0
0.289031,1,0
0.289215,1,0
0.289271,1,0
0.2893,1,0
0.289372,1,0
0.289414,1,0
0.289546,1,0
0.289604,1,0
0.289663,1,0
0.290189,1,0
0.290253,1,0
0.290318,1,0
0.290336,1,0
0.290521,1,0
0.290618,1,0
0.290659,1,0
0.290715,1,0
0.290844,1,0
0.290886,1,0
0.290887,1,0
0.291085,1,0
0.291292,1,0
0.29135,1,0
0.291448,1,0
0.291465,1,0
0.291518,1,0
0.291522,1,0
0.291661,1,0
0.291745,1,0
0.291753,1,0
0.291801,1,0
0.291894,1,0
0.291911,1,0
0.291986,1,0
0.291988,1,0
0.292002,1,0
0.292053,1,0
0.292064,1,0
0.292224,1,0
0.29236,1,0
0.292364,1,0
0.292537,1,0
0.292602,1,0
0.292636,1,0
0.292802,1,0
0.293002,1,0
0.293134,1,0
0.293154,1,0
0.293195,1,0
0.29325,1,0
0.293251,1,0
0.293286,1,0
0.293418,1,0
0.293466,1,0
0.293622,1,0
0.29363,1,0
0.293635,1,0
0.293645,1,0
0.293778,1,0
0.2939,1,0
0.29391,1,0
0.293983,1,0
0.29424,1,0
0.294321,1,0
0.294387,1,0
0.294471,1,0
0.294662,1,0
0.29472,1,0
0.294765,2,0
0.294791,1,0
0.294818,1,0
0.294874,1,0
0.294924,1,0
0.295034,1,0
0.295058,1,0
0.29508,1,0
0.295098,1,0
0.295102,1,0
0.295186,1,0
0.295283,1,0
0.295481,1,0
0.295584,1,0
0.295694,1,0
0.295719,1,0
0.295815,1,0
0.29583,1,0
0.295848,1,0
0.2959,1,0
0.295966,1,0
0.296031,1,0
0.296058,1,0
0.296129,1,0
0.296148,1,0
0.296149,1,0
0.296162,1,0
0.29622,1,0
0.296355,1,0
0.296425,1,0
0.29646,1,0
0.296637,1,0
0.296722,1,0
0.296729,1,0
0.29679,1,0
0.296816,1,0
0.29684,1,0
0.296841,1,0
0.296863,1,0
0.296869,1,0
0.296871,1,0
0.296875,22,0
0.296971,1,0
0.296985,1,0
0.297056,1,0
0.297064,1,0
0.29709,1,0
0.29726,1,0
0.297531,1,0
0.297603,1,0
0.297647,2,0
0.298165,1,0
0.298245,1,0
0.298384,1,0
0.298392,1,0
0.298407,1,0
0.298439,1,0
0.298484,1,0
0.298645,1,0
0.298649,1,0
0.298688,1,0
0.298732,1,0
0.298808,1,0
0.298984,1,0
0.299044,1,0
0.299078,1,0
0.299109,1,0
0.299124,1,0
0.299285,1,0
0.299322,1,0
0.299452,1,0
0.299465,1,0
0.299489,1,0
0.299579,1,0
0.299642,1,0
0.299669,1,0
0.299692,1,0
0.299924,1,0
0.299926,1,0
0.299931,1,0
0.299958,1,0
0.299972,1,0
0.299995,1,0
0.300019,1,0
0.300024,1,0
0.300036,1,0
0.300074,1,0
0.300112,1,0
0.300215,1,0
0.300529,1,0
0.300657,1,0
0.300817,1,0
0.300929,1,0
0.300948,1,0
0.301087,1,0
0.301125,1,0
0.301148,1,0
0.301168,1,0
0.301178,1,0
0.301425,1,0
0.301491,1,0
0.301508,1,0
0.301545,1,0
0.301549,1,0
0.301578,1,0
0.301697,1,0
0.301814,1,0
0.301827,1,0
0.301858,1,0
0.301961,1,0
0.30198,1,0
0.302187,1,0
0.302188,1,0
0.302192,1,0
0.302366,1,0
0.302636,1,0
0.30264,1,0
0.302703,1,0
0.302853,1,0
0.302871,1,0
0.302975,1,0
0.303007,1,0
0.303028,1,0
0.303115,1,0
0.303258,1,0
0.303387,1,0
0.303462,1,0
0.303573,1,0
0.303705,1,0
0.303726,1,0
0.303817,1,0
0.303829,1,0
0.303973,1,0
0.304077,1,0
0.304236,1,0
0.304258,1,0
0.304287,1,0
0.304364,1,0
0.304366,1,0
0.304682,1,0
0.304806,1,0
0.304971,1,0
0.304977,1,0
0.305013,1,0
0.305128,1,0
0.305165,1,0
0.305271,1,0
0.305355,1,0
0.305373,1,0
0.305429,1,0
0.305542,1,0
0.305598,1,0
0.305652,1,0
0.30571,1,0
0.305726,1,0
0.305822,1,0
0.305873,1,0
0.305975,1,0
0.306003,1,0
0.306098,1,0
0.306269,1,0
0.306406,1,0
0.306487,1,0
0.306561,1,0
0.3066,1,0
0.306634,1,0
0.306657,1,0
0.306771,1,0
0.306862,1,0
0.307216,1,0
0.307224,1,0
0.307333,1,0
0.307441,1,0
0.307508,1,0
0.307741,1,0
0.307799,1,0
0.307813,1,0
0.307865,1,0
0.307951,1,0
0.307959,1,0
0.307984,1,0
0.308277,1,0
0.308286,1,0
0.308346,1,0
0.308434,1,0
0.308547,1,0
0.30863,1,0
0.30866,1,0
0.308663,1,0
0.308683,1,0
0.308693,1,0
0.308867,1,0
0.308894,1,0
0.309013,1,0
0.309302,1,0
0.30947,1,0
0.309721,1,0
0.309732,1,0
0.309847,1,0
0.309857,1,0
0.309959,1,0
0.310009,1,0
0.310045,1,0
0.310081,1,0
0.310103,1,0
0.310111,1,0
0.310117,1,0
0.310287,1,0
0.310345,1,0
0.310497,1,0
0.310524,1,0
0.310652,1,0
0.310654,1,0
0.310656,1,0
0.310801,1,0
0.310854,1,0
0.310868,1,0
0.31091,1,0
0.310932,1,0
0.310945,1,0
0.310999,1,0
0.311086,1,0
0.311161,1,0
0.311396,1,0
0.311537,1,0
0.311589,1,0
0.311763,1,0
0.311803,1,0
0.311873,1,0
0.311896,1,0
0.311926,1,0
0.312031,1,0
0.312175,1,0
0.312176,1,0
0.312222,1,0
0.312268,1,0
0.312358,1,0
0.312431,1,0
0.312462,1,0
0.312468,1,0
0.3125,21,0
0.312626,1,0
0.312657,1,0
0.312708,1,0
0.312725,1,0
0.312835,1,0
0.312939,1,0
0.313099,1,0
0.313123,1,0
0.313215,1,0
0.313264,1,0
0.313337,1,0
0.313466,1,0
0.313498,1,0
0.31354,1,0
0.313576,1,0
0.313615,1,0
0.313675,1,0
0.313728,1,0
0.314014,1,0
0.314035,1,0
0.314674,1,0
0.31474,1,0
0.314758,1,0
0.314781,1,0
0.314859,1,0
0.314958,1,0
0.315409,1,0
0.315486,1,0
0.315559,1,0
0.315562,1,0
0.315565,1,0
0.315652,1,0
0.31567,1,0
0.315672,1,0
0.315677,1,0
0.315702,1,0
0.315704,1,0
0.315798,1,0
0.315801,1,0
0.315821,1,0
0.315834,1,0
0.315836,1,0
0.315938,1,0
0.315957,1,0
0.315969,1,0
0.315996,1,0
0.316088,1,0
0.316188,1,0
0.316233,1,0
0.316277,1,0
0.316281,1,0
0.316328,1,0
0.316333,1,0
0.316391,1,0
0.316449,1,0
0.316472,1,0
0.316586,1,0
0.316619,1,0
0.316664,1,0
0.316678,1,0
0.316699,1,0
0.316711,1,0
0.316746,1,0
0.316752,1,0
0.316865,1,0
0.316884,1,0
0.316934,1,0
0.316986,1,0
0.317061,1,0
0.317127,1,0
0.317169,1,0
0.317323,1,0
0.317343,1,0
0.31746,1,0
0.31759,1,0
0.317709,1,0
0.317825,1,0
0.317891,1,0
0.318024,1,0
0.318191,1,0
0.318241,1,0
0.318311,1,0
0.318677,1,0
0.318681,1,0
0.318704,1,0
0.318808,1,0
0.31883,1,0
0.318989,1,0
0.319007,1,0
0.319246,1,0
0.319254,1,0
0.319292,1,0
0.319339,1,0
0.319373,1,0
0.319384,1,0
0.319443,1,0
0.319502,1,0
0.319516,1,0
0.319728,1,0
0.319838,1,0
0.319856,1,0
0.319904,1,0
0.319962,1,0
0.319998,1,0
0.320196,1,0
0.320318,1,0
0.320379,1,0
0.320425,1,0
0.320429,1,0
0.320573,1,0
0.320658,1,0
0.320812,1,0
0.320828,1,0
0.320938,1,0
0.320943,1,0
0.320946,1,0
0.321041,1,0
0.321047,1,0
0.321141,1,0
0.321169,1,0
0.321274,1,0
0.321291,1,0
0.321518,1,0
0.32169,1,0
0.321746,1,0
0.321862,1,0
0.322003,1,0
0.322066,2,0
0.322161,1,0
0.322204,1,0
0.322231,1,0
0.322342,1,0
0.32237,1,0
0.322441,1,0
0.322492,1,0
0.322537,2,0
0.322674,1,0
0.322972,1,0
0.323019,1,0
0.32308,1,0
0.323193,1,0
0.323226,1,0
0.323259,1,0
0.323301,1,0
0.32333,1,0
0.323426,1,0
0.32369,1,0
0.323787,1,0
0.323804,1,0
0.323986,1,0
0.324093,1,0
0.324377,1,0
0.324475,1,0
0.324517,1,0
0.324642,1,0
0.324657,1,0
0.324676,1,0
0.324804,1,0
0.324821,1,0
0.325055,1,0
0.325157,1,0
0.32527,1,0
0.325411,1,0
0.325583,1,0
0.325586,1,0
0.325613,1,0
0.325698,1,0
0.325719,1,0
0.325763,1,0
0.325876,1,0
0.325918,1,0
0.326019,1,0
0.326046,1,0
0.326059,1,0
0.326323,1,0
0.326434,1,0
0.326503,1,0
0.326567,1,0
0.326595,1,0
0.326685,1,0
0.326707,1,0
0.326774,1,0
0.326912,1,0
0.327123,1,0
0.327191,1,0
0.327383,1,0
0.327394,1,0
0.32744,1,0
0.327525,1,0
0.327527,1,0
0.327611,1,0
0.327754,1,0
0.327812,1,0
0.327829,1,0
0.327937,1,0
0.328117,1,0
0.328125,28,0
0.328178,1,0
0.328262,1,0
0.328306,1,0
0.328381,1,0
0.32844,1,0
0.328442,1,0
0.328473,1,0
0.328478,1,0
0.328485,1,0
0.328545,1,0
0.328587,1,0
0.328705,1,0
0.328714,1,0
0.32876,1,0
0.328839,1,0
0.328848,1,0
0.328864,1,0
0.328976,1,0
0.329001,1,0
0.329063,1,0
0.329085,1,0
0.329145,1,0
0.329266,1,0
0.329282,1,0
0.329294,1,0
0.329346,1,0
0.329518,1,0
0.329584,1,0
0.329619,1,0
0.329971,1,0
0.329998,1,0
0.330009,1,0
0.330049,1,0
0.330229,1,0
0.330305,1,0
0.330327,1,0
0.330333,1,0
0.33035,1,0
0.330358,1,0
0.330444,1,0
0.330478,1,0
0.330549,1,0
0.330772,1,0
0.330789,1,0
0.330903,1,0
0.330981,1,0
0.330983,1,0
0.331007,1,0
0.33124,2,0
0.331252,1,0
0.331367,1,0
0.331797,1,0
0.331821,1,0
0.331951,1,0
0.331963,1,0
0.331969,1,0
0.331998,1,0
0.332032,1,0
0.332081,1,0
0.332095,1,0
0.332119,1,0
0.332475,1,0
0.332606,1,0
0.332728,1,0
0.332753,1,0
0.332834,1,0
0.332882,1,0
0.332937,1,0
0.333073,1,0
0.333098,1,0
0.333118,1,0
0.333143,1,0
0.333207,1,0
0.333594,1,0
0.333611,1,0
0.333648,1,0
0.333649,1,0
0.333785,1,0
0.33383,1,0
0.33396,1,0
0.333994,1,0
0.334046,1,0
0.334379,1,0
0.334481,1,0
0.334531,1,0
0.334758,1,0
0.334799,1,0
0.334825,1,0
0.334956,1,0
0.334965,1,0
0.334975,1,0
0.335104,1,0
0.335133,1,0
0.33518,1,0
0.335301,1,0
0.335364,1,0
0.335366,1,0
0.335367,1,0
0.335509,1,0
0.335583,1,0
0.335588,1,0
0.335724,1,0
0.335747,1,0
0.335831,1,0
0.336009,1,0
0.336048,1,0
0.336079,1,0
0.336093,1,0
0.336113,1,0
0.336214,1,0
0.336244,1,0
0.336604,1,0
0.336616,1,0
0.336627,1,0
0.336681,1,0
0.336732,1,0
0.336771,1,0
0.336827,1,0
0.336894,1,0
0.336981,1,0
0.336994,1,0
0.337034,1,0
0.337109,1,0
0.337112,1,0
0.337185,1,0
0.337229,1,0
0.33726,1,0
0.337373,1,0
0.337407,1,0
0.337482,1,0
0.337584,1,0
0.337699,1,0
0.337723,1,0
0.337725,1,0
0.337892,1,0
0.337953,1,0
0.338172,1,0
0.338231,1,0
0.338402,1,0
0.33841,1,0
0.338451,1,0
0.338611,1,0
0.338722,1,0
0.338726,1,0
0.338797,1,0
0.3389,1,0
0.338907,1,0
0.338911,1,0
0.339081,1,0
0.33914,1,0
0.339164,1,0
0.339184,1,0
0.339343,1,0
0.339416,1,0
0.339417,1,0
0.339457,1,0
0.339459,1,0
0.339565,1,0
0.339608,1,0
0.339657,1,0
0.339723,1,0
0.339955,1,0
0.340111,1,0
0.34023,1,0
0.340283,1,0
0.340413,1,0
0.340459,1,0
0.340525,1,0
0.340534,1,0
0.340608,1,0
0.34075,1,0
0.340751,1,0
0.340774,1,0
0.340838,1,0
0.340868,1,0
0.341129,1,0
0.341244,1,0
0.341317,1,0
0.341324,1,0
0.34134,1,0
0.341474,1,0
0.341503,1,0
0.341894,1,0
0.34196,1,0
0.342011,1,0
0.34202,1,0
0.342022,1,0
0.342333,1,0
0.342446,1,0
0.342582,1,0
0.342782,1,0
0.342868,1,0
0.342893,1,0
0.343028,1,0
0.343066,1,0
0.343289,1,0
0.343315,1,0
0.343365,1,0
0.34339,1,0
0.343497,1,0
0.343619,1,0
0.343688,1,0
0.34375,33,0
0.343767,1,0
0.343818,1,0
0.343973,1,0
0.344053,1,0
0.344132,1,0
0.344175,1,0
0.344261,1,0
0.344422,1,0
0.344436,1,0
0.344466,1,0
0.344499,1,0
0.344755,1,0
0.344873,1,0
0.344916,1,0
0.34496,1,0
0.344967,1,0
0.345087,1,0
0.345105,1,0
0.345133,1,0
0.345221,1,0
0.345268,1,0
0.345291,1,0
0.345307,1,0
0.345403,1,0
0.345483,1,0
0.345497,1,0
0.3455,1,0
0.34562,1,0
0.345687,1,0
0.345725,1,0
0.345754,1,0
0.345773,1,0
0.346113,1,0
0.34631,1,0
0.346312,1,0
0.346365,1,0
0.346383,1,0
0.346396,1,0
0.346425,1,0
0.346474,1,0
0.346503,1,0
0.346526,1,0
0.346747,1,0
0.346757,1,0
0.346803,1,0
0.346837,1,0
0.346872,1,0
0.346914,1,0
0.346949,1,0
0.34696,1,0
0.347141,1,0
0.347357,1,0
0.347576,1,0
0.347624,1,0
0.347694,1,0
0.347816,1,0
0.348151,1,0
0.34817,1,0
0.348333,1,0
0.348349,1,0
0.348425,1,0
0.348467,1,0
0.34872,1,0
0.348805,1,0
0.348946,1,0
0.349015,1,0
0.349025,1,0
0.349038,1,0
0.349049,1,0
0.349082,1,0
0.349224,1,0
0.349335,1,0
0.349354,1,0
0.349477,1,0
0.34967,1,0
0.349723,1,0
0.349886,1,0
0.349996,1,0
0.350143,1,0
0.35021,1,0
0.350352,1,0
0.350355,1,0
0.35056,1,0
0.350626,1,0
0.350657,1,0
0.350714,1,0
0.350728,1,0
0.350773,1,0
0.350787,1,0
0.350873,1,0
0.351001,1,0
0.351062,1,0
0.351162,1,0
0.351197,1,0
0.351228,1,0
0.35129,1,0
0.351416,1,0
0.35155,1,0
0.351556,1,0
0.351603,1,0
0.35174,1,0
0.351762,1,0
0.351789,1,0
0.351973,1,0
0.352363,1,0
0.352366,1,0
0.35244,1,0
0.352577,1,0
0.352594,1,0
0.352747,1,0
0.352911,1,0
0.353078,1,0
0.353136,1,0
0.353148,1,0
0.353287,1,0
0.353425,1,0
0.353462,1,0
0.35361,1,0
0.353649,1,0
0.353746,1,0
0.353789,1,0
0.353902,1,0
0.353916,1,0
0.354067,2,0
0.354177,1,0
0.354289,1,0
0.354468,1,0
0.354479,1,0
0.354504,1,0
0.354636,1,0
0.354837,1,0
0.354873,1,0
0.354992,1,0
0.355021,1,0
0.355023,1,0
0.355064,1,0
0.355093,1,0
0.355127,1,0
0.35519,1,0
0.355204,1,0
0.355221,1,0
0.355226,1,0
0.355265,1,0
0.355461,1,0
0.355589,1,0
0.355693,1,0
0.355728,1,0
0.355948,1,0
0.355982,1,0
0.35601,1,0
0.356075,1,0
0.356301,1,0
0.356425,1,0
0.356444,1,0
0.356569,1,0
0.356599,1,0
0.356672,1,0
0.35679,1,0
0.356911,1,0
0.356927,1,0
0.356956,1,0
0.356984,2,0
0.357024,1,0
0.357145,1,0
0.357157,1,0
0.357293,1,0
0.357296,1,0
0.357539,1,0
0.357575,1,0
0.357679,1,0
0.357705,1,0
0.357765,1,0
0.357807,1,0
0.357898,1,0
0.357913,1,0
0.35816,1,0
0.358215,1,0
0.358229,1,0
0.358318,1,0
0.358354,1,0
0.358411,1,0
0.358469,1,0
0.358527,1,0
0.358583,1,0
0.358749,1,0
0.358858,1,0
0.358874,1,0
0.358964,1,0
0.359035,1,0
0.359078,1,0
0.359086,1,0
0.359233,1,0
0.359291,1,0
0.359375,46,0
0.359386,1,0
0.359387,1,0
0.359398,1,0
0.359578,1,0
0.359895,1,0
0.360013,1,0
0.36005,1,0
0.360062,1,0
0.360133,1,0
0.36014,1,0
0.360258,1,0
0.360386,1,0
0.360432,1,0
0.360445,1,0
0.360455,1,0
0.360561,1,0
0.360591,1,0
0.360691,1,0
0.360728,1,0
0.36073,1,0
0.360779,1,0
0.360815,1,0
0.360878,1,0
0.360892,1,0
0.36099,1,0
0.361008,1,0
0.361222,1,0
0.361256,1,0
0.361432,1,0
0.361443,1,0
0.361543,1,0
0.361691,1,0
0.362092,2,0
0.362292,1,0
0.362362,1,0
0.362371,1,0
0.362443,1,0
0.36257,1,0
0.362622,1,0
0.362849,1,0
0.362851,1,0
0.362903,1,0
0.363133,1,0
0.363215,1,0
0.363303,1,0
0.363331,1,0
0.36349,1,0
0.363509,1,0
0.363572,1,0
0.363623,1,0
0.363659,1,0
0.363672,1,0
0.363723,1,0
0.363766,1,0
0.363775,1,0
0.363797,1,0
0.3638,1,0
0.364019,1,0
0.364073,1,0
0.364197,2,0
0.364223,1,0
0.364241,1,0
0.364268,1,0
0.364292,1,0
0.364339,1,0
0.364377,1,0
0.364405,1,0
0.364447,1,0
0.364487,1,0
0.364492,1,0
0.364499,1,0
0.364554,1,0
0.364606,1,0
0.364671,1,0
0.364775,1,0
0.364805,1,0
0.364846,1,0
0.364925,1,0
0.364927,1,0
0.365342,1,0
0.365414,1,0
0.36545,1,0
0.365589,1,0
0.365636,1,0
0.365756,1,0
0.365804,1,0
0.365818,1,0
0.365821,1,0
0.36595,1,0
0.365977,1,0
0.366051,1,0
0.366078,1,0
0.366278,1,0
0.36639,1,0
0.366397,1,0
0.366496,1,0
0.366498,1,0
0.366541,1,0
0.366693,1,0
0.366765,1,0
0.366974,1,0
0.367118,1,0
0.367267,1,0
0.36731,1,0
0.367432,1,0
0.367499,1,0
0.367678,1,0
0.367728,1,0
0.367811,1,0
0.367862,1,0
0.368007,1,0
0.368268,1,0
0.368273,1,0
0.368308,1,0
0.368587,1,0
0.368589,1,0
0.368774,1,0
0.368776,1,0
0.368797,1,0
0.368803,1,0
0.368811,1,0
0.368819,1,0
0.36882,1,0
0.368842,1,0
0.368935,1,0
0.369164,1,0
0.369173,1,0
0.369219,1,0
0.369313,1,0
0.369367,1,0
0.369386,1,0
0.369564,1,0
0.369611,1,0
0.369704,1,0
0.369781,1,0
0.369794,1,0
0.36981,1,0
0.369923,1,0
0.370042,1,0
0.370053,1,0
0.370077,1,0
0.370114,1,0
0.370129,1,0
0.370351,1,0
0.37043,1,0
0.37045,1,0
0.370548,1,0
0.37072,1,0
0.370746,2,0
0.371079,1,0
0.371132,1,0
0.37114,1,0
0.371182,1,0
0.371435,1,0
0.371573,1,0
0.371597,1,0
0.371608,1,0
0.371613,1,0
0.371746,1,0
0.371769,1,0
0.371826,1,0
0.371911,1,0
0.37195,1,0
0.372328,1,0
0.372384,1,0
0.372675,1,0
0.372767,1,0
0.372824,1,0
0.372874,1,0
0.372895,1,0
0.372908,1,0
0.372963,1,0
0.372997,1,0
0.373035,1,0
0.373327,1,0
0.37333,1,0
0.373576,1,0
0.373758,1,0
0.37379,1,0
0.374018,1,0
0.374044,1,0
0.374056,1,0
0.374091,1,0
0.374376,1,0
0.374395,1,0
0.374542,1,0
0.37478,1,0
0.374782,1,0
0.375,50,0
0.375045,1,0
0.375054,1,0
0.375145,1,0
0.375248,1,0
0.375315,1,0
0.3754,1,0
0.375537,1,0
0.375599,1,0
0.375709,1,0
0.375727,1,0
0.375785,1,0
0.375863,1,0
0.376095,1,0
0.376177,1,0
0.376185,1,0
0.376305,1,0
0.376409,1,0
0.376468,1,0
0.376499,1,0
0.376552,1,0
0.376719,1,0
0.376735,1,0
0.376904,1,0
0.377056,1,0
0.377117,1,0
0.37713,1,0
0.377186,1,0
0.377205,1,0
0.377259,1,0
0.377376,1,0
0.377428,1,0
0.377547,1,0
0.377627,1,0
0.377656,1,0
0.377698,1,0
0.377703,1,0
0.377708,1,0
0.377908,1,0
0.378008,1,0
0.378448,1,0
0.378459,1,0
0.378563,2,0
0.378594,1,0
0.378643,1,0
0.378707,1,0
0.378712,1,0
0.37891,1,0
0.378966,1,0
0.379002,1,0
0.379068,1,0
0.379089,1,0
0.379122,1,0
0.379225,1,0
0.379226,1,0
0.379283,1,0
0.379337,1,0
0.379444,1,0
0.379483,1,0
0.37952,1,0
0.379539,1,0
0.379544,1,0
0.379767,1,0
0.37981,2,0
0.379858,1,0
0.379929,1,0
0.379947,1,0
0.380043,1,0
0.380187,1,0
0.38019,1,0
0.380268,1,0
0.380299,1,0
0.380357,1,0
0.380483,1,0
0.380581,1,0
0.380606,1,0
0.380681,1,0
0.38078,1,0
0.380806,1,0
0.380873,1,0
0.380961,1,0
0.381091,1,0
0.381169,1,0
0.381188,1,0
0.381202,1,0
0.381216,1,0
0.38161,1,0
0.381813,1,0
0.381868,1,0
0.381917,1,0
0.381931,1,0
0.38198,1,0
0.38248,1,0
0.382488,1,0
0.382504,1,0
0.382798,1,0
0.383085,1,0
0.383207,1,0
0.383226,1,0
0.383227,1,0
0.383242,1,0
0.383449,1,0
0.383597,1,0
0.383642,1,0
0.383673,1,0
0.383744,1,0
0.383797,1,0
0.383858,1,0
0.383916,1,0
0.383934,1,0
0.383949,1,0
0.383956,1,0
0.384081,1,0
0.38414,1,0
0.384167,1,0
0.384185,1,0
0.384369,1,0
0.384479,1,0
0.384565,1,0
0.384611,1,0
0.38464,1,0
0.384815,1,0
0.384837,1,0
0.384865,1,0
0.385009,1,0
0.385058,1,0
0.385077,1,0
0.385081,1,0
0.38519,1,0
0.385209,1,0
0.385262,1,0
0.385437,1,0
0.385481,1,0
0.385484,1,0
0.385488,1,0
0.385511,1,0
0.385604,1,0
0.385631,1,0
0.385707,1,0
0.385731,1,0
0.385764,1,0
0.385887,1,0
0.385973,1,0
0.385974,1,0
0.386116,1,0
0.386154,1,0
0.386167,1,0
0.386171,1,0
0.386182,1,0
0.386195,1,0
0.386225,1,0
0.386232,1,0
0.386294,1,0
0.386309,1,0
0.38638,1,0
0.386457,1,0
0.38655,1,0
0.386788,1,0
0.387088,1,0
0.387205,1,0
0.387229,1,0
0.387308,1,0
0.387334,1,0
0.38737,1,0
0.387383,1,0
0.387451,1,0
0.38759,1,0
0.387686,1,0
0.387727,1,0
0.387815,1,0
0.387844,1,0
0.387936,1,0
0.387961,1,0
0.387964,1,0
0.388094,1,0
0.388312,1,0
0.388335,1,0
0.388463,1,0
0.38858,1,0
0.388698,1,0
0.388762,1,0
0.388823,1,0
0.388879,1,0
0.388916,1,0
0.388976,1,0
0.389198,1,0
0.389234,1,0
0.38932,1,0
0.389477,1,0
0.38951,1,0
0.3896,1,0
0.389609,1,0
0.38962,1,0
0.389755,1,0
0.389855,1,0
0.389862,1,0
0.389985,1,0
0.390025,1,0
0.390185,1,0
0.390188,1,0
0.39023,1,0
0.390321,1,0
0.390348,1,0
0.390409,1,0
0.390617,1,0
0.390625,27,0
0.3907,1,0
0.39073,1,0
0.390771,1,0
0.391072,1,0
0.391075,1,0
0.391082,1,0
0.391087,1,0
0.391251,1,0
0.391271,1,0
0.391343,1,0
0.391393,1,0
0.391768,1,0
0.391842,1,0
0.391939,1,0
0.391948,1,0
0.391955,1,0
0.392034,1,0
0.392402,1,0
0.392541,1,0
0.39256,1,0
0.392617,1,0
0.392627,1,0
0.392773,1,0
0.392782,1,0
0.39289,1,0
0.392902,1,0
0.393293,1,0
0.393343,1,0
0.393349,1,0
0.393679,1,0
0.393692,1,0
0.393775,1,0
0.393885,1,0
0.393915,1,0
0.39395,1,0
0.394117,1,0
0.394342,2,0
0.394437,1,0
0.394461,1,0
0.394487,1,0
0.39451,1,0
0.394513,1,0
0.394839,1,0
0.394857,1,0
0.39495,1,0
0.394952,1,0
0.395245,1,0
0.395292,1,0
0.395304,1,0
0.395395,1,0
0.395703,1,0
0.395739,1,0
0.395764,1,0
0.395975,1,0
0.396187,1,0
0.396266,1,0
0.396328,1,0
0.396353,1,0
0.396376,1,0
0.39638,1,0
0.396655,1,0
0.396855,1,0
0.396899,1,0
0.39696,1,0
0.397079,1,0
0.397172,1,0
0.397212,1,0
0.397219,1,0
0.397243,1,0
0.397303,1,0
0.397349,1,0
0.397389,1,0
0.397477,1,0
0.39749,1,0
0.397932,1,0
0.398024,1,0
0.398075,1,0
0.398305,1,0
0.398539,1,0
0.398691,1,0
0.398842,1,0
0.398874,1,0
0.398921,1,0
0.398983,1,0
0.399058,1,0
0.399113,1,0
0.399141,1,0
0.399508,1,0
0.39961,1,0
0.399778,1,0
0.39992,1,0
0.400019,1,0
0.40018,1,0
0.400245,1,0
0.400339,1,0
0.400364,1,0
0.400407,1,0
0.400488,1,0
0.400525,1,0
0.400604,1,0
0.400639,1,0
0.401075,1,0
0.401164,1,0
0.401308,1,0
0.401434,1,0
0.401811,1,0
0.401843,1,0
0.401928,1,0
0.402093,1,0
0.402274,1,0
0.402618,1,0
0.402757,1,0
0.402801,1,0
0.402832,1,0
0.402981,1,0
0.403021,1,0
0.403025,1,0
0.403109,1,0
0.403419,1,0
0.403832,1,0
0.403852,1,0
0.403881,1,0
0.404016,1,0
0.404071,1,0
0.404174,1,0
0.404218,1,0
0.404262,1,0
0.404328,1,0
0.404345,1,0
0.404423,1,0
0.40443,1,0
0.40461,1,0
0.404707,1,0
0.404862,1,0
0.404884,1,0
0.405011,1,0
0.405172,1,0
0.405386,1,0
0.40549,1,0
0.405728,1,0
0.405781,1,0
0.406018,1,0
0.406195,1,0
0.406202,1,0
0.40625,34,0
0.406325,1,0
0.406341,1,0
0.406486,1,0
0.406714,1,0
0.406747,1,0
0.406764,1,0
0.406769,1,0
0.406831,1,0
0.40696,1,0
0.407115,1,0
0.407138,1,0
0.40727,1,0
0.407334,1,0
0.407348,1,0
0.407417,1,0
0.407583,1,0
0.40779,1,0
0.407801,1,0
0.407856,1,0
0.407865,1,0
0.407996,1,0
0.408261,1,0
0.408274,1,0
0.408323,1,0
0.408401,1,0
0.408422,1,0
0.408434,1,0
0.408466,1,0
0.408541,1,0
0.408606,1,0
0.408647,1,0
0.408681,1,0
0.408725,1,0
0.408762,1,0
0.408838,1,0
0.408879,1,0
0.4089,1,0
0.409081,1,0
0.409165,1,0
0.40917,1,0
0.409261,1,0
0.409362,1,0
0.409378,1,0
0.409394,1,0
0.409537,1,0
0.409831,1,0
0.409862,1,0
0.409902,1,0
0.409938,1,0
0.410045,1,0
0.410066,1,0
0.410153,1,0
0.410277,1,0
0.410318,1,0
0.410397,1,0
0.410433,1,0
0.410437,1,0
0.410585,1,0
0.4107,1,0
0.41086,1,0
0.410956,1,0
0.411106,1,0
0.411122,1,0
0.411158,1,0
0.411177,1,0
0.41148,1,0
0.411492,1,0
0.411494,1,0
0.411498,1,0
0.41151,1,0
0.411541,1,0
0.411696,1,0
0.411707,1,0
0.411753,1,0
0.411841,1,0
0.411843,1,0
0.41194,1,0
0.412165,1,0
0.41218,1,0
0.412183,1,0
0.412236,1,0
0.412272,1,0
0.41231,1,0
0.412404,1,0
0.412598,1,0
0.412613,1,0
0.412619,1,0
0.412632,1,0
0.412749,1,0
0.413022,1,0
0.413047,1,0
0.413053,1,0
0.413073,1,0
0.413074,1,0
0.413172,1,0
0.41326,1,0
0.413321,1,0
0.413535,1,0
0.413682,1,0
0.413689,1,0
0.413726,1,0
0.413823,1,0
0.413832,1,0
0.413872,1,0
0.413914,1,0
0.414012,1,0
0.414105,1,0
0.414108,1,0
0.414173,1,0
0.414267,1,0
0.414277,1,0
0.414389,1,0
0.414461,1,0
0.414549,1,0
0.414738,1,0
0.414826,1,0
0.41484,1,0
0.414857,1,0
0.415,1,0
0.415112,1,0
0.415219,1,0
0.415235,1,0
0.415532,1,0
0.415573,1,0
0.415649,1,0
0.415667,1,0
0.415755,1,0
0.415797,1,0
0.415823,1,0
0.415879,1,0
0.41588,1,0
0.415929,1,0
0.415989,1,0
0.416151,1,0
0.4162,1,0
0.416237,1,0
0.416265,1,0
0.416267,1,0
0.416353,1,0
0.416394,1,0
0.416406,1,0
0.416464,1,0
0.416784,1,0
0.416811,1,0
0.417003,1,0
0.417045,1,0
0.417074,1,0
0.417079,1,0
0.417099,1,0
0.417478,1,0
0.417521,1,0
0.417596,1,0
0.417685,1,0
0.41783,1,0
0.417838,1,0
0.417845,1,0
0.417934,1,0
0.418022,1,0
0.418058,1,0
0.418071,1,0
0.418126,1,0
0.418353,1,0
0.418354,1,0
0.418403,1,0
0.418412,1,0
0.418457,1,0
0.418478,1,0
0.418512,1,0
0.418528,1,0
0.418566,1,0
0.418596,1,0
0.419024,1,0
0.419161,1,0
0.419206,1,0
0.419229,1,0
0.419269,1,0
0.419799,1,0
0.420173,1,0
0.420217,1,0
0.420252,1,0
0.420346,1,0
0.420553,1,0
0.420684,1,0
0.420872,1,0
0.421091,1,0
0.421105,1,0
0.421147,1,0
0.421214,1,0
0.42126,1,0
0.421286,1,0
0.42135,1,0
0.421405,1,0
0.421456,1,0
0.42177,1,0
0.421875,28,0
0.421881,1,0
0.421907,1,0
0.421956,1,0
0.421994,1,0
0.422325,1,0
0.422504,1,0
0.422756,1,0
0.422848,1,0
0.422859,1,0
0.423091,1,0
0.423102,1,0
0.42332,1,0
0.423361,1,0
0.42347,1,0
0.42377,1,0
0.424041,1,0
0.424076,1,0
0.424237,1,0
0.424352,1,0
0.424362,1,0
0.424568,1,0
0.424576,1,0
0.424767,1,0
0.424792,1,0
0.424901,1,0
0.425067,1,0
0.425538,1,0
0.425594,1,0
0.425652,1,0
0.425781,1,0
0.425788,1,0
0.425802,1,0
0.425826,1,0
0.425859,1,0
0.425932,1,0
0.425956,1,0
0.425963,1,0
0.426118,1,0
0.426172,1,0
0.426186,1,0
0.426217,1,0
0.42625,1,0
0.426459,1,0
0.42663,1,0
0.426644,1,0
0.426645,1,0
0.426675,1,0
0.426733,1,0
0.426905,1,0
0.426942,1,0
0.427005,1,0
0.427085,1,0
0.427188,1,0
0.427234,1,0
0.427267,1,0
0.427745,1,0
0.427779,1,0
0.427787,1,0
0.427897,1,0
0.427899,1,0
0.427972,1,0
0.428071,1,0
0.428084,1,0
0.428096,1,0
0.428158,1,0
0.428219,1,0
0.428417,1,0
0.428499,1,0
0.428506,1,0
0.428755,1,0
0.429084,1,0
0.429266,1,0
0.429308,1,0
0.429504,1,0
0.429513,1,0
0.429695,1,0
0.429972,1,0
0.430016,1,0
0.43013,1,0
0.430236,1,0
0.430391,1,0
0.430418,1,0
0.430465,1,0
0.430639,1,0
0.43068,1,0
0.430849,1,0
0.430908,1,0
0.431051,1,0
0.43111,1,0
0.43127,1,0
0.431859,1,0
0.431956,1,0
0.431998,1,0
0.43221,1,0
0.432335,1,0
0.432455,1,0
0.432625,1,0
0.432734,1,0
0.432917,1,0
0.433087,1,0
0.433471,1,0
0.433519,1,0
0.433559,1,0
0.43364,1,0
0.43365,1,0
0.433779,1,0
0.433853,1,0
0.433875,1,0
0.434038,1,0
0.434051,1,0
0.434056,1,0
0.434208,1,0
0.434317,1,0
0.434381,1,0
0.434444,1,0
0.434461,1,0
0.434511,1,0
0.434521,1,0
0.434657,1,0
0.434709,1,0
0.434718,1,0
0.4348,1,0
0.434818,1,0
0.43485,1,0
0.434891,1,0
0.434922,1,0
0.43509,1,0
0.43518,1,0
0.435305,1,0
0.435463,1,0
0.435808,1,0
0.435916,1,0
0.435986,1,0
0.436061,1,0
0.436109,1,0
0.436232,1,0
0.436266,1,0
0.436369,1,0
0.436518,1,0
0.436521,1,0
0.436685,1,0
0.436726,1,0
0.436739,1,0
0.436932,1,0
0.43698,1,0
0.437,1,0
0.437261,1,0
0.437281,1,0
0.4375,41,0
0.437662,1,0
0.437847,1,0
0.437882,1,0
0.437903,1,0
0.437904,1,0
0.437947,1,0
0.438123,1,0
0.438131,1,0
0.438141,1,0
0.438375,1,0
0.438377,1,0
0.438472,1,0
0.438479,1,0
0.438491,1,0
0.438856,1,0
0.438956,1,0
0.43908,1,0
0.439086,1,0
0.439423,1,0
0.439465,1,0
0.439493,1,0
0.439567,1,0
0.439697,1,0
0.439725,1,0
0.439747,1,0
0.439803,1,0
0.439882,1,0
0.439887,1,0
0.439905,1,0
0.439975,1,0
0.440061,1,0
0.440209,1,0
0.440319,1,0
0.440413,1,0
0.440428,1,0
0.440466,1,0
0.440728,1,0
0.440897,1,0
0.440977,1,0
0.441274,1,0
0.441332,1,0
0.441465,1,0
0.441756,1,0
0.441805,1,0
0.441953,1,0
0.442087,1,0
0.44217,1,0
0.442269,1,0
0.442284,2,0
0.442339,1,0
0.442543,1,0
0.442663,1,0
0.442667,1,0
0.442728,1,0
0.442745,1,0
0.443193,1,0
0.44331,1,0
0.44332,1,0
0.443468,1,0
0.443519,1,0
0.44356,1,0
0.443589,1,0
0.443659,1,0
0.44367,1,0
0.443893,1,0
0.444287,1,0
0.44446,1,0
0.444516,1,0
0.444674,1,0
0.444727,1,0
0.44482,1,0
0.444916,1,0
0.445052,1,0
0.445095,1,0
0.445179,1,0
0.44522,1,0
0.445262,1,0
0.445333,1,0
0.445884,1,0
0.446081,1,0
0.446217,1,0
0.446251,1,0
0.4464,1,0
0.446516,1,0
0.446579,1,0
0.446699,1,0
0.446887,1,0
0.446947,1,0
0.44704,1,0
0.447302,1,0
0.447372,1,0
0.447485,1,0
0.447502,1,0
0.447532,1,0
0.447542,1,0
0.447595,1,0
0.447602,1,0
0.447607,1,0
0.447637,1,0
0.44768,1,0
0.447815,1,0
0.447925,1,0
0.447926,1,0
0.448002,1,0
0.448241,1,0
0.448322,1,0
0.448411,1,0
0.448505,1,0
0.448671,1,0
0.448753,1,0
0.448897,1,0
0.449009,1,0
0.449215,1,0
0.449259,1,0
0.449302,1,0
0.449369,1,0
0.449411,2,0
0.449495,1,0
0.449501,1,0
0.449526,1,0
0.449592,1,0
0.449623,1,0
0.449643,1,0
0.449713,1,0
0.450058,1,0
0.450123,1,0
0.450147,1,0
0.450428,1,0
0.450501,1,0
0.450587,1,0
0.450726,1,0
0.450754,1,0
0.450829,1,0
0.450842,1,0
0.45086,1,0
0.450882,1,0
0.450928,1,0
0.45108,1,0
0.451146,1,0
0.451192,1,0
0.451293,1,0
0.451344,1,0
0.451386,1,0
0.451542,1,0
0.451549,1,0
0.451643,1,0
0.451683,1,0
0.451976,1,0
0.452014,1,0
0.452016,1,0
0.452088,1,0
0.452178,1,0
0.452237,1,0
0.452894,1,0
0.452902,1,0
0.453112,1,0
0.453125,48,0
0.45317,1,0
0.453172,1,0
0.453224,1,0
0.4533,1,0
0.45335,1,0
0.45352,1,0
0.453676,1,0
0.453759,1,0
0.453825,1,0
0.453894,1,0
0.453946,1,0
0.453951,1,0
0.453978,1,0
0.453989,1,0
0.45399,1,0
0.454026,1,0
0.454101,1,0
0.454136,1,0
0.45417,1,0
0.454235,1,0
0.454238,1,0
0.454295,1,0
0.454322,1,0
0.454364,1,0
0.454502,1,0
0.454541,1,0
0.454546,1,0
0.454812,1,0
0.454877,1,0
0.454938,1,0
0.455101,1,0
0.455118,1,0
0.455158,1,0
0.455383,1,0
0.455705,1,0
0.455739,1,0
0.455905,1,0
0.455907,1,0
0.455927,1,0
0.455946,1,0
0.45602,1,0
0.456204,1,0
0.456299,1,0
0.456326,1,0
0.456333,1,0
0.456334,1,0
0.456398,1,0
0.456471,1,0
0.456544,1,0
0.456593,1,0
0.456744,1,0
0.456861,1,0
0.456864,1,0
0.457125,1,0
0.45716,1,0
0.45724,1,0
0.457257,1,0
0.457318,1,0
0.457387,1,0
0.457389,1,0
0.457444,1,0
0.457544,1,0
0.45761,1,0
0.457656,1,0
0.457679,1,0
0.457692,1,0
0.457727,1,0
0.457829,1,0
0.457964,1,0
0.458247,1,0
0.458377,1,0
0.458407,1,0
0.458482,1,0
0.458544,1,0
0.458682,1,0
0.458711,1,0
0.458724,1,0
0.458737,1,0
0.458824,1,0
0.458873,1,0
0.458968,1,0
0.459181,1,0
0.459223,1,0
0.459228,1,0
0.459291,1,0
0.459614,1,0
0.459616,1,0
0.459621,1,0
0.459802,1,0
0.459894,1,0
0.459925,1,0
0.459941,1,0
0.460001,1,0
0.46011,1,0
0.460295,1,0
0.460301,1,0
0.460327,1,0
0.460446,1,0
0.460449,1,0
0.460479,1,0
0.460599,1,0
0.460619,1,0
0.460655,1,0
0.460673,1,0
0.460754,1,0
0.46084,1,0
0.46088,1,0
0.460939,1,0
0.46095,1,0
0.461096,1,0
0.461256,1,0
0.461354,1,0
0.461454,1,0
0.461478,1,0
0.461704,1,0
0.461827,1,0
0.461917,1,0
0.462201,1,0
0.462209,1,0
0.462226,1,0
0.462326,1,0
0.462355,1,0
0.462372,1,0
0.462402,1,0
0.462441,1,0
0.462617,1,0
0.462738,1,0
0.462844,1,0
0.462874,1,0
0.462887,1,0
0.462973,1,0
0.462991,1,0
0.463071,1,0
0.463097,1,0
0.463242,1,0
0.463252,1,0
0.463284,1,0
0.463318,1,0
0.463426,1,0
0.463527,1,0
0.463738,1,0
0.463741,1,0
0.463797,1,0
0.463819,1,0
0.463846,1,0
0.46397,1,0
0.464115,1,0
0.464319,1,0
0.464457,1,0
0.464899,1,0
0.464963,1,0
0.465033,1,0
0.465172,1,0
0.465325,1,0
0.465334,1,0
0.465557,1,0
0.46562,1,0
0.465647,1,0
0.465735,1,0
0.465771,1,0
0.465774,1,0
0.465792,1,0
0.465795,1,0
0.465931,1,0
0.466115,1,0
0.466214,1,0
0.466356,1,0
0.466427,1,0
0.466541,1,0
0.466647,1,0
0.466797,1,0
0.46682,1,0
0.466933,1,0
0.466968,1,0
0.466979,1,0
0.467016,1,0
0.467206,2,0
0.467208,1,0
0.467268,1,0
0.467276,1,0
0.467541,1,0
0.46758,1,0
0.467584,1,0
0.467858,1,0
0.467863,1,0
0.46791,1,0
0.467981,1,0
0.468244,1,0
0.468351,1,0
0.468353,1,0
0.468371,1,0
0.468402,1,0
0.468449,1,0
0.468491,1,0
0.468664,1,0
0.468687,1,0
0.4687,1,0
0.46875,70,0
0.46886,1,0
0.468898,1,0
0.468916,1,0
0.469128,1,0
0.469176,1,0
0.469201,1,0
0.469263,1,0
0.469281,1,0
0.469446,1,0
0.469455,1,0
0.469542,1,0
0.469643,1,0
0.469682,1,0
0.469806,1,0
0.469846,1,0
0.469848,1,0
0.469855,1,0
0.469865,1,0
0.469926,1,0
0.469934,1,0
0.469967,1,0
0.47012,1,0
0.470171,1,0
0.47034,1,0
0.47038,1,0
0.470625,1,0
0.470842,1,0
0.470908,1,0
0.470959,1,0
0.470994,1,0
0.471002,1,0
0.471078,1,0
0.471125,1,0
0.471157,1,0
0.471242,1,0
0.471385,1,0
0.471535,1,0
0.471536,1,0
0.471602,1,0
0.471693,1,0
0.471704,1,0
0.471752,1,0
0.471843,1,0
0.471961,1,0
0.472069,1,0
0.472155,1,0
0.472195,1,0
0.472285,1,0
0.472286,1,0
0.472297,1,0
0.472407,1,0
0.472426,1,0
0.472526,1,0
0.472734,1,0
0.472828,1,0
0.472979,1,0
0.473034,1,0
0.473071,1,0
0.473094,1,0
0.473168,1,0
0.473234,1,0
0.473336,1,0
0.473709,1,0
0.473753,1,0
0.473789,1,0
0.473901,1,0
0.474092,1,0
0.474145,1,0
0.474299,1,0
0.474412,1,0
0.47462,1,0
0.474658,1,0
0.474701,1,0
0.474776,1,0
0.474922,1,0
0.475059,1,0
0.475124,1,0
0.475266,1,0
0.475565,1,0
0.475731,1,0
0.475776,1,0
0.47578,1,0
0.475844,1,0
0.475886,1,0
0.475966,1,0
0.476101,1,0
0.476311,1,0
0.476617,1,0
0.476662,1,0
0.477011,1,0
0.477182,1,0
0.47737,1,0
0.47739,1,0
0.477431,2,0
0.477461,1,0
0.477464,1,0
0.477731,1,0
0.477753,1,0
0.477771,1,0
0.477812,1,0
0.477968,1,0
0.478128,1,0
0.478179,1,0
0.478207,1,0
0.478448,1,0
0.478477,1,0
0.478483,1,0
0.4786,1,0
0.478638,1,0
0.478658,1,0
0.478889,1,0
0.478896,1,0
0.479097,1,0
0.4792,1,0
0.479254,1,0
0.479261,1,0
0.479388,1,0
0.479449,1,0
0.479457,1,0
0.479513,1,0
0.47953,1,0
0.479541,1,0
0.479542,1,0
0.479722,1,0
0.479803,1,0
0.479957,1,0
0.480165,1,0
0.480285,1,0
0.480516,1,0
0.480657,1,0
0.480886,1,0
0.480887,1,0
0.480967,1,0
0.480978,1,0
0.481008,1,0
0.481092,1,0
0.48112,1,0
0.481172,1,0
0.481284,1,0
0.481334,1,0
0.481358,1,0
0.481487,1,0
0.481585,1,0
0.481666,1,0
0.481731,1,0
0.481738,1,0
0.481813,1,0
0.482023,1,0
0.482163,1,0
0.482183,1,0
0.482256,1,0
0.482274,1,0
0.482327,1,0
0.482498,1,0
0.482627,1,0
0.48266,1,0
0.482691,1,0
0.482767,1,0
0.482846,1,0
0.482938,1,0
0.48298,1,0
0.483117,1,0
0.483135,1,0
0.483177,1,0
0.48335,1,0
0.483865,1,0
0.483978,1,0
0.484015,1,0
0.484023,1,0
0.484124,1,0
0.484275,1,0
0.48432,1,0
0.484375,80,0
0.484415,1,0
0.484463,1,0
0.484516,1,0
0.484669,1,0
0.484694,1,0
0.484789,1,0
0.484832,1,0
0.484868,1,0
0.485041,1,0
0.485181,1,0
0.485281,1,0
0.485291,1,0
0.485355,1,0
0.485425,1,0
0.48546,1,0
0.485485,1,0
0.485494,1,0
0.485573,1,0
0.485852,1,0
0.485854,1,0
0.48587,1,0
0.48609,1,0
0.486241,1,0
0.486252,1,0
0.486307,1,0
0.486325,1,0
0.486415,1,0
0.486556,1,0
0.486615,1,0
0.486654,1,0
0.486738,1,0
0.486754,1,0
0.486787,1,0
0.486801,1,0
0.486838,1,0
0.486859,1,0
0.48692,1,0
0.486949,1,0
0.486957,1,0
0.487034,1,0
0.487084,1,0
0.487142,1,0
0.487152,1,0
0.487315,1,0
0.487434,1,0
0.487604,1,0
0.487681,1,0
0.487748,1,0
0.487837,1,0
0.487977,1,0
0.488144,1,0
0.48818,1,0
0.488234,1,0
0.488241,1,0
0.488307,1,0
0.488322,1,0
0.488337,1,0
0.488352,1,0
0.488471,1,0
0.488486,1,0
0.488707,1,0
0.488815,1,0
0.488845,1,0
0.488851,1,0
0.488917,1,0
0.488947,1,0
0.489011,1,0
0.489067,1,0
0.489124,1,0
0.489155,1,0
0.489159,1,0
0.489241,1,0
0.489312,1,0
0.489314,1,0
0.489339,1,0
0.489457,1,0
0.489505,1,0
0.48955,1,0
0.48961,1,0
0.489645,1,0
0.489652,1,0
0.489976,1,0
0.48999,1,0
0.489993,1,0
0.490043,1,0
0.49009,1,0
0.490118,1,0
0.490149,1,0
0.490232,1,0
0.490299,1,0
0.490432,1,0
0.490435,1,0
0.490627,1,0
0.490704,1,0
0.490715,1,0
0.490952,1,0
0.491186,1,0
0.491252,1,0
0.491568,1,0
0.491615,1,0
0.491691,1,0
0.491774,1,0
0.491872,1,0
0.491942,1,0
0.491999,1,0
0.492106,1,0
0.492111,1,0
0.492121,1,0
0.492126,1,0
0.492168,1,0
0.492263,1,0
0.492292,1,0
0.492423,1,0
0.492476,1,0
0.492537,1,0
0.49263,1,0
0.492657,1,0
0.492703,1,0
0.492705,1,0
0.492782,1,0
0.492897,1,0
0.493093,1,0
0.493217,1,0
0.49328,1,0
0.493558,1,0
0.493585,1,0
0.493763,1,0
0.493772,1,0
0.493843,1,0
0.493911,1,0
0.494082,1,0
0.494196,1,0
0.494398,1,0
0.494569,1,0
0.494697,1,0
0.494775,1,0
0.494837,1,0
0.495019,1,0
0.495058,1,0
0.495097,1,0
0.495113,1,0
0.495192,1,0
0.495198,1,0
0.495355,1,0
0.495549,1,0
0.495777,1,0
0.495812,1,0
0.495865,1,0
0.495932,1,0
0.495962,1,0
0.496023,1,0
0.496163,1,0
0.49618,1,0
0.496609,1,0
0.496846,1,0
0.497005,1,0
0.497153,1,0
0.497227,1,0
0.497266,1,0
0.497333,1,0
0.497394,1,0
0.497473,1,0
0.49755,1,0
0.497626,1,0
0.497664,1,0
0.497809,1,0
0.49791,1,0
0.497977,1,0
0.497987,1,0
0.498044,1,0
0.498073,1,0
0.49814,1,0
0.498205,1,0
0.498215,1,0
0.49832,1,0
0.498361,1,0
0.498555,1,0
0.498622,1,0
0.498631,1,0
0.498743,1,0
0.498759,1,0
0.498761,1,0
0.498783,1,0
0.498819,1,0
0.499167,1,0
0.499198,1,0
0.499258,1,0
0.49929,1,0
0.499394,1,0
0.49965,1,0
0.499896,1,0
0.499935,1,0
0.5,101,0
0.500043,1,0
0.500137,1,0
0.500184,1,0
0.500264,1,0
0.500374,1,0
0.500498,1,0
0.500543,1,0
0.50091,1,0
0.501041,1,0
0.501078,1,0
0.501103,1,0
0.501143,1,0
0.501237,1,0
0.501366,1,0
0.501412,1,0
0.501421,1,0
0.501516,1,0
0.501517,1,0
0.501623,1,0
0.501834,1,0
0.501851,1,0
0.501883,1,0
0.501898,1,0
0.501917,1,0
0.50201,1,0
0.502047,1,0
0.502167,1,0
0.502245,2,0
0.502303,1,0
0.502324,1,0
0.502356,1,0
0.502398,1,0
0.502435,1,0
0.502455,1,0
0.50258,1,0
0.502606,1,0
0.502674,1,0
0.502676,1,0
0.502762,1,0
0.502808,1,0
0.502931,1,0
0.503017,1,0
0.503047,1,0
0.503062,1,0
0.503088,1,0
0.50316,1,0
0.503232,1,0
0.503277,1,0
0.503302,1,0
0.503357,1,0
0.503404,1,0
0.503433,1,0
0.503557,1,0
0.503825,1,0
0.503851,1,0
0.504034,1,0
0.504234,1,0
0.504303,1,0
0.504413,1,0
0.504487,1,0
0.504503,1,0
0.504589,1,0
0.504686,1,0
0.50471,1,0
0.504786,1,0
0.504793,1,0
0.50491,1,0
0.504972,1,0
0.505019,1,0
0.505257,1,0
0.505301,1,0
0.50538,1,0
0.50543,1,0
0.505551,1,0
0.50557,1,0
0.505587,1,0
0.505598,1,0
0.505766,1,0
0.505841,1,0
0.505896,1,0
0.505907,1,0
0.506005,1,0
0.506044,1,0
0.506068,1,0
0.506219,1,0
0.506243,1,0
0.506274,1,0
0.506336,1,0
0.506381,1,0
0.506457,1,0
0.506458,1,0
0.506609,1,0
0.506623,1,0
0.506655,1,0
0.506698,1,0
0.506931,1,0
0.50723,1,0
0.507288,1,0
0.507387,1,0
0.507437,1,0
0.507703,1,0
0.507717,1,0
0.507749,1,0
0.507783,1,0
0.507819,1,0
0.507881,2,0
0.508086,1,0
0.508108,1,0
0.508116,1,0
0.50822,1,0
0.508334,1,0
0.50842,1,0
0.508609,1,0
0.50872,1,0
0.508864,1,0
0.508865,1,0
0.508931,1,0
0.508991,1,0
0.509253,1,0
0.509272,1,0
0.509281,1,0
0.509285,1,0
0.509351,1,0
0.509372,1,0
0.509457,1,0
0.509607,1,0
0.509776,1,0
0.509829,1,0
0.509833,1,0
0.509969,1,0
0.510008,1,0
0.510258,1,0
0.510292,1,0
0.510361,1,0
0.510396,1,0
0.510509,1,0
0.510521,1,0
0.510635,1,0
0.510678,1,0
0.510815,1,0
0.510972,1,0
0.511002,1,0
0.511074,1,0
0.511153,1,0
0.511254,1,0
0.511435,1,0
0.511443,1,0
0.511453,1,0
0.511708,1,0
0.51176,1,0
0.511803,1,0
0.511826,1,0
0.511841,1,0
0.512139,1,0
0.512268,1,0
0.51236,1,0
0.512437,1,0
0.512524,1,0
0.512567,1,0
0.512696,1,0
0.512733,1,0
0.512794,1,0
0.512907,1,0
0.513105,1,0
0.513153,1,0
0.513386,1,0
0.513464,1,0
0.513502,1,0
0.513668,1,0
0.514053,1,0
0.514175,1,0
0.514185,1,0
0.514293,1,0
0.514311,1,0
0.514343,1,0
0.51449,1,0
0.51486,1,0
0.514862,1,0
0.515032,1,0
0.515143,1,0
0.515239,1,0
0.51528,1,0
0.515283,1,0
0.515326,1,0
0.515365,1,0
0.515583,1,0
0.515625,49,0
0.515752,1,0
0.51586,1,0
0.515908,1,0
0.516063,1,0
0.516064,1,0
0.516119,1,0
0.516577,1,0
0.516734,1,0
0.51675,1,0
0.516783,1,0
0.516911,1,0
0.517199,1,0
0.51725,1,0
0.517376,1,0
0.517402,1,0
0.517513,1,0
0.517835,1,0
0.517921,1,0
0.517969,1,0
0.518119,1,0
0.518226,1,0
0.518328,1,0
0.518368,1,0
0.518405,1,0
0.518406,1,0
0.518582,1,0
0.518767,1,0
0.518806,1,0
0.518917,1,0
0.518964,1,0
0.518966,1,0
0.519207,1,0
0.519284,1,0
0.519307,1,0
0.519436,1,0
0.519513,1,0
0.519516,1,0
0.519638,1,0
0.520148,1,0
0.520276,1,0
0.520318,1,0
0.520637,1,0
0.520663,1,0
0.520675,1,0
0.520711,1,0
0.520722,1,0
0.52082,1,0
0.520882,1,0
0.520914,1,0
0.520924,1,0
0.520942,1,0
0.520974,1,0
0.521115,1,0
0.52132,1,0
0.521439,1,0
0.521752,1,0
0.521976,1,0
0.521982,1,0
0.522344,1,0
0.522394,1,0
0.522419,1,0
0.522438,1,0
0.52246,1,0
0.522998,1,0
0.523047,1,0
0.523159,1,0
0.523215,1,0
0.523337,1,0
0.523622,1,0
0.52368,1,0
0.524053,1,0
0.52408,1,0
0.524096,1,0
0.524322,1,0
0.524373,1,0
0.524402,1,0
0.524436,1,0
0.524807,1,0
0.524811,1,0
0.524857,1,0
0.525069,1,0
0.52509,1,0
0.525139,1,0
0.52514,1,0
0.525433,1,0
0.525782,1,0
0.526025,1,0
0.526074,1,0
0.526143,1,0
0.526485,1,0
0.526865,1,0
0.526954,1,0
0.527301,1,0
0.527442,1,0
0.52756,1,0
0.527626,1,0
0.527743,1,0
0.528101,1,0
0.528108,1,0
0.52814,1,0
0.528244,1,0
0.528268,1,0
0.52836,1,0
0.528397,1,0
0.528499,1,0
0.528622,1,0
0.528776,1,0
0.52878,1,0
0.528978,1,0
0.529067,1,0
0.529191,1,0
0.52932,1,0
0.529349,1,0
0.529555,1,0
0.529588,1,0
0.529712,1,0
0.529749,1,0
0.529927,1,0
0.529936,1,0
0.530002,1,0
0.530029,1,0
0.530075,1,0
0.530283,1,0
0.530473,1,0
0.530609,1,0
0.530847,1,0
0.530866,1,0
0.530885,1,0
0.531104,1,0
0.531151,1,0
0.53125,38,0
0.531351,1,0
0.531407,1,0
0.531445,1,0
0.531477,1,0
0.531508,1,0
0.531521,1,0
0.531631,1,0
0.531684,1,0
0.531701,1,0
0.53177,1,0
0.531826,1,0
0.531871,1,0
0.531892,1,0
0.532026,1,0
0.532138,1,0
0.532313,1,0
0.532381,1,0
0.532423,1,0
0.53244,1,0
0.532685,1,0
0.532932,1,0
0.533225,1,0
0.533315,1,0
0.533433,1,0
0.533437,1,0
0.533455,1,0
0.53373,1,0
0.533756,1,0
0.53386,1,0
0.533925,1,0
0.534063,1,0
0.534078,1,0
0.534101,1,0
0.534107,1,0
0.534147,1,0
0.534476,1,0
0.534716,1,0
0.53473,1,0
0.534835,1,0
0.534995,1,0
0.535043,1,0
0.53516,1,0
0.535242,1,0
0.53542,1,0
0.535744,1,0
0.535785,1,0
0.535991,1,0
0.536012,1,0
0.536032,1,0
0.536068,1,0
0.53607,1,0
0.536073,1,0
0.536133,1,0
0.53627,1,0
0.536374,1,0
0.536496,1,0
0.536625,1,0
0.53666,1,0
0.536676,1,0
0.536726,1,0
0.536957,1,0
0.537027,1,0
0.537057,1,0
0.537148,1,0
0.537166,1,0
0.537201,1,0
0.537233,1,0
0.537331,1,0
0.537526,1,0
0.53753,1,0
0.537652,1,0
0.53788,1,0
0.537934,1,0
0.538389,1,0
0.53839,1,0
0.538667,1,0
0.538685,1,0
0.538723,1,0
0.538933,1,0
0.539011,1,0
0.539071,1,0
0.539093,1,0
0.539102,1,0
0.539216,1,0
0.539273,1,0
0.539294,1,0
0.539635,1,0
0.539638,1,0
0.539828,1,0
0.539986,1,0
0.540108,1,0
0.540122,1,0
0.540129,1,0
0.540603,1,0
0.540853,1,0
0.540966,1,0
0.540978,1,0
0.54098,1,0
0.541161,1,0
0.541182,1,0
0.541332,1,0
0.541357,1,0
0.541397,1,0
0.541608,1,0
0.541612,1,0
0.541719,1,0
0.541825,1,0
0.541911,1,0
0.541945,1,0
0.542055,1,0
0.542115,1,0
0.542196,1,0
0.542234,1,0
0.54245,1,0
0.542524,1,0
0.542592,1,0
0.542595,1,0
0.542723,1,0
0.5429,1,0
0.542974,1,0
0.543026,1,0
0.54303,1,0
0.543228,1,0
0.543355,1,0
0.54346,1,0
0.543547,1,0
0.543565,1,0
0.543597,1,0
0.543694,1,0
0.543747,1,0
0.543829,1,0
0.543863,1,0
0.544032,1,0
0.544258,1,0
0.544383,1,0
0.544456,1,0
0.544566,1,0
0.544585,1,0
0.544737,1,0
0.545255,1,0
0.545386,1,0
0.545443,1,0
0.545693,1,0
0.545699,1,0
0.545835,1,0
0.545869,1,0
0.545908,1,0
0.545972,1,0
0.546212,1,0
0.546246,1,0
0.546756,1,0
0.546828,1,0
0.546875,29,0
0.547144,1,0
0.547179,1,0
0.54729,1,0
0.547357,1,0
0.547604,1,0
0.547675,1,0
0.548068,1,0
0.548083,1,0
0.548196,1,0
0.548282,1,0
0.54829,1,0
0.548295,1,0
0.548324,1,0
0.548662,1,0
0.548701,1,0
0.548768,1,0
0.548835,1,0
0.548928,1,0
0.549023,1,0
0.549189,1,0
0.549359,1,0
0.549522,1,0
0.549618,1,0
0.549853,1,0
0.549889,1,0
0.549938,1,0
0.550058,1,0
0.55013,1,0
0.550183,1,0
0.550297,1,0
0.550691,1,0
0.550829,1,0
0.550854,1,0
0.551067,1,0
0.55146,1,0
0.551882,1,0
0.55192,1,0
0.551956,1,0
0.55201,1,0
0.55205,1,0
0.552245,1,0
0.552365,1,0
0.552488,1,0
0.552532,1,0
0.552534,1,0
0.552643,1,0
0.55279,1,0
0.552841,1,0
0.552947,1,0
0.55302,1,0
0.553206,1,0
0.553306,1,0
0.553345,1,0
0.553376,1,0
0.55345,1,0
0.553648,2,0
0.553717,1,0
0.553776,1,0
0.553815,1,0
0.553833,1,0
0.553848,1,0
0.554095,1,0
0.554177,1,0
0.554182,1,0
0.554312,1,0
0.554436,1,0
0.554685,1,0
0.554691,1,0
0.554746,1,0
0.554756,1,0
0.554849,1,0
0.55501,1,0
0.555159,1,0
0.555161,1,0
0.555219,1,0
0.555505,1,0
0.555663,1,0
0.555839,1,0
0.555841,1,0
0.556076,1,0
0.556089,1,0
0.55613,1,0
0.556572,1,0
0.556785,1,0
0.556899,1,0
0.556972,1,0
0.557004,1,0
0.557055,1,0
0.557069,1,0
0.557178,1,0
0.557264,1,0
0.557268,1,0
0.557282,1,0
0.557312,1,0
0.557367,1,0
0.557464,1,0
0.557696,1,0
0.557793,1,0
0.557879,1,0
0.558101,1,0
0.558172,1,0
0.558278,1,0
0.558353,1,0
0.558737,1,0
0.55881,1,0
0.559297,1,0
0.559498,1,0
0.559553,1,0
0.559578,1,0
0.559639,1,0
0.559687,1,0
0.559928,1,0
0.560075,1,0
0.560288,1,0
0.560327,1,0
0.560567,1,0
0.560673,1,0
0.56074,1,0
0.56097,1,0
0.560994,1,0
0.561247,1,0
0.561462,1,0
0.561497,1,0
0.561576,1,0
0.561792,1,0
0.561832,1,0
0.562269,1,0
0.5625,28,0
0.562658,1,0
0.562672,1,0
0.562675,1,0
0.562702,1,0
0.562727,1,0
0.56278,1,0
0.562782,1,0
0.563123,1,0
0.563525,1,0
0.563558,1,0
0.563633,1,0
0.563721,1,0
0.563917,1,0
0.564066,1,0
0.564184,1,0
0.564251,1,0
0.564266,1,0
0.564298,1,0
0.564401,1,0
0.564493,2,0
0.564688,1,0
0.564853,1,0
0.565039,1,0
0.565233,1,0
0.565235,1,0
0.56525,1,0
0.565261,1,0
0.565314,1,0
0.565491,1,0
0.565604,1,0
0.565638,1,0
0.565787,1,0
0.565825,1,0
0.566044,1,0
0.566141,1,0
0.566146,1,0
0.566204,1,0
0.566253,1,0
0.566656,1,0
0.566657,1,0
0.566668,1,0
0.566708,1,0
0.566721,1,0
0.566806,1,0
0.566815,1,0
0.566922,1,0
0.567044,1,0
0.567151,1,0
0.567173,1,0
0.567208,1,0
0.567296,1,0
0.567541,1,0
0.567619,1,0
0.56764,1,0
0.567951,1,0
0.567954,1,0
0.568165,1,0
0.568193,1,0
0.568368,1,0
0.568378,1,0
0.568469,1,0
0.568523,1,0
0.568663,1,0
0.568759,1,0
0.568896,1,0
0.568969,1,0
0.569038,1,0
0.569238,1,0
0.569239,1,0
0.569268,1,0
0.569402,1,0
0.56945,1,0
0.569452,1,0
0.569533,1,0
0.569569,1,0
0.569737,1,0
0.569762,1,0
0.570196,1,0
0.570327,1,0
0.570411,1,0
0.570499,1,0
0.570564,1,0
0.570624,1,0
0.571123,1,0
0.571127,1,0
0.571376,1,0
0.571606,1,0
0.571683,1,0
0.572388,1,0
0.572507,1,0
0.572549,1,0
0.572586,1,0
0.5727,1,0
0.572706,1,0
0.572822,1,0
0.573045,1,0
0.573098,1,0
0.573118,1,0
0.573611,1,0
0.573793,1,0
0.573811,1,0
0.573842,1,0
0.573848,1,0
0.574078,1,0
0.574391,1,0
0.574428,1,0
0.574442,1,0
0.574827,1,0
0.574967,1,0
0.575069,1,0
0.575152,1,0
0.575232,1,0
0.575238,1,0
0.57533,1,0
0.575421,1,0
0.575437,1,0
0.575662,1,0
0.57576,1,0
0.575772,1,0
0.5758,1,0
0.57591,1,0
0.576,1,0
0.576162,1,0
0.576195,1,0
0.576218,1,0
0.576628,1,0
0.576744,1,0
0.576757,1,0
0.576766,1,0
0.576856,1,0
0.576973,1,0
0.577113,1,0
0.577534,1,0
0.577536,1,0
0.57754,1,0
0.577554,1,0
0.577568,1,0
0.577577,1,0
0.577612,1,0
0.577744,1,0
0.57783,1,0
0.577884,1,0
0.577919,1,0
0.578125,38,0
0.578206,1,0
0.578248,1,0
0.578376,1,0
0.57839,1,0
0.578615,1,0
0.578616,1,0
0.578829,1,0
0.578833,1,0
0.579114,1,0
0.579119,1,0
0.579222,1,0
0.579328,1,0
0.579386,1,0
0.579781,1,0
0.579906,1,0
0.579907,1,0
0.57992,1,0
0.579993,1,0
0.580129,1,0
0.580162,1,0
0.580225,1,0
0.580474,1,0
0.580485,1,0
0.580518,1,0
0.580611,1,0
0.580731,1,0
0.580761,1,0
0.580784,1,0
0.580825,1,0
0.580887,1,0
0.58113,1,0
0.581372,1,0
0.581407,1,0
0.581427,1,0
0.581646,1,0
0.581801,1,0
0.582159,1,0
0.582169,1,0
0.582272,1,0
0.582333,1,0
0.58239,1,0
0.582411,1,0
0.582579,1,0
0.582754,1,0
0.582758,1,0
0.582773,1,0
0.582856,1,0
0.582985,1,0
0.583044,1,0
0.583271,1,0
0.583364,1,0
0.583467,1,0
0.583572,1,0
0.583608,1,0
0.583734,1,0
0.583801,1,0
0.583809,1,0
0.583945,1,0
0.584131,1,0
0.584181,1,0
0.584194,1,0
0.584458,1,0
0.584567,1,0
0.584724,1,0
0.584757,1,0
0.584892,1,0
0.5849,1,0
0.584993,1,0
0.585149,1,0
0.585391,1,0
0.585445,1,0
0.585453,1,0
0.585801,1,0
0.585977,1,0
0.586,1,0
0.586162,1,0
0.58626,1,0
0.586348,1,0
0.586451,1,0
0.586502,1,0
0.586552,1,0
0.586597,1,0
0.586601,1,0
0.586613,1,0
0.586673,1,0
0.586797,1,0
0.58682,1,0
0.586912,1,0
0.587,1,0
0.587048,1,0
0.587208,1,0
0.587225,1,0
0.587459,1,0
0.587464,1,0
0.587545,1,0
0.587912,1,0
0.587918,1,0
0.58801,1,0
0.588066,1,0
0.588177,1,0
0.588332,1,0
0.588384,1,0
0.588392,1,0
0.588395,1,0
0.588513,1,0
0.58853,1,0
0.588812,1,0
0.588815,1,0
0.588999,1,0
0.589059,1,0
0.589104,1,0
0.589111,1,0
0.589288,1,0
0.589448,1,0
0.589806,1,0
0.589868,1,0
0.590175,1,0
0.590205,1,0
0.590341,1,0
0.590365,1,0
0.59051,1,0
0.590548,1,0
0.590686,1,0
0.590715,1,0
0.590847,1,0
0.591105,1,0
0.59111,1,0
0.59117,1,0
0.59123,1,0
0.59162,1,0
0.591724,1,0
0.591833,1,0
0.591961,1,0
0.592203,1,0
0.592262,1,0
0.592346,1,0
0.592378,1,0
0.592391,1,0
0.592538,1,0
0.592717,1,0
0.592807,1,0
0.592839,1,0
0.593562,1,0
0.59375,41,0
0.593846,1,0
0.594156,1,0
0.594275,1,0
0.594336,1,0
0.594348,1,0
0.594358,1,0
0.594384,1,0
0.594432,1,0
0.594657,1,0
0.59473,1,0
0.594921,1,0
0.595459,1,0
0.595475,1,0
0.595639,1,0
0.595765,1,0
0.595805,1,0
0.59582,1,0
0.595824,1,0
0.595918,1,0
0.596064,1,0
0.596154,1,0
0.596171,1,0
0.596419,1,0
0.596717,1,0
0.596853,1,0
0.596879,1,0
0.596939,1,0
0.596963,1,0
0.597094,1,0
0.597265,1,0
0.597281,1,0
0.597376,1,0
0.597791,1,0
0.5978,1,0
0.598114,1,0
0.598536,1,0
0.598593,1,0
0.598695,1,0
0.59881,1,0
0.598815,1,0
0.598936,1,0
0.599061,1,0
0.599083,1,0
0.599141,1,0
0.599215,1,0
0.599315,1,0
0.599393,1,0
0.599535,1,0
0.599674,1,0
0.600149,1,0
0.600167,1,0
0.60031,1,0
0.60046,1,0
0.600537,1,0
0.600662,1,0
0.600795,1,0
0.601017,1,0
0.601078,1,0
0.601094,1,0
0.601134,1,0
0.60114,1,0
0.601159,1,0
0.601269,1,0
0.601299,1,0
0.601397,1,0
0.601422,1,0
0.601517,1,0
0.601528,1,0
0.601679,1,0
0.60168,1,0
0.602094,1,0
0.602423,1,0
0.602562,1,0
0.602642,1,0
0.602735,1,0
0.602743,1,0
0.602992,1,0
0.603236,1,0
0.603252,1,0
0.603399,1,0
0.603421,1,0
0.603427,1,0
0.603556,1,0
0.603688,1,0
0.603787,1,0
0.60381,1,0
0.603931,1,0
0.60416,1,0
0.604331,1,0
0.604388,1,0
0.604424,1,0
0.604488,1,0
0.60451,1,0
0.604545,1,0
0.604559,1,0
0.604607,1,0
0.604631,1,0
0.604918,1,0
0.605013,1,0
0.605095,1,0
0.605204,1,0
0.605206,1,0
0.605261,1,0
0.605268,1,0
0.605272,1,0
0.605306,1,0
0.605476,1,0
0.605485,1,0
0.605515,1,0
0.605516,1,0
0.605564,1,0
0.605571,1,0
0.605583,1,0
0.605622,1,0
0.605716,1,0
0.605727,1,0
0.605809,1,0
0.605856,1,0
0.605952,1,0
0.606016,1,0
0.6061,1,0
0.60634,1,0
0.606345,1,0
0.606405,1,0
0.606418,1,0
0.606518,2,0
0.606599,1,0
0.606619,1,0
0.606716,1,0
0.606828,1,0
0.606858,1,0
0.607107,1,0
0.607248,1,0
0.607529,1,0
0.607581,1,0
0.607587,1,0
0.607589,1,0
0.607782,1,0
0.607833,1,0
0.608028,1,0
0.608041,1,0
0.608049,1,0
0.608337,1,0
0.60858,1,0
0.608711,1,0
0.608734,1,0
0.608879,1,0
0.609047,1,0
0.609254,1,0
0.609375,46,0
0.609388,1,0
0.609432,1,0
0.609452,1,0
0.609483,1,0
0.609627,1,0
0.609696,1,0
0.609736,1,0
0.60998,1,0
0.610028,1,0
0.610083,1,0
0.610263,1,0
0.610351,1,0
0.610557,1,0
0.610564,1,0
0.610661,1,0
0.610729,1,0
0.610749,1,0
0.610988,1,0
0.611013,1,0
0.611263,1,0
0.611419,1,0
0.61153,1,0
0.611577,1,0
0.6116,1,0
0.611683,1,0
0.611883,1,0
0.612323,1,0
0.612385,1,0
0.612387,1,0
0.612414,1,0
0.612644,1,0
0.612649,1,0
0.612662,1,0
0.612779,1,0
0.612862,1,0
0.612915,1,0
0.613007,1,0
0.613111,1,0
0.613172,1,0
0.613285,1,0
0.613292,1,0
0.613302,1,0
0.61334,1,0
0.613573,1,0
0.613624,1,0
0.613744,1,0
0.613892,1,0
0.613914,1,0
0.613924,1,0
0.614201,1,0
0.61431,1,0
0.614368,1,0
0.614562,1,0
0.614858,1,0
0.615271,1,0
0.61543,1,0
0.61544,1,0
0.615553,1,0
0.615635,1,0
0.615798,1,0
0.615821,1,0
0.615828,1,0
0.615831,1,0
0.615857,1,0
0.615875,1,0
0.615918,1,0
0.616153,1,0
0.616182,1,0
0.616186,1,0
0.616225,1,0
0.616361,1,0
0.616379,1,0
0.616385,1,0
0.616393,1,0
0.616445,1,0
0.616466,1,0
0.616585,1,0
0.616841,1,0
0.616878,1,0
0.616884,1,0
0.617012,1,0
0.617045,1,0
0.617127,1,0
0.617538,1,0
0.617552,1,0
0.617582,1,0
0.617689,1,0
0.617934,1,0
0.61812,1,0
0.618285,1,0
0.618318,1,0
0.618321,1,0
0.618343,1,0
0.618361,1,0
0.618443,1,0
0.618626,1,0
0.618627,1,0
0.618635,1,0
0.618797,1,0
0.618911,1,0
0.618931,1,0
0.618969,1,0
0.618976,1,0
0.619055,1,0
0.619206,1,0
0.61921,1,0
0.619245,1,0
0.619298,1,0
0.619697,1,0
0.619705,1,0
0.619955,1,0
0.6204,1,0
0.620508,1,0
0.620549,1,0
0.620656,1,0
0.620793,1,0
0.620851,1,0
0.620977,1,0
0.621121,1,0
0.621279,1,0
0.621309,1,0
0.621342,1,0
0.621638,1,0
0.62174,1,0
0.622034,1,0
0.622174,1,0
0.622281,1,0
0.622294,1,0
0.622554,1,0
0.622619,1,0
0.622691,1,0
0.622706,1,0
0.622765,1,0
0.622906,1,0
0.622933,1,0
0.623161,1,0
0.623203,1,0
0.623237,1,0
0.623361,1,0
0.623436,1,0
0.623581,1,0
0.623703,1,0
0.623705,1,0
0.623847,1,0
0.623893,1,0
0.623956,1,0
0.623972,1,0
0.624158,1,0
0.624216,1,0
0.624297,1,0
0.624356,1,0
0.624392,1,0
0.624463,1,0
0.624525,1,0
0.62459,1,0
0.624594,1,0
0.62464,1,0
0.624794,1,0
0.624835,1,0
0.624908,1,0
0.625,66,0
0.625034,1,0
0.625251,1,0
0.625332,1,0
0.625375,1,0
0.625523,1,0
0.626035,1,0
0.626227,1,0
0.626422,1,0
0.626539,1,0
0.626569,1,0
0.626839,1,0
0.627043,1,0
0.627827,1,0
0.628019,1,0
0.628058,1,0
0.628115,1,0
0.628162,1,0
0.628288,1,0
0.628305,1,0
0.628368,1,0
0.628602,1,0
0.628661,1,0
0.628675,1,0
0.628891,1,0
0.628969,1,0
0.629386,1,0
0.629485,1,0
0.629881,1,0
0.629906,1,0
0.629941,1,0
0.630087,1,0
0.63009,1,0
0.630124,1,0
0.630296,1,0
0.630354,1,0
0.63037,1,0
0.63039,1,0
0.630728,1,0
0.630743,1,0
0.630803,1,0
0.630885,1,0
0.631092,1,0
0.631117,1,0
0.631344,1,0
0.631347,1,0
0.631353,1,0
0.631726,1,0
0.631826,1,0
0.631896,1,0
0.631985,1,0
0.632071,2,0
0.632297,1,0
0.632337,1,0
0.632438,1,0
0.632446,1,0
0.632512,1,0
0.632616,1,0
0.632816,1,0
0.633064,1,0
0.633373,1,0
0.633493,1,0
0.633714,1,0
0.633867,1,0
0.634,1,0
0.634075,1,0
0.634421,1,0
0.634472,1,0
0.634584,1,0
0.634629,1,0
0.634757,1,0
0.63498,1,0
0.635093,1,0
0.635305,1,0
0.635447,1,0
0.635566,1,0
0.635674,1,0
0.635915,1,0
0.636025,1,0
0.636296,1,0
0.636415,1,0
0.636725,1,0
0.636748,1,0
0.636903,1,0
0.637671,1,0
0.637837,1,0
0.637879,1,0
0.638086,1,0
0.638107,1,0
0.638126,1,0
0.638214,1,0
0.63824,1,0
0.638268,1,0
0.63827,1,0
0.638342,1,0
0.638344,1,0
0.638512,1,0
0.638536,1,0
0.638602,1,0
0.638675,1,0
0.63882,1,0
0.638844,1,0
0.639245,1,0
0.639342,1,0
0.639651,1,0
0.63996,1,0
0.6401,1,0
0.640307,1,0
0.640625,37,0
0.640824,1,0
0.640947,1,0
0.641,1,0
0.641002,1,0
0.64101,1,0
0.641022,1,0
0.641074,1,0
0.641095,1,0
0.641152,1,0
0.641154,1,0
0.641202,1,0
0.641237,1,0
0.64129,1,0
0.641375,1,0
0.641442,1,0
0.641486,1,0
0.641913,1,0
0.641919,1,0
0.642289,1,0
0.642458,1,0
0.642529,1,0
0.642609,1,0
0.64263,1,0
0.642728,1,0
0.643135,1,0
0.643174,1,0
0.643307,1,0
0.64335,1,0
0.643573,1,0
0.643831,1,0
0.643923,1,0
0.644038,1,0
0.644214,1,0
0.644278,1,0
0.64431,1,0
0.64434,1,0
0.644489,1,0
0.644721,1,0
0.644748,1,0
0.644916,1,0
0.644998,1,0
0.645161,1,0
0.645193,1,0
0.645202,1,0
0.645326,1,0
0.645385,1,0
0.645401,1,0
0.64541,1,0
0.645556,1,0
0.645585,1,0
0.645591,1,0
0.645833,1,0
0.646165,1,0
0.646283,1,0
0.646337,1,0
0.646442,1,0
0.646484,1,0
0.64653,1,0
0.646579,1,0
0.646598,1,0
0.646766,1,0
0.646817,1,0
0.64691,1,0
0.647025,1,0
0.647071,1,0
0.647239,1,0
0.647265,1,0
0.647388,1,0
0.647401,1,0
0.647488,1,0
0.647889,1,0
0.647895,1,0
0.647926,1,0
0.648039,1,0
0.648372,1,0
0.648418,1,0
0.648427,1,0
0.648562,1,0
0.64857,1,0
0.648629,1,0
0.648884,1,0
0.649036,1,0
0.649115,1,0
0.649196,1,0
0.649399,1,0
0.64943,1,0
0.649469,1,0
0.649475,1,0
0.649487,1,0
0.649663,1,0
0.65014,1,0
0.650191,1,0
0.650217,1,0
0.650236,1,0
0.650465,1,0
0.650478,1,0
0.650621,1,0
0.650686,1,0
0.650733,1,0
0.650915,1,0
0.650935,1,0
0.65115,1,0
0.651166,1,0
0.651416,1,0
0.651735,1,0
0.651743,1,0
0.651884,1,0
0.651888,1,0
0.651981,1,0
0.651984,1,0
0.652112,1,0
0.652138,1,0
0.652197,1,0
0.652528,1,0
0.652606,1,0
0.6529,1,0
0.652911,1,0
0.652936,1,0
0.653055,1,0
0.653164,1,0
0.653213,1,0
0.653346,1,0
0.653682,1,0
0.653699,1,0
0.653756,1,0
0.653757,1,0
0.653826,1,0
0.654185,1,0
0.654197,1,0
0.654356,1,0
0.654414,1,0
0.654432,1,0
0.654654,1,0
0.654696,1,0
0.654872,2,0
0.65512,1,0
0.65518,1,0
0.6552,1,0
0.655245,1,0
0.655258,1,0
0.655413,1,0
0.655472,1,0
0.655721,1,0
0.655726,1,0
0.655756,1,0
0.656087,1,0
0.65625,31,0
0.656354,1,0
0.656376,1,0
0.656484,1,0
0.656517,1,0
0.656611,1,0
0.656653,1,0
0.656737,1,0
0.656804,1,0
0.656893,1,0
0.656966,1,0
0.657481,1,0
0.657788,1,0
0.657821,1,0
0.657925,1,0
0.657983,1,0
0.658277,1,0
0.658287,1,0
0.658429,1,0
0.658471,1,0
0.658476,1,0
0.658589,1,0
0.659005,1,0
0.65904,1,0
0.659128,1,0
0.659345,1,0
0.659352,1,0
0.659783,1,0
0.659975,1,0
0.659999,1,0
0.660053,1,0
0.660163,1,0
0.660182,1,0
0.660365,1,0
0.66038,1,0
0.660404,1,0
0.660444,1,0
0.660629,1,0
0.660694,1,0
0.660705,1,0
0.6608,1,0
0.660829,1,0
0.661258,1,0
0.66136,1,0
0.661396,1,0
0.661675,1,0
0.661838,1,0
0.66207,1,0
0.662105,1,0
0.662575,1,0
0.662692,1,0
0.662847,1,0
0.662998,1,0
0.663152,1,0
0.663572,1,0
0.663631,1,0
0.663638,1,0
0.663658,1,0
0.663669,1,0
0.663771,1,0
0.663972,1,0
0.664022,1,0
0.664096,1,0
0.664286,1,0
0.664501,1,0
0.664819,1,0
0.664898,1,0
0.664911,1,0
0.665007,1,0
0.665047,1,0
0.665057,1,0
0.665076,1,0
0.665312,1,0
0.665553,1,0
0.665622,1,0
0.666243,1,0
0.666473,1,0
0.666873,1,0
0.666961,1,0
0.666988,1,0
0.667009,1,0
0.667176,1,0
0.667301,1,0
0.667468,1,0
0.667583,1,0
0.667593,1,0
0.667656,1,0
0.66769,1,0
0.667784,1,0
0.668054,1,0
0.66806,1,0
0.6682,1,0
0.668445,1,0
0.668467,1,0
0.668515,1,0
0.668567,1,0
0.668673,1,0
0.668696,1,0
0.66875,1,0
0.669086,1,0
0.669237,1,0
0.669316,1,0
0.669499,1,0
0.669914,1,0
0.669989,1,0
0.669994,1,0
0.67,1,0
0.67013,1,0
0.670141,1,0
0.670207,1,0
0.670228,1,0
0.670371,1,0
0.67043,1,0
0.670566,1,0
0.670854,1,0
0.670897,1,0
0.670915,1,0
0.671037,1,0
0.671144,1,0
0.671357,1,0
0.671512,1,0
0.671719,1,0
0.671822,1,0
0.671875,39,0
0.671986,1,0
0.672022,1,0
0.672072,1,0
0.672101,1,0
0.672104,1,0
0.672125,1,0
0.672305,1,0
0.672395,1,0
0.672571,1,0
0.672597,1,0
0.672638,1,0
0.672997,1,0
0.673081,1,0
0.673093,1,0
0.673394,1,0
0.673399,1,0
0.673492,1,0
0.67366,1,0
0.673672,1,0
0.673703,1,0
0.674097,1,0
0.67418,1,0
0.674265,1,0
0.674493,1,0
0.674499,1,0
0.674548,1,0
0.674563,1,0
0.674956,1,0
0.675037,1,0
0.675079,2,0
0.675344,1,0
0.675572,1,0
0.675609,1,0
0.675707,1,0
0.675926,1,0
0.67615,1,0
0.676267,1,0
0.676513,1,0
0.676544,1,0
0.676718,1,0
0.677074,2,0
0.677138,1,0
0.677197,1,0
0.677594,1,0
0.677693,1,0
0.678116,1,0
0.678251,1,0
0.678299,1,0
0.678348,1,0
0.678493,1,0
0.678502,1,0
0.678656,1,0
0.678684,1,0
0.67874,1,0
0.678913,1,0
0.678993,1,0
0.67913,1,0
0.679177,1,0
0.6792,1,0
0.679289,1,0
0.679327,1,0
0.67934,1,0
0.679792,1,0
0.679805,1,0
0.679859,1,0
0.680024,1,0
0.680025,1,0
0.680093,1,0
0.680163,1,0
0.680183,1,0
0.680191,1,0
0.680616,1,0
0.680633,1,0
0.680679,1,0
0.680693,1,0
0.680909,1,0
0.681014,1,0
0.681283,1,0
0.681412,1,0
0.681502,1,0
0.681625,1,0
0.681821,1,0
0.681928,1,0
0.681937,1,0
0.682333,1,0
0.682337,1,0
0.682354,1,0
0.682582,1,0
0.682586,1,0
0.682612,1,0
0.682661,1,0
0.68283,1,0
0.68289,1,0
0.68306,1,0
0.683164,1,0
0.683187,1,0
0.68327,1,0
0.683408,1,0
0.683443,1,0
0.683872,1,0
0.684001,1,0
0.684126,1,0
0.684141,1,0
0.684165,1,0
0.6842,1,0
0.684307,1,0
0.684347,1,0
0.684487,1,0
0.68452,1,0
0.684632,1,0
0.684645,1,0
0.684715,1,0
0.685293,1,0
0.685727,1,0
0.68605,1,0
0.686109,1,0
0.686372,1,0
0.68643,1,0
0.686696,1,0
0.686741,1,0
0.686814,1,0
0.686912,1,0
0.68696,1,0
0.68707,1,0
0.687204,1,0
0.687257,1,0
0.687458,1,0
0.6875,42,0
0.687777,1,0
0.68788,1,0
0.687915,1,0
0.687923,1,0
0.688358,1,0
0.688373,1,0
0.688532,1,0
0.688653,1,0
0.688862,1,0
0.688902,1,0
0.689052,1,0
0.689063,1,0
0.689182,1,0
0.689266,1,0
0.689436,1,0
0.689768,1,0
0.689909,1,0
0.690179,1,0
0.690192,1,0
0.690217,1,0
0.690304,1,0
0.690418,1,0
0.690468,1,0
0.690509,1,0
0.69059,1,0
0.690733,1,0
0.69076,1,0
0.69093,1,0
0.691128,1,0
0.691171,1,0
0.691274,1,0
0.691325,1,0
0.6914,1,0
0.691552,1,0
0.691593,1,0
0.691648,1,0
0.692055,1,0
0.69237,1,0
0.692594,1,0
0.692644,1,0
0.692658,1,0
0.692706,1,0
0.692731,2,0
0.692767,1,0
0.692796,1,0
0.692857,1,0
0.692934,1,0
0.692972,1,0
0.693011,1,0
0.693116,1,0
0.69324,1,0
0.693259,1,0
0.694189,1,0
0.694206,1,0
0.694247,2,0
0.694493,1,0
0.694548,1,0
0.694658,1,0
0.694693,1,0
0.694752,1,0
0.694793,1,0
0.695173,1,0
0.695193,1,0
0.695272,1,0
0.695439,1,0
0.695617,1,0
0.695643,1,0
0.695811,1,0
0.695875,1,0
0.695985,1,0
0.695994,1,0
0.696068,1,0
0.696227,1,0
0.696273,1,0
0.696344,1,0
0.69663,1,0
0.69664,1,0
0.696708,1,0
0.696773,1,0
0.696783,1,0
0.696784,1,0
0.696925,1,0
0.697193,1,0
0.697244,1,0
0.69732,1,0
0.697367,1,0
0.697379,1,0
0.697393,1,0
0.697452,1,0
0.697563,1,0
0.697627,1,0
0.69764,1,0
0.697879,1,0
0.69797,1,0
0.698014,1,0
0.698035,1,0
0.698196,1,0
0.698225,1,0
0.698235,1,0
0.698278,1,0
0.698327,1,0
0.698491,1,0
0.698549,1,0
0.698573,1,0
0.698908,1,0
0.698935,1,0
0.699158,1,0
0.699385,1,0
0.699395,1,0
0.699442,1,0
0.699469,1,0
0.699595,1,0
0.69965,1,0
0.699695,1,0
0.699807,1,0
0.699894,1,0
0.700036,1,0
0.700213,1,0
0.700279,1,0
0.700447,1,0
0.700736,1,0
0.700888,1,0
0.700899,1,0
0.700917,1,0
0.700988,1,0
0.701049,1,0
0.701218,1,0
0.701307,1,0
0.701396,1,0
0.701494,1,0
0.702072,1,0
0.702127,1,0
0.702249,1,0
0.702683,1,0
0.702847,1,0
0.702848,1,0
0.702897,1,0
0.702957,1,0
0.703052,1,0
0.703125,56,0
0.70313,1,0
0.703201,1,0
0.703259,1,0
0.703279,1,0
0.703324,1,0
0.703397,1,0
0.703485,1,0
0.703486,1,0
0.703886,1,0
0.704095,1,0
0.704108,1,0
0.704207,1,0
0.704304,1,0
0.704345,2,0
0.70458,1,0
0.704633,1,0
0.704751,1,0
0.704806,1,0
0.705057,1,0
0.705128,1,0
0.705397,1,0
0.705551,1,0
0.705609,1,0
0.705638,1,0
0.705722,1,0
0.705968,1,0
0.706149,1,0
0.706521,1,0
0.706553,1,0
0.706562,1,0
0.706589,1,0
0.706647,1,0
0.706708,1,0
0.706916,1,0
0.706976,1,0
0.707003,1,0
0.707046,1,0
0.707339,1,0
0.707446,1,0
0.707519,1,0
0.707699,1,0
0.707754,1,0
0.707814,1,0
0.707843,1,0
0.707849,1,0
0.707931,1,0
0.708089,1,0
0.708391,1,0
0.708434,1,0
0.708778,1,0
0.708784,1,0
0.708851,1,0
0.708869,1,0
0.709037,1,0
0.709197,1,0
0.709439,1,0
0.709464,1,0
0.709698,1,0
0.709747,1,0
0.710475,1,0
0.710783,1,0
0.710805,1,0
0.710827,1,0
0.711059,1,0
0.711081,1,0
0.711083,1,0
0.711151,1,0
0.711177,1,0
0.711299,1,0
0.711516,1,0
0.711518,1,0
0.711521,1,0
0.711947,1,0
0.71209,1,0
0.712177,1,0
0.712274,1,0
0.712288,1,0
0.712318,1,0
0.712503,1,0
0.712752,1,0
0.712777,1,0
0.712852,1,0
0.712857,1,0
0.712995,1,0
0.71308,1,0
0.713108,1,0
0.713166,1,0
0.713174,1,0
0.713206,1,0
0.713423,1,0
0.713704,1,0
0.713842,1,0
0.714025,1,0
0.714259,1,0
0.714286,1,0
0.714606,1,0
0.714716,1,0
0.71487,1,0
0.71517,1,0
0.715296,1,0
0.715355,1,0
0.715379,1,0
0.715671,1,0
0.715692,1,0
0.715802,1,0
0.715896,1,0
0.715904,1,0
0.715906,1,0
0.715944,1,0
0.715969,1,0
0.716013,1,0
0.716096,1,0
0.716145,1,0
0.716155,1,0
0.716781,1,0
0.716803,1,0
0.716937,1,0
0.717297,1,0
0.717302,1,0
0.717521,1,0
0.717571,1,0
0.71763,1,0
0.717657,1,0
0.717685,1,0
0.717789,1,0
0.71787,1,0
0.71788,1,0
0.718139,1,0
0.718183,1,0
0.718294,1,0
0.718371,1,0
0.718457,1,0
0.718514,1,0
0.718606,1,0
0.718705,1,0
0.718718,1,0
0.71875,79,0
0.718801,1,0
0.718895,1,0
0.718932,1,0
0.718999,1,0
0.71905,1,0
0.719103,1,0
0.719209,1,0
0.719249,1,0
0.719325,1,0
0.719501,1,0
0.719617,1,0
0.719625,1,0
0.719669,1,0
0.719717,1,0
0.719737,1,0
0.719749,1,0
0.719965,1,0
0.719984,1,0
0.720106,1,0
0.720141,1,0
0.720465,1,0
0.720503,1,0
0.720534,1,0
0.720594,1,0
0.720652,1,0
0.720673,1,0
0.720712,1,0
0.720739,1,0
0.720785,1,0
0.720898,1,0
0.72098,1,0
0.721066,1,0
0.721109,1,0
0.721143,1,0
0.721199,1,0
0.721276,1,0
0.721306,1,0
0.721436,1,0
0.721529,1,0
0.721579,1,0
0.721605,1,0
0.72164,1,0
0.721752,1,0
0.721934,1,0
0.721943,1,0
0.722044,1,0
0.722197,1,0
0.722426,1,0
0.722587,1,0
0.72259,1,0
0.72273,1,0
0.722742,1,0
0.722756,1,0
0.722924,1,0
0.722927,1,0
0.722928,1,0
0.723092,1,0
0.72316,1,0
0.72319,1,0
0.723261,1,0
0.723346,1,0
0.723393,1,0
0.723506,1,0
0.723538,1,0
0.723637,1,0
0.723838,1,0
0.723942,1,0
0.723951,1,0
0.724009,1,0
0.724116,1,0
0.724136,1,0
0.724154,1,0
0.724192,1,0
0.724375,1,0
0.724415,1,0
0.724424,1,0
0.724481,1,0
0.724539,1,0
0.724615,1,0
0.724672,1,0
0.724715,1,0
0.725043,1,0
0.725307,1,0
0.725322,1,0
0.725441,1,0
0.725641,1,0
0.725656,1,0
0.725781,1,0
0.725847,1,0
0.725879,1,0
0.725896,1,0
0.725908,1,0
0.725915,1,0
0.726014,1,0
0.726044,1,0
0.726493,1,0
0.726632,1,0
0.726792,1,0
0.726891,1,0
0.726933,1,0
0.726955,1,0
0.726985,1,0
0.72703,1,0
0.727461,1,0
0.727486,1,0
0.727503,1,0
0.727598,1,0
0.727671,1,0
0.727709,1,0
0.727722,1,0
0.72784,1,0
0.727912,1,0
0.727963,1,0
0.727968,1,0
0.728284,1,0
0.72839,1,0
0.728411,1,0
0.728791,1,0
0.728867,1,0
0.728961,1,0
0.729143,1,0
0.729263,1,0
0.729266,1,0
0.72927,1,0
0.729445,1,0
0.729467,1,0
0.729574,1,0
0.729686,1,0
0.729723,1,0
0.729755,1,0
0.729828,1,0
0.729858,1,0
0.729861,1,0
0.729902,1,0
0.730125,1,0
0.730239,1,0
0.730286,1,0
0.730397,1,0
0.730459,1,0
0.730835,1,0
0.730855,1,0
0.73125,1,0
0.731356,1,0
0.73137,1,0
0.731632,1,0
0.73167,1,0
0.731745,1,0
0.731758,1,0
0.731962,1,0
0.731986,1,0
0.732133,1,0
0.732376,1,0
0.732434,1,0
0.732608,1,0
0.732687,1,0
0.732791,1,0
0.732867,1,0
0.733249,1,0
0.733467,1,0
0.733559,1,0
0.733803,1,0
0.734146,1,0
0.734197,1,0
0.734375,93,0
0.734433,1,0
0.734793,1,0
0.734856,1,0
0.73504,1,0
0.73514,1,0
0.735169,1,0
0.735288,1,0
0.735322,1,0
0.735518,1,0
0.735535,1,0
0.735623,1,0
0.735654,1,0
0.735665,1,0
0.735765,1,0
0.735918,1,0
0.735928,1,0
0.736058,1,0
0.736187,1,0
0.736237,1,0
0.736398,1,0
0.73641,1,0
0.736455,1,0
0.736649,1,0
0.736656,1,0
0.73672,1,0
0.737035,1,0
0.737061,1,0
0.737329,1,0
0.73737,1,0
0.737611,1,0
0.737693,1,0
0.738001,1,0
0.738048,1,0
0.738093,1,0
0.738157,1,0
0.738299,1,0
0.738337,1,0
0.738346,1,0
0.738621,1,0
0.738672,1,0
0.738733,1,0
0.738948,1,0
0.738956,1,0
0.739034,1,0
0.7391,1,0
0.739267,1,0
0.739327,1,0
0.739579,1,0
0.739621,1,0
0.739697,1,0
0.73988,1,0
0.739883,1,0
0.739992,1,0
0.740037,1,0
0.740077,1,0
0.740078,1,0
0.740082,1,0
0.740283,1,0
0.740676,1,0
0.740828,1,0
0.741023,1,0
0.741091,1,0
0.741242,1,0
0.74131,1,0
0.741363,1,0
0.741401,1,0
0.74152,1,0
0.741645,1,0
0.741798,1,0
0.741914,1,0
0.741986,1,0
0.742084,1,0
0.74211,1,0
0.742148,1,0
0.742198,1,0
0.742758,1,0
0.742988,1,0
0.743104,1,0
0.743245,1,0
0.743438,1,0
0.743453,1,0
0.743485,1,0
0.743535,1,0
0.743659,1,0
0.743805,1,0
0.743933,1,0
0.744243,1,0
0.744244,1,0
0.744348,1,0
0.744403,1,0
0.744479,1,0
0.744482,1,0
0.744541,1,0
0.744579,1,0
0.744706,1,0
0.744717,1,0
0.744745,1,0
0.7448,1,0
0.744803,1,0
0.744843,1,0
0.745046,1,0
0.74507,1,0
0.74513,1,0
0.745737,1,0
0.745757,1,0
0.745814,1,0
0.745863,1,0
0.745898,1,0
0.745922,1,0
0.746145,1,0
0.746167,1,0
0.746285,1,0
0.74643,1,0
0.746589,1,0
0.746618,1,0
0.74698,1,0
0.747005,1,0
0.747289,1,0
0.747368,1,0
0.747544,1,0
0.747613,1,0
0.747797,1,0
0.747828,1,0
0.747877,1,0
0.748021,1,0
0.748101,1,0
0.748213,1,0
0.748396,1,0
0.748434,1,0
0.748437,2,0
0.748511,1,0
0.748564,1,0
0.748646,1,0
0.74868,1,0
0.7488,1,0
0.748816,1,0
0.748933,1,0
0.749001,1,0
0.749197,1,0
0.749218,1,0
0.749224,1,0
0.749476,1,0
0.749589,1,0
0.74973,1,0
0.749799,1,0
0.749803,1,0
0.749944,1,0
0.749958,1,0
0.749981,1,0
0.75,123,0
0.750051,1,0
0.750068,1,0
0.750072,1,0
0.750419,1,0
0.750613,1,0
0.750638,1,0
0.750652,1,0
0.750747,1,0
0.750828,1,0
0.750829,1,0
0.750915,1,0
0.75093,1,0
0.750982,1,0
0.751029,1,0
0.75108,1,0
0.751195,1,0
0.751275,1,0
0.751509,1,0
0.751571,1,0
0.751698,1,0
0.751722,1,0
0.7521,1,0
0.752202,1,0
0.752372,1,0
0.752739,1,0
0.752753,1,0
0.752765,1,0
0.752771,1,0
0.752901,1,0
0.753046,1,0
0.753054,1,0
0.753081,1,0
0.753211,1,0
0.753305,1,0
0.753357,1,0
0.753509,1,0
0.753537,1,0
0.753641,1,0
0.753761,1,0
0.754049,1,0
0.75405,1,0
0.754201,1,0
0.754372,1,0
0.754414,1,0
0.754583,1,0
0.754665,1,0
0.754769,1,0
0.75492,1,0
0.754932,1,0
0.75545,1,0
0.755561,1,0
0.755562,1,0
0.755585,1,0
0.75564,1,0
0.755779,1,0
0.755806,1,0
0.75586,1,0
0.755882,1,0
0.756,1,0
0.756053,1,0
0.7561,1,0
0.7563,1,0
0.756861,1,0
0.756904,1,0
0.757115,1,0
0.757426,1,0
0.757561,1,0
0.757583,1,0
0.757764,1,0
0.757876,1,0
0.758032,1,0
0.758309,1,0
0.758456,1,0
0.758547,1,0
0.758658,1,0
0.758803,1,0
0.758896,1,0
0.758898,1,0
0.759072,1,0
0.759182,1,0
0.759263,1,0
0.759375,1,0
0.759378,1,0
0.75943,1,0
0.759439,1,0
0.759442,1,0
0.759465,1,0
0.759564,1,0
0.759606,1,0
0.759689,1,0
0.759865,1,0
0.75992,1,0
0.760069,1,0
0.760182,1,0
0.760291,1,0
0.760533,1,0
0.760549,1,0
0.760674,1,0
0.760851,1,0
0.760972,1,0
0.761078,1,0
0.761257,1,0
0.76139,1,0
0.761395,1,0
0.761506,1,0
0.761508,1,0
0.76164,1,0
0.76184,1,0
0.762033,1,0
0.762035,1,0
0.76257,1,0
0.762635,1,0
0.76268,1,0
0.762696,1,0
0.762768,1,0
0.762772,1,0
0.76302,1,0
0.763037,1,0
0.76304,1,0
0.76314,1,0
0.763249,1,0
0.763419,1,0
0.76349,1,0
0.763695,1,0
0.763847,1,0
0.763987,1,0
0.763998,1,0
0.764087,1,0
0.764235,1,0
0.764415,1,0
0.764518,1,0
0.764613,1,0
0.764717,1,0
0.764787,1,0
0.765001,1,0
0.765023,1,0
0.765354,1,0
0.765425,1,0
0.765493,1,0
0.765625,65,0
0.765886,1,0
0.765987,1,0
0.766231,1,0
0.766267,1,0
0.766495,1,0
0.766529,1,0
0.766594,1,0
0.766629,1,0
0.766789,1,0
0.76683,1,0
0.766946,1,0
0.767011,1,0
0.7671,1,0
0.767151,1,0
0.767245,1,0
0.767407,1,0
0.767411,1,0
0.767608,1,0
0.767703,1,0
0.767855,1,0
0.767865,1,0
0.767889,1,0
0.767942,1,0
0.767955,1,0
0.7683,1,0
0.768326,1,0
0.768341,1,0
0.768693,1,0
0.768829,1,0
0.768863,1,0
0.768916,1,0
0.769091,1,0
0.769105,1,0
0.769114,1,0
0.769198,1,0
0.769215,1,0
0.769301,1,0
0.769467,1,0
0.769569,1,0
0.769607,1,0
0.769651,1,0
0.76966,1,0
0.769843,1,0
0.77,1,0
0.770201,1,0
0.77021,1,0
0.770273,1,0
0.770353,1,0
0.770453,1,0
0.770485,1,0
0.770657,1,0
0.770669,1,0
0.770733,1,0
0.770982,1,0
0.77116,1,0
0.771209,1,0
0.771275,1,0
0.771341,1,0
0.771605,1,0
0.771762,1,0
0.771766,1,0
0.771892,1,0
0.772039,1,0
0.772045,1,0
0.772104,1,0
0.772354,1,0
0.772478,1,0
0.772564,2,0
0.772627,1,0
0.77273,1,0
0.772781,1,0
0.773083,1,0
0.773259,1,0
0.773352,1,0
0.773533,1,0
0.773631,1,0
0.773643,1,0
0.773644,1,0
0.773651,1,0
0.773688,1,0
0.773887,1,0
0.773921,1,0
0.774073,1,0
0.774222,1,0
0.774285,1,0
0.77435,1,0
0.774588,1,0
0.774616,1,0
0.774743,1,0
0.7748,1,0
0.775125,1,0
0.775225,1,0
0.775286,1,0
0.775316,1,0
0.775617,1,0
0.775665,1,0
0.77569,1,0
0.775708,1,0
0.775732,1,0
0.775743,1,0
0.775798,1,0
0.775827,1,0
0.776385,1,0
0.776605,1,0
0.776607,1,0
0.77665,1,0
0.776797,1,0
0.776912,1,0
0.776983,1,0
0.777156,1,0
0.777254,1,0
0.777474,1,0
0.777621,1,0
0.777703,1,0
0.778031,1,0
0.778233,1,0
0.778452,1,0
0.77895,1,0
0.779179,1,0
0.779203,1,0
0.779468,1,0
0.779593,1,0
0.779846,1,0
0.78012,1,0
0.780202,1,0
0.780232,1,0
0.78045,1,0
0.780689,1,0
0.780984,1,0
0.780994,1,0
0.781026,1,0
0.781216,1,0
0.78125,38,0
0.781307,1,0
0.781675,1,0
0.781915,1,0
0.781949,1,0
0.781978,1,0
0.781987,1,0
0.782174,1,0
0.782553,1,0
0.782559,1,0
0.782563,1,0
0.782716,1,0
0.783389,1,0
0.783429,1,0
0.783567,1,0
0.78363,1,0
0.783791,1,0
0.783998,1,0
0.784002,1,0
0.78413,1,0
0.784214,1,0
0.784374,1,0
0.784537,1,0
0.784924,1,0
0.785286,1,0
0.785298,1,0
0.78537,1,0
0.785594,1,0
0.7856,1,0
0.785623,1,0
0.78566,1,0
0.785681,1,0
0.785795,1,0
0.785882,1,0
0.786033,1,0
0.786203,1,0
0.786238,1,0
0.786261,1,0
0.786306,1,0
0.786451,1,0
0.786458,1,0
0.786589,1,0
0.787723,1,0
0.787788,1,0
0.78794,1,0
0.788188,1,0
0.788615,1,0
0.788643,1,0
0.788798,1,0
0.789105,1,0
0.789169,1,0
0.789241,1,0
0.7894,1,0
0.789623,1,0
0.789806,1,0
0.789874,1,0
0.789927,1,0
0.789949,1,0
0.78997,1,0
0.790114,1,0
0.790355,1,0
0.790368,1,0
0.790394,1,0
0.790405,1,0
0.790546,1,0
0.790619,1,0
0.791107,1,0
0.791154,1,0
0.791263,1,0
0.791327,1,0
0.791822,1,0
0.791879,1,0
0.791923,2,0
0.792014,1,0
0.792359,1,0
0.792451,1,0
0.792622,1,0
0.79276,1,0
0.792869,1,0
0.792901,1,0
0.793074,1,0
0.793132,1,0
0.793163,1,0
0.793288,1,0
0.79343,1,0
0.793528,1,0
0.793657,1,0
0.793678,1,0
0.793757,1,0
0.79398,1,0
0.793985,1,0
0.794043,1,0
0.79415,1,0
0.794379,1,0
0.794402,1,0
0.79442,1,0
0.794538,1,0
0.794555,1,0
0.794723,1,0
0.794738,1,0
0.794777,1,0
0.794863,1,0
0.795033,1,0
0.795112,1,0
0.795168,1,0
0.795229,1,0
0.795325,1,0
0.795333,1,0
0.795397,1,0
0.795405,1,0
0.795732,1,0
0.796054,1,0
0.796057,1,0
0.796446,1,0
0.796538,1,0
0.796554,1,0
0.796678,1,0
0.79686,1,0
0.796875,24,0
0.796914,1,0
0.79704,1,0
0.797354,1,0
0.797554,1,0
0.797766,1,0
0.798063,1,0
0.798119,1,0
0.798217,1,0
0.798368,1,0
0.798587,1,0
0.798931,1,0
0.799119,1,0
0.79942,1,0
0.799535,1,0
0.799608,1,0
0.799647,1,0
0.799808,1,0
0.799976,1,0
0.80005,1,0
0.800155,1,0
0.8003,1,0
0.800906,1,0
0.800917,1,0
0.800993,1,0
0.801096,1,0
0.801142,1,0
0.801245,1,0
0.801421,1,0
0.801674,1,0
0.801773,1,0
0.801794,1,0
0.802051,1,0
0.802076,1,0
0.802108,1,0
0.80257,1,0
0.802623,1,0
0.802772,1,0
0.803165,1,0
0.80377,1,0
0.803904,1,0
0.804169,1,0
0.804177,1,0
0.804374,1,0
0.804407,1,0
0.804526,1,0
0.804535,1,0
0.804727,1,0
0.804737,1,0
0.804886,1,0
0.804958,1,0
0.805258,1,0
0.805541,1,0
0.805627,1,0
0.805695,1,0
0.805736,1,0
0.805829,1,0
0.805968,1,0
0.80597,1,0
0.806012,1,0
0.806153,1,0
0.806214,1,0
0.806391,1,0
0.806719,1,0
0.806829,1,0
0.806853,1,0
0.80689,1,0
0.807119,1,0
0.807133,1,0
0.807365,1,0
0.807642,1,0
0.807901,1,0
0.807951,1,0
0.808138,1,0
0.808284,1,0
0.808668,1,0
0.808709,1,0
0.808779,1,0
0.808787,1,0
0.80895,1,0
0.80922,1,0
0.809272,1,0
0.809498,1,0
0.809741,1,0
0.809917,1,0
0.810189,1,0
0.810226,1,0
0.810338,1,0
0.810447,1,0
0.810648,1,0
0.810649,1,0
0.810698,1,0
0.811058,1,0
0.811116,1,0
0.811186,1,0
0.811456,1,0
0.811501,1,0
0.811515,1,0
0.811516,1,0
0.811567,1,0
0.811656,1,0
0.81167,1,0
0.811733,1,0
0.811757,1,0
0.812141,1,0
0.8125,25,0
0.812524,1,0
0.812534,1,0
0.812814,1,0
0.812836,1,0
0.813018,1,0
0.81315,1,0
0.813221,1,0
0.813255,1,0
0.813506,1,0
0.813618,1,0
0.813682,1,0
0.813791,1,0
0.813964,1,0
0.81415,1,0
0.814213,1,0
0.814277,1,0
0.814393,1,0
0.814486,1,0
0.814515,1,0
0.814566,1,0
0.81463,1,0
0.81483,1,0
0.814861,1,0
0.8149,1,0
0.81494,1,0
0.814977,1,0
0.814985,1,0
0.815014,1,0
0.815134,1,0
0.815181,1,0
0.815207,1,0
0.815232,1,0
0.815292,1,0
0.815356,1,0
0.815378,1,0
0.815521,1,0
0.815611,1,0
0.815792,1,0
0.815813,1,0
0.815883,1,0
0.816051,1,0
0.816185,1,0
0.816323,1,0
0.816329,1,0
0.816331,1,0
0.81637,1,0
0.816667,1,0
0.816699,1,0
0.816987,1,0
0.817067,1,0
0.817083,1,0
0.817091,1,0
0.817244,1,0
0.817272,1,0
0.81753,1,0
0.817796,1,0
0.817865,1,0
0.817959,1,0
0.818005,1,0
0.81838,1,0
0.818471,1,0
0.818502,1,0
0.81852,1,0
0.818523,1,0
0.818589,1,0
0.818677,1,0
0.818686,1,0
0.818715,1,0
0.818799,1,0
0.819086,1,0
0.819233,1,0
0.81964,1,0
0.819652,1,0
0.819659,1,0
0.819674,1,0
0.819682,1,0
0.819922,1,0
0.819976,1,0
0.820257,1,0
0.820603,1,0
0.820615,1,0
0.820673,1,0
0.820758,1,0
0.820788,1,0
0.820806,1,0
0.820923,1,0
0.820936,1,0
0.820952,1,0
0.821164,1,0
0.821202,1,0
0.82136,1,0
0.821694,1,0
0.821703,1,0
0.822197,1,0
0.822225,1,0
0.82226,1,0
0.822362,1,0
0.822462,1,0
0.822535,1,0
0.822806,1,0
0.822938,1,0
0.822998,1,0
0.82304,1,0
0.823066,1,0
0.823457,1,0
0.823458,1,0
0.823541,1,0
0.823609,1,0
0.823982,1,0
0.824438,1,0
0.825024,1,0
0.825222,1,0
0.825231,1,0
0.825428,1,0
0.825435,1,0
0.825538,1,0
0.825564,1,0
0.825592,1,0
0.825593,1,0
0.825821,1,0
0.825869,1,0
0.825889,1,0
0.826316,1,0
0.826372,1,0
0.826403,2,0
0.826525,1,0
0.826676,1,0
0.826725,1,0
0.826737,1,0
0.82748,1,0
0.827683,1,0
0.827715,1,0
0.827928,1,0
0.827985,1,0
0.828031,1,0
0.828125,36,0
0.82843,1,0
0.828474,1,0
0.828584,1,0
0.828697,1,0
0.82916,1,0
0.829217,1,0
0.829232,1,0
0.829339,1,0
0.82935,1,0
0.829532,1,0
0.82966,1,0
0.829792,1,0
0.829798,1,0
0.829931,1,0
0.829965,1,0
0.829986,1,0
0.830086,1,0
0.830253,1,0
0.830293,1,0
0.830431,1,0
0.830487,1,0
0.831209,1,0
0.831279,1,0
0.83129,1,0
0.831316,1,0
0.83158,1,0
0.831591,1,0
0.831724,1,0
0.831938,1,0
0.831941,1,0
0.832196,1,0
0.832228,1,0
0.83253,1,0
0.832618,1,0
0.83306,1,0
0.833109,1,0
0.833129,1,0
0.83326,1,0
0.833384,1,0
0.833554,1,0
0.833597,1,0
0.833611,1,0
0.833698,1,0
0.834109,1,0
0.834165,1,0
0.834226,1,0
0.834359,1,0
0.834378,1,0
0.834398,1,0
0.834468,1,0
0.834995,2,0
0.835019,1,0
0.835058,1,0
0.835236,1,0
0.835255,1,0
0.835722,1,0
0.836213,1,0
0.836235,1,0
0.836753,1,0
0.836792,1,0
0.83685,1,0
0.836874,1,0
0.836984,1,0
0.837101,1,0
0.837111,1,0
0.837222,1,0
0.837316,1,0
0.837496,1,0
0.837528,1,0
0.837819,1,0
0.837902,1,0
0.838448,1,0
0.838563,1,0
0.838822,1,0
0.839069,1,0
0.839158,1,0
0.839357,1,0
0.839394,1,0
0.839493,1,0
0.839563,1,0
0.839573,1,0
0.839632,1,0
0.839787,1,0
0.839855,1,0
0.839907,1,0
0.840055,1,0
0.840059,1,0
0.840129,1,0
0.840364,1,0
0.840827,1,0
0.841376,1,0
0.841471,1,0
0.841541,1,0
0.841578,1,0
0.841643,1,0
0.841936,1,0
0.84203,1,0
0.842103,1,0
0.842166,1,0
0.842704,1,0
0.842983,1,0
0.843129,1,0
0.843302,1,0
0.843329,1,0
0.843465,1,0
0.843593,1,0
0.84375,21,0
0.843831,1,0
0.843844,1,0
0.844009,1,0
0.844516,1,0
0.844522,1,0
0.844536,1,0
0.844709,1,0
0.844739,1,0
0.844875,1,0
0.845039,1,0
0.84505,1,0
0.845249,1,0
0.845327,1,0
0.846007,1,0
0.846257,1,0
0.846463,1,0
0.846496,1,0
0.846515,1,0
0.846812,1,0
0.846872,1,0
0.847001,1,0
0.847195,1,0
0.84738,1,0
0.847447,1,0
0.847522,1,0
0.847534,1,0
0.84758,1,0
0.847677,1,0
0.847864,1,0
0.848268,1,0
0.84827,1,0
0.848383,1,0
0.848561,2,0
0.848738,1,0
0.848863,1,0
0.849031,1,0
0.849715,1,0
0.849979,1,0
0.85009,1,0
0.850508,1,0
0.850601,1,0
0.850795,1,0
0.851292,1,0
0.851403,1,0
0.851597,1,0
0.851616,1,0
0.851628,1,0
0.851681,1,0
0.851818,1,0
0.852038,1,0
0.852066,1,0
0.852155,1,0
0.852225,1,0
0.853033,1,0
0.853408,1,0
0.853536,1,0
0.853822,1,0
0.854128,1,0
0.854136,1,0
0.854399,1,0
0.854437,1,0
0.854601,1,0
0.854627,1,0
0.854652,1,0
0.85469,1,0
0.854993,1,0
0.855227,1,0
0.85546,1,0
0.855849,1,0
0.855862,1,0
0.856051,1,0
0.856121,1,0
0.856249,1,0
0.856296,1,0
0.856337,1,0
0.856834,1,0
0.857121,1,0
0.857296,1,0
0.857345,1,0
0.857497,1,0
0.857612,1,0
0.857652,1,0
0.857743,1,0
0.857934,1,0
0.857997,1,0
0.858042,1,0
0.858295,1,0
0.858367,1,0
0.858375,1,0
0.858447,1,0
0.858751,1,0
0.858986,1,0
0.859003,1,0
0.859375,43,0
0.859494,1,0
0.860209,1,0
0.86026,1,0
0.860372,1,0
0.860476,1,0
0.860765,1,0
0.860793,1,0
0.860831,1,0
0.860971,1,0
0.861018,1,0
0.861059,1,0
0.861061,1,0
0.861535,1,0
0.861637,1,0
0.861645,1,0
0.861687,1,0
0.862126,1,0
0.8622,1,0
0.862208,1,0
0.862435,1,0
0.862465,1,0
0.862823,1,0
0.86283,1,0
0.862888,1,0
0.862894,1,0
0.863009,1,0
0.863316,1,0
0.863501,1,0
0.863739,1,0
0.863904,1,0
0.863922,1,0
0.863933,1,0
0.864075,1,0
0.864157,1,0
0.864167,1,0
0.864181,1,0
0.86451,1,0
0.864646,1,0
0.864679,1,0
0.864684,1,0
0.864825,1,0
0.864968,1,0
0.865011,1,0
0.865038,1,0
0.865137,1,0
0.865327,1,0
0.865429,1,0
0.865616,1,0
0.865782,1,0
0.865813,1,0
0.865957,1,0
0.866438,1,0
0.866626,1,0
0.866932,1,0
0.866935,1,0
0.866987,1,0
0.867011,1,0
0.867201,1,0
0.867284,1,0
0.86731,1,0
0.867353,1,0
0.867401,1,0
0.867451,1,0
0.867705,1,0
0.86792,1,0
0.868445,1,0
0.868497,1,0
0.868512,1,0
0.868524,1,0
0.8688,1,0
0.868916,1,0
0.869115,1,0
0.869605,1,0
0.86967,1,0
0.869745,1,0
0.870011,1,0
0.870062,1,0
0.870102,1,0
0.870276,1,0
0.870325,1,0
0.870333,1,0
0.870703,1,0
0.870778,1,0
0.870955,1,0
0.871126,1,0
0.871428,1,0
0.871563,1,0
0.871662,1,0
0.871703,1,0
0.871784,1,0
0.872015,1,0
0.872302,1,0
0.872348,1,0
0.87255,1,0
0.872704,1,0
0.87276,1,0
0.872838,1,0
0.873047,1,0
0.873169,1,0
0.873184,1,0
0.873242,1,0
0.873284,1,0
0.873795,1,0
0.874304,1,0
0.874489,1,0
0.874673,1,0
0.87469,1,0
0.874716,1,0
0.875,58,0
0.87514,1,0
0.875226,1,0
0.875266,1,0
0.875325,1,0
0.875354,1,0
0.875398,1,0
0.875554,1,0
0.875556,1,0
0.87598,1,0
0.876073,1,0
0.876105,1,0
0.876274,1,0
0.876287,1,0
0.876331,1,0
0.876337,1,0
0.876513,1,0
0.876589,1,0
0.876898,1,0
0.876989,1,0
0.877024,1,0
0.877089,1,0
0.87715,1,0
0.877192,1,0
0.87743,1,0
0.877481,1,0
0.877597,1,0
0.877609,1,0
0.877761,1,0
0.877874,1,0
0.877919,1,0
0.878484,1,0
0.878567,1,0
0.878572,1,0
0.878921,1,0
0.879063,1,0
0.87908,1,0
0.879084,1,0
0.87912,1,0
0.879366,1,0
0.879617,1,0
0.879753,1,0
0.879936,1,0
0.88015,1,0
0.880347,1,0
0.880505,1,0
0.880508,1,0
0.880856,1,0
0.880965,1,0
0.881051,1,0
0.8811,1,0
0.881108,1,0
0.881191,1,0
0.881328,1,0
0.881409,1,0
0.881762,1,0
0.881821,1,0
0.882156,1,0
0.88225,1,0
0.88229,1,0
0.882437,1,0
0.882484,1,0
0.882623,1,0
0.882662,1,0
0.882771,1,0
0.882869,1,0
0.883049,1,0
0.883434,1,0
0.883461,1,0
0.883502,1,0
0.883917,1,0
0.883965,1,0
0.884022,1,0
0.88412,1,0
0.884229,1,0
0.884453,1,0
0.884606,1,0
0.884694,1,0
0.884712,1,0
0.884719,1,0
0.884811,1,0
0.884818,1,0
0.884882,1,0
0.885003,1,0
0.88527,1,0
0.885272,1,0
0.885586,1,0
0.885889,1,0
0.885908,1,0
0.885981,1,0
0.886069,1,0
0.886095,1,0
0.886228,1,0
0.886555,1,0
0.886625,1,0
0.886807,1,0
0.886911,1,0
0.886933,1,0
0.887136,1,0
0.8873,1,0
0.887315,1,0
0.887388,1,0
0.887395,1,0
0.887412,1,0
0.887611,1,0
0.88767,1,0
0.887704,1,0
0.888033,1,0
0.888085,1,0
0.888154,1,0
0.888223,1,0
0.88843,1,0
0.888491,1,0
0.888566,1,0
0.88871,1,0
0.888764,1,0
0.889067,1,0
0.889191,1,0
0.889344,1,0
0.889619,1,0
0.889639,1,0
0.889738,1,0
0.890042,1,0
0.890092,1,0
0.890248,1,0
0.890347,1,0
0.890507,1,0
0.890617,1,0
0.890625,32,0
0.890704,1,0
0.890975,1,0
0.891011,1,0
0.891014,1,0
0.891314,1,0
0.891319,1,0
0.891501,1,0
0.891544,1,0
0.891623,1,0
0.891875,1,0
0.892315,1,0
0.892317,1,0
0.892952,1,0
0.893401,1,0
0.893463,1,0
0.893598,1,0
0.89365,1,0
0.893931,1,0
0.894028,1,0
0.89405,1,0
0.894357,1,0
0.89438,1,0
0.894441,1,0
0.894511,1,0
0.894541,1,0
0.894816,1,0
0.894979,1,0
0.895024,1,0
0.89509,1,0
0.895322,1,0
0.89572,1,0
0.895869,1,0
0.895885,1,0
0.895963,1,0
0.896219,1,0
0.89637,1,0
0.896402,1,0
0.896549,1,0
0.896679,1,0
0.897038,1,0
0.897341,1,0
0.8978,1,0
0.898459,1,0
0.898719,1,0
0.898892,1,0
0.899681,1,0
0.899685,1,0
0.899918,1,0
0.900208,1,0
0.900416,1,0
0.900463,1,0
0.900632,1,0
0.900733,1,0
0.900939,1,0
0.901088,1,0
0.901393,1,0
0.901464,1,0
0.90157,1,0
0.901581,1,0
0.901666,1,0
0.901706,1,0
0.90172,1,0
0.901739,1,0
0.90186,1,0
0.901887,1,0
0.901922,1,0
0.901925,1,0
0.90207,1,0
0.902145,1,0
0.902429,1,0
0.9027,1,0
0.902865,1,0
0.902914,1,0
0.903102,1,0
0.903116,1,0
0.903152,1,0
0.903397,1,0
0.903642,1,0
0.903655,1,0
0.904075,1,0
0.904106,1,0
0.904294,1,0
0.90457,1,0
0.904772,1,0
0.904792,1,0
0.904862,1,0
0.905194,1,0
0.905407,1,0
0.905847,1,0
0.905958,1,0
0.906192,1,0
0.906197,1,0
0.906217,1,0
0.90625,31,0
0.906384,1,0
0.9064,1,0
0.906535,1,0
0.906559,1,0
0.90672,1,0
0.906839,1,0
0.906927,1,0
0.907043,1,0
0.907345,1,0
0.907481,1,0
0.907586,1,0
0.907605,1,0
0.907612,1,0
0.907634,1,0
0.907647,1,0
0.907648,1,0
0.908013,1,0
0.908059,1,0
0.908066,1,0
0.908192,1,0
0.908562,1,0
0.908974,1,0
0.908977,1,0
0.909287,1,0
0.909353,1,0
0.909372,1,0
0.909439,1,0
0.909505,1,0
0.909524,1,0
0.909837,1,0
0.909939,1,0
0.910223,1,0
0.910569,1,0
0.910759,1,0
0.910888,1,0
0.911065,1,0
0.911101,1,0
0.911122,1,0
0.911176,1,0
0.911208,1,0
0.911214,1,0
0.911229,1,0
0.911245,1,0
0.911306,1,0
0.911388,1,0
0.91153,1,0
0.911724,1,0
0.911765,1,0
0.911816,1,0
0.912021,1,0
0.912088,1,0
0.912146,1,0
0.912247,1,0
0.912448,1,0
0.912562,1,0
0.912594,1,0
0.912845,1,0
0.913089,1,0
0.913238,1,0
0.913457,1,0
0.913468,1,0
0.913539,1,0
0.913709,1,0
0.913807,1,0
0.913912,1,0
0.914249,1,0
0.914251,1,0
0.914288,1,0
0.9144,1,0
0.91444,1,0
0.914618,1,0
0.914695,1,0
0.914741,1,0
0.915011,1,0
0.915384,1,0
0.915735,1,0
0.915995,1,0
0.916883,1,0
0.916977,1,0
0.917161,1,0
0.917174,1,0
0.917198,1,0
0.917811,1,0
0.918087,1,0
0.919089,1,0
0.919108,1,0
0.919174,1,0
0.919248,1,0
0.919394,1,0
0.919499,1,0
0.919959,1,0
0.920258,1,0
0.920289,1,0
0.920726,1,0
0.920823,1,0
0.92083,1,0
0.921217,1,0
0.921327,1,0
0.921383,1,0
0.921436,1,0
0.92166,1,0
0.921875,28,0
0.922219,1,0
0.922284,1,0
0.922287,1,0
0.922629,1,0
0.922674,1,0
0.922712,1,0
0.922774,1,0
0.922992,1,0
0.92323,1,0
0.923232,1,0
0.923676,1,0
0.923771,1,0
0.923818,1,0
0.923901,1,0
0.924176,1,0
0.924364,1,0
0.924546,1,0
0.924586,1,0
0.92464,1,0
0.924664,1,0
0.92521,1,0
0.925343,1,0
0.925384,1,0
0.925764,1,0
0.926035,1,0
0.926165,1,0
0.926284,1,0
0.926673,1,0
0.926684,1,0
0.927071,1,0
0.927102,1,0
0.927345,1,0
0.927424,1,0
0.927619,1,0
0.927815,1,0
0.927835,1,0
0.92785,1,0
0.927853,1,0
0.927997,1,0
0.928545,1,0
0.928671,1,0
0.928923,1,0
0.929047,1,0
0.929097,1,0
0.929235,1,0
0.929328,1,0
0.929358,1,0
0.929433,1,0
0.929453,1,0
0.93004,1,0
0.930149,1,0
0.930307,1,0
0.930361,1,0
0.930446,1,0
0.930454,1,0
0.930479,1,0
0.930571,1,0
0.930696,1,0
0.93073,1,0
0.930818,1,0
0.931722,1,0
0.931741,1,0
0.93185,1,0
0.932189,1,0
0.932338,1,0
0.932422,1,0
0.932993,1,0
0.933028,1,0
0.9337,1,0
0.933702,1,0
0.934323,1,0
0.934356,1,0
0.934474,1,0
0.934764,1,0
0.935596,1,0
0.935772,1,0
0.935793,1,0
0.935858,1,0
0.936052,1,0
0.936359,1,0
0.936795,1,0
0.937273,1,0
0.937277,1,0
0.937312,1,0
0.9375,25,0
0.937601,1,0
0.937696,1,0
0.938029,1,0
0.93815,1,0
0.93841,1,0
0.938686,1,0
0.938801,1,0
0.938836,1,0
0.938919,1,0
0.938934,1,0
0.938946,1,0
0.938994,1,0
0.939107,1,0
0.939179,1,0
0.939258,1,0
0.939267,1,0
0.939394,1,0
0.939408,1,0
0.939419,1,0
0.939561,1,0
0.939606,1,0
0.939788,1,0
0.939852,1,0
0.939884,1,0
0.940111,1,0
0.940573,1,0
0.940646,1,0
0.941077,1,0
0.941101,1,0
0.941225,1,0
0.941242,1,0
0.941405,1,0
0.941636,1,0
0.941637,1,0
0.941687,1,0
0.94179,1,0
0.941813,1,0
0.941903,1,0
0.942397,1,0
0.942465,1,0
0.942499,1,0
0.942826,1,0
0.942876,1,0
0.943079,1,0
0.943166,1,0
0.943311,1,0
0.943371,1,0
0.943387,1,0
0.943441,1,0
0.943916,1,0
0.944096,1,0
0.944148,1,0
0.944275,1,0
0.944539,1,0
0.944551,1,0
0.944709,1,0
0.944936,1,0
0.945025,1,0
0.945099,1,0
0.945216,1,0
0.945559,1,0
0.945622,1,0
0.945656,1,0
0.945754,1,0
0.945856,1,0
0.94587,1,0
0.946142,1,0
0.946149,1,0
0.946305,1,0
0.946426,1,0
0.946645,1,0
0.946855,1,0
0.946897,1,0
0.947012,1,0
0.947054,1,0
0.947144,1,0
0.947154,1,0
0.947369,1,0
0.94741,1,0
0.947504,1,0
0.947762,1,0
0.947836,1,0
0.94811,1,0
0.948156,1,0
0.9484,1,0
0.948587,1,0
0.948681,1,0
0.948809,1,0
0.948967,1,0
0.949013,1,0
0.94908,1,0
0.9491,1,0
0.949158,1,0
0.949503,2,0
0.949608,1,0
0.949737,1,0
0.94992,1,0
0.950388,1,0
0.950469,1,0
0.950531,1,0
0.950559,1,0
0.950598,1,0
0.950622,1,0
0.950635,1,0
0.950822,1,0
0.951034,1,0
0.951265,1,0
0.951302,1,0
0.951422,1,0
0.951627,1,0
0.951768,1,0
0.951848,1,0
0.951907,1,0
0.952105,1,0
0.952116,1,0
0.952268,1,0
0.952447,1,0
0.95294,1,0
0.952994,1,0
0.953054,1,0
0.95307,1,0
0.953125,33,0
0.953144,1,0
0.953154,1,0
0.953393,1,0
0.953395,1,0
0.953469,1,0
0.953611,1,0
0.953674,1,0
0.953958,1,0
0.95398,1,0
0.954014,1,0
0.954197,1,0
0.954331,1,0
0.954567,1,0
0.954596,1,0
0.954653,1,0
0.954981,1,0
0.955083,1,0
0.955241,1,0
0.95546,1,0
0.955739,1,0
0.955924,1,0
0.955967,1,0
0.955979,1,0
0.95619,1,0
0.956466,1,0
0.957018,1,0
0.957208,1,0
0.957246,1,0
0.95737,1,0
0.957431,1,0
0.957436,1,0
0.957535,1,0
0.957674,1,0
0.957694,1,0
0.957805,1,0
0.958029,1,0
0.95817,1,0
0.958257,1,0
0.958273,1,0
0.958732,1,0
0.958862,1,0
0.958876,1,0
0.958996,1,0
0.959257,1,0
0.959274,1,0
0.959357,1,0
0.959394,1,0
0.959549,1,0
0.959713,1,0
0.959785,1,0
0.959831,1,0
0.959876,1,0
0.960085,1,0
0.960104,1,0
0.960311,1,0
0.960471,1,0
0.960665,1,0
0.96088,1,0
0.961105,1,0
0.961387,1,0
0.961416,1,0
0.961428,1,0
0.961477,1,0
0.96162,1,0
0.961821,1,0
0.961841,1,0
0.961933,1,0
0.961939,1,0
0.962116,1,0
0.962292,1,0
0.962535,1,0
0.963047,1,0
0.963066,1,0
0.963163,1,0
0.963618,1,0
0.963846,1,0
0.963871,1,0
0.964035,1,0
0.964435,1,0
0.964472,1,0
0.964547,1,0
0.964672,1,0
0.964734,1,0
0.965067,1,0
0.965105,1,0
0.965362,1,0
0.965468,1,0
0.965544,1,0
0.966081,1,0
0.966272,1,0
0.966333,1,0
0.966548,1,0
0.966626,1,0
0.966703,1,0
0.966716,1,0
0.966943,1,0
0.967143,1,0
0.967236,1,0
0.96727,1,0
0.967305,1,0
0.967375,1,0
0.967617,1,0
0.96789,1,0
0.967954,1,0
0.96856,1,0
0.968591,1,0
0.96861,1,0
0.968681,1,0
0.96875,46,0
0.969064,1,0
0.969114,1,0
0.969679,1,0
0.970121,1,0
0.970315,1,0
0.970995,1,0
0.971182,1,0
0.971453,1,0
0.97192,1,0
0.97247,1,0
0.972522,1,0
0.972686,1,0
0.973027,1,0
0.97321,1,0
0.973232,1,0
0.973503,1,0
0.973538,1,0
0.97363,1,0
0.973757,1,0
0.973804,1,0
0.973815,1,0
0.973873,1,0
0.973995,1,0
0.974204,1,0
0.974263,1,0
0.974358,1,0
0.974372,1,0
0.974451,1,0
0.9745,1,0
0.974545,1,0
0.974569,1,0
0.974575,1,0
0.974936,1,0
0.974943,1,0
0.975244,1,0
0.975268,1,0
0.975448,1,0
0.975588,1,0
0.975737,1,0
0.975891,1,0
0.976172,1,0
0.976363,1,0
0.976647,1,0
0.976662,1,0
0.97671,1,0
0.976825,1,0
0.976915,1,0
0.977204,1,0
0.977481,1,0
0.977943,1,0
0.977975,1,0
0.977982,1,0
0.978122,1,0
0.978165,1,0
0.978191,1,0
0.978202,1,0
0.978284,1,0
0.97833,1,0
0.978454,1,0
0.978569,1,0
0.978962,1,0
0.978972,1,0
0.978983,1,0
0.979307,1,0
0.979334,1,0
0.979388,1,0
0.979391,1,0
0.979453,1,0
0.979931,1,0
0.979938,1,0
0.980053,1,0
0.980071,1,0
0.980081,1,0
0.980411,1,0
0.980412,1,0
0.980538,1,0
0.98076,1,0
0.980895,1,0
0.981005,1,0
0.981084,1,0
0.981125,1,0
0.981453,1,0
0.98148,1,0
0.981585,1,0
0.981697,1,0
0.981762,1,0
0.981982,1,0
0.982729,1,0
0.982997,1,0
0.98308,1,0
0.9832,1,0
0.983243,1,0
0.9833,2,0
0.983352,1,0
0.983394,1,0
0.983397,1,0
0.983425,1,0
0.983432,1,0
0.983458,1,0
0.983533,1,0
0.983628,1,0
0.983646,1,0
0.983679,1,0
0.983822,1,0
0.984362,1,0
0.984375,45,0
0.984376,1,0
0.98446,1,0
0.984624,1,0
0.984718,1,0
0.984908,1,0
0.984937,1,0
0.985007,1,0
0.98504,1,0
0.985048,1,0
0.985111,1,0
0.985356,1,0
0.985485,1,0
0.98549,1,0
0.985583,1,0
0.985777,1,0
0.985778,1,0
0.985789,1,0
0.98579,2,0
0.985792,1,0
0.985822,1,0
0.985826,1,0
0.986003,1,0
0.986282,1,0
0.986324,1,0
0.98642,1,0
0.986495,1,0
0.986559,1,0
0.986667,1,0
0.986847,1,0
0.986858,1,0
0.98691,1,0
0.987031,1,0
0.987062,1,0
0.987065,1,0
0.987434,1,0
0.98749,1,0
0.987542,1,0
0.987621,1,0
0.987709,1,0
0.987728,1,0
0.987792,1,0
0.987919,1,0
0.988497,1,0
0.988654,1,0
0.988681,1,0
0.988701,1,0
0.988838,1,0
0.989097,1,0
0.989226,1,0
0.989239,1,0
0.989329,1,0
0.989468,1,0
0.989469,1,0
0.989503,1,0
0.989506,1,0
0.989524,1,0
0.989629,1,0
0.989684,1,0
0.989746,1,0
0.989751,1,0
0.989765,1,0
0.989956,1,0
0.99005,1,0
0.99012,1,0
0.990234,1,0
0.990388,1,0
0.990439,1,0
0.990547,1,0
0.99063,1,0
0.990647,1,0
0.990769,1,0
0.990905,1,0
0.990944,1,0
0.991152,1,0
0.991221,1,0
0.991228,1,0
0.99194,1,0
0.992056,1,0
0.992129,1,0
0.992488,1,0
0.992614,1,0
0.992728,1,0
0.992857,1,0
0.992867,1,0
0.992881,1,0
0.993073,1,0
0.993338,1,0
0.993388,1,0
0.993481,1,0
0.993521,1,0
0.993685,1,0
0.993699,1,0
0.993859,1,0
0.994063,1,0
0.994193,1,0
0.994266,1,0
0.994346,1,0
0.994557,1,0
0.994729,1,0
0.994911,1,0
0.995422,1,0
0.995965,1,0
0.995995,1,0
0.996182,1,0
0.996364,1,0
0.996456,1,0
0.996572,1,0
0.996593,1,0
0.996672,1,0
0.996821,1,0
0.996945,1,0
0.997223,1,0
0.997252,1,0
0.997317,1,0
0.997349,1,0
0.997413,1,0
0.997477,1,0
0.997777,1,0
0.998102,1,0
0.998281,1,0
0.998332,1,0
0.998484,1,0
0.998547,1,0
0.998552,1,0
0.998692,1,0
0.998727,1,0
0.998788,1,0
0.998809,1,0
0.998815,1,0
0.999013,1,0
0.999173,1,0
0.999301,1,0
0.999442,1,0
0.999532,1,0
0.999677,1,0
0.999855,1,0
1.0,78,0
1.000096,1,0
1.000276,1,0
1.000329,1,0
1.000622,1,0
1.000904,1,0
1.000993,1,0
1.001096,1,0
1.001169,1,0
1.001324,1,0
1.00142,1,0
1.001509,1,0
1.001559,1,0
1.001621,1,0
1.001654,1,0
1.001727,1,0
1.001779,1,0
1.001989,1,0
1.001997,1,0
1.002248,1,0
1.002405,1,0
1.002459,1,0
1.002504,1,0
1.00263,1,0
1.003058,1,0
1.003076,1,0
1.003089,1,0
1.003104,1,0
1.003237,1,0
1.003449,1,0
1.003494,1,0
1.003782,1,0
1.004021,1,0
1.004108,1,0
1.004131,1,0
1.004133,1,0
1.004136,1,0
1.004177,1,0
1.004259,1,0
1.004403,1,0
1.004443,1,0
1.00445,1,0
1.004615,1,0
1.004829,1,0
1.004916,1,0
1.005021,1,0
1.005034,1,0
1.005169,1,0
1.005213,1,0
1.005378,1,0
1.005554,1,0
1.005769,1,0
1.00578,1,0
1.005968,1,0
1.006028,1,0
1.006044,1,0
1.006246,1,0
1.006411,1,0
1.006504,1,0
1.006644,1,0
1.006869,1,0
1.006873,1,0
1.006883,1,0
1.006905,1,0
1.007086,1,0
1.007408,1,0
1.007409,1,0
1.007521,1,0
1.007533,1,0
1.007571,1,0
1.007684,1,0
1.007685,1,0
1.008013,1,0
1.008752,1,0
1.008806,1,0
1.009054,1,0
1.009083,1,0
1.009104,1,0
1.009194,1,0
1.009216,1,0
1.009767,1,0
1.01024,1,0
1.010603,1,0
1.010736,1,0
1.010748,1,0
1.010766,1,0
1.010993,1,0
1.011016,1,0
1.011365,1,0
1.011386,1,0
1.011408,1,0
1.011738,1,0
1.0118,1,0
1.011831,1,0
1.011888,1,0
1.012002,1,0
1.012119,1,0
1.012189,1,0
1.012243,1,0
1.012348,1,0
1.012594,1,0
1.012599,1,0
1.012604,1,0
1.012726,1,0
1.012989,1,0
1.013021,1,0
1.01309,1,0
1.013572,1,0
1.013978,1,0
1.014148,1,0
1.014313,1,0
1.014429,1,0
1.014771,1,0
1.014881,1,0
1.015005,1,0
1.015326,1,0
1.015349,1,0
1.015383,1,0
1.015547,1,0
1.015625,52,0
1.015832,1,0
1.015895,1,0
1.016016,1,0
1.016103,1,0
1.016114,1,0
1.016243,1,0
1.016451,1,0
1.016691,1,0
1.016916,1,0
1.016924,1,0
1.01705,1,0
1.017121,1,0
1.017191,1,0
1.017292,1,0
1.017606,1,0
1.017641,1,0
1.017672,1,0
1.017735,1,0
1.017836,1,0
1.017917,1,0
1.018122,1,0
1.018456,1,0
1.018488,1,0
1.018737,1,0
1.019106,1,0
1.019195,1,0
1.019251,1,0
1.019254,1,0
1.019304,1,0
1.019565,1,0
1.019597,1,0
1.019627,1,0
1.019928,1,0
1.020121,1,0
1.020375,1,0
1.020542,1,0
1.020787,1,0
1.020796,1,0
1.021065,1,0
1.021159,1,0
1.021218,1,0
1.021504,1,0
1.021523,1,0
1.021823,1,0
1.021832,1,0
1.021958,1,0
1.022032,1,0
1.022128,1,0
1.022365,1,0
1.022416,1,0
1.022492,1,0
1.02256,1,0
1.022723,1,0
1.023046,1,0
1.023137,1,0
1.023263,1,0
1.023453,1,0
1.023459,1,0
1.02352,1,0
1.023554,1,0
1.023563,1,0
1.023806,1,0
1.023976,1,0
1.024028,1,0
1.024157,1,0
1.024218,1,0
1.024486,1,0
1.024523,1,0
1.024541,1,0
1.024916,1,0
1.025027,1,0
1.025107,1,0
1.025253,1,0
1.025361,1,0
1.025367,1,0
1.025573,1,0
1.025912,1,0
1.026323,1,0
1.026392,1,0
1.026913,1,0
1.027105,1,0
1.027139,1,0
1.027662,1,0
1.02771,1,0
1.02779,1,0
1.027979,1,0
1.028016,1,0
1.028056,1,0
1.0283,1,0
1.02835,1,0
1.028567,1,0
1.028778,1,0
1.029345,1,0
1.029801,1,0
1.030333,1,0
1.030552,1,0
1.030578,1,0
1.030587,1,0
1.030629,1,0
1.030639,1,0
1.030677,1,0
1.030704,1,0
1.030718,1,0
1.030719,1,0
1.03073,1,0
1.03101,1,0
1.03105,1,0
1.031051,1,0
1.031084,1,0
1.031101,1,0
1.031121,1,0
1.031151,1,0
1.03125,37,0
1.031395,1,0
1.03155,1,0
1.031819,1,0
1.032228,1,0
1.032244,1,0
1.032328,1,0
1.032798,1,0
1.032826,1,0
1.03287,1,0
1.032886,1,0
1.032952,1,0
1.032962,1,0
1.03341,1,0
1.033459,1,0
1.033476,1,0
1.033773,1,0
1.034284,1,0
1.03443,1,0
1.034783,1,0
1.034784,1,0
1.034829,1,0
1.034855,1,0
1.034964,1,0
1.035014,1,0
1.035505,1,0
1.035584,1,0
1.035759,1,0
1.035876,1,0
1.036046,1,0
1.036649,1,0
1.036695,1,0
1.036768,1,0
1.036954,1,0
1.037555,1,0
1.037579,1,0
1.037637,1,0
1.037702,1,0
1.037955,1,0
1.038099,1,0
1.038163,1,0
1.038168,1,0
1.038234,1,0
1.038342,1,0
1.03847,1,0
1.03851,1,0
1.038549,1,0
1.03865,1,0
1.039094,1,0
1.039183,1,0
1.039199,1,0
1.039585,1,0
1.0397,1,0
1.0398,1,0
1.039824,1,0
1.039881,1,0
1.039998,1,0
1.040004,1,0
1.040611,1,0
1.040671,1,0
1.040819,1,0
1.040974,1,0
1.041108,1,0
1.041434,1,0
1.041534,1,0
1.042059,1,0
1.042101,1,0
1.042182,1,0
1.042494,1,0
1.04277,1,0
1.042918,1,0
1.042946,1,0
1.043392,1,0
1.043415,1,0
1.043567,1,0
1.043734,1,0
1.043979,1,0
1.044096,1,0
1.044325,1,0
1.04442,1,0
1.044447,1,0
1.044464,1,0
1.044511,1,0
1.04462,1,0
1.044657,1,0
1.04467,1,0
1.04484,1,0
1.044857,1,0
1.045215,1,0
1.04551,1,0
1.045626,1,0
1.045651,1,0
1.046342,1,0
1.04636,1,0
1.046629,1,0
1.046662,1,0
1.046874,1,0
1.046875,18,0
1.047079,1,0
1.047099,1,0
1.047231,1,0
1.047241,1,0
1.047278,1,0
1.047493,1,0
1.047817,1,0
1.047953,1,0
1.047959,1,0
1.048031,1,0
1.048168,1,0
1.048469,1,0
1.0487,1,0
1.048715,1,0
1.048954,1,0
1.048962,1,0
1.049091,1,0
1.049462,1,0
1.049683,1,0
1.049993,1,0
1.050312,1,0
1.050388,1,0
1.050882,1,0
1.050973,1,0
1.051129,1,0
1.051162,1,0
1.05125,1,0
1.051363,1,0
1.051394,1,0
1.051463,1,0
1.051466,1,0
1.051538,1,0
1.051616,1,0
1.051622,1,0
1.051749,1,0
1.051912,1,0
1.052057,1,0
1.052088,1,0
1.052185,1,0
1.052284,1,0
1.052317,1,0
1.052526,1,0
1.052842,1,0
1.052896,1,0
1.052957,1,0
1.053303,1,0
1.053348,1,0
1.053412,1,0
1.054092,1,0
1.054269,1,0
1.054596,1,0
1.054738,1,0
1.054944,1,0
1.054993,1,0
1.055015,1,0
1.055095,1,0
1.055184,1,0
1.055294,1,0
1.05531,1,0
1.055399,1,0
1.055473,1,0
1.055614,1,0
1.055704,1,0
1.055789,1,0
1.056116,1,0
1.056125,1,0
1.056498,1,0
1.056903,1,0
1.056932,2,0
1.05717,1,0
1.057527,1,0
1.057687,1,0
1.057807,1,0
1.058104,1,0
1.058181,1,0
1.058186,1,0
1.05822,1,0
1.058349,1,0
1.058433,1,0
1.058466,1,0
1.058553,1,0
1.05881,1,0
1.058992,1,0
1.059025,1,0
1.05905,1,0
1.059242,1,0
1.059325,1,0
1.059366,1,0
1.059367,1,0
1.059443,1,0
1.059481,1,0
1.059665,1,0
1.059684,1,0
1.059842,1,0
1.059968,1,0
1.060148,1,0
1.060416,1,0
1.06049,1,0
1.060594,1,0
1.060606,1,0
1.060755,1,0
1.060919,1,0
1.060926,1,0
1.06102,1,0
1.061117,1,0
1.06136,1,0
1.061585,1,0
1.06167,1,0
1.061698,1,0
1.061777,1,0
1.062149,1,0
1.062431,1,0
1.062454,1,0
1.062476,1,0
1.0625,19,0
1.062725,1,0
1.062745,1,0
1.062898,1,0
1.063003,1,0
1.063131,1,0
1.063178,1,0
1.063231,1,0
1.063239,1,0
1.063332,1,0
1.063541,1,0
1.063556,1,0
1.063633,1,0
1.063634,1,0
1.06368,1,0
1.063686,1,0
1.063689,1,0
1.06388,1,0
1.064034,1,0
1.064138,1,0
1.064477,1,0
1.064574,1,0
1.064634,1,0
1.064862,1,0
1.065024,1,0
1.065332,1,0
1.065534,1,0
1.065779,1,0
1.066202,1,0
1.066275,1,0
1.066447,1,0
1.066519,1,0
1.066609,1,0
1.066759,1,0
1.066892,1,0
1.066985,1,0
1.067,1,0
1.067064,1,0
1.067184,1,0
1.067332,1,0
1.067889,1,0
1.067972,1,0
1.068133,1,0
1.068354,1,0
1.068359,1,0
1.068394,1,0
1.068893,1,0
1.069031,1,0
1.069253,1,0
1.069327,1,0
1.069537,1,0
1.069602,1,0
1.06967,1,0
1.069868,1,0
1.06989,1,0
1.069924,1,0
1.07006,1,0
1.070162,1,0
1.070269,1,0
1.07031,1,0
1.070847,1,0
1.070862,1,0
1.07119,1,0
1.071237,1,0
1.071289,1,0
1.071321,1,0
1.071593,1,0
1.0717,1,0
1.071775,1,0
1.072058,1,0
1.072077,1,0
1.072126,1,0
1.072537,1,0
1.073062,1,0
1.073148,1,0
1.073226,1,0
1.073275,1,0
1.073365,1,0
1.073585,1,0
1.073635,1,0
1.073909,1,0
1.073929,1,0
1.07393,1,0
1.074023,1,0
1.07405,1,0
1.074115,1,0
1.074127,1,0
1.074182,1,0
1.074392,1,0
1.07471,1,0
1.07474,1,0
1.074943,1,0
1.075076,1,0
1.075281,1,0
1.076052,1,0
1.076095,1,0
1.076098,1,0
1.076279,1,0
1.076296,1,0
1.076306,1,0
1.076386,1,0
1.076469,1,0
1.076488,1,0
1.076494,1,0
1.076555,1,0
1.076663,1,0
1.076743,1,0
1.076961,1,0
1.077428,1,0
1.077619,1,0
1.077706,1,0
1.077772,1,0
1.077962,1,0
1.078079,1,0
1.078125,21,0
1.078271,1,0
1.078461,1,0
1.078739,1,0
1.078942,1,0
1.079428,1,0
1.07959,1,0
1.079685,1,0
1.079978,1,0
1.080281,1,0
1.080344,1,0
1.080386,1,0
1.080586,1,0
1.080727,1,0
1.080787,1,0
1.080998,1,0
1.0812,1,0
1.081245,1,0
1.081487,1,0
1.08192,1,0
1.082043,1,0
1.08254,1,0
1.082711,1,0
1.082843,1,0
1.082874,1,0
1.082921,1,0
1.083077,1,0
1.083318,1,0
1.083467,1,0
1.083557,1,0
1.083936,1,0
1.08412,1,0
1.08416,1,0
1.08422,1,0
1.084285,1,0
1.08438,1,0
1.084579,1,0
1.084711,1,0
1.084783,1,0
1.085053,1,0
1.085125,1,0
1.085151,1,0
1.085167,1,0
1.085193,1,0
1.085717,1,0
1.085743,1,0
1.085935,1,0
1.086646,1,0
1.087035,1,0
1.087036,1,0
1.087109,1,0
1.087136,1,0
1.087177,1,0
1.087243,1,0
1.087428,1,0
1.087608,1,0
1.087952,1,0
1.087962,1,0
1.08831,1,0
1.088355,1,0
1.088747,1,0
1.088788,1,0
1.089162,1,0
1.089163,1,0
1.089202,1,0
1.089495,1,0
1.089571,1,0
1.089601,1,0
1.089839,1,0
1.089895,1,0
1.090337,1,0
1.090444,1,0
1.090607,1,0
1.091329,1,0
1.091646,1,0
1.092214,1,0
1.092313,1,0
1.092403,1,0
1.092534,1,0
1.092563,1,0
1.092779,1,0
1.092809,1,0
1.092877,1,0
1.092893,1,0
1.092927,1,0
1.093146,1,0
1.093172,1,0
1.09329,1,0
1.093432,1,0
1.093473,1,0
1.09358,1,0
1.093746,1,0
1.09375,21,0
1.094382,1,0
1.094461,1,0
1.094484,1,0
1.094821,1,0
1.094858,1,0
1.094968,1,0
1.09539,1,0
1.095435,1,0
1.095473,1,0
1.095772,1,0
1.09598,1,0
1.096103,1,0
1.096253,1,0
1.096285,1,0
1.096428,1,0
1.096431,1,0
1.096646,1,0
1.096971,1,0
1.097145,1,0
1.097231,1,0
1.097285,1,0
1.097314,1,0
1.097384,1,0
1.097391,1,0
1.097748,1,0
1.097946,1,0
1.098664,1,0
1.09871,1,0
1.098792,1,0
1.098816,1,0
1.098983,1,0
1.099165,1,0
1.099195,1,0
1.099238,1,0
1.099267,1,0
1.099371,1,0
1.099432,1,0
1.099486,1,0
1.099489,1,0
1.099678,1,0
1.099741,1,0
1.100218,1,0
1.100302,1,0
1.100454,1,0
1.100467,1,0
1.100481,1,0
1.100577,1,0
1.100585,1,0
1.100601,1,0
1.100818,1,0
1.100935,1,0
1.101236,1,0
1.101505,1,0
1.101595,1,0
1.101864,1,0
1.101931,1,0
1.101937,1,0
1.102016,1,0
1.10203,1,0
1.102143,1,0
1.102233,1,0
1.102787,1,0
1.103174,1,0
1.103264,1,0
1.103287,1,0
1.103733,1,0
1.103925,1,0
1.104758,1,0
1.10481,1,0
1.104925,1,0
1.10512,1,0
1.105231,1,0
1.105289,1,0
1.105354,1,0
1.1055,1,0
1.105867,1,0
1.105945,1,0
1.10599,1,0
1.10602,1,0
1.10631,1,0
1.106592,1,0
1.106768,1,0
1.106848,1,0
1.106967,1,0
1.107331,1,0
1.107728,1,0
1.107738,1,0
1.107905,1,0
1.108232,1,0
1.10827,1,0
1.108435,1,0
1.108529,1,0
1.108594,1,0
1.1089,1,0
1.109028,1,0
1.109035,1,0
1.109142,1,0
1.109191,1,0
1.109375,31,0
1.10951,1,0
1.109558,1,0
1.110036,1,0
1.110724,1,0
1.110795,1,0
1.110837,1,0
1.110881,1,0
1.111064,1,0
1.111196,1,0
1.11151,1,0
1.111556,1,0
1.112111,1,0
1.112115,1,0
1.112415,1,0
1.112452,1,0
1.112727,1,0
1.112739,1,0
1.11275,1,0
1.113233,1,0
1.113348,1,0
1.113361,1,0
1.113371,1,0
1.113431,1,0
1.113437,1,0
1.113648,1,0
1.114085,1,0
1.114147,1,0
1.114205,1,0
1.114375,1,0
1.114594,1,0
1.114656,1,0
1.115644,1,0
1.115667,1,0
1.115719,1,0
1.115815,1,0
1.115838,1,0
1.116045,1,0
1.116082,1,0
1.116213,1,0
1.116284,1,0
1.116341,1,0
1.116692,1,0
1.116791,1,0
1.116868,1,0
1.116966,1,0
1.117175,1,0
1.117182,1,0
1.117238,1,0
1.117256,1,0
1.117282,1,0
1.117417,1,0
1.11743,1,0
1.117495,1,0
1.11753,1,0
1.117627,1,0
1.117651,1,0
1.117916,1,0
1.118107,1,0
1.118132,1,0
1.118163,1,0
1.118248,1,0
1.118278,1,0
1.118648,1,0
1.118739,1,0
1.119188,1,0
1.119374,1,0
1.119389,1,0
1.120952,1,0
1.121062,1,0
1.121148,1,0
1.121199,1,0
1.121449,1,0
1.121582,1,0
1.121607,1,0
1.121753,1,0
1.121816,1,0
1.12191,1,0
1.121977,1,0
1.122126,1,0
1.122483,1,0
1.122502,1,0
1.122807,1,0
1.122877,1,0
1.12292,1,0
1.122938,1,0
1.12311,1,0
1.123382,1,0
1.123541,1,0
1.123663,1,0
1.123759,1,0
1.123799,1,0
1.123827,1,0
1.123834,1,0
1.124316,1,0
1.124457,1,0
1.124492,1,0
1.124612,1,0
1.124757,1,0
1.125,37,0
1.125022,1,0
1.125179,1,0
1.12543,1,0
1.125499,1,0
1.125651,1,0
1.1257,1,0
1.125984,1,0
1.126062,1,0
1.126229,1,0
1.126288,1,0
1.126696,1,0
1.126705,1,0
1.12674,1,0
1.127037,1,0
1.127122,1,0
1.127164,1,0
1.127258,1,0
1.127518,1,0
1.12761,1,0
1.127716,1,0
1.127891,1,0
1.128193,1,0
1.128668,1,0
1.128852,1,0
1.128934,1,0
1.129016,1,0
1.129024,1,0
1.129111,1,0
1.129383,1,0
1.129458,1,0
1.129602,1,0
1.129734,1,0
1.130048,1,0
1.130068,1,0
1.130253,1,0
1.1303,1,0
1.130387,1,0
1.130632,1,0
1.130727,1,0
1.130743,1,0
1.130773,1,0
1.130779,1,0
1.130938,1,0
1.131047,1,0
1.131241,1,0
1.13154,1,0
1.131679,1,0
1.131927,1,0
1.132491,1,0
1.132565,1,0
1.133079,1,0
1.133595,1,0
1.133642,1,0
1.133715,1,0
1.133768,1,0
1.134058,1,0
1.13407,1,0
1.13477,1,0
1.1349,1,0
1.13497,1,0
1.135103,1,0
1.135128,1,0
1.135235,1,0
1.135507,1,0
1.135522,1,0
1.135596,1,0
1.135632,1,0
1.135715,1,0
1.135942,1,0
1.135982,1,0
1.136021,1,0
1.136329,1,0
1.136413,1,0
1.136626,1,0
1.136742,1,0
1.136944,1,0
1.136979,1,0
1.137018,1,0
1.137111,1,0
1.137147,1,0
1.137177,1,0
1.137181,1,0
1.13721,1,0
1.137338,1,0
1.137555,1,0
1.138044,1,0
1.138059,1,0
1.138535,2,0
1.138717,1,0
1.138758,1,0
1.13878,1,0
1.13889,1,0
1.139165,1,0
1.139233,1,0
1.139473,1,0
1.139562,1,0
1.139958,1,0
1.140089,1,0
1.140246,1,0
1.140395,1,0
1.140434,1,0
1.140447,1,0
1.140625,31,0
1.140698,1,0
1.140708,1,0
1.140942,1,0
1.14132,1,0
1.141761,1,0
1.141989,1,0
1.142116,1,0
1.142523,1,0
1.142545,1,0
1.142673,1,0
1.143057,1,0
1.143167,1,0
1.143183,1,0
1.143263,1,0
1.143604,1,0
1.143605,1,0
1.143754,1,0
1.14378,1,0
1.144097,1,0
1.144254,1,0
1.144547,1,0
1.144578,1,0
1.144764,1,0
1.144819,1,0
1.144835,1,0
1.145204,1,0
1.145261,1,0
1.145392,1,0
1.145487,1,0
1.145638,1,0
1.145727,1,0
1.145819,1,0
1.14582,1,0
1.146424,1,0
1.146645,1,0
1.146718,1,0
1.146742,1,0
1.146828,1,0
1.146838,1,0
1.147169,1,0
1.147326,1,0
1.147578,1,0
1.147708,1,0
1.147762,1,0
1.147975,1,0
1.148084,1,0
1.148111,1,0
1.148422,1,0
1.148447,1,0
1.14879,1,0
1.148833,1,0
1.148879,1,0
1.148899,1,0
1.148912,1,0
1.148981,1,0
1.149103,1,0
1.149182,1,0
1.149342,1,0
1.149544,1,0
1.149677,1,0
1.149705,1,0
1.149719,1,0
1.149941,1,0
1.150267,1,0
1.150406,1,0
1.150439,1,0
1.150454,1,0
1.150984,1,0
1.151106,1,0
1.151535,1,0
1.151602,1,0
1.151979,1,0
1.152083,1,0
1.152359,1,0
1.152549,1,0
1.153003,1,0
1.1533,1,0
1.153615,1,0
1.153684,1,0
1.15377,1,0
1.154161,1,0
1.154333,1,0
1.154348,1,0
1.154492,1,0
1.154526,1,0
1.154668,1,0
1.155009,1,0
1.155106,1,0
1.15535,1,0
1.15538,1,0
1.155392,1,0
1.155762,1,0
1.155792,1,0
1.155831,1,0
1.155841,1,0
1.155849,1,0
1.155912,1,0
1.155934,1,0
1.156051,1,0
1.15625,25,0
1.156467,1,0
1.156532,1,0
1.156829,1,0
1.156961,1,0
1.157064,1,0
1.157213,1,0
1.157382,1,0
1.157967,1,0
1.158325,1,0
1.158368,1,0
1.158471,1,0
1.158498,1,0
1.158748,1,0
1.158867,1,0
1.158869,1,0
1.159061,1,0
1.159101,1,0
1.159284,1,0
1.159339,1,0
1.159436,1,0
1.159468,1,0
1.159544,1,0
1.160366,1,0
1.160428,1,0
1.160449,1,0
1.160581,1,0
1.160617,1,0
1.161182,1,0
1.161263,1,0
1.161368,1,0
1.161377,1,0
1.16139,1,0
1.161786,1,0
1.162036,1,0
1.162266,1,0
1.162395,1,0
1.162398,1,0
1.162439,1,0
1.162474,1,0
1.162518,1,0
1.162987,1,0
1.163401,1,0
1.163612,1,0
1.164423,1,0
1.164447,1,0
1.164461,1,0
1.164575,1,0
1.164645,1,0
1.164674,1,0
1.164688,1,0
1.164852,1,0
1.165035,1,0
1.165048,1,0
1.165472,1,0
1.165509,1,0
1.165794,1,0
1.166007,1,0
1.166491,1,0
1.16654,1,0
1.166577,1,0
1.166591,1,0
1.166703,1,0
1.167402,1,0
1.167435,1,0
1.167556,1,0
1.167571,1,0
1.167657,1,0
1.168068,1,0
1.168186,1,0
1.168256,1,0
1.168388,1,0
1.168543,1,0
1.168765,1,0
1.169062,1,0
1.169114,1,0
1.169359,1,0
1.169381,1,0
1.169484,1,0
1.170026,1,0
1.170057,1,0
1.170257,1,0
1.17029,1,0
1.170293,1,0
1.170417,1,0
1.170813,1,0
1.171,1,0
1.171172,1,0
1.171373,1,0
1.171561,1,0
1.171579,1,0
1.171625,1,0
1.171875,22,0
1.171897,1,0
1.172113,1,0
1.17226,1,0
1.172337,1,0
1.172553,1,0
1.172792,1,0
1.172898,1,0
1.172941,1,0
1.172952,1,0
1.173086,1,0
1.173089,1,0
1.17314,1,0
1.173228,1,0
1.173551,1,0
1.173624,1,0
1.173888,1,0
1.174051,1,0
1.174106,1,0
1.17415,1,0
1.174325,1,0
1.174349,1,0
1.174439,1,0
1.174735,1,0
1.174868,1,0
1.175141,1,0
1.17539,1,0
1.175475,1,0
1.175544,1,0
1.17561,1,0
1.17565,1,0
1.175739,1,0
1.175775,1,0
1.175815,1,0
1.17604,1,0
1.176132,1,0
1.17627,1,0
1.176291,1,0
1.176455,1,0
1.176457,1,0
1.176488,1,0
1.176513,1,0
1.176678,1,0
1.177151,1,0
1.177194,1,0
1.177492,1,0
1.177973,1,0
1.17815,1,0
1.178168,1,0
1.178236,1,0
1.178248,1,0
1.178256,1,0
1.17856,1,0
1.178665,1,0
1.178778,1,0
1.178792,1,0
1.178795,1,0
1.178846,1,0
1.178871,1,0
1.178872,1,0
1.179346,1,0
1.179352,1,0
1.179703,1,0
1.179931,1,0
1.180126,1,0
1.180255,1,0
1.180393,1,0
1.180466,1,0
1.180826,1,0
1.180888,1,0
1.180917,1,0
1.181229,1,0
1.181389,1,0
1.18157,1,0
1.181679,1,0
1.181942,1,0
1.182022,1,0
1.182193,1,0
1.18237,1,0
1.182617,1,0
1.182646,1,0
1.182831,1,0
1.182861,1,0
1.183297,1,0
1.183377,1,0
1.183468,1,0
1.183569,1,0
1.18367,1,0
1.184275,1,0
1.184522,1,0
1.184876,1,0
1.185118,1,0
1.185199,1,0
1.185435,1,0
1.185558,1,0
1.185627,1,0
1.185675,1,0
1.185748,1,0
1.185918,1,0
1.186111,1,0
1.186181,1,0
1.186464,1,0
1.186765,1,0
1.186984,1,0
1.187129,1,0
1.187155,1,0
1.187412,1,0
1.1875,30,0
1.187687,1,0
1.188172,1,0
1.188188,1,0
1.18847,1,0
1.188669,1,0
1.188878,1,0
1.188988,1,0
1.189072,1,0
1.189129,1,0
1.189179,1,0
1.189273,1,0
1.189376,1,0
1.189392,1,0
1.189608,1,0
1.18967,1,0
1.189791,1,0
1.189797,1,0
1.189955,1,0
1.190281,1,0
1.190285,1,0
1.190613,1,0
1.19081,1,0
1.190954,1,0
1.190981,1,0
1.191063,1,0
1.191091,1,0
1.191121,1,0
1.191247,1,0
1.191445,1,0
1.19149,1,0
1.19154,1,0
1.191959,1,0
1.192018,1,0
1.192138,1,0
1.192143,1,0
1.192219,1,0
1.192484,1,0
1.192492,1,0
1.192563,1,0
1.192599,1,0
1.192838,1,0
1.192929,1,0
1.19303,1,0
1.193055,1,0
1.193163,1,0
1.193289,1,0
1.193402,1,0
1.193909,1,0
1.193971,1,0
1.194148,1,0
1.194159,1,0
1.194475,1,0
1.194778,1,0
1.195005,1,0
1.195049,1,0
1.195088,1,0
1.195153,1,0
1.195233,1,0
1.195356,1,0
1.195383,1,0
1.195386,1,0
1.195475,1,0
1.195516,1,0
1.196195,1,0
1.196251,1,0
1.196387,1,0
1.196727,1,0
1.196768,1,0
1.196788,1,0
1.196878,1,0
1.196905,1,0
1.197052,1,0
1.197478,1,0
1.197705,1,0
1.19786,1,0
1.197868,1,0
1.19802,1,0
1.19807,1,0
1.198084,1,0
1.19817,1,0
1.19822,1,0
1.198433,1,0
1.198458,1,0
1.198595,1,0
1.198849,1,0
1.199131,1,0
1.199503,1,0
1.199518,1,0
1.19974,1,0
1.199747,1,0
1.200175,1,0
1.200197,1,0
1.200332,1,0
1.200333,1,0
1.200356,1,0
1.2005,1,0
1.200606,1,0
1.20068,1,0
1.200725,1,0
1.200772,1,0
1.20081,1,0
1.200993,1,0
1.201195,1,0
1.201202,1,0
1.201215,1,0
1.201543,1,0
1.201574,1,0
1.201632,1,0
1.201915,1,0
1.202249,1,0
1.202443,1,0
1.202452,1,0
1.202794,1,0
1.202808,1,0
1.20283,1,0
1.203023,1,0
1.203119,1,0
1.203125,40,0
1.203201,1,0
1.20334,1,0
1.203481,1,0
1.203611,1,0
1.203804,1,0
1.203877,1,0
1.203902,1,0
1.204037,1,0
1.20414,1,0
1.20426,1,0
1.204281,1,0
1.205059,1,0
1.205218,1,0
1.205356,1,0
1.205476,1,0
1.205541,1,0
1.205817,1,0
1.206107,1,0
1.206224,1,0
1.206232,1,0
1.206685,1,0
1.206975,1,0
1.207027,1,0
1.207074,1,0
1.207083,1,0
1.207318,1,0
1.207415,1,0
1.207557,1,0
1.207782,1,0
1.207885,1,0
1.207939,1,0
1.208033,1,0
1.208169,1,0
1.208207,1,0
1.208373,1,0
1.208842,1,0
1.209023,1,0
1.209116,1,0
1.209147,1,0
1.209188,1,0
1.209601,1,0
1.20991,1,0
1.209934,1,0
1.210121,1,0
1.210186,1,0
1.210201,1,0
1.210225,1,0
1.210275,1,0
1.210428,1,0
1.210513,1,0
1.21095,1,0
1.210987,1,0
1.211081,1,0
1.211323,1,0
1.211467,1,0
1.211471,1,0
1.211561,1,0
1.211587,1,0
1.211648,1,0
1.211814,1,0
1.212047,1,0
1.21213,1,0
1.212222,1,0
1.212329,1,0
1.21233,1,0
1.212581,1,0
1.212634,1,0
1.212695,1,0
1.212704,1,0
1.213117,1,0
1.213294,1,0
1.213298,1,0
1.213791,1,0
1.213881,1,0
1.213999,1,0
1.214532,1,0
1.214599,1,0
1.214604,1,0
1.214974,1,0
1.215102,1,0
1.215335,1,0
1.215371,1,0
1.215389,1,0
1.215487,1,0
1.215538,1,0
1.215587,1,0
1.215728,1,0
1.215758,1,0
1.21578,1,0
1.215859,1,0
1.2159,1,0
1.216328,1,0
1.216549,1,0
1.216649,1,0
1.217371,1,0
1.217459,1,0
1.217559,1,0
1.217638,1,0
1.217652,1,0
1.217673,1,0
1.218109,1,0
1.218269,1,0
1.218275,1,0
1.218323,1,0
1.218469,1,0
1.21875,47,0
1.218864,1,0
1.218952,1,0
1.21902,1,0
1.219334,1,0
1.219472,1,0
1.219507,1,0
1.219611,1,0
1.219774,1,0
1.219785,1,0
1.219819,1,0
1.220005,1,0
1.220172,1,0
1.220472,1,0
1.220536,1,0
1.220691,1,0
1.220692,1,0
1.220882,1,0
1.220959,1,0
1.220968,1,0
1.220977,1,0
1.221083,1,0
1.221351,1,0
1.221844,1,0
1.222189,1,0
1.222402,1,0
1.222442,1,0
1.222946,1,0
1.223018,1,0
1.223101,1,0
1.223198,1,0
1.223241,1,0
1.223612,1,0
1.22392,1,0
1.224031,1,0
1.224079,1,0
1.224253,1,0
1.224282,1,0
1.224494,1,0
1.224607,1,0
1.224684,1,0
1.224759,1,0
1.224859,1,0
1.22515,1,0
1.225158,1,0
1.225377,1,0
1.225524,1,0
1.225545,1,0
1.225901,1,0
1.225982,1,0
1.226013,1,0
1.226095,1,0
1.226124,1,0
1.226393,1,0
1.226615,1,0
1.226675,1,0
1.22703,1,0
1.227481,1,0
1.228037,1,0
1.228079,1,0
1.228199,1,0
1.228271,1,0
1.228528,1,0
1.228697,1,0
1.228805,1,0
1.228831,1,0
1.228895,1,0
1.2292,1,0
1.229227,1,0
1.229504,1,0
1.229663,1,0
1.22978,1,0
1.230071,1,0
1.230256,1,0
1.230314,1,0
1.230353,1,0
1.230443,1,0
1.230483,1,0
1.230576,1,0
1.230881,1,0
1.230898,1,0
1.231386,1,0
1.231555,1,0
1.231645,1,0
1.232236,1,0
1.232344,1,0
1.232372,1,0
1.232584,1,0
1.232707,1,0
1.233006,1,0
1.233059,1,0
1.233295,1,0
1.233389,1,0
1.233501,1,0
1.233892,1,0
1.233977,1,0
1.233982,1,0
1.234127,1,0
1.234375,46,0
1.234451,1,0
1.234503,1,0
1.234525,1,0
1.234659,1,0
1.234826,1,0
1.234842,1,0
1.234857,1,0
1.234997,1,0
1.235146,1,0
1.235236,1,0
1.235457,1,0
1.235507,1,0
1.235631,1,0
1.235677,1,0
1.235883,1,0
1.236141,1,0
1.236185,1,0
1.236234,1,0
1.23634,1,0
1.236435,1,0
1.236841,1,0
1.236991,1,0
1.237028,1,0
1.237034,1,0
1.237136,1,0
1.237695,1,0
1.23777,1,0
1.237795,1,0
1.237924,1,0
1.237994,1,0
1.238023,1,0
1.238165,1,0
1.238216,1,0
1.238313,1,0
1.238439,1,0
1.238607,1,0
1.238768,1,0
1.238826,1,0
1.23885,1,0
1.238917,1,0
1.239043,1,0
1.239227,1,0
1.239648,1,0
1.239721,1,0
1.239871,1,0
1.239928,1,0
1.240232,1,0
1.240493,1,0
1.24074,1,0
1.240756,1,0
1.240834,1,0
1.241007,1,0
1.241075,1,0
1.241149,1,0
1.241381,1,0
1.24165,1,0
1.241814,1,0
1.241887,1,0
1.241953,1,0
1.24199,1,0
1.242027,1,0
1.242695,1,0
1.242728,1,0
1.242847,1,0
1.242894,1,0
1.242969,1,0
1.242976,1,0
1.243217,1,0
1.243258,1,0
1.243285,1,0
1.243315,1,0
1.243607,1,0
1.243737,1,0
1.243833,1,0
1.243843,1,0
1.243866,1,0
1.243895,1,0
1.243904,1,0
1.243988,1,0
1.244101,1,0
1.244167,1,0
1.244169,1,0
1.244267,1,0
1.24437,1,0
1.244723,1,0
1.244853,1,0
1.244941,1,0
1.24507,1,0
1.245488,1,0
1.24572,1,0
1.245749,1,0
1.245781,1,0
1.245904,1,0
1.245938,1,0
1.246182,1,0
1.246296,1,0
1.246352,1,0
1.246632,1,0
1.246666,1,0
1.246783,1,0
1.247061,1,0
1.247201,1,0
1.247219,1,0
1.247295,1,0
1.247374,1,0
1.247459,1,0
1.247658,1,0
1.247932,1,0
1.247937,1,0
1.248492,1,0
1.248545,1,0
1.248586,1,0
1.248626,1,0
1.248787,1,0
1.249016,1,0
1.249122,1,0
1.249617,1,0
1.249734,1,0
1.249805,1,0
1.249874,1,0
1.25,70,0
1.250125,1,0
1.25024,1,0
1.250297,1,0
1.250414,1,0
1.25046,1,0
1.250505,1,0
1.250535,1,0
1.250569,1,0
1.250589,1,0
1.25065,1,0
1.250686,1,0
1.250936,1,0
1.251031,1,0
1.251106,1,0
1.251124,1,0
1.251441,1,0
1.251478,1,0
1.251666,1,0
1.251691,1,0
1.251818,1,0
1.25188,1,0
1.251952,1,0
1.252339,1,0
1.252496,1,0
1.253228,1,0
1.253299,1,0
1.253376,1,0
1.253387,1,0
1.2534,1,0
1.253948,1,0
1.253981,1,0
1.254074,1,0
1.254108,1,0
1.254791,1,0
1.254994,1,0
1.255242,1,0
1.25542,1,0
1.255638,1,0
1.255827,1,0
1.255918,1,0
1.256049,1,0
1.25653,1,0
1.256611,1,0
1.25677,1,0
1.256789,1,0
1.256909,1,0
1.256921,1,0
1.257038,1,0
1.257138,1,0
1.257878,1,0
1.257887,1,0
1.25817,1,0
1.258239,1,0
1.258265,1,0
1.258273,1,0
1.258311,1,0
1.258409,1,0
1.258442,1,0
1.258614,1,0
1.258748,1,0
1.258787,1,0
1.258895,1,0
1.258991,1,0
1.259134,1,0
1.259212,1,0
1.259251,1,0
1.259301,1,0
1.259341,1,0
1.2594,1,0
1.259818,1,0
1.259928,1,0
1.260201,1,0
1.260276,1,0
1.260451,1,0
1.260937,1,0
1.26105,1,0
1.261062,1,0
1.261077,1,0
1.261282,1,0
1.261387,1,0
1.261525,1,0
1.261566,1,0
1.261636,1,0
1.261859,1,0
1.26187,1,0
1.261896,1,0
1.261911,1,0
1.262001,1,0
1.26202,1,0
1.262023,1,0
1.262061,1,0
1.262212,1,0
1.262268,1,0
1.262355,1,0
1.262475,1,0
1.26253,1,0
1.262812,1,0
1.262948,1,0
1.263264,1,0
1.263442,1,0
1.26348,1,0
1.263557,1,0
1.263599,1,0
1.263808,1,0
1.263874,1,0
1.263911,1,0
1.263951,1,0
1.264215,1,0
1.264359,1,0
1.264586,1,0
1.264636,1,0
1.264727,1,0
1.264832,1,0
1.265118,1,0
1.265247,1,0
1.265298,1,0
1.265304,1,0
1.265414,2,0
1.26554,1,0
1.265592,1,0
1.265625,37,0
1.265762,1,0
1.265975,1,0
1.265984,1,0
1.266638,1,0
1.266872,1,0
1.267034,1,0
1.267116,1,0
1.267318,1,0
1.267455,1,0
1.267559,1,0
1.267875,1,0
1.267966,1,0
1.26802,1,0
1.268122,1,0
1.268358,1,0
1.268594,1,0
1.268692,1,0
1.269046,1,0
1.269091,1,0
1.269225,1,0
1.269279,1,0
1.269291,1,0
1.269343,1,0
1.269405,1,0
1.269439,1,0
1.269574,1,0
1.269799,1,0
1.270052,1,0
1.270215,1,0
1.270644,1,0
1.270696,1,0
1.270744,1,0
1.270913,1,0
1.270993,1,0
1.271108,1,0
1.272063,1,0
1.27222,1,0
1.272402,1,0
1.272603,1,0
1.272849,1,0
1.27285,1,0
1.272922,1,0
1.272994,1,0
1.273246,1,0
1.27343,1,0
1.273579,1,0
1.273769,1,0
1.273986,1,0
1.27418,1,0
1.274236,1,0
1.274245,1,0
1.274462,1,0
1.274598,1,0
1.274602,1,0
1.274644,1,0
1.27479,1,0
1.274913,1,0
1.275319,1,0
1.275362,1,0
1.275451,1,0
1.275452,1,0
1.27549,1,0
1.27581,1,0
1.275909,1,0
1.276185,1,0
1.276242,1,0
1.276467,1,0
1.276505,1,0
1.276625,1,0
1.276655,1,0
1.276703,1,0
1.276808,1,0
1.276897,1,0
1.277142,1,0
1.277461,1,0
1.277525,1,0
1.277633,1,0
1.27786,1,0
1.277881,1,0
1.277896,1,0
1.277929,1,0
1.278047,1,0
1.278069,1,0
1.278283,1,0
1.278381,1,0
1.278678,1,0
1.278681,1,0
1.279051,1,0
1.279138,1,0
1.279293,1,0
1.279394,1,0
1.279435,1,0
1.279454,1,0
1.279636,1,0
1.279698,1,0
1.279766,1,0
1.279994,1,0
1.280065,1,0
1.280066,1,0
1.280119,1,0
1.280245,1,0
1.280343,1,0
1.28057,1,0
1.28075,1,0
1.28107,1,0
1.28125,26,0
1.281285,1,0
1.281288,1,0
1.281573,1,0
1.28163,1,0
1.281809,1,0
1.281954,1,0
1.282225,1,0
1.282754,1,0
1.282909,1,0
1.28291,1,0
1.282939,1,0
1.28303,1,0
1.28344,1,0
1.283638,1,0
1.283688,1,0
1.283704,1,0
1.283948,1,0
1.284024,1,0
1.28422,1,0
1.284421,1,0
1.284518,1,0
1.284615,1,0
1.284661,1,0
1.285065,1,0
1.285287,1,0
1.28563,1,0
1.286343,1,0
1.286347,1,0
1.286424,1,0
1.286554,1,0
1.286636,1,0
1.28674,1,0
1.287061,1,0
1.287092,1,0
1.287344,1,0
1.28737,1,0
1.287422,1,0
1.287434,1,0
1.287514,1,0
1.287584,1,0
1.287603,1,0
1.287834,1,0
1.28821,1,0
1.288875,1,0
1.288956,1,0
1.289058,1,0
1.289162,1,0
1.290307,1,0
1.290318,1,0
1.290498,1,0
1.290572,1,0
1.290648,1,0
1.290701,1,0
1.290747,1,0
1.290986,1,0
1.291,1,0
1.291273,1,0
1.291402,1,0
1.291696,1,0
1.291792,1,0
1.291795,1,0
1.291832,1,0
1.292334,1,0
1.292553,1,0
1.292632,1,0
1.292862,1,0
1.293018,1,0
1.293185,1,0
1.293192,1,0
1.293301,1,0
1.293337,1,0
1.293436,1,0
1.293598,1,0
1.293642,1,0
1.293926,1,0
1.294015,1,0
1.294115,1,0
1.294202,1,0
1.294259,1,0
1.294542,1,0
1.294652,1,0
1.294826,1,0
1.294868,1,0
1.294962,1,0
1.295485,1,0
1.295644,1,0
1.295864,1,0
1.29595,1,0
1.29607,1,0
1.296094,1,0
1.296533,1,0
1.296587,1,0
1.296875,16,0
1.297065,1,0
1.297293,1,0
1.297317,1,0
1.297323,1,0
1.297333,1,0
1.297421,1,0
1.29745,1,0
1.29769,1,0
1.298353,1,0
1.298382,1,0
1.29843,1,0
1.298471,1,0
1.29856,1,0
1.298609,1,0
1.298665,1,0
1.29873,1,0
1.298863,1,0
1.29891,1,0
1.299171,1,0
1.299174,1,0
1.299399,1,0
1.299648,1,0
1.299736,1,0
1.299961,1,0
1.300351,1,0
1.300503,1,0
1.300713,1,0
1.300835,1,0
1.30087,1,0
1.301115,1,0
1.301227,1,0
1.30138,1,0
1.301623,1,0
1.301739,1,0
1.301878,1,0
1.30192,1,0
1.30221,1,0
1.302326,1,0
1.302419,1,0
1.302433,1,0
1.303014,1,0
1.303255,1,0
1.303548,1,0
1.303912,1,0
1.304148,1,0
1.304214,1,0
1.304261,1,0
1.304293,1,0
1.304823,1,0
1.304873,1,0
1.30488,1,0
1.304976,1,0
1.305093,1,0
1.305413,1,0
1.305616,1,0
1.305732,1,0
1.30591,1,0
1.306011,1,0
1.306095,1,0
1.306115,1,0
1.306379,1,0
1.306496,1,0
1.306575,1,0
1.306705,1,0
1.306712,1,0
1.306864,1,0
1.30705,1,0
1.307104,1,0
1.307175,1,0
1.307265,1,0
1.307472,1,0
1.307547,1,0
1.308418,1,0
1.308456,1,0
1.308555,1,0
1.308949,1,0
1.309013,1,0
1.309209,1,0
1.30953,1,0
1.309584,1,0
1.309723,1,0
1.310105,1,0
1.310163,1,0
1.310562,1,0
1.310819,1,0
1.310873,1,0
1.310894,1,0
1.310912,1,0
1.31118,1,0
1.311272,1,0
1.312118,1,0
1.312332,1,0
1.3125,21,0
1.312639,1,0
1.312679,1,0
1.312788,1,0
1.31296,1,0
1.313115,1,0
1.313183,1,0
1.313194,1,0
1.313208,1,0
1.313241,1,0
1.313389,1,0
1.313752,1,0
1.313753,1,0
1.313865,1,0
1.313961,1,0
1.313987,1,0
1.314077,1,0
1.314079,1,0
1.314125,1,0
1.314151,1,0
1.314194,1,0
1.314228,1,0
1.314229,1,0
1.314651,1,0
1.315411,1,0
1.31558,1,0
1.315728,1,0
1.315999,1,0
1.316029,1,0
1.316321,1,0
1.316496,1,0
1.316519,1,0
1.316617,2,0
1.316788,1,0
1.316938,1,0
1.317192,1,0
1.317247,1,0
1.317287,1,0
1.317293,1,0
1.317626,1,0
1.317778,1,0
1.318549,1,0
1.318639,1,0
1.318884,1,0
1.318925,1,0
1.319058,1,0
1.319117,1,0
1.319153,1,0
1.319199,1,0
1.319318,1,0
1.319375,1,0
1.319415,1,0
1.319551,1,0
1.319693,1,0
1.319889,1,0
1.3201,1,0
1.320244,1,0
1.320361,1,0
1.320393,1,0
1.320456,1,0
1.320601,1,0
1.320813,1,0
1.320967,1,0
1.321066,1,0
1.321318,1,0
1.32165,1,0
1.321681,1,0
1.321828,1,0
1.322056,1,0
1.322071,1,0
1.322354,1,0
1.322632,1,0
1.322736,1,0
1.323092,1,0
1.32312,1,0
1.3235,1,0
1.323632,1,0
1.323743,1,0
1.324103,1,0
1.324131,1,0
1.324204,1,0
1.32424,1,0
1.324383,1,0
1.324524,1,0
1.324691,1,0
1.325038,1,0
1.32507,1,0
1.325143,1,0
1.325168,1,0
1.325247,1,0
1.325498,1,0
1.325625,1,0
1.32564,1,0
1.325696,1,0
1.325785,1,0
1.326113,1,0
1.326143,1,0
1.326305,1,0
1.326408,1,0
1.326458,1,0
1.326485,1,0
1.326607,1,0
1.327101,1,0
1.327295,1,0
1.327304,1,0
1.327413,1,0
1.327601,1,0
1.327755,1,0
1.327949,1,0
1.328003,1,0
1.328111,1,0
1.328125,22,0
1.328243,1,0
1.328345,1,0
1.328463,1,0
1.328841,1,0
1.328875,1,0
1.328978,1,0
1.329502,1,0
1.329578,1,0
1.329606,1,0
1.329611,1,0
1.329627,1,0
1.32968,1,0
1.329707,1,0
1.329729,1,0
1.32984,1,0
1.330008,1,0
1.330058,1,0
1.330283,1,0
1.330323,1,0
1.330853,1,0
1.330965,1,0
1.331254,1,0
1.331344,1,0
1.331352,1,0
1.331614,1,0
1.331696,1,0
1.331865,1,0
1.332127,1,0
1.33225,1,0
1.332419,1,0
1.33259,1,0
1.332732,1,0
1.332762,1,0
1.332773,1,0
1.332798,1,0
1.332912,1,0
1.332918,1,0
1.332942,1,0
1.333048,1,0
1.333205,1,0
1.333294,1,0
1.333391,1,0
1.333394,1,0
1.333941,1,0
1.334015,1,0
1.334437,1,0
1.334471,1,0
1.334516,1,0
1.334782,1,0
1.334815,1,0
1.33486,1,0
1.334863,1,0
1.334964,1,0
1.334981,1,0
1.335782,1,0
1.335993,1,0
1.336009,1,0
1.336166,1,0
1.3368,1,0
1.336854,1,0
1.337261,1,0
1.337454,1,0
1.337484,1,0
1.337713,1,0
1.337738,1,0
1.337909,1,0
1.337968,1,0
1.338064,1,0
1.338182,1,0
1.33827,1,0
1.338663,1,0
1.338801,1,0
1.338954,1,0
1.339126,1,0
1.339433,1,0
1.339655,1,0
1.339665,1,0
1.339866,1,0
1.340193,1,0
1.340196,1,0
1.340334,1,0
1.340804,1,0
1.340911,1,0
1.341156,1,0
1.341568,1,0
1.341666,1,0
1.341687,1,0
1.34169,1,0
1.341718,1,0
1.342145,1,0
1.342155,1,0
1.342556,1,0
1.342884,1,0
1.342934,1,0
1.342951,1,0
1.342952,1,0
1.343166,1,0
1.343314,1,0
1.343524,1,0
1.34375,18,0
1.344041,1,0
1.344161,1,0
1.34421,1,0
1.344473,1,0
1.344481,1,0
1.344503,1,0
1.344541,1,0
1.344922,1,0
1.344942,1,0
1.345003,1,0
1.345037,1,0
1.345082,1,0
1.345155,1,0
1.34526,1,0
1.345491,1,0
1.345602,1,0
1.345658,1,0
1.34572,1,0
1.345781,1,0
1.345837,1,0
1.346,1,0
1.346028,1,0
1.346029,1,0
1.346128,1,0
1.346153,1,0
1.346239,1,0
1.346314,1,0
1.346592,1,0
1.346601,1,0
1.346796,1,0
1.347009,1,0
1.347356,1,0
1.347397,1,0
1.34784,1,0
1.34801,1,0
1.348058,1,0
1.348101,1,0
1.348223,1,0
1.348368,1,0
1.348391,1,0
1.349011,1,0
1.349048,1,0
1.34909,1,0
1.349409,1,0
1.34954,1,0
1.349543,1,0
1.349564,1,0
1.349618,1,0
1.349623,1,0
1.349625,1,0
1.34963,1,0
1.349778,1,0
1.349792,1,0
1.349796,1,0
1.34981,1,0
1.35024,1,0
1.350426,1,0
1.350528,1,0
1.350608,1,0
1.350621,1,0
1.350945,1,0
1.351047,1,0
1.351295,1,0
1.351337,1,0
1.35169,1,0
1.35182,1,0
1.352206,1,0
1.352272,1,0
1.352319,1,0
1.352475,1,0
1.352647,1,0
1.352649,1,0
1.352673,1,0
1.352751,1,0
1.352809,1,0
1.353145,1,0
1.353182,1,0
1.35326,1,0
1.353314,1,0
1.35356,1,0
1.35401,1,0
1.354019,1,0
1.354227,1,0
1.354274,1,0
1.354388,1,0
1.35441,1,0
1.355267,1,0
1.355603,1,0
1.355811,1,0
1.355847,1,0
1.355992,1,0
1.356496,1,0
1.356562,1,0
1.356828,1,0
1.356896,1,0
1.356902,1,0
1.357164,1,0
1.357479,1,0
1.357629,1,0
1.357816,1,0
1.358084,1,0
1.358092,1,0
1.358142,1,0
1.3582,1,0
1.358638,1,0
1.358655,1,0
1.359071,1,0
1.359137,1,0
1.35917,1,0
1.359248,1,0
1.359257,1,0
1.359343,1,0
1.359375,25,0
1.359427,1,0
1.35947,1,0
1.359537,1,0
1.359716,1,0
1.359878,1,0
1.359885,1,0
1.360075,1,0
1.360124,1,0
1.360201,1,0
1.360259,1,0
1.360468,1,0
1.360516,1,0
1.36127,1,0
1.361453,1,0
1.361649,1,0
1.361769,1,0
1.361869,1,0
1.361936,1,0
1.361952,1,0
1.362034,1,0
1.362096,1,0
1.36278,1,0
1.362812,1,0
1.362878,1,0
1.363179,1,0
1.363605,1,0
1.363782,1,0
1.363823,1,0
1.363855,1,0
1.363987,1,0
1.364178,1,0
1.36426,1,0
1.364361,1,0
1.364382,1,0
1.364429,1,0
1.364638,1,0
1.364865,1,0
1.364932,1,0
1.365006,1,0
1.365228,1,0
1.365305,1,0
1.365525,1,0
1.365629,1,0
1.365713,1,0
1.365882,1,0
1.365964,1,0
1.366401,1,0
1.366437,1,0
1.366447,1,0
1.366457,1,0
1.366488,1,0
1.366573,1,0
1.366599,1,0
1.366737,1,0
1.366766,2,0
1.366913,1,0
1.367205,1,0
1.367279,1,0
1.367331,1,0
1.367415,1,0
1.367524,1,0
1.367786,1,0
1.367822,1,0
1.367893,1,0
1.368587,1,0
1.369321,1,0
1.369406,1,0
1.369484,1,0
1.369594,1,0
1.369788,1,0
1.36982,1,0
1.369825,1,0
1.36986,1,0
1.370037,1,0
1.370124,1,0
1.370319,1,0
1.370588,1,0
1.370661,1,0
1.37081,1,0
1.370911,1,0
1.370951,1,0
1.371035,1,0
1.371122,1,0
1.371222,1,0
1.371266,1,0
1.371355,1,0
1.371635,1,0
1.371682,1,0
1.371718,1,0
1.371753,1,0
1.371841,1,0
1.372228,1,0
1.372271,1,0
1.372547,1,0
1.373008,1,0
1.373024,1,0
1.373216,1,0
1.373232,1,0
1.373249,1,0
1.373391,1,0
1.373394,1,0
1.373415,1,0
1.373516,1,0
1.373575,1,0
1.373619,1,0
1.373768,1,0
1.37395,1,0
1.374102,1,0
1.374117,1,0
1.374281,1,0
1.374646,1,0
1.37471,1,0
1.374877,1,0
1.374894,1,0
1.375,37,0
1.375108,1,0
1.375154,1,0
1.375182,1,0
1.375202,1,0
1.375265,1,0
1.375712,2,0
1.376052,1,0
1.376185,1,0
1.376318,1,0
1.376751,1,0
1.377021,1,0
1.37761,1,0
1.377982,1,0
1.378471,1,0
1.378477,1,0
1.37854,1,0
1.378711,1,0
1.379055,1,0
1.379203,1,0
1.37925,1,0
1.379356,1,0
1.379798,1,0
1.379889,1,0
1.379993,1,0
1.380012,1,0
1.380031,1,0
1.38025,1,0
1.38049,1,0
1.380518,1,0
1.380735,1,0
1.380754,1,0
1.380786,1,0
1.381048,1,0
1.381479,1,0
1.381834,1,0
1.381857,1,0
1.382105,1,0
1.382398,1,0
1.382411,1,0
1.382657,1,0
1.382922,1,0
1.382927,1,0
1.383092,1,0
1.383312,1,0
1.383361,1,0
1.383665,1,0
1.383725,1,0
1.383751,1,0
1.383966,1,0
1.384176,1,0
1.384412,1,0
1.384449,1,0
1.384837,1,0
1.384915,1,0
1.385123,1,0
1.385129,1,0
1.38521,1,0
1.385305,1,0
1.385612,1,0
1.385852,1,0
1.385855,1,0
1.386208,1,0
1.386256,1,0
1.386501,1,0
1.386547,1,0
1.386968,1,0
1.386989,1,0
1.387006,1,0
1.387332,1,0
1.387481,1,0
1.387745,1,0
1.387828,1,0
1.388091,1,0
1.388277,1,0
1.388693,1,0
1.389081,1,0
1.389552,1,0
1.389823,1,0
1.389896,1,0
1.389918,1,0
1.390264,1,0
1.390346,1,0
1.390467,1,0
1.390585,1,0
1.390625,22,0
1.390831,1,0
1.390857,1,0
1.391014,1,0
1.391522,1,0
1.391622,1,0
1.391899,1,0
1.391967,1,0
1.391989,1,0
1.392577,1,0
1.392601,1,0
1.392688,1,0
1.392826,1,0
1.393091,1,0
1.393217,1,0
1.393243,1,0
1.393503,1,0
1.393537,1,0
1.393623,1,0
1.393708,1,0
1.394053,1,0
1.394193,1,0
1.394448,1,0
1.394601,1,0
1.394711,1,0
1.394933,1,0
1.395154,1,0
1.395225,1,0
1.395251,1,0
1.395419,1,0
1.395429,1,0
1.395453,1,0
1.395806,1,0
1.395817,1,0
1.395996,1,0
1.396175,1,0
1.396223,1,0
1.396419,1,0
1.396509,1,0
1.397366,1,0
1.39745,1,0
1.397568,1,0
1.397986,1,0
1.398549,1,0
1.398624,1,0
1.398715,1,0
1.399005,1,0
1.399006,1,0
1.399256,1,0
1.399359,1,0
1.399654,1,0
1.399773,1,0
1.399793,1,0
1.399825,1,0
1.400109,1,0
1.400187,1,0
1.400488,1,0
1.400545,1,0
1.40067,1,0
1.400675,1,0
1.400925,1,0
1.401675,1,0
1.401752,1,0
1.401762,1,0
1.401826,1,0
1.401992,1,0
1.402101,1,0
1.402106,1,0
1.402136,1,0
1.402361,1,0
1.40289,1,0
1.402905,1,0
1.403277,1,0
1.40329,1,0
1.40361,1,0
1.403624,1,0
1.403703,1,0
1.403796,1,0
1.404113,1,0
1.404168,1,0
1.404259,1,0
1.40442,1,0
1.404712,1,0
1.404781,1,0
1.404808,1,0
1.404867,1,0
1.405474,1,0
1.405686,1,0
1.405736,1,0
1.40615,1,0
1.40625,30,0
1.40628,1,0
1.406499,1,0
1.406722,1,0
1.406838,1,0
1.407036,1,0
1.407211,1,0
1.407316,1,0
1.4074,1,0
1.407803,1,0
1.407847,1,0
1.407868,1,0
1.408236,1,0
1.408249,1,0
1.408365,1,0
1.409056,1,0
1.409083,1,0
1.409301,1,0
1.409676,1,0
1.409784,1,0
1.409853,1,0
1.410107,1,0
1.410436,1,0
1.410551,1,0
1.410706,1,0
1.410893,1,0
1.4109,1,0
1.410945,1,0
1.410991,1,0
1.411314,1,0
1.411481,1,0
1.411557,1,0
1.411674,1,0
1.41174,1,0
1.411753,1,0
1.411779,1,0
1.411927,1,0
1.412133,1,0
1.412135,1,0
1.412154,1,0
1.412309,1,0
1.412402,1,0
1.412463,1,0
1.412494,1,0
1.412555,1,0
1.412672,1,0
1.412708,1,0
1.412736,1,0
1.412801,1,0
1.413216,1,0
1.413402,1,0
1.413483,1,0
1.413916,1,0
1.413972,1,0
1.414051,1,0
1.414571,1,0
1.414678,1,0
1.414735,1,0
1.414834,1,0
1.414927,1,0
1.414972,1,0
1.415061,1,0
1.415077,1,0
1.415343,1,0
1.415372,1,0
1.415528,1,0
1.415585,1,0
1.415658,1,0
1.415805,1,0
1.416176,1,0
1.416365,1,0
1.416369,1,0
1.416528,1,0
1.41689,1,0
1.416893,1,0
1.416911,1,0
1.416912,1,0
1.416966,1,0
1.417023,1,0
1.417082,1,0
1.417106,1,0
1.417383,1,0
1.417458,1,0
1.417526,1,0
1.417607,1,0
1.417626,1,0
1.417888,1,0
1.41789,1,0
1.417999,1,0
1.418559,1,0
1.418747,1,0
1.418859,1,0
1.419027,1,0
1.419123,1,0
1.419139,1,0
1.419247,1,0
1.419585,1,0
1.419729,1,0
1.420035,1,0
1.420238,1,0
1.420349,1,0
1.4204,1,0
1.420409,1,0
1.420416,1,0
1.420537,1,0
1.420822,1,0
1.420908,1,0
1.421295,1,0
1.421376,1,0
1.421656,1,0
1.421757,1,0
1.421813,1,0
1.421859,1,0
1.421875,28,0
1.422124,1,0
1.422436,1,0
1.422571,1,0
1.4227,1,0
1.422937,1,0
1.423223,1,0
1.423268,1,0
1.423401,1,0
1.423533,1,0
1.423862,1,0
1.423963,1,0
1.423966,1,0
1.424075,1,0
1.424563,1,0
1.424681,1,0
1.424754,1,0
1.424855,1,0
1.424866,1,0
1.424884,1,0
1.424981,1,0
1.425175,1,0
1.425198,1,0
1.425257,1,0
1.425424,1,0
1.425903,1,0
1.425948,1,0
1.426104,1,0
1.426336,1,0
1.426506,1,0
1.426534,1,0
1.426635,1,0
1.426692,1,0
1.42674,1,0
1.427183,1,0
1.427378,1,0
1.427442,1,0
1.427629,1,0
1.427699,1,0
1.427734,1,0
1.428619,1,0
1.428641,1,0
1.428713,1,0
1.42873,1,0
1.428742,1,0
1.428805,1,0
1.42885,1,0
1.428887,1,0
1.429124,1,0
1.429451,1,0
1.42948,1,0
1.429493,1,0
1.42961,1,0
1.429861,1,0
1.430123,1,0
1.430424,1,0
1.430667,1,0
1.430697,1,0
1.430781,1,0
1.431219,1,0
1.431428,1,0
1.431441,1,0
1.431629,1,0
1.431649,1,0
1.431827,1,0
1.431911,2,0
1.432087,1,0
1.43216,1,0
1.432678,1,0
1.433273,1,0
1.433407,1,0
1.433608,1,0
1.433961,1,0
1.434168,1,0
1.434281,1,0
1.434371,1,0
1.434582,1,0
1.434915,1,0
1.435282,1,0
1.435349,1,0
1.436064,1,0
1.436144,1,0
1.436204,1,0
1.436323,1,0
1.436339,1,0
1.436605,1,0
1.437091,1,0
1.437272,1,0
1.437477,1,0
1.4375,25,0
1.437725,1,0
1.437741,1,0
1.437749,1,0
1.437996,1,0
1.438264,1,0
1.43827,1,0
1.438301,1,0
1.438363,1,0
1.438448,1,0
1.438549,1,0
1.438659,1,0
1.439255,1,0
1.439526,1,0
1.439616,1,0
1.439698,1,0
1.43972,1,0
1.439726,1,0
1.439754,1,0
1.440411,1,0
1.440586,1,0
1.440734,1,0
1.440889,1,0
1.441008,1,0
1.441175,1,0
1.441213,1,0
1.441367,1,0
1.441973,1,0
1.44215,1,0
1.442445,1,0
1.442517,1,0
1.442543,1,0
1.443006,1,0
1.443136,1,0
1.443195,1,0
1.443264,1,0
1.443395,1,0
1.44353,1,0
1.44358,1,0
1.443606,1,0
1.443692,1,0
1.443742,1,0
1.444006,1,0
1.444022,1,0
1.444587,1,0
1.444603,1,0
1.444704,1,0
1.444948,1,0
1.445059,1,0
1.445411,1,0
1.445434,1,0
1.445493,1,0
1.445575,1,0
1.445737,1,0
1.445836,1,0
1.44616,1,0
1.446259,1,0
1.446285,1,0
1.446452,1,0
1.446708,1,0
1.446967,1,0
1.447004,1,0
1.44719,1,0
1.447478,1,0
1.447561,1,0
1.447874,1,0
1.448017,1,0
1.448554,1,0
1.44888,1,0
1.448893,1,0
1.448924,1,0
1.449312,1,0
1.449361,1,0
1.449476,1,0
1.449613,1,0
1.450063,1,0
1.450524,1,0
1.450535,1,0
1.450747,1,0
1.450749,1,0
1.450833,1,0
1.451312,1,0
1.451584,1,0
1.451621,1,0
1.451653,1,0
1.451814,1,0
1.451942,1,0
1.452183,1,0
1.452368,1,0
1.452406,1,0
1.452418,1,0
1.452467,1,0
1.452544,1,0
1.453089,1,0
1.453125,36,0
1.453226,1,0
1.453444,1,0
1.453542,1,0
1.453547,1,0
1.453924,1,0
1.453926,1,0
1.453954,1,0
1.453961,1,0
1.453963,1,0
1.45403,1,0
1.454347,1,0
1.454562,1,0
1.454682,1,0
1.454787,1,0
1.454866,1,0
1.454918,1,0
1.455162,1,0
1.455285,1,0
1.455314,1,0
1.455354,1,0
1.455365,1,0
1.455449,1,0
1.455727,1,0
1.455736,1,0
1.456012,1,0
1.456074,1,0
1.456089,1,0
1.456195,1,0
1.456495,1,0
1.456573,1,0
1.456647,1,0
1.456716,1,0
1.456737,1,0
1.456755,1,0
1.45684,1,0
1.456988,1,0
1.457092,1,0
1.457291,1,0
1.45749,1,0
1.457604,1,0
1.457718,1,0
1.457721,1,0
1.457801,1,0
1.458083,1,0
1.458331,1,0
1.458761,1,0
1.459072,1,0
1.459244,1,0
1.459672,1,0
1.459681,1,0
1.459716,1,0
1.459754,1,0
1.459787,1,0
1.459968,1,0
1.46002,1,0
1.46046,1,0
1.460515,1,0
1.460582,1,0
1.460595,1,0
1.460599,1,0
1.460672,1,0
1.460921,1,0
1.461013,1,0
1.461034,1,0
1.461035,1,0
1.461061,1,0
1.461231,1,0
1.461247,1,0
1.461297,1,0
1.461445,1,0
1.461458,1,0
1.461688,1,0
1.462055,1,0
1.462322,1,0
1.462864,1,0
1.463146,1,0
1.46317,1,0
1.463444,1,0
1.46381,1,0
1.463905,1,0
1.464451,1,0
1.465389,1,0
1.466068,1,0
1.466202,1,0
1.466302,1,0
1.466364,1,0
1.466412,1,0
1.466517,1,0
1.466688,1,0
1.466876,1,0
1.466929,1,0
1.466935,1,0
1.46706,1,0
1.467257,1,0
1.467338,1,0
1.467532,1,0
1.467731,1,0
1.467781,1,0
1.46807,1,0
1.468141,1,0
1.468194,1,0
1.468277,1,0
1.468309,1,0
1.46875,55,0
1.468848,1,0
1.468863,1,0
1.469269,1,0
1.469361,1,0
1.469693,1,0
1.469731,1,0
1.470034,1,0
1.470119,1,0
1.47016,1,0
1.470279,1,0
1.470316,1,0
1.470553,1,0
1.470577,1,0
1.470677,1,0
1.470801,1,0
1.470809,1,0
1.471021,1,0
1.471047,1,0
1.471169,1,0
1.471226,1,0
1.471394,1,0
1.47141,1,0
1.471417,1,0
1.471561,1,0
1.471801,1,0
1.472006,1,0
1.472007,1,0
1.472215,1,0
1.472307,1,0
1.47246,1,0
1.472483,1,0
1.472686,1,0
1.472963,1,0
1.473048,1,0
1.473198,1,0
1.473208,1,0
1.473233,1,0
1.473258,1,0
1.473289,1,0
1.473591,1,0
1.473957,1,0
1.474296,1,0
1.474306,1,0
1.47436,1,0
1.474557,1,0
1.47459,1,0
1.474656,1,0
1.47481,1,0
1.475624,1,0
1.475749,1,0
1.476141,1,0
1.47701,1,0
1.477031,1,0
1.477149,1,0
1.477367,1,0
1.477615,1,0
1.477814,1,0
1.47797,1,0
1.478595,1,0
1.478717,1,0
1.478893,1,0
1.478948,1,0
1.479307,1,0
1.47939,1,0
1.479609,1,0
1.480051,1,0
1.480131,1,0
1.480349,1,0
1.480359,1,0
1.480398,1,0
1.480406,1,0
1.480418,1,0
1.480485,1,0
1.480557,1,0
1.480744,1,0
1.480785,1,0
1.480821,1,0
1.481036,1,0
1.481138,1,0
1.481214,1,0
1.481423,1,0
1.481482,1,0
1.481489,1,0
1.481749,1,0
1.481807,1,0
1.481892,1,0
1.482064,1,0
1.482301,1,0
1.482317,1,0
1.482428,1,0
1.482689,1,0
1.48271,1,0
1.482791,1,0
1.482865,1,0
1.482949,1,0
1.483073,1,0
1.483292,1,0
1.483416,1,0
1.483595,1,0
1.483641,1,0
1.483723,1,0
1.48394,1,0
1.484047,1,0
1.484135,1,0
1.484277,1,0
1.484358,1,0
1.484375,45,0
1.484481,1,0
1.484596,1,0
1.48476,1,0
1.484876,1,0
1.484959,1,0
1.485275,1,0
1.485374,1,0
1.485477,1,0
1.485632,1,0
1.485706,1,0
1.485982,1,0
1.486186,1,0
1.486311,1,0
1.486351,1,0
1.486392,1,0
1.486572,1,0
1.486952,1,0
1.487085,1,0
1.487178,1,0
1.487432,1,0
1.487457,1,0
1.487517,1,0
1.487538,1,0
1.487893,1,0
1.488082,1,0
1.488134,1,0
1.488151,1,0
1.488376,1,0
1.488781,1,0
1.489083,1,0
1.489265,1,0
1.489375,1,0
1.489628,1,0
1.489707,1,0
1.490041,1,0
1.490178,1,0
1.490256,1,0
1.490347,1,0
1.490478,1,0
1.490499,1,0
1.490534,1,0
1.490747,1,0
1.490763,1,0
1.490812,1,0
1.490851,1,0
1.490915,1,0
1.490961,1,0
1.491076,1,0
1.491082,1,0
1.491188,1,0
1.491214,1,0
1.491273,1,0
1.49134,1,0
1.491442,1,0
1.491484,1,0
1.491753,1,0
1.491818,1,0
1.49198,1,0
1.492012,1,0
1.492032,1,0
1.492061,1,0
1.492077,1,0
1.49208,1,0
1.492086,1,0
1.492267,1,0
1.492528,1,0
1.492789,1,0
1.493142,1,0
1.493158,1,0
1.4932,1,0
1.493567,1,0
1.493619,1,0
1.493903,1,0
1.494091,1,0
1.494107,1,0
1.494162,1,0
1.494251,1,0
1.494425,1,0
1.494457,1,0
1.494619,1,0
1.494749,1,0
1.495032,1,0
1.495063,1,0
1.495091,1,0
1.495191,1,0
1.495199,1,0
1.495301,1,0
1.495527,1,0
1.495711,1,0
1.495741,1,0
1.495829,1,0
1.496048,1,0
1.49605,1,0
1.496102,1,0
1.496206,1,0
1.49657,1,0
1.496653,1,0
1.496759,1,0
1.496781,1,0
1.496795,1,0
1.496945,1,0
1.497067,1,0
1.497413,1,0
1.497545,1,0
1.497764,1,0
1.49804,1,0
1.498077,1,0
1.498627,1,0
1.498796,1,0
1.498882,1,0
1.498932,1,0
1.499054,1,0
1.499112,1,0
1.499127,1,0
1.499139,1,0
1.499456,1,0
1.499509,1,0
1.499981,1,0
1.5,67,0
1.50014,1,0
1.500155,1,0
1.50031,1,0
1.500331,1,0
1.500408,1,0
1.500491,1,0
1.500614,1,0
1.500985,1,0
1.501173,1,0
1.501195,1,0
1.501406,1,0
1.501534,1,0
1.501607,1,0
1.501755,1,0
1.501851,1,0
1.501981,1,0
1.502493,1,0
1.502713,1,0
1.502803,1,0
1.503085,1,0
1.503163,1,0
1.503196,1,0
1.503254,1,0
1.50326,1,0
1.503343,1,0
1.50336,1,0
1.503421,1,0
1.503463,1,0
1.503551,1,0
1.504139,1,0
1.504287,1,0
1.504328,1,0
1.504423,1,0
1.504593,1,0
1.504599,1,0
1.504616,1,0
1.504634,1,0
1.504667,1,0
1.504675,1,0
1.504845,1,0
1.504848,1,0
1.504939,1,0
1.50507,1,0
1.505389,1,0
1.505743,1,0
1.505831,1,0
1.505857,1,0
1.506121,1,0
1.506216,1,0
1.506331,1,0
1.506694,1,0
1.506736,1,0
1.506775,1,0
1.506793,1,0
1.506834,1,0
1.50689,1,0
1.507043,1,0
1.507266,1,0
1.507497,1,0
1.507765,1,0
1.507844,1,0
1.508116,1,0
1.508273,1,0
1.508277,1,0
1.508375,1,0
1.508487,1,0
1.508545,1,0
1.508687,1,0
1.508899,1,0
1.50917,1,0
1.509175,1,0
1.510029,1,0
1.510063,1,0
1.510196,1,0
1.510208,1,0
1.51031,1,0
1.510379,1,0
1.510464,1,0
1.510499,1,0
1.510535,1,0
1.510582,1,0
1.510776,1,0
1.511107,1,0
1.511219,1,0
1.511396,1,0
1.51159,1,0
1.512204,1,0
1.51261,1,0
1.512851,1,0
1.51293,1,0
1.512966,1,0
1.513119,1,0
1.51314,1,0
1.513272,1,0
1.513462,1,0
1.513744,1,0
1.514177,1,0
1.514429,1,0
1.514431,1,0
1.514786,1,0
1.51483,1,0
1.514875,1,0
1.515512,1,0
1.51555,1,0
1.515625,32,0
1.515837,1,0
1.515944,1,0
1.516232,1,0
1.516485,1,0
1.516561,1,0
1.516675,1,0
1.516809,1,0
1.516842,1,0
1.517091,1,0
1.517347,1,0
1.517717,1,0
1.517946,1,0
1.518065,1,0
1.518082,1,0
1.518321,1,0
1.518387,1,0
1.518652,1,0
1.518666,1,0
1.518772,1,0
1.518897,1,0
1.519134,1,0
1.519244,1,0
1.519527,1,0
1.519757,1,0
1.519758,1,0
1.519795,1,0
1.520213,1,0
1.52022,1,0
1.520369,1,0
1.520592,1,0
1.520974,1,0
1.521342,1,0
1.521566,1,0
1.521707,1,0
1.521914,1,0
1.522009,1,0
1.522305,1,0
1.522337,1,0
1.522437,1,0
1.522656,1,0
1.522807,1,0
1.522952,1,0
1.523035,1,0
1.523148,1,0
1.5241,1,0
1.524271,1,0
1.524362,1,0
1.524583,1,0
1.524662,1,0
1.524838,1,0
1.524935,1,0
1.524976,1,0
1.525094,1,0
1.525199,1,0
1.52524,1,0
1.525322,1,0
1.525564,1,0
1.525652,1,0
1.526182,1,0
1.526572,1,0
1.527077,1,0
1.527116,1,0
1.527547,1,0
1.527579,1,0
1.52837,1,0
1.528512,1,0
1.528576,1,0
1.52863,1,0
1.528631,1,0
1.52876,1,0
1.528809,1,0
1.528958,1,0
1.529097,1,0
1.529354,1,0
1.529769,1,0
1.529936,1,0
1.5301,1,0
1.530448,1,0
1.530548,1,0
1.530836,1,0
1.530901,1,0
1.531011,1,0
1.531134,1,0
1.53119,1,0
1.531226,1,0
1.53125,21,0
1.531332,1,0
1.531533,1,0
1.531783,1,0
1.531847,1,0
1.53227,1,0
1.53234,1,0
1.532343,1,0
1.532857,1,0
1.53379,1,0
1.533915,1,0
1.533924,1,0
1.533939,1,0
1.534616,1,0
1.534706,1,0
1.534998,1,0
1.535242,1,0
1.535457,1,0
1.535567,1,0
1.535655,1,0
1.535671,1,0
1.535688,1,0
1.53579,1,0
1.535923,1,0
1.535969,1,0
1.536195,1,0
1.536603,1,0
1.536724,1,0
1.536763,1,0
1.536924,1,0
1.536926,1,0
1.537008,1,0
1.537061,1,0
1.537394,1,0
1.537418,1,0
1.53747,1,0
1.537642,1,0
1.537662,1,0
1.537884,1,0
1.538236,1,0
1.538323,1,0
1.538465,1,0
1.53864,1,0
1.53905,1,0
1.539592,1,0
1.539596,1,0
1.539687,1,0
1.54022,1,0
1.540458,1,0
1.540905,1,0
1.540998,1,0
1.541008,1,0
1.54111,1,0
1.541136,1,0
1.541339,1,0
1.541563,1,0
1.541589,1,0
1.541661,1,0
1.542061,1,0
1.543966,1,0
1.54413,1,0
1.544191,1,0
1.544727,1,0
1.544884,1,0
1.545006,1,0
1.545133,1,0
1.545155,1,0
1.545711,1,0
1.54591,1,0
1.545966,1,0
1.546287,1,0
1.546703,1,0
1.546875,31,0
1.546889,1,0
1.547042,1,0
1.547137,1,0
1.547252,1,0
1.547313,1,0
1.547339,1,0
1.547607,1,0
1.548047,1,0
1.548079,1,0
1.548116,1,0
1.548242,1,0
1.548361,1,0
1.548482,1,0
1.548927,1,0
1.549114,1,0
1.549257,1,0
1.549516,1,0
1.549658,1,0
1.549706,1,0
1.55048,1,0
1.550892,1,0
1.550948,1,0
1.550967,1,0
1.550986,1,0
1.551528,1,0
1.552087,1,0
1.552165,1,0
1.552367,1,0
1.552451,1,0
1.552766,1,0
1.552826,1,0
1.553012,1,0
1.553026,1,0
1.553071,1,0
1.553204,1,0
1.553216,1,0
1.553336,1,0
1.553349,1,0
1.553553,1,0
1.553588,1,0
1.553592,1,0
1.553661,1,0
1.553962,1,0
1.554109,1,0
1.554367,1,0
1.55442,1,0
1.554427,1,0
1.554441,1,0
1.554596,1,0
1.555045,1,0
1.555208,1,0
1.555538,1,0
1.55606,1,0
1.556215,1,0
1.556236,1,0
1.556762,1,0
1.556853,1,0
1.556996,1,0
1.557429,1,0
1.557474,1,0
1.557601,1,0
1.557742,1,0
1.557786,1,0
1.557863,1,0
1.557871,1,0
1.557909,1,0
1.557974,1,0
1.558041,1,0
1.55814,1,0
1.558153,1,0
1.558355,1,0
1.558543,1,0
1.558772,1,0
1.55929,1,0
1.559835,1,0
1.559867,1,0
1.560172,1,0
1.560426,1,0
1.560766,1,0
1.560952,1,0
1.560962,1,0
1.560973,1,0
1.561081,1,0
1.561416,1,0
1.561464,1,0
1.561682,1,0
1.561744,1,0
1.561947,1,0
1.562081,1,0
1.562093,1,0
1.562242,1,0
1.562249,1,0
1.562258,1,0
1.562355,1,0
1.562383,1,0
1.562428,1,0
1.56248,1,0
1.5625,22,0
1.562906,1,0
1.562952,1,0
1.563149,1,0
1.563544,1,0
1.563571,1,0
1.563748,1,0
1.563881,1,0
1.563891,1,0
1.5639,1,0
1.563962,1,0
1.563969,1,0
1.564083,1,0
1.564107,1,0
1.564216,1,0
1.564293,1,0
1.564361,1,0
1.564499,1,0
1.564539,1,0
1.564659,1,0
1.564837,1,0
1.564896,1,0
1.565231,1,0
1.565843,1,0
1.566784,1,0
1.566844,1,0
1.566904,1,0
1.566906,1,0
1.566951,1,0
1.566971,1,0
1.567759,1,0
1.567813,1,0
1.568074,1,0
1.568472,1,0
1.568633,1,0
1.568637,1,0
1.568676,1,0
1.568733,1,0
1.568817,1,0
1.568855,1,0
1.56889,1,0
1.569034,1,0
1.569104,1,0
1.569302,1,0
1.569309,2,0
1.569346,1,0
1.569614,1,0
1.569772,1,0
1.569914,1,0
1.57008,1,0
1.570089,1,0
1.570198,1,0
1.570215,1,0
1.57064,1,0
1.570917,1,0
1.571046,1,0
1.571108,1,0
1.571111,1,0
1.571141,1,0
1.571439,1,0
1.571867,1,0
1.571946,1,0
1.572009,1,0
1.572042,1,0
1.572368,1,0
1.572477,1,0
1.572869,1,0
1.572882,1,0
1.573037,1,0
1.573103,1,0
1.573384,1,0
1.57342,1,0
1.573842,1,0
1.573912,1,0
1.5742,1,0
1.574483,1,0
1.574746,1,0
1.57481,1,0
1.574877,1,0
1.575105,1,0
1.57526,1,0
1.575381,1,0
1.575383,1,0
1.575507,1,0
1.575785,1,0
1.57612,1,0
1.5762,1,0
1.576612,1,0
1.576754,1,0
1.577095,1,0
1.577208,1,0
1.577468,1,0
1.577534,1,0
1.577554,1,0
1.577799,1,0
1.577915,1,0
1.577949,1,0
1.578,1,0
1.578125,48,0
1.578335,1,0
1.578364,1,0
1.578386,1,0
1.578863,1,0
1.578874,1,0
1.578983,1,0
1.57947,1,0
1.579547,1,0
1.579635,1,0
1.579701,1,0
1.579821,1,0
1.58006,1,0
1.580143,1,0
1.580406,1,0
1.580613,1,0
1.580879,1,0
1.58112,1,0
1.581202,1,0
1.581315,1,0
1.581484,1,0
1.581561,1,0
1.581609,1,0
1.581752,1,0
1.581761,1,0
1.581899,1,0
1.581952,1,0
1.581954,1,0
1.582232,1,0
1.58256,1,0
1.582594,1,0
1.582913,1,0
1.58314,1,0
1.583211,1,0
1.583281,1,0
1.583331,1,0
1.583444,1,0
1.583748,1,0
1.583893,1,0
1.583978,1,0
1.584182,1,0
1.584212,1,0
1.584402,1,0
1.584533,1,0
1.584875,1,0
1.585062,1,0
1.585369,1,0
1.585419,1,0
1.585702,1,0
1.585794,1,0
1.585849,1,0
1.586083,1,0
1.58677,1,0
1.586886,1,0
1.587106,1,0
1.58752,1,0
1.588005,1,0
1.588182,1,0
1.588358,1,0
1.588746,1,0
1.588843,1,0
1.588868,1,0
1.588901,1,0
1.588909,1,0
1.589206,1,0
1.589448,1,0
1.589479,1,0
1.589586,1,0
1.589598,1,0
1.589669,1,0
1.589696,1,0
1.59013,1,0
1.590325,1,0
1.590331,1,0
1.590712,1,0
1.59084,1,0
1.591011,1,0
1.591281,1,0
1.591506,1,0
1.59152,1,0
1.591717,1,0
1.592057,1,0
1.59232,1,0
1.592509,1,0
1.592658,1,0
1.592765,1,0
1.593066,1,0
1.593139,1,0
1.593444,1,0
1.593461,1,0
1.593628,1,0
1.59375,45,0
1.593822,1,0
1.5939,1,0
1.59414,1,0
1.594249,1,0
1.59427,1,0
1.594345,1,0
1.594821,1,0
1.594842,1,0
1.594866,1,0
1.595461,1,0
1.595507,1,0
1.595617,1,0
1.595683,1,0
1.59582,1,0
1.595823,1,0
1.596076,1,0
1.596079,1,0
1.596081,1,0
1.596231,1,0
1.596673,1,0
1.597275,1,0
1.597423,1,0
1.597513,1,0
1.597552,1,0
1.597662,1,0
1.597792,1,0
1.597879,1,0
1.59823,1,0
1.598262,1,0
1.598894,1,0
1.599032,1,0
1.599244,1,0
1.59935,1,0
1.599426,1,0
1.599491,1,0
1.599516,1,0
1.599914,1,0
1.599929,1,0
1.599988,1,0
1.600098,1,0
1.600305,1,0
1.600876,1,0
1.600951,1,0
1.600965,1,0
1.601153,1,0
1.60146,1,0
1.60187,1,0
1.601999,1,0
1.602001,1,0
1.602152,1,0
1.602157,1,0
1.602348,1,0
1.602351,1,0
1.602401,1,0
1.602514,1,0
1.60293,1,0
1.603044,1,0
1.603278,1,0
1.603581,1,0
1.60364,1,0
1.603644,1,0
1.603701,1,0
1.603999,1,0
1.604226,1,0
1.604228,1,0
1.604328,1,0
1.60439,1,0
1.60481,1,0
1.604995,1,0
1.605013,1,0
1.605228,1,0
1.605349,1,0
1.60543,1,0
1.60561,1,0
1.605613,1,0
1.605688,1,0
1.605694,1,0
1.60589,1,0
1.60617,1,0
1.6065,1,0
1.606508,1,0
1.606562,1,0
1.606765,1,0
1.606793,1,0
1.607026,1,0
1.607267,1,0
1.607537,1,0
1.60795,1,0
1.608055,1,0
1.608089,1,0
1.608246,1,0
1.608298,1,0
1.608309,1,0
1.60837,1,0
1.608823,1,0
1.608867,1,0
1.609148,1,0
1.60936,1,0
1.609375,44,0
1.609385,1,0
1.609771,1,0
1.609781,1,0
1.610273,1,0
1.61044,1,0
1.610455,1,0
1.610713,1,0
1.610999,1,0
1.611409,1,0
1.61143,1,0
1.611487,1,0
1.611519,1,0
1.611819,1,0
1.611955,1,0
1.612225,1,0
1.612461,1,0
1.612805,1,0
1.613287,1,0
1.613533,1,0
1.613864,1,0
1.613977,1,0
1.614178,1,0
1.614189,1,0
1.614461,1,0
1.61449,1,0
1.614619,1,0
1.61464,1,0
1.614724,1,0
1.614966,1,0
1.61499,1,0
1.615354,1,0
1.615376,1,0
1.615492,1,0
1.615501,1,0
1.615536,1,0
1.615545,1,0
1.615587,1,0
1.615877,1,0
1.615906,1,0
1.616437,1,0
1.61647,1,0
1.616497,1,0
1.61656,1,0
1.616646,1,0
1.616689,1,0
1.616806,1,0
1.617241,1,0
1.617289,1,0
1.617454,1,0
1.617464,1,0
1.617465,1,0
1.617804,1,0
1.617928,1,0
1.61794,1,0
1.618046,1,0
1.618228,1,0
1.618344,1,0
1.619169,1,0
1.619177,1,0
1.619295,1,0
1.6194,1,0
1.619674,1,0
1.620131,1,0
1.620273,1,0
1.620305,1,0
1.620558,1,0
1.620742,1,0
1.620764,1,0
1.620877,1,0
1.62131,1,0
1.621457,1,0
1.621566,1,0
1.621702,1,0
1.621947,1,0
1.622752,1,0
1.622823,1,0
1.622897,1,0
1.623217,1,0
1.623405,1,0
1.62348,1,0
1.623484,1,0
1.623505,1,0
1.623526,1,0
1.623671,1,0
1.623691,1,0
1.623703,1,0
1.623798,1,0
1.624193,1,0
1.624224,1,0
1.624262,1,0
1.624463,1,0
1.624976,1,0
1.625,58,0
1.625218,1,0
1.625464,1,0
1.625619,1,0
1.625648,1,0
1.625766,1,0
1.625992,1,0
1.626068,1,0
1.626154,1,0
1.626248,1,0
1.626378,1,0
1.626701,1,0
1.626727,1,0
1.626813,1,0
1.626825,1,0
1.626972,1,0
1.627187,1,0
1.627269,1,0
1.627601,1,0
1.6277,1,0
1.627777,1,0
1.627949,1,0
1.628,1,0
1.628192,1,0
1.628504,1,0
1.62857,1,0
1.628586,1,0
1.628652,1,0
1.628738,1,0
1.629162,1,0
1.629217,1,0
1.629312,1,0
1.629475,1,0
1.629522,1,0
1.629663,1,0
1.629771,1,0
1.630391,1,0
1.6307,1,0
1.630778,1,0
1.630858,1,0
1.630918,1,0
1.631063,1,0
1.631193,1,0
1.631212,1,0
1.631488,1,0
1.631555,1,0
1.631672,1,0
1.631674,1,0
1.631977,1,0
1.632033,1,0
1.632404,1,0
1.632548,1,0
1.632554,1,0
1.632567,1,0
1.633034,1,0
1.633042,1,0
1.633227,1,0
1.633375,1,0
1.634281,1,0
1.634394,1,0
1.634405,1,0
1.634502,1,0
1.634555,1,0
1.6348,1,0
1.635877,1,0
1.636007,1,0
1.636221,1,0
1.636403,1,0
1.636622,1,0
1.636754,1,0
1.636828,1,0
1.636875,1,0
1.636972,1,0
1.637151,1,0
1.637266,1,0
1.637609,1,0
1.637648,1,0
1.637767,1,0
1.637971,1,0
1.638035,1,0
1.638039,1,0
1.638086,1,0
1.638258,1,0
1.639285,1,0
1.639684,1,0
1.640018,1,0
1.640312,1,0
1.64042,1,0
1.640565,1,0
1.640625,46,0
1.641131,1,0
1.64131,1,0
1.641514,1,0
1.64194,1,0
1.642758,1,0
1.642978,1,0
1.64308,1,0
1.643467,1,0
1.64362,1,0
1.643743,1,0
1.644329,1,0
1.644385,1,0
1.644479,1,0
1.644504,1,0
1.644808,1,0
1.644816,1,0
1.6449,1,0
1.644913,1,0
1.644977,1,0
1.645118,1,0
1.645387,1,0
1.645763,1,0
1.646054,1,0
1.646138,1,0
1.64619,1,0
1.64638,1,0
1.646483,1,0
1.64649,1,0
1.646577,1,0
1.646746,1,0
1.646984,1,0
1.647156,1,0
1.647208,1,0
1.647313,1,0
1.647578,1,0
1.647631,1,0
1.647895,1,0
1.647899,1,0
1.647911,1,0
1.648052,1,0
1.648358,1,0
1.648381,1,0
1.648553,1,0
1.649087,1,0
1.649138,1,0
1.649412,1,0
1.649624,1,0
1.649689,1,0
1.649983,1,0
1.650348,1,0
1.650536,1,0
1.651033,1,0
1.651108,1,0
1.651152,1,0
1.651189,1,0
1.651294,1,0
1.651351,1,0
1.6514,1,0
1.651501,1,0
1.651653,1,0
1.651752,1,0
1.652253,1,0
1.652506,1,0
1.652576,1,0
1.652839,1,0
1.653207,1,0
1.653221,1,0
1.653356,1,0
1.65343,1,0
1.65377,1,0
1.653829,1,0
1.654039,1,0
1.654046,1,0
1.654096,1,0
1.654264,1,0
1.654475,1,0
1.654568,1,0
1.65461,1,0
1.655087,1,0
1.655223,1,0
1.655225,1,0
1.655683,1,0
1.65625,42,0
1.656759,1,0
1.656897,1,0
1.657137,1,0
1.657154,1,0
1.657179,1,0
1.657227,1,0
1.657319,1,0
1.657384,1,0
1.657484,1,0
1.657925,1,0
1.658151,1,0
1.65845,1,0
1.658621,1,0
1.658884,1,0
1.659746,1,0
1.659924,1,0
1.660174,1,0
1.6603,1,0
1.660346,1,0
1.660591,1,0
1.660745,1,0
1.661141,1,0
1.661192,1,0
1.661331,1,0
1.661722,1,0
1.662225,1,0
1.662248,1,0
1.662316,1,0
1.662337,1,0
1.662526,1,0
1.662856,1,0
1.66303,1,0
1.66324,1,0
1.663525,1,0
1.66353,1,0
1.664036,1,0
1.664048,1,0
1.664233,1,0
1.664274,1,0
1.664548,1,0
1.664628,1,0
1.664667,1,0
1.664746,1,0
1.664808,1,0
1.665106,1,0
1.665242,1,0
1.665759,1,0
1.665831,1,0
1.665844,1,0
1.665889,1,0
1.665949,1,0
1.666311,1,0
1.666406,1,0
1.666569,1,0
1.667696,1,0
1.667789,1,0
1.668097,1,0
1.668207,1,0
1.66832,1,0
1.668453,1,0
1.66861,1,0
1.668766,1,0
1.668954,1,0
1.668965,1,0
1.669057,1,0
1.669268,1,0
1.669392,1,0
1.669407,1,0
1.669969,1,0
1.670205,1,0
1.670872,1,0
1.67111,1,0
1.671139,1,0
1.67169,1,0
1.671875,34,0
1.672039,1,0
1.672951,1,0
1.673291,1,0
1.67336,1,0
1.673793,1,0
1.673798,1,0
1.673888,1,0
1.674814,1,0
1.674851,1,0
1.675513,1,0
1.675734,1,0
1.675888,1,0
1.676186,1,0
1.676391,1,0
1.676453,1,0
1.67651,1,0
1.676552,1,0
1.676802,1,0
1.676926,1,0
1.677078,1,0
1.677273,1,0
1.677296,1,0
1.677495,1,0
1.677504,1,0
1.677726,1,0
1.677993,1,0
1.67815,1,0
1.678679,1,0
1.679184,1,0
1.67923,1,0
1.679502,1,0
1.67952,1,0
1.67961,1,0
1.679696,1,0
1.679718,1,0
1.680217,1,0
1.680231,1,0
1.68032,1,0
1.680489,1,0
1.680605,1,0
1.680648,1,0
1.681184,1,0
1.681373,1,0
1.68214,1,0
1.682404,1,0
1.682461,1,0
1.682689,1,0
1.682767,1,0
1.683217,1,0
1.683432,1,0
1.6836,1,0
1.683719,1,0
1.683939,1,0
1.683962,1,0
1.684124,1,0
1.68418,1,0
1.685026,1,0
1.685069,1,0
1.68514,1,0
1.685254,1,0
1.685485,1,0
1.685562,1,0
1.685695,1,0
1.685723,1,0
1.685816,1,0
1.686166,1,0
1.686197,1,0
1.686251,1,0
1.686434,1,0
1.686783,1,0
1.686838,1,0
1.687058,1,0
1.6875,44,0
1.688231,1,0
1.688488,1,0
1.689368,1,0
1.689613,1,0
1.689648,1,0
1.689682,1,0
1.690039,1,0
1.690141,1,0
1.690449,1,0
1.69057,1,0
1.690632,1,0
1.691032,1,0
1.691062,1,0
1.69112,1,0
1.691251,1,0
1.692184,1,0
1.692206,1,0
1.692866,1,0
1.692877,1,0
1.693149,1,0
1.693453,1,0
1.6935,1,0
1.693502,1,0
1.693594,1,0
1.693655,1,0
1.693745,1,0
1.694116,1,0
1.694123,1,0
1.69457,1,0
1.694667,1,0
1.69476,1,0
1.69478,1,0
1.695355,1,0
1.695419,1,0
1.695487,1,0
1.695718,1,0
1.695874,1,0
1.695923,1,0
1.696009,1,0
1.69718,1,0
1.697387,1,0
1.697421,1,0
1.697658,1,0
1.697663,1,0
1.698226,1,0
1.698395,1,0
1.698449,1,0
1.698682,1,0
1.698709,1,0
1.698965,1,0
1.699137,1,0
1.699154,1,0
1.69919,1,0
1.699374,1,0
1.699868,1,0
1.699961,1,0
1.699999,1,0
1.700564,1,0
1.700728,1,0
1.700863,1,0
1.701127,1,0
1.701145,1,0
1.701199,1,0
1.701244,1,0
1.701424,1,0
1.701453,1,0
1.701457,1,0
1.701561,1,0
1.701719,1,0
1.701733,1,0
1.702213,1,0
1.702225,1,0
1.70251,1,0
1.702575,1,0
1.70289,1,0
1.703028,1,0
1.703125,60,0
1.70317,1,0
1.703339,1,0
1.703421,1,0
1.70399,1,0
1.704418,1,0
1.70506,1,0
1.705364,1,0
1.705634,1,0
1.705655,1,0
1.705759,1,0
1.705794,1,0
1.705835,1,0
1.706098,1,0
1.706205,1,0
1.706211,1,0
1.706243,1,0
1.706536,1,0
1.706753,1,0
1.706816,1,0
1.70704,1,0
1.707235,1,0
1.707319,1,0
1.707497,1,0
1.707769,1,0
1.707844,1,0
1.708048,1,0
1.708116,1,0
1.708497,1,0
1.708737,1,0
1.709091,1,0
1.709312,1,0
1.709413,1,0
1.70952,1,0
1.709629,1,0
1.709658,1,0
1.70983,1,0
1.710278,1,0
1.710288,1,0
1.710523,1,0
1.710709,1,0
1.710735,1,0
1.710761,1,0
1.710861,1,0
1.711095,1,0
1.711221,1,0
1.711286,1,0
1.711418,1,0
1.711908,1,0
1.712063,1,0
1.712156,1,0
1.712238,1,0
1.712646,1,0
1.712717,1,0
1.712917,1,0
1.713,1,0
1.713012,1,0
1.713595,1,0
1.713943,1,0
1.714047,1,0
1.714194,1,0
1.714245,1,0
1.71431,1,0
1.714344,1,0
1.715462,1,0
1.716117,1,0
1.716188,1,0
1.716288,1,0
1.717188,1,0
1.717374,1,0
1.717471,1,0
1.717747,1,0
1.717847,1,0
1.717878,1,0
1.718001,1,0
1.718003,1,0
1.718066,1,0
1.718125,1,0
1.718154,1,0
1.718325,1,0
1.718347,1,0
1.71841,1,0
1.718446,1,0
1.71845,1,0
1.71875,38,0
1.719216,1,0
1.719231,1,0
1.719304,1,0
1.71971,1,0
1.71981,1,0
1.719923,1,0
1.719938,1,0
1.719957,1,0
1.720137,1,0
1.720522,1,0
1.720639,1,0
1.720877,1,0
1.720945,1,0
1.720972,1,0
1.721018,1,0
1.721166,1,0
1.721262,1,0
1.721572,1,0
1.721591,1,0
1.721659,1,0
1.721671,1,0
1.722591,1,0
1.722594,1,0
1.722697,1,0
1.723105,1,0
1.723182,1,0
1.723287,1,0
1.723406,1,0
1.723974,1,0
1.724152,1,0
1.724194,1,0
1.724215,1,0
1.72422,1,0
1.724466,1,0
1.724561,1,0
1.724704,1,0
1.724813,1,0
1.724917,1,0
1.725199,1,0
1.725426,1,0
1.725489,1,0
1.725773,1,0
1.725805,1,0
1.725949,1,0
1.726187,1,0
1.726214,1,0
1.726277,1,0
1.72651,1,0
1.726682,1,0
1.726844,1,0
1.727007,1,0
1.727348,1,0
1.727378,1,0
1.727399,1,0
1.72776,1,0
1.72796,1,0
1.727971,1,0
1.728015,1,0
1.72805,1,0
1.728356,1,0
1.728358,1,0
1.728561,1,0
1.728637,1,0
1.728919,1,0
1.729345,1,0
1.729504,1,0
1.729623,1,0
1.729876,1,0
1.729902,1,0
1.730018,1,0
1.730387,1,0
1.730626,1,0
1.730761,1,0
1.731017,1,0
1.731069,1,0
1.731243,1,0
1.731247,1,0
1.731329,1,0
1.731934,1,0
1.731944,1,0
1.732006,1,0
1.732495,1,0
1.733063,1,0
1.733099,1,0
1.733189,1,0
1.73319,1,0
1.733574,1,0
1.733593,1,0
1.733645,1,0
1.733895,1,0
1.733931,1,0
1.733941,1,0
1.733979,1,0
1.734271,1,0
1.73433,1,0
1.734375,56,0
1.734538,1,0
1.734662,1,0
1.734992,1,0
1.73501,1,0
1.735335,1,0
1.735385,1,0
1.735644,1,0
1.73575,1,0
1.735805,1,0
1.735886,1,0
1.736139,1,0
1.736187,1,0
1.736208,1,0
1.73643,1,0
1.736731,1,0
1.737283,1,0
1.737293,1,0
1.737301,1,0
1.737419,1,0
1.737465,1,0
1.73755,1,0
1.737723,1,0
1.737806,1,0
1.738179,1,0
1.738192,1,0
1.738315,1,0
1.739364,1,0
1.739561,1,0
1.73965,1,0
1.739891,1,0
1.739947,1,0
1.74006,1,0
1.74083,1,0
1.741054,1,0
1.741417,1,0
1.74151,1,0
1.741512,1,0
1.741687,1,0
1.741716,1,0
1.741728,1,0
1.741882,1,0
1.742071,1,0
1.742196,1,0
1.742463,1,0
1.742526,1,0
1.743055,1,0
1.743096,1,0
1.743351,1,0
1.743374,1,0
1.743446,1,0
1.743605,1,0
1.743611,1,0
1.74363,1,0
1.743668,1,0
1.743696,1,0
1.743828,1,0
1.743853,1,0
1.744193,1,0
1.744348,1,0
1.744377,1,0
1.744669,1,0
1.744766,1,0
1.745081,1,0
1.745097,1,0
1.745132,1,0
1.745178,1,0
1.745596,1,0
1.745651,1,0
1.745905,1,0
1.746065,1,0
1.746648,1,0
1.746688,1,0
1.746988,1,0
1.747221,1,0
1.747427,1,0
1.747505,1,0
1.747591,1,0
1.747816,1,0
1.748109,1,0
1.748327,1,0
1.748394,1,0
1.748509,1,0
1.748645,1,0
1.748651,1,0
1.748653,1,0
1.748662,1,0
1.748718,1,0
1.748721,1,0
1.748811,1,0
1.749073,1,0
1.749131,1,0
1.74921,1,0
1.749606,1,0
1.749823,1,0
1.749853,1,0
1.749919,1,0
1.75,82,0
1.750018,1,0
1.75027,1,0
1.750545,1,0
1.750613,1,0
1.750802,1,0
1.750854,1,0
1.750878,1,0
1.751215,1,0
1.75138,1,0
1.751527,1,0
1.75159,1,0
1.751807,1,0
1.751989,1,0
1.752021,1,0
1.752234,1,0
1.752303,1,0
1.752332,1,0
1.75237,1,0
1.752481,1,0
1.752743,1,0
1.752761,1,0
1.75278,1,0
1.752796,1,0
1.752807,1,0
1.75304,1,0
1.753362,1,0
1.753393,1,0
1.753847,1,0
1.754022,1,0
1.754307,1,0
1.754454,1,0
1.754463,1,0
1.754715,1,0
1.754789,1,0
1.754966,1,0
1.755018,1,0
1.755388,1,0
1.755749,1,0
1.755758,1,0
1.755768,1,0
1.75613,1,0
1.756131,1,0
1.75622,1,0
1.756851,1,0
1.756969,1,0
1.75716,1,0
1.75729,1,0
1.757622,1,0
1.757623,1,0
1.757773,1,0
1.757785,1,0
1.75781,1,0
1.757815,1,0
1.757838,1,0
1.757902,1,0
1.757955,1,0
1.757964,1,0
1.758043,1,0
1.758177,1,0
1.758199,1,0
1.75853,1,0
1.758665,1,0
1.758715,1,0
1.758911,1,0
1.759155,1,0
1.759285,1,0
1.759317,1,0
1.759422,1,0
1.759628,1,0
1.759895,1,0
1.760419,1,0
1.760527,1,0
1.76056,1,0
1.760662,1,0
1.760663,1,0
1.760815,1,0
1.76113,1,0
1.76122,1,0
1.761325,1,0
1.761589,1,0
1.761659,1,0
1.761714,1,0
1.761786,1,0
1.761844,1,0
1.761937,1,0
1.762022,1,0
1.762084,1,0
1.762207,1,0
1.762411,1,0
1.762658,1,0
1.762857,1,0
1.763099,1,0
1.763451,1,0
1.763672,2,0
1.763759,1,0
1.763895,1,0
1.763993,1,0
1.76422,1,0
1.764221,1,0
1.764261,1,0
1.764373,1,0
1.765053,1,0
1.765083,1,0
1.765207,1,0
1.765625,55,0
1.765676,1,0
1.765737,1,0
1.765778,1,0
1.766229,1,0
1.766907,1,0
1.767327,1,0
1.767523,1,0
1.767709,1,0
1.767806,1,0
1.768064,1,0
1.768233,1,0
1.768322,1,0
1.768336,1,0
1.768449,1,0
1.768589,1,0
1.768604,1,0
1.76884,1,0
1.768921,1,0
1.768982,1,0
1.769219,1,0
1.769592,1,0
1.769818,1,0
1.770147,1,0
1.77032,1,0
1.770411,1,0
1.770419,1,0
1.770546,1,0
1.770786,1,0
1.770798,1,0
1.770845,1,0
1.771278,1,0
1.77179,1,0
1.771897,1,0
1.772335,1,0
1.772652,1,0
1.772747,1,0
1.772764,1,0
1.773406,1,0
1.773429,1,0
1.773647,1,0
1.773661,1,0
1.773888,1,0
1.774207,1,0
1.774209,1,0
1.774431,1,0
1.774487,1,0
1.77463,1,0
1.775013,1,0
1.775826,1,0
1.776007,1,0
1.776067,1,0
1.776118,1,0
1.776206,1,0
1.77629,1,0
1.776356,1,0
1.776383,1,0
1.776559,1,0
1.776694,1,0
1.776745,1,0
1.776763,1,0
1.7768,1,0
1.776813,1,0
1.777025,1,0
1.777239,1,0
1.777626,1,0
1.777735,1,0
1.777772,1,0
1.778162,1,0
1.778446,1,0
1.778528,1,0
1.778668,1,0
1.778688,1,0
1.778708,1,0
1.778765,1,0
1.778896,1,0
1.779335,1,0
1.77944,1,0
1.779443,1,0
1.779675,1,0
1.780177,1,0
1.780248,1,0
1.780395,1,0
1.780969,1,0
1.781011,1,0
1.781106,1,0
1.78125,53,0
1.781819,1,0
1.781954,1,0
1.782007,1,0
1.782192,1,0
1.782265,1,0
1.782329,1,0
1.782449,1,0
1.782512,1,0
1.78262,1,0
1.782856,1,0
1.783594,1,0
1.78361,1,0
1.783695,1,0
1.783969,1,0
1.784255,1,0
1.784342,1,0
1.78446,1,0
1.784482,1,0
1.784543,1,0
1.784545,1,0
1.784883,1,0
1.784898,1,0
1.785148,1,0
1.785394,1,0
1.786401,1,0
1.786591,1,0
1.787147,1,0
1.787263,1,0
1.78739,1,0
1.78758,1,0
1.787812,1,0
1.788092,1,0
1.78814,1,0
1.788364,1,0
1.788371,1,0
1.788564,1,0
1.789138,1,0
1.78924,1,0
1.789475,1,0
1.789916,1,0
1.790491,1,0
1.790542,1,0
1.790581,1,0
1.790598,1,0
1.790686,1,0
1.791565,1,0
1.792248,1,0
1.792485,1,0
1.792609,1,0
1.792788,1,0
1.793802,1,0
1.793901,1,0
1.794062,1,0
1.794064,1,0
1.794207,1,0
1.794245,1,0
1.794329,1,0
1.794426,1,0
1.794625,1,0
1.794782,1,0
1.795303,1,0
1.795626,1,0
1.795648,1,0
1.795835,1,0
1.795917,1,0
1.795982,1,0
1.796426,1,0
1.796875,35,0
1.79694,1,0
1.797077,1,0
1.797099,1,0
1.797215,1,0
1.797304,1,0
1.797411,1,0
1.797467,1,0
1.797539,1,0
1.797919,1,0
1.798414,1,0
1.798621,1,0
1.798747,1,0
1.798749,1,0
1.79902,1,0
1.799234,1,0
1.799475,1,0
1.799526,1,0
1.799641,1,0
1.799793,1,0
1.800159,1,0
1.800617,1,0
1.800634,1,0
1.801027,1,0
1.801654,1,0
1.801828,1,0
1.801898,1,0
1.802033,1,0
1.802289,1,0
1.80293,1,0
1.802946,1,0
1.803076,1,0
1.803149,1,0
1.803189,1,0
1.803291,1,0
1.80357,1,0
1.803588,1,0
1.803616,1,0
1.803649,1,0
1.803898,1,0
1.804028,1,0
1.804042,1,0
1.804321,1,0
1.804462,1,0
1.804599,1,0
1.804961,1,0
1.805016,1,0
1.805193,1,0
1.805474,1,0
1.805654,1,0
1.805691,1,0
1.805786,1,0
1.805939,1,0
1.806209,1,0
1.806649,1,0
1.806832,1,0
1.806971,1,0
1.807009,1,0
1.807014,1,0
1.807085,1,0
1.807425,1,0
1.807561,1,0
1.807717,1,0
1.807827,1,0
1.807992,1,0
1.808241,1,0
1.808572,1,0
1.809093,1,0
1.809119,1,0
1.809158,1,0
1.810015,1,0
1.810525,1,0
1.810614,1,0
1.810671,1,0
1.811186,1,0
1.811189,1,0
1.811197,1,0
1.811305,1,0
1.811582,1,0
1.811601,1,0
1.811626,1,0
1.812137,1,0
1.812191,1,0
1.812308,1,0
1.812431,1,0
1.812443,1,0
1.812467,1,0
1.8125,53,0
1.812662,1,0
1.812684,1,0
1.812795,1,0
1.812917,1,0
1.81292,1,0
1.813323,1,0
1.813399,1,0
1.813406,1,0
1.813456,1,0
1.813494,1,0
1.813508,1,0
1.81399,1,0
1.814024,1,0
1.814044,1,0
1.814239,1,0
1.814436,1,0
1.814448,1,0
1.814827,1,0
1.815162,1,0
1.815222,1,0
1.815586,1,0
1.81569,1,0
1.816124,1,0
1.816302,1,0
1.81663,1,0
1.816847,1,0
1.816936,1,0
1.817191,1,0
1.817293,1,0
1.817332,1,0
1.81741,1,0
1.817464,1,0
1.817594,1,0
1.817624,1,0
1.817759,1,0
1.817902,1,0
1.817949,1,0
1.818019,1,0
1.81804,1,0
1.818116,1,0
1.818433,1,0
1.818611,1,0
1.81922,1,0
1.819226,1,0
1.819464,1,0
1.819466,1,0
1.81965,1,0
1.819798,1,0
1.819806,1,0
1.81981,1,0
1.819939,1,0
1.81994,1,0
1.820303,1,0
1.820425,1,0
1.82058,1,0
1.820656,1,0
1.820673,1,0
1.820773,1,0
1.820777,1,0
1.820787,1,0
1.820824,1,0
1.820872,1,0
1.821763,1,0
1.822104,1,0
1.82212,1,0
1.822576,1,0
1.82271,1,0
1.822752,1,0
1.823458,1,0
1.823644,1,0
1.823679,1,0
1.824321,1,0
1.824703,1,0
1.824803,1,0
1.824996,1,0
1.824999,1,0
1.825094,1,0
1.82519,1,0
1.825513,1,0
1.825665,1,0
1.825694,1,0
1.825736,1,0
1.825871,1,0
1.825978,1,0
1.826243,1,0
1.826321,1,0
1.826757,1,0
1.827105,1,0
1.827456,1,0
1.827485,1,0
1.827566,1,0
1.827906,1,0
1.82793,1,0
1.828125,71,0
1.82819,1,0
1.828348,1,0
1.828511,1,0
1.828617,1,0
1.828664,1,0
1.828685,1,0
1.828864,1,0
1.828889,1,0
1.828905,1,0
1.82909,1,0
1.829148,1,0
1.829447,1,0
1.829472,1,0
1.829717,1,0
1.829749,1,0
1.830119,1,0
1.83038,1,0
1.83071,1,0
1.830843,1,0
1.830903,1,0
1.830994,1,0
1.83145,1,0
1.831458,1,0
1.831571,1,0
1.832082,1,0
1.83252,1,0
1.832528,1,0
1.832615,1,0
1.83298,1,0
1.833103,1,0
1.833146,1,0
1.833339,1,0
1.833501,1,0
1.833601,1,0
1.833776,1,0
1.833777,1,0
1.833856,1,0
1.834338,1,0
1.834342,1,0
1.834359,1,0
1.834414,1,0
1.834584,1,0
1.835288,1,0
1.835301,1,0
1.835361,1,0
1.835372,1,0
1.835504,1,0
1.83558,1,0
1.835653,1,0
1.835977,1,0
1.836492,1,0
1.836573,1,0
1.836648,1,0
1.837011,1,0
1.837098,1,0
1.837246,1,0
1.837404,1,0
1.837425,1,0
1.837531,1,0
1.837858,1,0
1.837947,1,0
1.838177,1,0
1.83836,1,0
1.838447,1,0
1.838501,1,0
1.83875,1,0
1.83892,1,0
1.839304,1,0
1.839395,1,0
1.839442,1,0
1.839522,1,0
1.839563,1,0
1.839606,1,0
1.839894,1,0
1.839924,1,0
1.840052,1,0
1.840508,1,0
1.840743,1,0
1.840817,1,0
1.840872,1,0
1.841056,1,0
1.841137,2,0
1.841308,1,0
1.841512,1,0
1.841618,1,0
1.841696,1,0
1.84178,1,0
1.842135,1,0
1.842141,1,0
1.842254,1,0
1.842593,1,0
1.843034,1,0
1.843041,1,0
1.843187,1,0
1.843189,1,0
1.843406,1,0
1.843663,1,0
1.84375,64,0
1.843894,1,0
1.844115,1,0
1.84424,1,0
1.84429,1,0
1.844547,1,0
1.844733,1,0
1.844826,1,0
1.845149,1,0
1.845234,1,0
1.845331,1,0
1.845476,1,0
1.845563,1,0
1.84558,1,0
1.845674,1,0
1.845727,1,0
1.845961,1,0
1.846127,1,0
1.846209,1,0
1.846251,1,0
1.846432,1,0
1.846536,1,0
1.846803,1,0
1.846847,1,0
1.846957,1,0
1.846961,1,0
1.846968,1,0
1.847323,1,0
1.847367,1,0
1.84767,1,0
1.847679,1,0
1.847717,1,0
1.847887,1,0
1.847951,1,0
1.847972,1,0
1.848224,1,0
1.848255,1,0
1.848437,1,0
1.848555,1,0
1.848561,1,0
1.848563,1,0
1.848573,1,0
1.848605,1,0
1.848672,1,0
1.848858,1,0
1.848881,1,0
1.849141,1,0
1.849176,1,0
1.849356,1,0
1.849569,1,0
1.8497,1,0
1.849733,1,0
1.849817,1,0
1.849831,1,0
1.849925,1,0
1.85018,1,0
1.850203,1,0
1.850523,1,0
1.850706,1,0
1.85072,1,0
1.850776,1,0
1.852232,1,0
1.852271,1,0
1.85229,1,0
1.852312,1,0
1.852394,1,0
1.852469,1,0
1.852525,1,0
1.852642,1,0
1.852696,1,0
1.853083,1,0
1.853236,1,0
1.85366,1,0
1.853733,1,0
1.854252,1,0
1.854688,1,0
1.854849,1,0
1.854859,1,0
1.855146,1,0
1.85537,1,0
1.855394,1,0
1.855527,1,0
1.855731,1,0
1.855891,1,0
1.855908,1,0
1.856133,1,0
1.856264,1,0
1.856418,1,0
1.856485,1,0
1.856549,1,0
1.856668,1,0
1.857067,1,0
1.857286,1,0
1.857375,1,0
1.857449,1,0
1.857565,1,0
1.857745,1,0
1.857763,1,0
1.858007,1,0
1.858404,1,0
1.858465,1,0
1.858583,1,0
1.858774,1,0
1.858805,1,0
1.858888,1,0
1.858952,1,0
1.859071,1,0
1.859166,1,0
1.859205,1,0
1.859375,79,0
1.859639,1,0
1.859641,1,0
1.859653,1,0
1.859746,1,0
1.859759,1,0
1.859843,1,0
1.860329,1,0
1.860359,1,0
1.860446,1,0
1.860542,1,0
1.860742,1,0
1.860747,1,0
1.86081,1,0
1.860883,1,0
1.860957,1,0
1.860988,1,0
1.860993,1,0
1.861009,1,0
1.861079,1,0
1.861197,1,0
1.861223,1,0
1.861404,1,0
1.861427,1,0
1.861642,1,0
1.861683,1,0
1.862309,1,0
1.862489,1,0
1.862666,1,0
1.862723,1,0
1.862735,1,0
1.86283,1,0
1.863327,1,0
1.863389,1,0
1.863462,1,0
1.863512,1,0
1.863798,1,0
1.86391,1,0
1.864279,1,0
1.86438,1,0
1.864589,1,0
1.864738,1,0
1.864857,1,0
1.865126,1,0
1.865273,1,0
1.865297,1,0
1.86532,1,0
1.865412,1,0
1.865448,1,0
1.86548,1,0
1.865614,1,0
1.865796,1,0
1.865813,1,0
1.866219,1,0
1.866299,1,0
1.866615,1,0
1.866658,1,0
1.866747,1,0
1.866951,1,0
1.867036,1,0
1.867109,1,0
1.867294,1,0
1.867363,1,0
1.867433,1,0
1.867591,1,0
1.867741,1,0
1.867928,1,0
1.868025,1,0
1.868074,1,0
1.868217,1,0
1.868468,1,0
1.868513,1,0
1.868955,1,0
1.86917,1,0
1.869282,1,0
1.869752,1,0
1.869843,1,0
1.869972,1,0
1.870101,1,0
1.870121,1,0
1.870162,1,0
1.870253,1,0
1.870441,1,0
1.870468,1,0
1.870489,1,0
1.871156,1,0
1.871188,1,0
1.871309,1,0
1.871333,1,0
1.871547,1,0
1.871611,1,0
1.871623,1,0
1.871628,1,0
1.871682,1,0
1.871697,1,0
1.871946,1,0
1.872067,1,0
1.872331,1,0
1.872456,1,0
1.872556,1,0
1.87263,1,0
1.872643,1,0
1.872784,1,0
1.872913,1,0
1.872951,1,0
1.873251,1,0
1.873258,1,0
1.873697,1,0
1.873746,1,0
1.873825,1,0
1.874237,1,0
1.874261,1,0
1.874477,1,0
1.874853,1,0
1.875,81,0
1.875181,1,0
1.875251,1,0
1.875329,1,0
1.875456,1,0
1.875675,1,0
1.875739,1,0
1.875944,1,0
1.875971,1,0
1.875991,1,0
1.876062,1,0
1.876097,1,0
1.876325,1,0
1.87701,1,0
1.877108,1,0
1.877153,1,0
1.877496,1,0
1.877556,1,0
1.877714,1,0
1.87777,1,0
1.87792,1,0
1.877922,1,0
1.878101,1,0
1.878391,1,0
1.878459,1,0
1.87857,1,0
1.87858,1,0
1.878583,1,0
1.878605,1,0
1.878688,1,0
1.878693,1,0
1.878777,1,0
1.878933,1,0
1.879017,1,0
1.879089,1,0
1.879101,1,0
1.879409,1,0
1.87942,1,0
1.879551,1,0
1.879777,1,0
1.879851,1,0
1.880013,1,0
1.880141,1,0
1.880495,1,0
1.880546,1,0
1.880677,1,0
1.880693,1,0
1.880794,1,0
1.880895,1,0
1.88102,1,0
1.881036,1,0
1.881138,1,0
1.881556,1,0
1.881584,1,0
1.88171,1,0
1.882621,1,0
1.88271,1,0
1.882719,1,0
1.88294,1,0
1.883715,1,0
1.883881,1,0
1.884093,1,0
1.884287,1,0
1.884479,1,0
1.884529,1,0
1.884531,1,0
1.884681,1,0
1.884685,1,0
1.884835,1,0
1.88484,1,0
1.884961,1,0
1.885165,2,0
1.885438,1,0
1.885559,1,0
1.885674,1,0
1.885749,1,0
1.885794,1,0
1.885821,1,0
1.885944,1,0
1.886043,1,0
1.886161,1,0
1.886721,1,0
1.88673,1,0
1.886944,1,0
1.887091,1,0
1.887318,1,0
1.887394,1,0
1.887422,1,0
1.887571,1,0
1.887713,1,0
1.888245,1,0
1.888743,1,0
1.889186,1,0
1.889205,1,0
1.889626,1,0
1.890059,1,0
1.890398,1,0
1.890448,1,0
1.890625,64,0
1.890938,1,0
1.891009,1,0
1.891053,1,0
1.891069,1,0
1.891082,1,0
1.891205,1,0
1.891725,1,0
1.891832,1,0
1.89187,1,0
1.891908,1,0
1.891912,1,0
1.891995,1,0
1.892106,1,0
1.892121,1,0
1.892403,1,0
1.892482,1,0
1.892961,1,0
1.893244,1,0
1.893303,1,0
1.893659,1,0
1.893777,1,0
1.893921,1,0
1.894305,1,0
1.894416,1,0
1.894498,1,0
1.894619,1,0
1.894672,1,0
1.894784,1,0
1.894786,1,0
1.89486,1,0
1.895054,1,0
1.895275,1,0
1.895599,1,0
1.895759,1,0
1.895821,1,0
1.896011,1,0
1.896033,1,0
1.896215,1,0
1.896499,1,0
1.896521,1,0
1.896558,1,0
1.896887,1,0
1.897153,1,0
1.897169,1,0
1.897417,1,0
1.897473,1,0
1.897637,1,0
1.897657,1,0
1.897884,1,0
1.898211,1,0
1.89853,1,0
1.898675,1,0
1.898728,1,0
1.898876,1,0
1.898929,1,0
1.899356,1,0
1.899386,1,0
1.89939,1,0
1.899461,1,0
1.899999,1,0
1.900173,1,0
1.900262,1,0
1.900422,1,0
1.900553,1,0
1.900565,1,0
1.90063,1,0
1.900666,1,0
1.900697,1,0
1.901144,1,0
1.901487,1,0
1.901799,1,0
1.902631,1,0
1.902687,1,0
1.902757,1,0
1.902764,1,0
1.902969,1,0
1.902983,1,0
1.903025,1,0
1.903553,1,0
1.903567,1,0
1.903755,1,0
1.903841,1,0
1.903891,1,0
1.903971,1,0
1.904583,1,0
1.904933,1,0
1.905383,1,0
1.905489,1,0
1.905578,1,0
1.905718,1,0
1.906077,1,0
1.90625,68,0
1.906412,1,0
1.906477,1,0
1.906713,1,0
1.906977,1,0
1.907106,1,0
1.907168,1,0
1.907435,1,0
1.907473,1,0
1.907555,1,0
1.907739,1,0
1.908131,1,0
1.908264,1,0
1.90854,1,0
1.908959,1,0
1.909,1,0
1.909027,1,0
1.909093,1,0
1.909115,1,0
1.909433,1,0
1.909624,1,0
1.909767,1,0
1.909846,1,0
1.909986,1,0
1.910105,1,0
1.91047,1,0
1.910569,1,0
1.911044,1,0
1.911143,1,0
1.911182,1,0
1.91204,1,0
1.912105,1,0
1.912137,1,0
1.912315,1,0
1.912402,1,0
1.912911,1,0
1.913159,1,0
1.913258,1,0
1.913262,1,0
1.91345,1,0
1.913919,1,0
1.914257,1,0
1.914363,1,0
1.914527,1,0
1.914752,1,0
1.915032,1,0
1.915142,1,0
1.915678,1,0
1.915782,1,0
1.916738,1,0
1.916763,1,0
1.917221,1,0
1.917258,1,0
1.917918,1,0
1.918375,1,0
1.918484,1,0
1.91893,1,0
1.919357,1,0
1.919397,1,0
1.919754,1,0
1.919764,1,0
1.920034,1,0
1.920077,1,0
1.920173,1,0
1.920229,1,0
1.920376,1,0
1.920553,1,0
1.920703,1,0
1.920857,1,0
1.921128,1,0
1.921835,1,0
1.921875,65,0
1.921953,1,0
1.92201,1,0
1.922096,1,0
1.922252,1,0
1.922334,1,0
1.922414,1,0
1.922452,1,0
1.922515,1,0
1.922572,1,0
1.922639,1,0
1.922721,1,0
1.922802,1,0
1.923,1,0
1.92307,1,0
1.923077,1,0
1.923397,1,0
1.923977,1,0
1.924022,1,0
1.924025,1,0
1.92429,1,0
1.924472,1,0
1.924517,2,0
1.924979,1,0
1.924989,1,0
1.925665,1,0
1.925677,1,0
1.926011,1,0
1.926347,1,0
1.926406,1,0
1.926443,1,0
1.926651,1,0
1.927018,1,0
1.927046,1,0
1.927251,1,0
1.927511,1,0
1.927528,1,0
1.928011,1,0
1.928236,1,0
1.92825,1,0
1.928269,1,0
1.928281,1,0
1.928637,1,0
1.928715,1,0
1.928822,1,0
1.929079,1,0
1.929143,1,0
1.929157,1,0
1.929158,1,0
1.92926,1,0
1.92931,1,0
1.929679,1,0
1.929718,1,0
1.929839,1,0
1.930009,1,0
1.930279,1,0
1.930319,1,0
1.930485,1,0
1.93072,1,0
1.931147,1,0
1.931567,1,0
1.931582,1,0
1.931692,1,0
1.931937,1,0
1.932372,1,0
1.932446,1,0
1.932558,1,0
1.932816,1,0
1.932818,1,0
1.932936,1,0
1.933303,1,0
1.933553,1,0
1.933618,1,0
1.93376,1,0
1.933856,1,0
1.93392,1,0
1.934133,1,0
1.934295,1,0
1.934346,1,0
1.93451,1,0
1.934695,1,0
1.934865,1,0
1.934986,1,0
1.935096,1,0
1.935303,1,0
1.935369,1,0
1.935401,1,0
1.935462,1,0
1.935532,1,0
1.935648,1,0
1.935785,1,0
1.935954,1,0
1.936051,1,0
1.936474,1,0
1.936482,1,0
1.936771,1,0
1.936793,1,0
1.936844,1,0
1.937265,1,0
1.9375,68,0
1.937686,1,0
1.937965,1,0
1.937971,1,0
1.938066,1,0
1.938314,1,0
1.93846,1,0
1.938779,1,0
1.938862,1,0
1.938876,1,0
1.939016,1,0
1.939031,1,0
1.939155,1,0
1.939166,1,0
1.939631,1,0
1.939758,1,0
1.939761,1,0
1.93978,1,0
1.939854,1,0
1.939862,1,0
1.939944,1,0
1.939987,1,0
1.940031,1,0
1.94008,1,0
1.940111,1,0
1.940184,1,0
1.94027,1,0
1.940283,1,0
1.940332,1,0
1.940444,1,0
1.940453,1,0
1.940563,1,0
1.940651,1,0
1.940783,1,0
1.940801,1,0
1.94092,1,0
1.940989,1,0
1.941084,1,0
1.941088,1,0
1.941094,1,0
1.941097,1,0
1.941243,1,0
1.941261,1,0
1.94172,1,0
1.941758,1,0
1.942009,1,0
1.94233,1,0
1.94234,1,0
1.942701,1,0
1.943105,1,0
1.943108,1,0
1.943172,1,0
1.943188,1,0
1.943632,1,0
1.943661,1,0
1.944235,1,0
1.94442,1,0
1.944433,1,0
1.944582,1,0
1.944625,1,0
1.944791,1,0
1.944793,1,0
1.944798,1,0
1.944894,1,0
1.944911,1,0
1.945062,1,0
1.94557,1,0
1.945722,1,0
1.945775,1,0
1.945838,1,0
1.945972,1,0
1.946125,1,0
1.946309,1,0
1.946456,1,0
1.946482,1,0
1.946527,1,0
1.946562,1,0
1.946757,1,0
1.946782,1,0
1.946993,1,0
1.947136,1,0
1.947189,1,0
1.94735,1,0
1.947357,1,0
1.947607,1,0
1.94792,1,0
1.948153,1,0
1.94833,1,0
1.948377,1,0
1.948778,1,0
1.948939,1,0
1.948993,1,0
1.948999,1,0
1.949194,1,0
1.9497,1,0
1.950045,1,0
1.950115,1,0
1.950255,1,0
1.950485,1,0
1.950672,1,0
1.950776,1,0
1.951165,1,0
1.951499,1,0
1.951517,1,0
1.951559,1,0
1.951755,1,0
1.95193,1,0
1.952511,1,0
1.952565,1,0
1.952691,1,0
1.952712,1,0
1.953039,1,0
1.953125,84,0
1.953575,1,0
1.953635,1,0
1.953669,1,0
1.953716,1,0
1.953989,1,0
1.954145,1,0
1.954544,1,0
1.954682,1,0
1.954825,1,0
1.954894,1,0
1.954953,1,0
1.954954,1,0
1.955169,1,0
1.955367,1,0
1.955436,1,0
1.955604,1,0
1.955607,1,0
1.955914,1,0
1.955942,1,0
1.956238,1,0
1.95627,1,0
1.956493,1,0
1.956597,1,0
1.9568,1,0
1.956822,1,0
1.956875,1,0
1.957051,1,0
1.957143,1,0
1.957276,1,0
1.957342,1,0
1.957388,1,0
1.957536,1,0
1.957654,1,0
1.957902,1,0
1.95792,1,0
1.958058,1,0
1.958096,1,0
1.958356,1,0
1.958669,1,0
1.958747,1,0
1.959033,1,0
1.959069,1,0
1.95921,1,0
1.959439,1,0
1.959622,1,0
1.959669,2,0
1.959726,1,0
1.95976,1,0
1.959894,1,0
1.960178,1,0
1.960298,1,0
1.960441,1,0
1.960455,1,0
1.96047,1,0
1.960544,1,0
1.960556,1,0
1.960739,1,0
1.960777,1,0
1.960832,1,0
1.960906,1,0
1.961104,1,0
1.961112,1,0
1.961261,1,0
1.961313,1,0
1.961571,1,0
1.961797,1,0
1.961916,1,0
1.962103,1,0
1.962384,1,0
1.962447,1,0
1.962749,1,0
1.962893,1,0
1.963012,1,0
1.963073,1,0
1.963316,1,0
1.963396,1,0
1.963551,1,0
1.963779,1,0
1.964125,1,0
1.964769,1,0
1.965174,1,0
1.965655,1,0
1.965838,1,0
1.966007,1,0
1.966097,1,0
1.966262,1,0
1.966273,1,0
1.966593,1,0
1.966768,1,0
1.96712,1,0
1.967414,1,0
1.967436,1,0
1.967798,1,0
1.968062,1,0
1.968124,1,0
1.968256,1,0
1.968294,1,0
1.968456,1,0
1.968521,1,0
1.96875,113,0
1.968763,1,0
1.969019,1,0
1.969416,1,0
1.969491,1,0
1.969647,1,0
1.969725,1,0
1.969874,1,0
1.969879,1,0
1.969939,1,0
1.970043,1,0
1.970103,1,0
1.970177,1,0
1.970276,1,0
1.970329,1,0
1.97036,1,0
1.970655,1,0
1.970843,1,0
1.970856,1,0
1.970913,1,0
1.970954,1,0
1.971351,1,0
1.971712,1,0
1.971755,1,0
1.97177,1,0
1.971785,1,0
1.971862,1,0
1.972075,1,0
1.972106,1,0
1.972191,1,0
1.972256,1,0
1.972323,1,0
1.972979,1,0
1.973004,1,0
1.973035,1,0
1.973047,1,0
1.973169,1,0
1.97323,1,0
1.973244,1,0
1.973284,1,0
1.973343,1,0
1.973471,1,0
1.973538,1,0
1.973726,1,0
1.973941,1,0
1.974346,1,0
1.974451,1,0
1.974583,1,0
1.974659,1,0
1.974679,1,0
1.974746,1,0
1.974763,1,0
1.974841,1,0
1.974848,1,0
1.974926,1,0
1.974936,1,0
1.97494,1,0
1.975011,1,0
1.975046,1,0
1.975075,1,0
1.975129,1,0
1.975396,1,0
1.975488,1,0
1.975614,1,0
1.97568,1,0
1.975794,1,0
1.975801,1,0
1.97603,1,0
1.976102,1,0
1.976204,1,0
1.976306,1,0
1.976314,1,0
1.976603,1,0
1.977148,1,0
1.977175,1,0
1.977228,1,0
1.977465,1,0
1.977486,1,0
1.977496,1,0
1.977538,1,0
1.977684,1,0
1.977884,1,0
1.977928,1,0
1.977995,1,0
1.978093,1,0
1.978148,1,0
1.978417,1,0
1.978532,1,0
1.978538,1,0
1.978562,1,0
1.978636,1,0
1.9788,1,0
1.978916,1,0
1.979154,1,0
1.979155,1,0
1.979259,1,0
1.97927,1,0
1.979325,1,0
1.979539,1,0
1.979631,1,0
1.979955,1,0
1.980002,1,0
1.980133,1,0
1.98018,1,0
1.980191,1,0
1.9802,1,0
1.980242,1,0
1.980487,1,0
1.980532,1,0
1.980535,1,0
1.980612,1,0
1.981001,1,0
1.981374,1,0
1.981381,1,0
1.981454,1,0
1.981474,1,0
1.981496,1,0
1.982409,1,0
1.98257,1,0
1.98258,1,0
1.982618,1,0
1.982638,1,0
1.982656,1,0
1.982673,1,0
1.982748,1,0
1.982771,1,0
1.982875,1,0
1.982964,1,0
1.983027,1,0
1.983165,1,0
1.983219,1,0
1.983225,1,0
1.983251,1,0
1.983307,1,0
1.983388,1,0
1.983756,1,0
1.98381,1,0
1.983874,1,0
1.983912,1,0
1.984146,1,0
1.984349,1,0
1.984375,114,0
1.984499,1,0
1.984709,1,0
1.984713,1,0
1.98472,1,0
1.984725,1,0
1.985081,1,0
1.98514,1,0
1.985236,1,0
1.985357,1,0
1.985363,1,0
1.985426,1,0
1.98552,1,0
1.98554,1,0
1.985569,1,0
1.985615,1,0
1.985616,1,0
1.985693,1,0
1.985825,1,0
1.985839,1,0
1.985853,1,0
1.985864,1,0
1.986108,1,0
1.986252,1,0
1.986285,1,0
1.986378,1,0
1.986546,1,0
1.986583,1,0
1.986749,1,0
1.986787,1,0
1.986798,1,0
1.987118,1,0
1.987188,1,0
1.987287,1,0
1.987599,1,0
1.987621,1,0
1.987744,1,0
1.987837,2,0
1.98787,1,0
1.987899,1,0
1.988236,1,0
1.988247,1,0
1.988288,1,0
1.988295,1,0
1.988305,1,0
1.988422,1,0
1.988458,1,0
1.98857,1,0
1.988724,1,0
1.988779,1,0
1.988901,1,0
1.988967,1,0
1.989011,1,0
1.989024,1,0
1.989036,1,0
1.989098,1,0
1.989213,1,0
1.989283,1,0
1.989293,1,0
1.989347,1,0
1.989367,1,0
1.989414,1,0
1.989501,1,0
1.989639,1,0
1.989863,1,0
1.989988,1,0
1.990041,1,0
1.990191,1,0
1.990355,1,0
1.990506,1,0
1.990543,1,0
1.990575,1,0
1.990658,1,0
1.990835,1,0
1.990976,1,0
1.991193,1,0
1.99137,1,0
1.991664,1,0
1.991833,1,0
1.991858,1,0
1.991926,1,0
1.991988,1,0
1.992005,1,0
1.992114,1,0
1.992421,1,0
1.992616,1,0
1.992867,1,0
1.992868,1,0
1.992911,1,0
1.992935,1,0
1.993053,1,0
1.993125,1,0
1.993252,1,0
1.993275,1,0
1.99337,1,0
1.99339,1,0
1.993425,1,0
1.993658,1,0
1.99367,1,0
1.99368,1,0
1.993731,1,0
1.993892,1,0
1.993973,1,0
1.994024,1,0
1.994147,1,0
1.994234,1,0
1.994354,1,0
1.994379,1,0
1.994606,1,0
1.994726,1,0
1.994731,1,0
1.99477,1,0
1.994856,1,0
1.994953,1,0
1.994971,1,0
1.995,1,0
1.995273,1,0
1.995289,1,0
1.995327,1,0
1.995455,1,0
1.995559,1,0
1.995777,1,0
1.995982,1,0
1.996026,1,0
1.996164,1,0
1.996294,1,0
1.996495,1,0
1.996518,1,0
1.996642,1,0
1.996973,1,0
1.99703,1,0
1.997293,1,0
1.99767,1,0
1.99768,1,0
1.99773,1,0
1.997746,1,0
1.997983,1,0
1.998255,1,0
1.998318,1,0
1.998357,1,0
1.99866,1,0
1.998908,1,0
1.999161,1,0
1.999327,1,0
1.999413,1,0
1.999432,1,0
2.0,134,0
2.000467,1,0
2.000717,1,0
2.000788,1,0
2.00081,1,0
2.000832,1,0
2.000945,1,0
2.001188,1,0
2.001249,1,0
2.001444,1,0
2.001447,1,0
2.001482,1,0
2.001593,1,0
2.001731,1,0
2.001842,1,0
2.00212,1,0
2.002123,1,0
2.002728,1,0
2.002752,1,0
2.003046,1,0
2.003308,1,0
2.003489,1,0
2.003634,1,0
2.003875,1,0
2.004261,1,0
2.004295,1,0
2.00435,1,0
2.004478,1,0
2.004717,1,0
2.00472,1,0
2.004774,1,0
2.00495,1,0
2.005353,1,0
2.005593,1,0
2.005678,1,0
2.005723,1,0
2.006071,1,0
2.006289,1,0
2.006375,1,0
2.006402,1,0
2.006418,1,0
2.006451,1,0
2.006524,1,0
2.006788,1,0
2.00683,1,0
2.006963,1,0
2.00698,1,0
2.007143,1,0
2.007357,1,0
2.007516,1,0
2.007687,1,0
2.007859,1,0
2.00794,1,0
2.007965,1,0
2.008178,1,0
2.008395,1,0
2.008603,1,0
2.008641,1,0
2.008956,1,0
2.00907,1,0
2.009075,1,0
2.009121,1,0
2.009173,1,0
2.009511,1,0
2.009778,1,0
2.009881,1,0
2.010047,1,0
2.010211,1,0
2.010265,1,0
2.010474,1,0
2.01049,1,0
2.010688,1,0
2.010795,1,0
2.010947,1,0
2.011043,1,0
2.011176,1,0
2.011192,1,0
2.011219,1,0
2.011231,1,0
2.011378,1,0
2.011428,1,0
2.011451,1,0
2.011872,1,0
2.012088,1,0
2.012339,1,0
2.01243,1,0
2.012612,1,0
2.012953,1,0
2.013015,1,0
2.013109,1,0
2.013218,1,0
2.013457,1,0
2.013495,1,0
2.013629,1,0
2.013659,1,0
2.013756,1,0
2.013878,1,0
2.014138,1,0
2.014174,1,0
2.01427,1,0
2.014623,1,0
2.014851,1,0
2.01528,1,0
2.015362,1,0
2.01546,1,0
2.015625,69,0
2.015675,1,0
2.015691,1,0
2.016013,1,0
2.016158,1,0
2.01674,1,0
2.016838,1,0
2.016951,1,0
2.017161,1,0
2.017639,1,0
2.017643,1,0
2.017695,1,0
2.01783,1,0
2.01792,1,0
2.017982,1,0
2.01811,1,0
2.018449,1,0
2.018754,1,0
2.018844,1,0
2.019568,1,0
2.019897,1,0
2.020017,1,0
2.020166,1,0
2.020231,1,0
2.020241,1,0
2.020602,1,0
2.020917,1,0
2.021164,1,0
2.021231,1,0
2.021332,1,0
2.021372,1,0
2.021481,1,0
2.021553,1,0
2.022092,1,0
2.022283,1,0
2.02254,1,0
2.022644,1,0
2.022677,1,0
2.022732,1,0
2.023151,1,0
2.023547,1,0
2.02363,1,0
2.023731,1,0
2.023853,1,0
2.024009,1,0
2.024533,1,0
2.024605,1,0
2.024867,1,0
2.024872,1,0
2.024966,1,0
2.025362,1,0
2.025757,1,0
2.025819,1,0
2.026003,1,0
2.027132,1,0
2.02716,1,0
2.028051,1,0
2.028267,1,0
2.0283,1,0
2.028304,1,0
2.028661,1,0
2.029159,1,0
2.029333,1,0
2.030212,1,0
2.030462,1,0
2.030762,1,0
2.030899,1,0
2.03125,42,0
2.031262,1,0
2.031663,1,0
2.032183,1,0
2.032218,1,0
2.032287,1,0
2.032789,1,0
2.032854,1,0
2.032961,1,0
2.033119,1,0
2.03331,1,0
2.033941,1,0
2.033967,1,0
2.034041,1,0
2.034089,1,0
2.034263,1,0
2.034402,1,0
2.03451,1,0
2.034709,1,0
2.034934,1,0
2.035208,1,0
2.035752,1,0
2.036135,1,0
2.036537,1,0
2.038851,1,0
2.039762,1,0
2.039989,1,0
2.040563,1,0
2.040728,1,0
2.04086,1,0
2.040876,1,0
2.041092,1,0
2.041514,1,0
2.042264,1,0
2.042276,1,0
2.042339,1,0
2.042507,1,0
2.042799,1,0
2.042897,1,0
2.042901,1,0
2.042981,1,0
2.043124,1,0
2.043723,1,0
2.044075,1,0
2.044451,1,0
2.0448,1,0
2.044956,1,0
2.044993,1,0
2.045258,1,0
2.045572,1,0
2.045823,1,0
2.046124,1,0
2.046429,1,0
2.046587,1,0
2.046681,1,0
2.046697,1,0
2.046875,52,0
2.04699,1,0
2.04723,1,0
2.0474,1,0
2.047732,1,0
2.047787,1,0
2.048111,1,0
2.048354,1,0
2.048813,1,0
2.048865,1,0
2.049222,1,0
2.049287,1,0
2.049534,1,0
2.049759,1,0
2.049792,1,0
2.050336,1,0
2.050493,1,0
2.050608,1,0
2.050664,1,0
2.050679,1,0
2.050696,1,0
2.051187,1,0
2.05141,1,0
2.051688,1,0
2.051898,1,0
2.052025,1,0
2.052146,1,0
2.052178,1,0
2.052261,1,0
2.052361,1,0
2.05268,1,0
2.053022,1,0
2.053108,1,0
2.053363,1,0
2.053541,1,0
2.05376,1,0
2.054253,1,0
2.054368,1,0
2.05487,1,0
2.055198,1,0
2.055228,1,0
2.056253,1,0
2.056452,1,0
2.056787,1,0
2.057249,1,0
2.057252,1,0
2.057358,1,0
2.05775,1,0
2.057864,1,0
2.057968,1,0
2.058373,1,0
2.058985,1,0
2.059503,1,0
2.059718,1,0
2.060107,1,0
2.060493,1,0
2.060775,1,0
2.06115,1,0
2.061151,1,0
2.06128,1,0
2.061347,1,0
2.061391,1,0
2.062351,1,0
2.0625,43,0
2.062579,1,0
2.06303,1,0
2.063103,1,0
2.063436,1,0
2.063577,1,0
2.063743,1,0
2.064318,1,0
2.064483,1,0
2.064608,1,0
2.064667,1,0
2.065039,1,0
2.065384,1,0
2.065739,1,0
2.066237,1,0
2.066397,1,0
2.066535,1,0
2.067123,1,0
2.067229,1,0
2.067484,1,0
2.06804,1,0
2.068649,1,0
2.068871,1,0
2.068886,1,0
2.069023,1,0
2.069239,1,0
2.069374,1,0
2.069561,1,0
2.06962,1,0
2.069722,1,0
2.069749,1,0
2.069891,1,0
2.0699,1,0
2.070017,1,0
2.070319,1,0
2.070391,1,0
2.070646,1,0
2.071283,1,0
2.071797,1,0
2.072423,1,0
2.072462,1,0
2.072906,1,0
2.072978,1,0
2.07316,1,0
2.073193,1,0
2.073291,1,0
2.073314,1,0
2.073366,1,0
2.073467,1,0
2.073482,1,0
2.073513,1,0
2.073583,1,0
2.074204,1,0
2.074228,1,0
2.074367,1,0
2.074634,1,0
2.074686,1,0
2.074784,1,0
2.074898,1,0
2.074967,1,0
2.075117,1,0
2.07683,1,0
2.077304,1,0
2.078125,33,0
2.078829,1,0
2.079622,1,0
2.079997,1,0
2.080369,1,0
2.080432,1,0
2.080619,1,0
2.080765,1,0
2.081027,1,0
2.081284,1,0
2.081377,1,0
2.081475,1,0
2.082001,1,0
2.082042,1,0
2.082582,1,0
2.082673,1,0
2.083125,1,0
2.083273,1,0
2.083527,1,0
2.084292,1,0
2.08467,1,0
2.085079,1,0
2.085227,1,0
2.085265,1,0
2.085276,1,0
2.08544,1,0
2.085471,1,0
2.085496,1,0
2.085501,1,0
2.085542,1,0
2.0865,1,0
2.086876,1,0
2.086934,1,0
2.086987,1,0
2.087486,1,0
2.087666,1,0
2.087868,1,0
2.088324,1,0
2.088562,1,0
2.088976,1,0
2.089601,1,0
2.089617,1,0
2.090841,1,0
2.091204,1,0
2.091318,1,0
2.091328,1,0
2.091775,1,0
2.091921,1,0
2.092515,1,0
2.092807,1,0
2.092843,1,0
2.092866,1,0
2.092971,1,0
2.093143,1,0
2.093221,1,0
2.09365,1,0
2.09375,43,0
2.093775,1,0
2.094263,1,0
2.094933,1,0
2.095058,1,0
2.095148,1,0
2.095232,1,0
2.095243,1,0
2.095362,1,0
2.095777,1,0
2.095931,1,0
2.096117,1,0
2.096456,1,0
2.096499,1,0
2.096839,1,0
2.097256,1,0
2.09732,1,0
2.097668,1,0
2.097858,1,0
2.097996,1,0
2.098023,1,0
2.098499,1,0
2.099508,1,0
2.099605,1,0
2.100009,1,0
2.100397,1,0
2.100595,1,0
2.100641,1,0
2.100807,1,0
2.101175,1,0
2.101203,1,0
2.101222,1,0
2.101528,1,0
2.101685,1,0
2.10169,1,0
2.102316,1,0
2.10247,1,0
2.102493,1,0
2.10258,1,0
2.102642,1,0
2.102653,1,0
2.102862,1,0
2.103062,1,0
2.103131,1,0
2.103504,1,0
2.104319,1,0
2.104335,1,0
2.104674,1,0
2.104799,1,0
2.104882,1,0
2.10508,1,0
2.105202,1,0
2.105745,1,0
2.10587,1,0
2.105906,1,0
2.106395,1,0
2.106554,1,0
2.107228,1,0
2.107717,1,0
2.108361,1,0
2.108636,1,0
2.108666,1,0
2.109032,1,0
2.109189,1,0
2.109375,33,0
2.109586,1,0
2.109844,1,0
2.109977,1,0
2.110189,1,0
2.110302,1,0
2.110316,1,0
2.110329,1,0
2.110706,1,0
2.110828,1,0
2.111124,1,0
2.111276,1,0
2.111629,1,0
2.111925,1,0
2.112079,1,0
2.112744,1,0
2.113702,1,0
2.113953,1,0
2.113985,1,0
2.114126,1,0
2.114332,1,0
2.114429,1,0
2.115272,1,0
2.115358,1,0
2.115799,1,0
2.115848,1,0
2.116012,1,0
2.116104,1,0
2.116272,1,0
2.11665,1,0
2.116792,1,0
2.117356,1,0
2.117414,1,0
2.117681,1,0
2.117928,1,0
2.118456,1,0
2.1185,1,0
2.118593,1,0
2.118679,1,0
2.118683,1,0
2.118935,1,0
2.11917,1,0
2.119225,1,0
2.119397,1,0
2.119757,1,0
2.119774,1,0
2.120079,1,0
2.120407,1,0
2.120623,1,0
2.120626,1,0
2.120958,1,0
2.121143,1,0
2.121674,1,0
2.121731,1,0
2.121884,1,0
2.122834,1,0
2.122867,1,0
2.123289,1,0
2.12355,1,0
2.124167,1,0
2.124787,1,0
2.124826,1,0
2.124938,1,0
2.124968,1,0
2.124986,1,0
2.125,28,0
2.12517,1,0
2.126455,1,0
2.126728,1,0
2.12716,1,0
2.127381,1,0
2.127613,1,0
2.127996,1,0
2.128065,1,0
2.128478,1,0
2.128599,1,0
2.129051,1,0
2.129079,1,0
2.129536,1,0
2.129711,1,0
2.12972,1,0
2.130019,1,0
2.13013,1,0
2.130518,1,0
2.130626,1,0
2.130681,1,0
2.130793,1,0
2.131246,1,0
2.131773,1,0
2.131796,1,0
2.132104,1,0
2.133219,1,0
2.133648,1,0
2.133827,1,0
2.135353,1,0
2.135507,1,0
2.135778,1,0
2.136742,1,0
2.136898,1,0
2.136929,1,0
2.137081,1,0
2.137685,1,0
2.137779,1,0
2.138139,1,0
2.138311,1,0
2.138367,1,0
2.138463,1,0
2.138802,1,0
2.138902,1,0
2.139135,1,0
2.139248,1,0
2.140218,1,0
2.140227,1,0
2.140563,1,0
2.140599,1,0
2.14061,1,0
2.140625,22,0
2.140745,1,0
2.140827,1,0
2.14148,1,0
2.141495,1,0
2.141501,1,0
2.141505,1,0
2.141734,1,0
2.142349,1,0
2.143603,1,0
2.143677,1,0
2.144371,1,0
2.144973,1,0
2.145157,1,0
2.145824,1,0
2.145834,1,0
2.145964,1,0
2.146178,1,0
2.146275,1,0
2.146449,1,0
2.147256,1,0
2.147336,1,0
2.147727,1,0
2.147747,1,0
2.147872,1,0
2.147987,1,0
2.148286,1,0
2.148289,1,0
2.148736,1,0
2.14889,1,0
2.14898,1,0
2.149333,1,0
2.149733,1,0
2.149891,1,0
2.149896,1,0
2.149974,1,0
2.150458,1,0
2.150532,1,0
2.150614,1,0
2.15072,1,0
2.150916,1,0
2.151054,1,0
2.151566,1,0
2.152148,1,0
2.152753,1,0
2.153753,1,0
2.154014,1,0
2.154984,1,0
2.155311,1,0
2.155845,1,0
2.15625,17,0
2.156358,1,0
2.156973,1,0
2.1574,1,0
2.157652,1,0
2.157932,1,0
2.158611,1,0
2.158915,1,0
2.15922,1,0
2.159548,1,0
2.159568,1,0
2.159716,1,0
2.16079,1,0
2.161075,1,0
2.161153,1,0
2.162375,1,0
2.162483,1,0
2.16304,1,0
2.163332,1,0
2.163654,1,0
2.163857,1,0
2.16415,1,0
2.16417,1,0
2.164275,1,0
2.164859,1,0
2.165015,1,0
2.165736,1,0
2.166933,1,0
2.167569,1,0
2.16774,1,0
2.168553,1,0
2.170712,1,0
2.17111,1,0
2.17135,1,0
2.171724,1,0
2.171862,1,0
2.171875,21,0
2.171996,1,0
2.172164,1,0
2.172184,1,0
2.17252,1,0
2.172572,1,0
2.172704,1,0
2.172819,1,0
2.17315,1,0
2.175586,1,0
2.176084,1,0
2.176239,1,0
2.177329,1,0
2.17766,1,0
2.178024,1,0
2.178147,1,0
2.179378,1,0
2.179486,1,0
2.182306,1,0
2.182547,1,0
2.182718,1,0
2.18319,1,0
2.183357,1,0
2.184144,1,0
2.184281,1,0
2.184525,1,0
2.184546,1,0
2.184747,1,0
2.184771,1,0
2.184797,1,0
2.185684,1,0
2.186506,1,0
2.186624,1,0
2.186699,1,0
2.187058,1,0
2.187365,1,0
2.1875,25,0
2.187603,1,0
2.188234,1,0
2.188669,1,0
2.188728,1,0
2.188768,1,0
2.189624,1,0
2.190111,1,0
2.190489,1,0
2.190795,1,0
2.191107,1,0
2.191583,1,0
2.191781,1,0
2.192131,1,0
2.192813,1,0
2.193668,1,0
2.194292,1,0
2.194352,1,0
2.195106,1,0
2.195266,1,0
2.19546,1,0
2.195637,1,0
2.195676,1,0
2.195804,1,0
2.19591,1,0
2.196136,1,0
2.196297,1,0
2.196493,1,0
2.197128,1,0
2.197185,1,0
2.197344,1,0
2.1974,1,0
2.19828,1,0
2.198878,1,0
2.199156,1,0
2.199307,1,0
2.199559,1,0
2.200378,1,0
2.200647,1,0
2.201044,1,0
2.201453,1,0
2.201829,1,0
2.20192,1,0
2.20218,1,0
2.202626,1,0
2.202699,1,0
2.202965,1,0
2.202985,1,0
2.203105,1,0
2.203125,29,0
2.203281,1,0
2.20417,1,0
2.204283,1,0
2.204341,1,0
2.204491,1,0
2.204504,1,0
2.204633,1,0
2.204692,1,0
2.20482,1,0
2.204887,1,0
2.205109,1,0
2.205341,1,0
2.206672,1,0
2.206708,1,0
2.207245,1,0
2.207627,1,0
2.207913,1,0
2.207923,1,0
2.208577,1,0
2.208957,1,0
2.209079,1,0
2.209501,1,0
2.209656,1,0
2.210583,1,0
2.210615,1,0
2.210746,1,0
2.212016,1,0
2.212174,1,0
2.212343,1,0
2.212782,1,0
2.213037,1,0
2.213703,1,0
2.214509,1,0
2.214952,1,0
2.215466,1,0
2.215946,1,0
2.216117,1,0
2.216946,1,0
2.217062,1,0
2.217515,1,0
2.217602,1,0
2.217651,1,0
2.218182,1,0
2.218718,1,0
2.21875,27,0
2.218815,1,0
2.219365,1,0
2.219484,1,0
2.219587,1,0
2.219605,1,0
2.219705,1,0
2.220818,1,0
2.220857,1,0
2.221262,1,0
2.221674,1,0
2.222293,1,0
2.222644,1,0
2.222918,1,0
2.223307,1,0
2.223427,1,0
2.224526,1,0
2.225081,1,0
2.225278,1,0
2.226227,1,0
2.226286,1,0
2.22634,1,0
2.226757,1,0
2.226899,1,0
2.227136,1,0
2.22719,1,0
2.227326,1,0
2.227355,1,0
2.227669,1,0
2.227904,1,0
2.228234,1,0
2.228854,1,0
2.228921,1,0
2.229611,1,0
2.23059,1,0
2.231341,1,0
2.231728,1,0
2.232405,1,0
2.232411,1,0
2.233166,1,0
2.233233,1,0
2.233368,1,0
2.233466,1,0
2.234015,1,0
2.234307,1,0
2.234375,34,0
2.235208,1,0
2.235918,1,0
2.235945,1,0
2.235958,1,0
2.236579,1,0
2.236877,1,0
2.237153,1,0
2.237805,1,0
2.237833,1,0
2.238047,1,0
2.238803,1,0
2.239763,1,0
2.239822,1,0
2.240549,2,0
2.240815,1,0
2.241665,1,0
2.241744,1,0
2.241821,1,0
2.242015,1,0
2.242637,1,0
2.243266,1,0
2.243321,1,0
2.243378,1,0
2.244106,1,0
2.245961,1,0
2.24619,1,0
2.246291,1,0
2.247614,1,0
2.247627,1,0
2.24764,1,0
2.248084,1,0
2.248146,1,0
2.248424,1,0
2.248893,1,0
2.24913,1,0
2.249163,1,0
2.24999,1,0
2.25,24,0
2.250345,1,0
2.250826,1,0
2.25216,1,0
2.252168,1,0
2.252495,1,0
2.252814,1,0
2.255143,1,0
2.255338,1,0
2.256388,1,0
2.256429,1,0
2.258171,1,0
2.25851,1,0
2.259042,1,0
2.259124,1,0
2.259555,1,0
2.260301,1,0
2.260622,1,0
2.260642,1,0
2.261517,1,0
2.261568,1,0
2.262507,1,0
2.262633,1,0
2.26327,1,0
2.263326,1,0
2.263439,1,0
2.263566,1,0
2.263884,1,0
2.26478,1,0
2.264893,1,0
2.265077,1,0
2.26534,1,0
2.265387,1,0
2.265575,1,0
2.265625,14,0
2.266167,1,0
2.266707,1,0
2.26684,1,0
2.267027,1,0
2.268794,1,0
2.269215,1,0
2.269357,1,0
2.269557,1,0
2.26996,1,0
2.270354,1,0
2.27053,1,0
2.27093,1,0
2.271363,1,0
2.272289,1,0
2.272318,1,0
2.272434,1,0
2.274896,1,0
2.276022,1,0
2.276123,1,0
2.27707,1,0
2.278034,1,0
2.278697,1,0
2.279169,1,0
2.279875,1,0
2.280709,1,0
2.280767,1,0
2.280823,1,0
2.28125,13,0
2.28126,1,0
2.281382,1,0
2.2814,1,0
2.281425,1,0
2.281483,1,0
2.282605,1,0
2.282713,1,0
2.283747,1,0
2.283977,1,0
2.284117,1,0
2.284888,1,0
2.285694,1,0
2.285726,1,0
2.286298,1,0
2.286409,1,0
2.286669,1,0
2.287051,1,0
2.287188,1,0
2.287906,1,0
2.288148,1,0
2.289363,1,0
2.289705,1,0
2.289781,1,0
2.290522,1,0
2.290627,1,0
2.291768,1,0
2.292722,1,0
2.294409,1,0
2.294493,1,0
2.294633,1,0
2.294841,1,0
2.295344,1,0
2.295523,1,0
2.295529,1,0
2.295604,1,0
2.296052,1,0
2.296565,1,0
2.296791,1,0
2.296875,7,0
2.297222,1,0
2.297607,1,0
2.297783,1,0
2.29839,1,0
2.299788,1,0
2.300612,1,0
2.300904,1,0
2.300994,1,0
2.301346,1,0
2.301389,1,0
2.302702,1,0
2.303181,1,0
2.304397,1,0
2.305279,1,0
2.305312,1,0
2.306334,1,0
2.306649,1,0
2.306969,1,0
2.307747,1,0
2.308126,1,0
2.308226,1,0
2.30827,1,0
2.308962,1,0
2.30936,1,0
2.310674,1,0
2.310971,1,0
2.311151,1,0
2.311435,1,0
2.3125,10,0
2.312565,1,0
2.313049,1,0
2.313272,1,0
2.315348,1,0
2.31559,1,0
2.315882,1,0
2.316482,1,0
2.317163,1,0
2.317727,1,0
2.317742,1,0
2.318536,1,0
2.319364,1,0
2.319415,1,0
2.319667,1,0
2.319967,1,0
2.321434,1,0
2.32173,1,0
2.321829,1,0
2.322001,1,0
2.322442,1,0
2.322556,1,0
2.322699,1,0
2.322921,1,0
2.32299,1,0
2.323022,1,0
2.323263,1,0
2.323635,1,0
2.32406,1,0
2.324897,1,0
2.325008,1,0
2.326802,1,0
2.326957,1,0
2.32781,1,0
2.328125,26,0
2.328181,1,0
2.328967,1,0
2.330213,1,0
2.330693,1,0
2.331274,1,0
2.331744,1,0
2.331829,1,0
2.33319,1,0
2.333238,1,0
2.333473,1,0
2.334615,1,0
2.335213,1,0
2.335639,1,0
2.335891,1,0
2.33598,1,0
2.336006,1,0
2.337852,1,0
2.337857,1,0
2.338134,1,0
2.338997,1,0
2.339571,1,0
2.34104,1,0
2.341131,1,0
2.341776,1,0
2.342575,1,0
2.343019,1,0
2.34375,26,0
2.345255,1,0
2.345631,1,0
2.346441,1,0
2.347229,1,0
2.347891,1,0
2.350033,1,0
2.350609,1,0
2.350841,1,0
2.35129,1,0
2.351474,1,0
2.351766,1,0
2.351792,1,0
2.352082,1,0
2.352722,1,0
2.353755,1,0
2.354126,1,0
2.354217,1,0
2.354459,1,0
2.354516,1,0
2.355778,1,0
2.356883,1,0
2.356989,1,0
2.357112,1,0
2.359375,25,0
2.359758,1,0
2.360451,1,0
2.360766,1,0
2.360828,1,0
2.361016,1,0
2.361581,1,0
2.361582,1,0
2.362459,1,0
2.363204,1,0
2.363587,1,0
2.363828,1,0
2.363994,1,0
2.364075,1,0
2.365945,1,0
2.366538,1,0
2.367354,1,0
2.36757,1,0
2.367762,1,0
2.368154,1,0
2.368244,1,0
2.368692,1,0
2.369476,1,0
2.369813,1,0
2.370225,1,0
2.370949,1,0
2.370967,1,0
2.37122,1,0
2.371637,1,0
2.37194,1,0
2.372648,1,0
2.373384,1,0
2.37431,1,0
2.374484,1,0
2.374526,1,0
2.374742,1,0
2.375,22,0
2.375057,1,0
2.375451,1,0
2.376281,1,0
2.376604,1,0
2.377917,1,0
2.377998,1,0
2.378019,1,0
2.378945,1,0
2.379666,1,0
2.379834,1,0
2.380269,1,0
2.381437,1,0
2.381619,1,0
2.381711,1,0
2.382141,1,0
2.382305,1,0
2.383254,1,0
2.383347,1,0
2.383923,1,0
2.38403,1,0
2.384592,1,0
2.385398,1,0
2.385412,1,0
2.385705,1,0
2.38677,1,0
2.387986,1,0
2.3882,1,0
2.388332,1,0
2.388969,1,0
2.389306,1,0
2.389396,1,0
2.39049,1,0
2.390625,12,0
2.392995,1,0
2.39318,1,0
2.394249,1,0
2.394283,1,0
2.394338,1,0
2.395084,1,0
2.396494,1,0
2.396977,1,0
2.397196,1,0
2.39731,1,0
2.398478,1,0
2.398504,1,0
2.398728,1,0
2.398986,1,0
2.399746,1,0
2.399805,1,0
2.399857,1,0
2.39986,1,0
2.400859,1,0
2.401116,1,0
2.401589,1,0
2.401723,1,0
2.401992,1,0
2.402058,1,0
2.402503,1,0
2.402521,1,0
2.403318,1,0
2.404028,1,0
2.404389,1,0
2.404418,1,0
2.404688,1,0
2.405541,1,0
2.405904,1,0
2.40616,1,0
2.40625,13,0
2.409378,1,0
2.410527,1,0
2.411204,1,0
2.411609,1,0
2.412129,1,0
2.412719,1,0
2.412737,1,0
2.413525,1,0
2.413725,1,0
2.41407,1,0
2.414903,1,0
2.415447,1,0
2.415757,1,0
2.415937,1,0
2.416304,1,0
2.416973,1,0
2.418096,1,0
2.418326,1,0
2.418435,1,0
2.419099,1,0
2.4196,1,0
2.420179,1,0
2.421875,14,0
2.421938,1,0
2.422367,1,0
2.422683,1,0
2.423018,1,0
2.423052,1,0
2.424516,1,0
2.424683,1,0
2.425383,1,0
2.425441,1,0
2.425717,1,0
2.426581,1,0
2.426587,1,0
2.427253,1,0
2.427261,1,0
2.428933,1,0
2.429046,1,0
2.429569,1,0
2.430707,1,0
2.431079,1,0
2.431093,1,0
2.43178,1,0
2.432368,1,0
2.432629,1,0
2.432958,1,0
2.433933,1,0
2.435039,1,0
2.435873,1,0
2.437316,1,0
2.4375,11,0
2.438461,1,0
2.439035,1,0
2.439293,1,0
2.439686,1,0
2.439978,1,0
2.440459,1,0
2.440815,1,0
2.44098,1,0
2.442225,1,0
2.442301,1,0
2.442727,1,0
2.442733,1,0
2.443245,1,0
2.443306,1,0
2.443323,1,0
2.444397,1,0
2.44548,1,0
2.445559,1,0
2.445751,1,0
2.445967,1,0
2.447513,1,0
2.44759,1,0
2.447669,1,0
2.448946,1,0
2.449868,1,0
2.45168,1,0
2.452109,1,0
2.452697,1,0
2.453125,8,0
2.45328,1,0
2.453342,1,0
2.454257,1,0
2.455439,1,0
2.455691,1,0
2.455802,1,0
2.457575,1,0
2.458291,1,0
2.458834,1,0
2.460476,1,0
2.460704,1,0
2.461268,1,0
2.461302,1,0
2.46154,1,0
2.462136,1,0
2.462281,1,0
2.462481,1,0
2.462833,1,0
2.464032,1,0
2.464263,1,0
2.46442,1,0
2.465865,1,0
2.467761,1,0
2.467829,1,0
2.46875,15,0
2.469565,1,0
2.470125,1,0
2.470203,1,0
2.471151,1,0
2.471454,1,0
2.472223,1,0
2.472561,1,0
2.472618,1,0
2.473134,1,0
2.473229,1,0
2.474903,1,0
2.4765,1,0
2.476605,1,0
2.477677,1,0
2.477815,1,0
2.478498,1,0
2.479294,1,0
2.479964,1,0
2.480855,1,0
2.481426,1,0
2.481649,1,0
2.481719,1,0
2.484309,1,0
2.484375,25,0
2.484674,1,0
2.48475,1,0
2.485819,1,0
2.486023,1,0
2.486105,1,0
2.486122,1,0
2.486129,1,0
2.487548,1,0
2.48756,1,0
2.487575,1,0
2.488057,1,0
2.488134,1,0
2.488671,1,0
2.488764,1,0
2.489023,1,0
2.489515,1,0
2.489629,1,0
2.490965,1,0
2.492631,1,0
2.493219,1,0
2.49408,1,0
2.494176,1,0
2.494349,1,0
2.494908,1,0
2.497172,1,0
2.498532,1,0
2.499062,1,0
2.499498,1,0
2.5,16,0
2.501636,1,0
2.502915,1,0
2.503844,1,0
2.504156,1,0
2.50536,1,0
2.505793,1,0
2.506948,1,0
2.51055,1,0
2.510986,1,0
2.511363,1,0
2.515031,1,0
2.515245,1,0
2.515625,9,0
2.515794,1,0
2.518312,1,0
2.518623,1,0
2.519666,1,0
2.524179,1,0
2.52559,1,0
2.525767,1,0
2.525872,1,0
2.526002,1,0
2.526253,1,0
2.52743,1,0
2.527937,1,0
2.528404,1,0
2.528429,1,0
2.529074,1,0
2.529204,1,0
2.529505,1,0
2.53125,10,0
2.531538,1,0
2.534163,1,0
2.534751,1,0
2.535072,1,0
2.535504,1,0
2.535967,1,0
2.537913,1,0
2.538943,1,0
2.539172,1,0
2.539375,1,0
2.539692,1,0
2.540016,1,0
2.540331,1,0
2.541338,1,0
2.541707,1,0
2.541872,1,0
2.541892,1,0
2.54193,1,0
2.542676,1,0
2.542976,1,0
2.543393,1,0
2.543459,1,0
2.543678,1,0
2.544471,1,0
2.544487,1,0
2.544666,1,0
2.545063,1,0
2.546875,9,0
2.551882,1,0
2.555955,1,0
2.556031,1,0
2.557897,1,0
2.559093,1,0
2.560241,1,0
2.561936,1,0
2.5625,3,0
2.562511,1,0
2.565427,1,0
2.565971,1,0
2.565986,1,0
2.566717,1,0
2.566959,1,0
2.567356,1,0
2.567604,1,0
2.568528,1,0
2.568782,1,0
2.569799,1,0
2.570459,1,0
2.570955,1,0
2.572517,1,0
2.573644,1,0
2.574798,1,0
2.575252,1,0
2.576132,1,0
2.576289,1,0
2.576505,1,0
2.577503,1,0
2.578012,1,0
2.578125,9,0
2.580424,1,0
2.580732,1,0
2.581589,1,0
2.581921,1,0
2.582386,1,0
2.585376,1,0
2.58762,1,0
2.588678,1,0
2.589292,1,0
2.590694,1,0
2.59084,1,0
2.591221,1,0
2.592841,1,0
2.593008,1,0
2.59375,9,0
2.594019,1,0
2.595241,1,0
2.596027,1,0
2.596385,1,0
2.597155,1,0
2.597435,1,0
2.598033,1,0
2.599142,1,0
2.600284,1,0
2.60059,1,0
2.601014,1,0
2.601698,1,0
2.601871,1,0
2.602433,1,0
2.602849,1,0
2.60421,1,0
2.60426,1,0
2.605749,1,0
2.606829,1,0
2.607996,1,0
2.609375,3,0
2.609616,1,0
2.610494,1,0
2.612716,1,0
2.616862,1,0
2.616883,1,0
2.617105,1,0
2.617462,1,0
2.617538,1,0
2.618368,1,0
2.621005,1,0
2.621579,1,0
2.621629,1,0
2.624491,1,0
2.625,10,0
2.628671,1,0
2.631287,1,0
2.634938,1,0
2.635893,1,0
2.636828,1,0
2.638525,1,0
2.638893,1,0
2.638997,1,0
2.639203,1,0
2.63942,1,0
2.640227,1,0
2.640354,1,0
2.640625,5,0
2.640952,1,0
2.643324,1,0
2.644939,1,0
2.650589,1,0
2.651463,1,0
2.651486,1,0
2.652109,1,0
2.652479,1,0
2.652977,1,0
2.653616,1,0
2.653694,1,0
2.654675,1,0
2.655093,1,0
2.65625,7,0
2.656733,1,0
2.656738,1,0
2.659531,1,0
2.659745,1,0
2.660625,1,0
2.662637,1,0
2.663376,1,0
2.664355,1,0
2.664699,1,0
2.665244,1,0
2.668365,1,0
2.66853,1,0
2.668808,1,0
2.670127,1,0
2.671875,3,0
2.673406,1,0
2.675422,1,0
2.675802,1,0
2.67796,1,0
2.67937,1,0
2.679752,1,0
2.679761,1,0
2.681844,1,0
2.683517,1,0
2.6875,10,0
2.687919,1,0
2.689255,1,0
2.691203,1,0
2.694782,1,0
2.695352,1,0
2.697809,1,0
2.698977,1,0
2.699204,1,0
2.700351,1,0
2.700511,1,0
2.70309,1,0
2.703125,1,0
2.703286,1,0
2.705566,1,0
2.706306,1,0
2.706635,1,0
2.707123,1,0
2.707638,1,0
2.708058,1,0
2.708511,1,0
2.708871,1,0
2.70904,1,0
2.709423,1,0
2.713351,1,0
2.714237,1,0
2.714271,1,0
2.716412,1,0
2.716607,1,0
2.71875,7,0
2.719744,1,0
2.722714,1,0
2.723118,1,0
2.723573,1,0
2.724594,1,0
2.724931,1,0
2.725958,1,0
2.728633,1,0
2.728646,1,0
2.728847,1,0
2.728919,1,0
2.730704,1,0
2.732276,1,0
2.732517,1,0
2.733644,1,0
2.734375,10,0
2.737829,1,0
2.739074,1,0
2.739333,1,0
2.743998,1,0
2.74675,1,0
2.748649,1,0
2.749752,1,0
2.75,6,0
2.753293,1,0
2.759394,1,0
2.759505,1,0
2.762547,1,0
2.76302,1,0
2.765625,3,0
2.766279,1,0
2.766461,1,0
2.766991,1,0
2.767003,1,0
2.769704,1,0
2.771085,1,0
2.775686,1,0
2.777004,1,0
2.779906,1,0
2.780442,1,0
2.780682,1,0
2.78125,2,0
2.786115,1,0
2.790728,1,0
2.792835,1,0
2.792875,1,0
2.795638,1,0
2.796875,2,0
2.799168,1,0
2.799782,1,0
2.799827,1,0
2.800931,1,0
2.801489,1,0
2.803973,1,0
2.807751,1,0
2.810471,1,0
2.811745,1,0
2.812073,1,0
2.8125,4,0
2.816411,1,0
2.817562,1,0
2.819866,1,0
2.821637,1,0
2.82217,1,0
2.82311,1,0
2.827157,1,0
2.828125,5,0
2.829699,1,0
2.835824,1,0
2.836377,1,0
2.836437,1,0
2.83851,1,0
2.843608,1,0
2.84375,4,0
2.856994,1,0
2.858219,1,0
2.859375,2,0
2.860442,1,0
2.862984,1,0
2.869333,1,0
2.873099,1,0
2.875,2,0
2.875464,1,0
2.882007,1,0
2.885359,1,0
2.885493,1,0
2.887035,1,0
2.890625,4,0
2.896268,1,0
2.89667,1,0
2.903777,1,0
2.904191,1,0
2.904566,1,0
2.907627,1,0
2.908071,1,0
2.909274,1,0
2.909757,1,0
2.910447,1,0
2.914172,1,0
2.914617,1,0
2.915151,1,0
2.922012,1,0
2.924535,1,0
2.929634,1,0
2.930408,1,0
2.935543,1,0
2.937327,1,0
2.9375,1,0
2.938509,1,0
2.938582,1,0
2.941648,1,0
2.944376,1,0
2.948221,1,0
2.948678,1,0
2.9502,1,0
2.951836,1,0
2.953125,3,0
2.954869,1,0
2.955163,1,0
2.968469,1,0
2.96875,3,0
2.9702,1,0
2.973786,1,0
2.977237,1,0
2.979047,1,0
2.9794,1,0
2.983896,1,0
2.984375,4,0
2.985027,1,0
2.9856,1,0
2.988801,1,0
2.990943,1,0
2.992136,1,0
2.995109,1,0
2.996446,1,0
3.0,3,0
3.000356,1,0
3.001244,1,0
3.003987,1,0
3.015625,3,0
3.027914,1,0
3.030772,1,0
3.03125,2,0
3.038078,1,0
3.038135,1,0
3.039951,1,0
3.042502,1,0
3.046875,2,0
3.049148,1,0
3.0625,2,0
3.078125,2,0
3.085813,1,0
3.090594,1,0
3.09375,1,0
3.15625,1,0
3.171875,3,0
3.1875,1,0
3.203125,2,0
3.206145,1,0
3.241273,1,0
3.25491,1,0
3.262199,1,0
3.289233,1,0
3.308579,1,0
3.327002,1,0
3.349233,1,0
3.393535,1,0
3.4184,1,0
3.46875,1,0
