key,candidate,scans,baseline_fractures,suppressed_fractures,grouping_changed_scans,member_count_changed_scans,new_merge_objects,new_split_objects,new_merge_episodes,persistent_new_merges,publication_changed_scans,representative_changes,pid_births,relaxed_edge_scans,state_peak,cpu_mean_us,cpu_p95_us,cpu_p99_us,cpu_max_us
00000243--a4d9c0a5dd--0,A_HYSTERESIS,621,41,19,41,22,44,38,22,2,517,62,506,28,40,177.49409582190674,1168.9599999999998,1867.2199999999996,64372.4
00000245--2c15eb5d45--12,A_HYSTERESIS,600,8,3,4,4,4,0,3,0,159,39,426,4,10,123.43065644785057,689.895,1171.3229999999983,50442.4
00000245--2c15eb5d45--19,A_HYSTERESIS,600,34,22,27,24,28,10,22,2,452,131,858,40,36,192.37398766872158,1370.7,2124.3,62425.3
00000245--2c15eb5d45--21,A_HYSTERESIS,600,46,31,31,17,40,25,34,2,590,167,810,36,50,220.26541152949022,1553.7,2833.331999999999,57958.7
00000245--2c15eb5d45--32,A_HYSTERESIS,600,14,6,9,7,9,2,6,1,421,27,340,12,30,133.5772447109776,781.4499999999998,1300.4799999999952,46898.7
00000245--2c15eb5d45--7,A_HYSTERESIS,600,26,2,2,2,2,0,2,0,543,172,758,3,30,152.31201866977824,986.5399999999986,1586.0239999999947,52548.6
00000247--b657952782--0,A_HYSTERESIS,619,109,55,102,82,125,68,63,8,616,111,905,99,50,190.60245557350606,1349.3149999999962,2002.342999999993,59356.7
00000247--b657952782--1,A_HYSTERESIS,600,98,48,91,68,117,78,60,10,568,135,868,86,48,188.53868978162998,1390.8399999999965,1950.0139999999926,64108.0
00000247--b657952782--10,A_HYSTERESIS,600,8,5,5,5,5,0,5,0,551,6,220,6,18,119.35048349449816,664.2299999999999,972.3319999999989,68622.1
00000247--b657952782--11,A_HYSTERESIS,600,17,11,11,11,11,0,11,0,496,10,188,15,38,137.16447850716392,768.0449999999998,1011.499,74885.8
00000247--b657952782--12,A_HYSTERESIS,600,21,11,15,14,16,3,14,0,558,39,384,25,42,138.02335778592857,806.8349999999997,1290.7299999999998,71093.1
00000247--b657952782--13,A_HYSTERESIS,600,8,4,10,2,10,8,4,1,88,76,654,4,30,177.51178726242114,1148.1749999999997,1820.5509999999995,92412.5
00000247--b657952782--14,A_HYSTERESIS,600,29,15,25,23,27,8,20,1,523,36,564,30,20,174.31042811927367,1116.949999999998,1887.9879999999998,76341.4
00000247--b657952782--15,A_HYSTERESIS,600,17,3,20,11,24,23,4,3,370,49,659,4,28,166.85489411372342,1021.9399999999998,1816.9599999999998,79786.9
00000247--b657952782--16,A_HYSTERESIS,600,3,2,2,2,2,0,2,0,353,36,540,2,16,154.40511666666688,940.1100000000004,1425.243000000001,61648.8
00000247--b657952782--17,A_HYSTERESIS,600,11,4,5,4,5,1,4,0,452,118,599,7,40,159.90579999999966,1040.3950000000002,1900.2100000000003,75218.8
00000247--b657952782--18,A_HYSTERESIS,600,17,10,15,13,15,4,10,1,524,60,751,16,12,149.27327887981295,900.0299999999983,1348.6999999999953,93272.9
00000247--b657952782--19,A_HYSTERESIS,600,25,11,14,14,14,2,11,0,479,62,809,14,14,162.28721453575585,1028.759999999999,1624.1159999999973,88871.5
00000247--b657952782--2,A_HYSTERESIS,599,64,25,32,23,35,9,25,1,562,80,751,40,26,162.759906604403,1055.875,1704.400000000001,92233.3
00000247--b657952782--20,A_HYSTERESIS,600,18,13,15,12,15,3,14,0,403,99,618,21,22,148.15520000000035,878.3650000000001,1318.2270000000008,97580.6
00000247--b657952782--21,A_HYSTERESIS,600,15,6,9,4,9,5,6,1,384,62,515,7,14,139.89021992669115,733.7599999999998,1541.1169999999984,89053.6
00000247--b657952782--22,A_HYSTERESIS,600,45,28,35,22,41,20,29,4,537,74,667,39,32,159.3949816605539,968.1399999999994,1524.5209999999975,102194.4
00000247--b657952782--23,A_HYSTERESIS,600,18,7,7,7,7,0,7,0,202,37,464,9,32,145.72024662556242,641.5,1495.4,101449.3
00000247--b657952782--24,A_HYSTERESIS,600,28,5,9,4,9,6,5,1,541,251,732,11,48,248.24283333333267,1674.3600000000001,3128.2090000000003,100478.2
00000247--b657952782--25,A_HYSTERESIS,600,34,4,4,3,4,1,4,0,125,293,753,7,42,219.0218036339395,1378.0299999999982,2733.4759999999983,113434.1
00000247--b657952782--26,A_HYSTERESIS,600,21,3,4,4,4,0,3,0,95,196,833,4,44,189.2997666277712,1187.6099999999972,2082.806,124316.1
00000247--b657952782--27,A_HYSTERESIS,600,42,5,6,5,6,1,5,0,263,248,752,11,48,223.05247458756926,1458.7,2806.3,122132.0
00000247--b657952782--28,A_HYSTERESIS,600,18,4,13,9,13,20,4,1,493,180,738,11,22,173.82522507502526,1063.33,1620.692999999999,113826.7
00000247--b657952782--29,A_HYSTERESIS,600,9,4,5,5,5,0,4,0,519,136,685,7,24,151.41356440593188,931.0,1600.1,94800.2
00000247--b657952782--3,A_HYSTERESIS,600,19,9,13,13,13,2,10,1,558,34,293,17,22,139.46851574212891,623.1999999999992,1569.5959999999977,112955.2
00000247--b657952782--30,A_HYSTERESIS,599,8,4,4,2,4,2,4,0,19,57,497,6,24,129.86902300766909,675.394999999998,1064.4379999999987,136881.5
00000247--b657952782--31,A_HYSTERESIS,600,20,7,16,15,16,13,9,1,590,139,511,14,54,176.34146951016348,1078.1899999999994,2127.6669999999904,116026.5
00000247--b657952782--32,A_HYSTERESIS,599,7,2,5,2,7,5,3,1,161,83,655,4,32,222.69470000000095,1433.01,2640.033000000014,127494.4
00000247--b657952782--33,A_HYSTERESIS,599,18,12,17,14,17,3,12,1,134,34,392,21,30,168.0748041993002,861.0,1976.3,136526.2
00000247--b657952782--34,A_HYSTERESIS,599,2,1,1,0,1,1,1,0,1,5,198,3,26,117.14323333333347,702.5300000000001,1061.4860000000065,3233.4
00000247--b657952782--35,A_HYSTERESIS,599,23,11,22,17,24,12,14,3,531,36,411,17,26,150.9771371438093,720.0,1608.6,137087.4
00000247--b657952782--36,A_HYSTERESIS,599,14,5,7,5,7,2,6,0,515,43,415,5,18,166.78980169971658,1028.3,1626.1,139735.2
00000247--b657952782--37,A_HYSTERESIS,599,7,3,6,6,6,0,4,1,50,20,237,7,22,129.3262666666668,565.8100000000005,1095.543000000001,129218.6
00000247--b657952782--38,A_HYSTERESIS,599,48,28,42,26,48,27,31,3,538,77,866,42,42,199.81203132811163,1271.6,2009.6,141685.3
00000247--b657952782--39,A_HYSTERESIS,585,67,15,32,22,40,21,25,3,555,38,455,47,46,183.7822369539351,1098.8599999999994,1665.166000000007,138763.7
00000247--b657952782--4,A_HYSTERESIS,599,11,3,3,3,3,0,3,0,96,15,246,8,18,138.65803333333392,802.91,1103.1310000000005,55898.8
00000247--b657952782--5,A_HYSTERESIS,599,33,14,44,19,45,25,17,3,590,63,538,38,40,176.32526666666652,1117.02,2102.3130000000024,55616.3
00000247--b657952782--6,A_HYSTERESIS,600,47,30,46,35,56,39,32,2,567,83,621,47,44,150.19000166638892,923.4,1780.3,52496.8
00000247--b657952782--7,A_HYSTERESIS,600,30,17,29,19,30,17,24,1,565,46,336,27,14,129.94775795965998,685.9399999999998,1340.137999999999,58375.3
00000247--b657952782--8,A_HYSTERESIS,599,16,10,59,52,61,51,14,7,349,18,211,32,32,145.89196264799065,948.9399999999999,1342.572,50754.1
00000247--b657952782--9,A_HYSTERESIS,600,16,15,24,19,24,12,16,2,577,14,144,34,30,124.27727424191937,699.7949999999998,1081.6809999999998,49487.7
00000250--8354d55131--0,A_HYSTERESIS,621,88,38,56,41,58,24,43,2,431,59,446,73,46,152.82752203721853,708.8750000000001,2284.2,48376.4
00000250--8354d55131--1,A_HYSTERESIS,599,91,34,56,39,65,33,40,6,594,91,924,71,40,152.2515741367636,1020.7999999999993,1747.3290000000047,43166.7
00000250--8354d55131--2,A_HYSTERESIS,377,1,1,2,2,2,0,1,0,122,1,72,3,8,80.32376681614383,409.35,544.4499999999998,2494.2
00000252--d191bee66c--0,A_HYSTERESIS,617,70,29,50,38,75,39,40,9,262,57,363,55,46,135.8816540859862,595.5749999999997,1683.631999999995,72638.7
00000252--d191bee66c--1,A_HYSTERESIS,600,47,17,43,31,48,30,24,8,563,38,436,35,38,124.59470342522965,575.88,1398.1439999999993,73563.4
00000252--d191bee66c--2,A_HYSTERESIS,333,1,0,0,0,0,0,0,0,0,3,86,1,10,71.72658718330848,361.3699999999998,575.7180000000003,1425.1
00000254--0ac259250e--0,A_HYSTERESIS,620,71,32,63,43,69,35,41,4,342,56,485,69,44,141.3220595412396,638.7099999999999,1643.802,77960.2
00000254--0ac259250e--1,A_HYSTERESIS,600,97,64,118,99,137,72,73,8,594,88,823,97,40,198.0679124579121,1359.9800000000005,2084.661,88373.4
00000254--0ac259250e--10,A_HYSTERESIS,599,10,5,22,4,24,20,5,1,144,27,399,8,26,136.56694532686814,809.7,1284.5799999999979,57036.7
00000254--0ac259250e--11,A_HYSTERESIS,599,40,23,163,68,186,163,28,10,580,78,911,46,44,190.33629518072237,1207.2,1924.1499999999999,100052.3
00000254--0ac259250e--12,A_HYSTERESIS,600,51,27,67,41,71,44,34,4,586,106,756,37,54,191.65340928128649,1287.579999999999,2017.8559999999998,80916.9
00000254--0ac259250e--13,A_HYSTERESIS,600,8,6,44,44,44,39,8,1,567,1,122,8,18,118.47687052157967,664.1,878.9,79785.4
00000254--0ac259250e--14,A_HYSTERESIS,600,15,10,10,9,10,3,10,0,203,37,410,15,26,159.44799133188872,919.9799999999979,1708.7579999999987,90143.7
00000254--0ac259250e--15,A_HYSTERESIS,600,6,4,4,4,4,0,4,0,489,26,275,5,32,153.25102517086182,879.8699999999991,1479.881999999998,96442.8
00000254--0ac259250e--16,A_HYSTERESIS,600,10,4,6,6,6,0,4,0,177,5,223,6,22,156.32195934688446,957.9849999999999,1217.851999999999,95349.9
00000254--0ac259250e--17,A_HYSTERESIS,600,30,25,19,12,28,14,28,0,397,67,515,31,44,189.93434599156134,1200.8,2226.912000000001,81055.3
00000254--0ac259250e--18,A_HYSTERESIS,600,30,14,19,18,20,2,14,1,431,27,593,20,22,200.20118432026769,1390.5500000000002,1742.386000000001,101119.5
00000254--0ac259250e--19,A_HYSTERESIS,600,33,15,66,25,86,63,18,7,487,160,656,33,64,191.99127260083378,1041.925,2396.7859999999996,120814.5
00000254--0ac259250e--2,A_HYSTERESIS,599,120,66,146,93,172,111,79,13,592,108,812,113,56,211.49061765693116,1522.2499999999995,2142.535000000001,89637.3
00000254--0ac259250e--20,A_HYSTERESIS,600,47,22,54,24,57,36,22,2,461,100,842,31,34,205.19971548117144,1382.19,2078.130000000001,113093.5
00000254--0ac259250e--21,A_HYSTERESIS,599,112,38,63,51,69,25,43,7,591,37,893,56,24,259.2792582648104,1746.879999999999,2197.994,151146.5
00000254--0ac259250e--22,A_HYSTERESIS,600,32,16,19,15,19,4,16,1,565,68,688,28,36,193.65068884408652,1239.5649999999996,1950.105999999998,104091.4
00000254--0ac259250e--23,A_HYSTERESIS,600,55,34,85,52,107,55,36,4,569,96,575,48,38,178.42346956079382,966.0799999999994,2216.216,98140.5
00000254--0ac259250e--24,A_HYSTERESIS,600,50,33,58,37,64,27,34,5,593,82,683,48,32,203.1858299595144,1293.595,2257.4679999999994,114488.9
00000254--0ac259250e--25,A_HYSTERESIS,600,52,39,391,39,607,580,43,10,583,47,457,55,40,233.61644155410914,1650.1599999999999,2268.448,133833.8
00000254--0ac259250e--26,A_HYSTERESIS,600,58,31,46,31,48,23,36,2,521,100,634,52,46,163.2607947904491,1076.6199999999985,1742.2759999999998,96439.3
00000254--0ac259250e--27,A_HYSTERESIS,600,74,28,36,28,39,13,29,3,512,24,800,47,24,184.97353039412138,1221.0099999999995,1748.1,128086.4
00000254--0ac259250e--28,A_HYSTERESIS,600,74,38,54,50,56,8,39,3,558,40,683,60,26,193.01035231257308,1275.7799999999982,1866.6519999999991,129657.8
00000254--0ac259250e--29,A_HYSTERESIS,600,51,25,43,24,45,22,27,3,524,149,634,38,52,198.81196431694977,1176.1799999999998,2598.7120000000086,110053.3
00000254--0ac259250e--3,A_HYSTERESIS,599,73,39,71,48,89,46,48,6,575,53,678,72,44,178.4635191695963,1074.1399999999999,1741.096,133285.1
00000254--0ac259250e--30,A_HYSTERESIS,599,30,16,43,38,77,74,23,7,522,114,602,29,66,196.31275372124537,1133.6349999999986,2121.867,140147.2
00000254--0ac259250e--31,A_HYSTERESIS,600,2,1,1,1,1,0,1,0,539,1,161,1,8,130.83899350108342,684.2,926.0,124390.9
00000254--0ac259250e--32,A_HYSTERESIS,600,1,1,2,2,2,0,1,0,2,2,170,2,14,122.96847192134628,574.9,896.9,135316.5
00000254--0ac259250e--33,A_HYSTERESIS,600,26,11,13,12,13,1,12,0,541,61,525,15,22,193.03334447601512,1092.7199999999998,1929.7500000000007,125711.6
00000254--0ac259250e--34,A_HYSTERESIS,600,46,25,56,35,95,66,37,8,553,85,598,45,34,145.9280060120243,909.5349999999986,1470.5690000000002,51794.7
00000254--0ac259250e--35,A_HYSTERESIS,600,47,22,131,108,216,118,37,11,515,37,442,56,40,161.03565217391338,1030.3600000000008,1682.1030000000005,42791.7
00000254--0ac259250e--36,A_HYSTERESIS,600,16,9,16,10,16,7,10,2,201,11,203,16,20,130.08606898850215,709.4,1128.3,50393.3
00000254--0ac259250e--37,A_HYSTERESIS,600,90,46,126,102,168,112,60,10,596,89,803,105,46,212.243569023569,1503.6,2182.7149999999997,58009.4
00000254--0ac259250e--38,A_HYSTERESIS,600,128,60,126,99,220,139,79,8,588,91,732,129,58,243.04709292412636,1737.3800000000003,2675.455999999999,68430.1
00000254--0ac259250e--39,A_HYSTERESIS,600,43,20,26,23,26,3,21,1,442,31,359,52,30,152.78889814969077,996.079999999999,1479.679999999998,51494.3
00000254--0ac259250e--4,A_HYSTERESIS,600,27,16,20,16,20,4,16,2,454,27,390,28,24,160.03428238428233,957.05,1656.9999999999995,51273.2
00000254--0ac259250e--40,A_HYSTERESIS,600,105,45,73,56,83,39,56,6,583,82,730,97,60,203.81787341772085,1472.8600000000001,2243.764000000004,72147.3
00000254--0ac259250e--41,A_HYSTERESIS,600,55,23,28,26,33,3,23,1,487,56,658,44,42,139.04882166137426,852.2599999999999,1566.9520000000061,49503.7
00000254--0ac259250e--42,A_HYSTERESIS,152,34,9,36,28,44,29,22,8,139,25,114,32,44,131.6401960784315,864.9149999999998,1679.5560000000005,3368.1
00000254--0ac259250e--5,A_HYSTERESIS,599,42,19,25,19,26,6,19,0,591,76,672,29,24,195.2524870205997,1276.25,2003.3500000000013,86823.8
00000254--0ac259250e--6,A_HYSTERESIS,599,24,13,40,23,51,55,15,5,580,37,279,21,42,158.27258445945924,787.3050000000005,1925.7360000000024,81320.6
00000254--0ac259250e--7,A_HYSTERESIS,599,0,0,0,0,0,0,0,0,0,0,72,0,2,96.43041374708058,532.8699999999999,665.0349999999999,2596.4
00000254--0ac259250e--8,A_HYSTERESIS,600,38,17,33,20,34,19,19,2,505,84,603,38,30,164.3435117056852,899.1750000000006,1932.5240000000001,81891.4
00000254--0ac259250e--9,A_HYSTERESIS,600,29,21,20,16,23,5,23,0,590,22,168,28,32,120.13253676470562,548.9249999999997,1246.2520000000004,80025.6
00000255--d1d0ee73c5--21,A_HYSTERESIS,599,6,3,4,3,4,1,3,0,78,5,196,5,10,113.98168333333346,623.0800000000003,857.3350000000007,65400.5
00000255--d1d0ee73c5--22,A_HYSTERESIS,599,5,3,5,5,5,1,3,1,487,28,302,6,20,148.4710195881468,730.179999999999,1661.9919999999977,66275.2
00000255--d1d0ee73c5--23,A_HYSTERESIS,599,10,5,6,3,6,3,5,0,330,38,275,7,32,146.716903290463,731.5799999999999,1608.1540000000005,96882.2
00000255--d1d0ee73c5--24,A_HYSTERESIS,600,16,7,8,7,8,1,7,0,529,46,402,12,28,133.68523602276534,722.4199999999994,1257.2,97969.8
00000255--d1d0ee73c5--25,A_HYSTERESIS,599,16,10,14,12,14,2,10,0,508,19,181,17,20,132.39663389435088,585.3,1295.0,98658.4
00000255--d1d0ee73c5--26,A_HYSTERESIS,599,0,0,0,0,0,0,0,0,0,0,23,7,4,99.37336666666658,473.0200000000001,577.0060000000001,92277.3
00000255--d1d0ee73c5--27,A_HYSTERESIS,600,17,10,20,14,20,9,14,1,356,54,387,17,34,149.87639075066963,806.06,1612.8699999999994,98803.5
00000255--d1d0ee73c5--28,A_HYSTERESIS,599,19,7,11,5,11,6,7,2,554,80,577,11,22,163.11220163578662,914.5,1536.400000000002,103993.9
00000255--d1d0ee73c5--29,A_HYSTERESIS,600,7,4,4,4,4,0,4,0,213,43,530,4,14,137.59176666666713,822.845,1379.1,84431.5
00000255--d1d0ee73c5--30,A_HYSTERESIS,600,29,8,10,9,10,1,9,0,485,167,850,14,40,185.24426675740017,1187.8949999999995,2087.8489999999974,94140.9
00000255--d1d0ee73c5--31,A_HYSTERESIS,600,15,5,5,4,5,1,5,0,102,37,423,6,26,145.031017203942,667.2099999999998,1776.7660000000021,106994.7
00000255--d1d0ee73c5--32,A_HYSTERESIS,600,9,6,6,6,6,0,6,0,86,21,334,7,10,148.55396666666664,755.0100000000003,1391.5270000000028,106851.2
00000255--d1d0ee73c5--33,A_HYSTERESIS,600,22,16,46,29,56,27,22,4,595,79,455,28,30,157.85750627615116,853.5000000000007,1621.2800000000018,131538.5
00000255--d1d0ee73c5--34,A_HYSTERESIS,600,35,18,40,22,40,18,18,4,337,29,591,46,32,176.87497081874344,1079.8399999999997,1749.1399999999994,117641.5
00000255--d1d0ee73c5--35,A_HYSTERESIS,600,56,32,100,63,109,93,36,6,589,93,582,62,52,172.42142017794203,971.4599999999997,1877.9399999999887,105223.9
00000255--d1d0ee73c5--36,A_HYSTERESIS,600,11,5,36,4,36,32,6,2,576,4,217,21,20,147.12712881186468,876.2,1231.9,103132.2
00000255--d1d0ee73c5--37,A_HYSTERESIS,600,34,22,41,21,43,22,24,1,457,37,478,28,30,178.42218885552188,1090.8849999999993,1699.9359999999983,122978.8
00000255--d1d0ee73c5--38,A_HYSTERESIS,600,52,29,45,30,47,17,29,5,530,71,715,45,36,204.07754931461037,1318.6649999999995,1965.7649999999985,131188.3
00000255--d1d0ee73c5--39,A_HYSTERESIS,600,104,53,164,86,224,152,61,15,569,123,851,84,44,202.18467593367936,1300.4499999999998,2251.5100000000066,114643.3
00000255--d1d0ee73c5--40,A_HYSTERESIS,420,30,11,16,15,16,3,13,0,416,28,318,24,34,117.86991424487849,646.3399999999995,1335.144999999997,3788.1
00000257--d1cacb63a0--0,A_HYSTERESIS,619,82,38,63,44,71,36,44,5,489,80,577,69,52,132.8895870445345,628.2199999999998,1968.1980000000017,48951.6
00000257--d1cacb63a0--1,A_HYSTERESIS,600,59,38,135,64,142,113,42,8,576,43,552,62,36,166.170978496416,989.1299999999987,1614.241999999999,115464.1
00000257--d1cacb63a0--10,A_HYSTERESIS,599,2,1,1,1,1,0,1,0,1,12,190,1,20,112.15890000000037,469.6450000000002,904.3420000000009,124285.4
00000257--d1cacb63a0--11,A_HYSTERESIS,600,11,8,31,15,38,23,13,4,166,40,235,13,34,146.98786666666675,601.325,1829.3620000000058,122743.7
00000257--d1cacb63a0--12,A_HYSTERESIS,599,32,12,16,9,17,8,13,1,525,103,638,19,38,214.50171781187444,1339.3249999999998,2488.4400000000014,138990.9
00000257--d1cacb63a0--13,A_HYSTERESIS,600,29,16,20,12,20,9,16,0,479,58,533,23,22,168.1712689678172,1098.6399999999996,1735.228,49997.6
00000257--d1cacb63a0--14,A_HYSTERESIS,599,63,28,66,51,106,66,32,6,494,314,871,65,60,246.3562948140736,1708.2599999999998,2876.2879999999996,137619.0
00000257--d1cacb63a0--15,A_HYSTERESIS,600,43,28,37,34,37,5,29,1,572,60,476,54,28,132.02347550816378,844.9349999999995,1338.4779999999996,55710.9
00000257--d1cacb63a0--16,A_HYSTERESIS,600,47,30,75,53,86,68,41,7,589,78,471,62,54,236.64446666666655,1793.6650000000006,2558.5220000000004,79759.9
00000257--d1cacb63a0--17,A_HYSTERESIS,600,27,16,23,21,23,2,19,1,542,28,485,33,28,169.4390934844188,1169.6,1816.0,54565.1
00000257--d1cacb63a0--18,A_HYSTERESIS,600,19,6,8,8,8,1,6,0,567,41,659,8,28,196.6811635272543,1407.0999999999995,1946.6179999999995,69986.4
00000257--d1cacb63a0--19,A_HYSTERESIS,600,15,8,12,8,12,7,9,1,552,26,344,20,18,143.39859953317801,874.9799999999996,1413.403,51636.0
00000257--d1cacb63a0--2,A_HYSTERESIS,600,38,18,34,16,35,20,18,2,491,71,530,34,40,167.03737289548226,1002.1099999999999,1890.1239999999993,73874.7
00000257--d1cacb63a0--20,A_HYSTERESIS,600,6,1,1,1,1,0,1,0,1,5,171,4,12,104.92877374208618,549.4849999999997,781.048999999999,64726.2
00000257--d1cacb63a0--21,A_HYSTERESIS,600,19,11,11,11,12,1,11,0,592,54,479,15,38,144.4829971661944,820.8599999999996,1555.7399999999966,54938.3
00000257--d1cacb63a0--22,A_HYSTERESIS,600,55,18,26,21,27,5,20,0,497,278,743,41,56,231.6718103883009,1379.259999999998,3076.647999999993,88874.5
00000257--d1cacb63a0--23,A_HYSTERESIS,600,34,13,15,10,17,6,13,0,389,32,520,23,30,164.00653333333295,1133.38,1798.6460000000009,75555.5
00000257--d1cacb63a0--24,A_HYSTERESIS,600,25,10,18,7,18,13,10,3,464,69,668,22,36,185.04508333333342,1263.12,1823.0240000000006,83684.5
00000257--d1cacb63a0--25,A_HYSTERESIS,600,44,24,65,21,68,51,29,2,588,248,833,43,52,227.54682023034724,1608.8000000000002,2444.0900000000083,94810.1
00000257--d1cacb63a0--26,A_HYSTERESIS,600,37,26,35,21,39,22,28,3,530,86,593,41,36,173.0198399466485,1113.7549999999994,1991.8229999999992,84557.0
00000257--d1cacb63a0--27,A_HYSTERESIS,600,43,24,28,27,29,5,25,0,505,49,431,37,42,173.1119059529763,1062.9399999999998,1885.024,91088.8
00000257--d1cacb63a0--28,A_HYSTERESIS,600,62,39,48,44,49,13,40,1,593,264,910,71,66,252.50586862287474,1703.6949999999995,2758.4959999999996,116438.5
00000257--d1cacb63a0--29,A_HYSTERESIS,599,53,30,52,45,60,31,34,5,574,95,603,47,58,195.15361134278575,1246.71,2439.6300000000024,88773.2
00000257--d1cacb63a0--3,A_HYSTERESIS,600,14,7,8,6,11,2,7,2,259,101,452,24,36,181.83490581763613,963.3199999999998,2332.6439999999943,75777.2
00000257--d1cacb63a0--30,A_HYSTERESIS,600,89,42,115,50,125,96,51,5,542,96,822,86,46,198.86259376562776,1382.469999999997,2328.2999999999856,117178.7
00000257--d1cacb63a0--31,A_HYSTERESIS,431,12,8,18,7,18,11,8,2,363,8,106,12,26,87.67477477477476,477.99999999999943,772.3120000000011,2950.2
00000257--d1cacb63a0--4,A_HYSTERESIS,600,24,11,13,9,14,6,12,0,212,111,508,19,44,171.20273378896476,778.01,2311.5559999999987,95817.2
00000257--d1cacb63a0--5,A_HYSTERESIS,600,29,20,22,21,23,2,20,1,546,64,573,30,38,168.6629500000002,1075.9550000000004,1862.7340000000008,100152.9
00000257--d1cacb63a0--6,A_HYSTERESIS,599,42,25,29,26,32,5,25,1,487,60,490,38,46,196.45007501250137,1250.529999999997,2011.927999999997,123588.4
00000257--d1cacb63a0--7,A_HYSTERESIS,599,58,24,59,25,80,63,30,2,508,237,745,50,60,230.43570000000042,1645.9200000000003,2869.432000000005,126571.3
00000257--d1cacb63a0--8,A_HYSTERESIS,599,42,18,23,23,23,2,18,0,481,42,743,28,28,248.25558519506487,1697.7149999999992,2346.5069999999955,123032.0
00000257--d1cacb63a0--9,A_HYSTERESIS,599,31,14,28,16,29,13,18,2,497,71,658,31,30,194.22896183969354,1309.7,2028.2,121968.2
00000259--f920fb6ddd--0,A_HYSTERESIS,622,119,53,128,90,164,115,72,12,622,78,801,91,52,188.1265828902846,1267.639999999998,1978.2839999999944,76163.5
00000259--f920fb6ddd--1,A_HYSTERESIS,600,36,20,33,22,34,16,23,1,553,36,352,37,40,185.86244775121207,1113.1,1931.4199999999985,138607.0
00000259--f920fb6ddd--10,A_HYSTERESIS,600,24,9,11,9,11,2,9,0,297,122,790,20,42,219.32005000000012,1476.9750000000004,2286.4300000000007,120528.2
00000259--f920fb6ddd--11,A_HYSTERESIS,600,17,11,15,13,15,2,11,0,484,33,409,17,30,162.29576666666625,871.1300000000001,1639.6700000000037,122336.8
00000259--f920fb6ddd--12,A_HYSTERESIS,600,7,2,3,3,3,0,3,0,33,16,190,3,38,123.78146975504086,459.1,1133.1,139808.0
00000259--f920fb6ddd--13,A_HYSTERESIS,600,42,17,26,13,28,14,17,3,539,172,902,26,50,213.05586666666616,1483.3850000000002,2467.1930000000043,143360.7
00000259--f920fb6ddd--14,A_HYSTERESIS,600,11,9,10,9,10,1,9,0,498,92,510,11,36,178.40758080639839,946.9799999999999,2219.1959999999976,121091.7
00000259--f920fb6ddd--15,A_HYSTERESIS,600,21,2,4,4,4,0,2,1,199,120,642,4,30,227.42856666666677,1249.345,2696.927000000003,139358.1
00000259--f920fb6ddd--16,A_HYSTERESIS,599,8,3,9,4,10,8,4,1,137,31,438,11,18,197.15958333333379,1261.8950000000002,1854.3390000000006,120404.9
00000259--f920fb6ddd--17,A_HYSTERESIS,600,19,12,13,11,13,2,12,0,235,53,545,14,24,166.63046666666625,1064.420000000001,1811.0090000000002,54138.3
00000259--f920fb6ddd--18,A_HYSTERESIS,600,23,15,17,17,17,0,15,0,524,54,843,18,20,241.42116666666647,1483.7050000000002,1957.0710000000015,183239.8
00000259--f920fb6ddd--19,A_HYSTERESIS,599,73,22,35,29,36,7,23,2,582,437,997,40,52,318.7138023003838,2068.939999999994,3783.6059999999998,180407.1
00000259--f920fb6ddd--2,A_HYSTERESIS,600,37,27,53,26,55,32,27,3,552,15,242,46,32,159.13752906011354,1071.9599999999998,1646.723,48218.9
00000259--f920fb6ddd--20,A_HYSTERESIS,600,89,60,49,29,62,32,61,0,539,144,829,61,54,229.1552407932015,1456.1,2681.1,136596.3
00000259--f920fb6ddd--21,A_HYSTERESIS,599,15,1,1,1,1,0,1,0,156,74,567,3,26,182.04749124854126,1115.9999999999995,2153.521999999992,62025.0
00000259--f920fb6ddd--22,A_HYSTERESIS,599,7,2,2,2,2,0,2,0,21,34,464,3,24,174.2941656942821,985.8399999999993,1753.4119999999998,130495.3
00000259--f920fb6ddd--23,A_HYSTERESIS,599,56,31,66,39,87,68,40,8,556,98,723,45,58,166.06025000000017,1051.4050000000002,1963.8640000000012,51204.9
00000259--f920fb6ddd--24,A_HYSTERESIS,599,15,10,16,10,16,6,10,1,232,22,551,14,22,143.64686666666657,755.7650000000003,1604.544000000001,76539.7
00000259--f920fb6ddd--25,A_HYSTERESIS,600,36,12,18,13,20,7,13,2,588,142,672,28,40,166.71698050324915,878.0,2019.3,75420.5
00000259--f920fb6ddd--26,A_HYSTERESIS,598,20,9,19,10,19,9,9,1,565,81,650,14,14,135.06789464910756,774.8099999999988,1182.8299999999992,50012.0
00000259--f920fb6ddd--27,A_HYSTERESIS,599,25,7,8,8,8,0,7,0,371,70,658,13,12,138.14995000000008,897.3950000000002,1264.2290000000007,51470.6
00000259--f920fb6ddd--28,A_HYSTERESIS,600,11,5,9,9,9,6,5,1,597,60,728,7,16,155.58831666666666,957.0350000000001,1342.6780000000017,74784.6
00000259--f920fb6ddd--29,A_HYSTERESIS,600,8,2,3,3,3,0,2,0,555,73,630,3,16,146.71329778370304,875.4,1378.7,71985.0
00000259--f920fb6ddd--3,A_HYSTERESIS,600,37,18,22,18,23,7,20,1,582,49,701,24,28,150.00111517975995,955.4249999999997,1594.3040000000008,56719.8
00000259--f920fb6ddd--30,A_HYSTERESIS,600,4,2,3,3,3,0,2,0,552,43,311,4,10,126.9612666666667,767.8200000000005,1135.305,56764.3
00000259--f920fb6ddd--31,A_HYSTERESIS,600,6,2,2,1,2,1,2,0,2,23,247,2,22,124.09849974995876,656.6,1062.341999999999,92516.0
00000259--f920fb6ddd--32,A_HYSTERESIS,600,3,0,0,0,0,0,0,0,0,35,330,4,34,176.41301232922362,1091.5499999999997,1751.306999999998,99113.9
00000259--f920fb6ddd--33,A_HYSTERESIS,600,5,1,1,1,1,0,1,0,375,27,322,2,28,120.50981830305044,674.4099999999993,1217.5719999999983,70540.7
00000259--f920fb6ddd--34,A_HYSTERESIS,600,5,4,5,2,5,3,4,0,522,44,470,4,36,148.3943657276218,913.4299999999988,1534.1839999999934,72239.3
00000259--f920fb6ddd--35,A_HYSTERESIS,600,9,2,5,2,6,4,3,1,466,72,480,8,42,184.3232794534245,1206.7,2009.8,98826.7
00000259--f920fb6ddd--36,A_HYSTERESIS,600,38,18,18,17,18,1,18,0,573,28,314,22,32,136.10666777796254,511.7399999999987,1912.4819999999982,77203.1
00000259--f920fb6ddd--37,A_HYSTERESIS,600,24,8,15,10,19,17,10,2,238,25,325,19,28,123.35520920153391,587.5199999999999,1306.9099999999999,77149.5
00000259--f920fb6ddd--38,A_HYSTERESIS,600,24,12,19,19,19,4,14,1,525,29,486,20,14,152.58941137235306,905.5999999999997,1529.2959999999996,68547.5
00000259--f920fb6ddd--39,A_HYSTERESIS,600,0,0,0,0,0,0,0,0,0,0,59,0,4,83.05324220703432,416.4099999999999,556.0379999999991,2909.1
00000259--f920fb6ddd--4,A_HYSTERESIS,600,33,19,73,41,109,69,21,4,551,72,489,45,44,167.0953946270653,1033.7799999999995,1749.8199999999988,85182.6
00000259--f920fb6ddd--40,A_HYSTERESIS,600,31,17,25,22,25,3,18,1,378,48,581,33,44,145.10943490581758,857.6699999999996,1717.702,89919.5
00000259--f920fb6ddd--41,A_HYSTERESIS,600,80,38,95,51,105,66,50,6,555,81,808,81,40,161.202633772295,987.5299999999987,1672.5679999999936,89228.4
00000259--f920fb6ddd--42,A_HYSTERESIS,66,2,2,2,2,2,0,2,0,37,2,29,4,28,108.76259097525472,834.1299999999994,1109.2879999999998,1691.0
00000259--f920fb6ddd--5,A_HYSTERESIS,600,38,16,21,18,21,7,18,0,477,59,670,26,26,154.46016002667122,880.3599999999996,1620.3939999999977,96130.4
00000259--f920fb6ddd--6,A_HYSTERESIS,600,10,5,5,5,5,1,5,0,521,25,496,7,20,181.0798333333334,1131.52,1827.2500000000011,114825.4
00000259--f920fb6ddd--7,A_HYSTERESIS,600,11,4,4,4,4,0,4,0,515,50,275,5,40,163.32832389203523,573.4849999999999,2253.393,135347.6
00000259--f920fb6ddd--8,A_HYSTERESIS,600,0,0,0,0,0,0,0,0,0,0,57,0,4,116.46114999999979,576.7,730.5170000000004,99818.0
00000259--f920fb6ddd--9,A_HYSTERESIS,600,30,14,18,17,20,2,16,1,441,191,700,29,46,229.77822029661755,1574.4,2947.2,133875.7
0000025b--22177da8d7--0,A_HYSTERESIS,620,95,45,82,68,101,55,61,11,532,87,648,86,50,161.29318329015518,885.1500000000001,1940.3999999999999,117343.7
0000025b--22177da8d7--1,A_HYSTERESIS,600,0,0,0,0,0,0,0,0,0,6,151,2,28,134.0864045318233,678.5649999999999,882.8759999999994,128544.3
0000025b--22177da8d7--2,A_HYSTERESIS,600,1,1,1,1,1,1,1,0,1,2,118,1,10,118.22295765255032,626.415,787.3749999999993,103616.7
0000025b--22177da8d7--3,A_HYSTERESIS,600,19,12,22,19,22,11,14,1,547,18,302,16,26,148.93760626771217,750.01,1398.537999999999,97850.6
0000025c--0795289e2c--1,A_HYSTERESIS,600,29,20,23,22,24,2,21,0,543,63,639,25,24,193.4547757959657,1299.82,1809.7339999999992,111858.9
0000025c--0795289e2c--2,A_HYSTERESIS,600,62,17,26,20,26,10,19,2,591,403,874,31,52,239.59488333333348,1554.655,2899.9180000000006,138907.0
0000025c--0795289e2c--3,A_HYSTERESIS,600,17,0,0,0,0,0,0,0,0,196,808,2,44,210.07130231782602,1500.96,2532.419999999999,42826.1
0000025c--0795289e2c--4,A_HYSTERESIS,600,13,4,6,4,6,2,4,0,581,88,674,8,38,143.08301383563926,881.5099999999987,1416.7699999999984,56096.4
0000025c--0795289e2c--5,A_HYSTERESIS,600,6,1,1,1,1,0,1,0,56,65,621,1,14,126.95576474508499,734.8349999999997,1227.0689999999993,56078.4
0000025c--0795289e2c--6,A_HYSTERESIS,599,9,3,6,6,8,6,5,0,150,106,697,6,20,170.2659049207675,1027.63,1409.5380000000011,127596.7
0000025c--0795289e2c--7,A_HYSTERESIS,600,7,2,2,1,2,1,2,0,150,92,638,2,18,160.54760793465573,890.7399999999999,1387.6539999999986,130512.8
0000025c--0795289e2c--8,A_HYSTERESIS,600,7,1,1,1,1,0,1,0,217,84,652,2,20,157.4354107648728,885.5,1387.0,128174.5
0000025d--70dff69b9d--0,A_HYSTERESIS,621,19,10,11,11,13,0,10,0,415,55,697,13,18,177.96780755569964,911.2599999999991,2026.0739999999917,132307.4
0000025d--70dff69b9d--1,A_HYSTERESIS,600,16,7,7,6,8,1,7,0,329,83,450,11,30,145.76906474820106,791.9799999999999,1430.368,75644.4
0000025d--70dff69b9d--10,A_HYSTERESIS,600,12,6,9,8,9,7,6,1,505,69,368,11,38,143.5239427239428,697.7,1810.2899999999986,58926.2
0000025d--70dff69b9d--11,A_HYSTERESIS,600,0,0,0,0,0,0,0,0,0,0,94,0,6,108.4240073101844,560.6299999999999,755.3279999999999,64573.9
0000025d--70dff69b9d--15,A_HYSTERESIS,600,9,9,13,12,13,1,9,2,445,21,284,16,24,158.60036703370028,953.0599999999991,1609.044999999999,45774.2
0000025d--70dff69b9d--18,A_HYSTERESIS,599,35,18,23,18,25,5,19,1,567,69,581,27,48,188.70005001667252,1194.789999999999,2294.154999999998,47012.3
0000025d--70dff69b9d--19,A_HYSTERESIS,599,19,8,12,8,12,4,9,1,375,33,392,10,22,141.03061802432165,858.409999999999,1420.8919999999998,46260.1
0000025d--70dff69b9d--2,A_HYSTERESIS,600,13,5,5,5,5,0,5,0,249,52,526,7,20,131.30901544081016,729.5999999999997,1387.8439999999987,43787.3
0000025d--70dff69b9d--20,A_HYSTERESIS,600,16,6,18,14,34,24,11,3,568,34,210,14,46,115.53984987489538,494.26000000000045,1059.1640000000057,84525.3
0000025d--70dff69b9d--21,A_HYSTERESIS,600,0,0,0,0,0,0,0,0,0,2,59,0,2,91.31745872936489,369.4999999999999,543.6479999999999,91461.7
0000025d--70dff69b9d--22,A_HYSTERESIS,600,16,12,12,11,13,2,12,0,71,13,398,17,16,141.57576615589613,760.5099999999996,1140.7130000000031,91794.5
0000025d--70dff69b9d--23,A_HYSTERESIS,600,57,34,140,92,193,160,48,12,587,89,753,55,40,203.52796469020677,1361.985,2084.926000000004,88173.6
0000025d--70dff69b9d--3,A_HYSTERESIS,600,18,5,5,4,5,1,5,0,431,81,917,8,24,144.4785976015991,876.8249999999997,1426.3160000000007,52625.1
0000025d--70dff69b9d--4,A_HYSTERESIS,600,21,12,25,19,25,10,12,1,168,81,792,26,34,147.46672778796503,858.1899999999995,1740.6019999999999,85928.2
0000025d--70dff69b9d--5,A_HYSTERESIS,600,48,25,67,38,167,145,34,8,545,173,881,41,50,217.32287952008,1453.8,2470.1,79922.2
0000025d--70dff69b9d--6,A_HYSTERESIS,600,23,13,12,5,13,8,13,0,359,115,739,18,32,165.10545727636827,1090.77,1827.3620000000003,71223.0
0000025d--70dff69b9d--7,A_HYSTERESIS,600,51,25,41,24,42,20,26,3,529,221,828,40,40,231.8185395131706,1485.2999999999943,2810.504999999999,110633.2
0000025d--70dff69b9d--8,A_HYSTERESIS,599,58,40,54,50,55,4,41,3,521,164,915,58,30,231.2919486581099,1360.4299999999987,2265.731999999999,151954.5
0000025d--70dff69b9d--9,A_HYSTERESIS,599,13,8,7,7,8,0,8,0,470,17,366,7,38,129.55351315351314,728.45,1148.9349999999986,76105.8
00000261--4ff9c41127--0,A_HYSTERESIS,616,51,16,40,30,43,29,26,4,449,68,557,35,40,186.39812886430212,1175.05,1974.770000000001,112278.1
00000261--4ff9c41127--1,A_HYSTERESIS,599,38,19,25,17,26,14,19,3,543,50,619,33,30,174.35821666666604,1149.545,1773.402,85947.3
00000261--4ff9c41127--10,A_HYSTERESIS,600,47,13,30,11,30,19,14,1,556,60,744,22,38,188.84550758459747,1263.229999999997,1959.6959999999954,107041.7
00000261--4ff9c41127--11,A_HYSTERESIS,600,34,25,30,18,35,18,26,2,492,48,448,37,30,160.5899099399601,969.775,1628.9700000000005,98211.9
00000261--4ff9c41127--12,A_HYSTERESIS,600,35,8,9,9,9,0,9,0,527,194,758,23,60,213.35638546182147,1304.8249999999994,2825.634999999986,108658.2
00000261--4ff9c41127--13,A_HYSTERESIS,600,38,11,14,12,14,3,11,1,465,383,858,13,36,201.21651941990396,1304.1099999999976,2308.9319999999825,102121.1
00000261--4ff9c41127--14,A_HYSTERESIS,600,40,11,13,10,14,6,11,0,404,233,885,15,28,166.41426666666658,977.1300000000008,1667.0180000000005,134887.5
00000261--4ff9c41127--15,A_HYSTERESIS,600,28,7,23,7,24,17,10,1,519,275,779,13,46,221.73392827356102,1237.1600000000017,3162.840000000004,127330.4
00000261--4ff9c41127--16,A_HYSTERESIS,600,49,7,11,11,11,0,7,1,440,300,826,14,42,229.92123790457038,1473.8649999999989,2596.403999999998,124044.4
00000261--4ff9c41127--17,A_HYSTERESIS,600,39,13,47,14,50,37,15,1,490,224,843,21,32,190.75718093968698,1225.2849999999999,2019.6689999999994,101363.6
00000261--4ff9c41127--18,A_HYSTERESIS,599,90,30,51,36,65,44,39,5,377,223,809,56,60,187.87706039372662,1228.7949999999992,2149.6919999999955,107880.9
00000261--4ff9c41127--19,A_HYSTERESIS,600,61,22,60,22,62,43,27,4,536,222,822,37,52,219.0904952476247,1417.48,2561.2999999999984,127366.7
00000261--4ff9c41127--2,A_HYSTERESIS,599,39,23,26,23,29,9,25,0,572,111,686,31,28,199.42650000000012,1367.6299999999999,2059.301,110001.6
00000261--4ff9c41127--20,A_HYSTERESIS,600,34,8,14,8,14,6,8,1,525,178,750,12,40,186.27217405801923,1117.6049999999998,1831.191999999996,126030.4
00000261--4ff9c41127--21,A_HYSTERESIS,599,35,11,23,12,23,14,13,2,592,216,698,17,32,168.1742247415807,1046.96,1882.1329999999996,44807.4
00000261--4ff9c41127--22,A_HYSTERESIS,600,26,9,11,9,11,3,10,0,586,260,786,14,56,202.9070940882596,1260.4400000000012,2500.816000000001,62664.6
00000261--4ff9c41127--23,A_HYSTERESIS,600,17,4,16,3,16,13,5,1,263,145,716,12,32,159.90628533421992,902.764999999999,1634.1789999999987,136147.0
00000261--4ff9c41127--24,A_HYSTERESIS,600,23,13,18,12,19,6,13,1,501,83,518,22,38,150.64983344437107,887.2349999999984,1626.4110000000016,50992.2
00000261--4ff9c41127--25,A_HYSTERESIS,599,21,15,20,14,20,6,16,1,482,41,553,21,18,158.9365589606933,920.6850000000001,1487.2310000000004,127554.8
00000261--4ff9c41127--26,A_HYSTERESIS,599,56,22,42,29,46,21,24,4,584,59,558,57,42,188.96750499666962,1087.314999999999,2172.374000000001,137700.7
00000261--4ff9c41127--27,A_HYSTERESIS,599,86,27,35,33,36,6,29,1,522,95,829,53,34,182.13937677053795,1092.2,1953.5,130611.8
00000261--4ff9c41127--28,A_HYSTERESIS,444,98,40,76,47,83,47,47,6,422,67,340,72,30,175.38911290322568,1008.2099999999986,1729.5549999999998,116218.2
00000261--4ff9c41127--3,A_HYSTERESIS,600,28,9,21,9,22,20,11,1,512,40,500,15,28,147.21928011998023,801.8,1582.0,79077.1
00000261--4ff9c41127--4,A_HYSTERESIS,600,35,19,30,17,31,14,20,3,508,34,520,28,20,184.208948508582,1265.0,1868.3,80508.9
00000261--4ff9c41127--5,A_HYSTERESIS,600,50,32,36,32,36,5,32,2,592,11,448,38,14,200.28599766627812,1437.6499999999996,1826.9319999999993,81594.3
00000261--4ff9c41127--6,A_HYSTERESIS,600,38,20,30,18,35,17,22,2,494,61,528,31,28,174.61621126291232,1216.6499999999999,1804.026999999994,53330.4
00000261--4ff9c41127--7,A_HYSTERESIS,600,20,15,19,19,20,0,15,1,569,44,512,22,20,144.5375271149668,931.3599999999994,1506.8679999999997,51197.1
00000261--4ff9c41127--8,A_HYSTERESIS,600,72,26,32,24,32,10,27,0,513,203,831,48,42,168.95991997332462,1082.745,2054.3129999999956,48782.9
00000261--4ff9c41127--9,A_HYSTERESIS,600,36,20,27,20,27,7,22,1,504,113,737,31,42,174.3856666666666,1122.9500000000003,1950.7690000000125,58554.5
00000264--31b802e87a--1,A_HYSTERESIS,600,47,23,24,19,27,8,24,0,390,49,571,31,44,136.0892238507663,751.0,1523.295000000001,48371.4
00000264--31b802e87a--10,A_HYSTERESIS,599,13,6,7,4,7,3,6,0,382,46,620,7,12,142.17459153051033,850.9399999999987,1243.8659999999993,79230.3
00000264--31b802e87a--11,A_HYSTERESIS,600,11,6,6,5,6,1,6,0,436,103,701,6,20,144.3219963339448,876.3,1388.6,80639.5
00000264--31b802e87a--12,A_HYSTERESIS,600,19,6,9,8,9,1,7,0,555,131,671,12,26,146.7871623874623,842.2349999999997,1359.7649999999985,97476.9
00000264--31b802e87a--13,A_HYSTERESIS,600,8,4,4,4,4,0,4,0,336,48,504,4,8,108.73458333333286,608.2250000000001,939.5420000000009,62063.6
00000264--31b802e87a--14,A_HYSTERESIS,600,20,7,14,6,14,8,7,1,317,44,372,7,26,125.1023499999997,652.6400000000006,1437.398000000002,77456.6
00000264--31b802e87a--15,A_HYSTERESIS,600,17,6,7,7,8,1,7,0,587,26,489,9,32,142.45597599599907,759.2699999999996,1371.593999999993,75856.3
00000264--31b802e87a--16,A_HYSTERESIS,600,8,5,5,5,5,0,5,0,207,58,486,7,16,141.24435739289953,774.2199999999993,1458.445999999999,73816.7
00000264--31b802e87a--17,A_HYSTERESIS,600,6,3,3,3,3,0,3,0,155,70,571,4,28,185.7180666666663,1336.0250000000005,2058.5060000000003,63667.3
00000264--31b802e87a--18,A_HYSTERESIS,600,10,3,3,3,3,0,3,0,570,35,550,3,12,163.62718333333305,927.1200000000001,1730.0730000000017,112889.3
00000264--31b802e87a--19,A_HYSTERESIS,600,6,1,1,1,1,0,1,0,1,111,820,3,16,163.77279240253256,993.5199999999998,1557.4769999999994,86143.6
00000264--31b802e87a--2,A_HYSTERESIS,600,14,6,6,6,6,1,6,0,346,6,243,9,24,135.20321398834312,748.86,1098.7600000000002,116329.6
00000264--31b802e87a--20,A_HYSTERESIS,600,10,5,6,6,6,0,5,0,292,35,726,6,18,141.079236793868,778.2,1251.6,120834.3
00000264--31b802e87a--21,A_HYSTERESIS,600,50,32,42,31,47,34,34,1,577,185,892,49,58,189.57252417472432,1230.2199999999982,2164.757999999998,93048.4
00000264--31b802e87a--22,A_HYSTERESIS,600,26,9,56,20,57,59,11,4,381,309,781,14,58,280.82001333111185,1938.4,3644.4,128187.5
00000264--31b802e87a--23,A_HYSTERESIS,600,21,6,10,9,10,1,7,1,555,176,838,11,42,218.13027324225223,1519.12,2553.065999999997,100576.5
00000264--31b802e87a--24,A_HYSTERESIS,600,40,21,43,24,46,24,21,2,576,160,886,31,42,211.90571857285755,1419.4649999999997,2472.8719999999994,105880.2
00000264--31b802e87a--25,A_HYSTERESIS,600,26,11,20,17,20,13,11,1,496,38,487,31,20,152.63912029323527,825.4349999999995,1463.5409999999986,137012.1
00000264--31b802e87a--26,A_HYSTERESIS,600,6,0,0,0,0,0,0,0,0,27,311,4,24,118.78514504834996,595.73,1047.1619999999987,99808.0
00000264--31b802e87a--27,A_HYSTERESIS,600,20,12,13,11,13,2,12,0,21,0,90,16,14,121.61011498083641,603.2,787.3,141296.7
00000264--31b802e87a--28,A_HYSTERESIS,600,24,12,16,14,16,4,12,0,320,14,191,20,20,134.14530911514774,728.7,992.0,121937.8
00000264--31b802e87a--29,A_HYSTERESIS,600,21,7,21,10,22,15,9,2,595,99,579,14,36,198.29413137712527,1363.1199999999997,2367.497999999993,97741.7
00000264--31b802e87a--3,A_HYSTERESIS,599,24,12,19,14,23,11,15,2,373,14,294,27,22,126.55588922255657,644.7149999999995,1015.714,116710.7
00000264--31b802e87a--30,A_HYSTERESIS,600,21,14,23,20,26,6,16,1,440,49,511,26,22,190.35141619460202,1286.29,1931.4659999999992,126884.7
00000264--31b802e87a--31,A_HYSTERESIS,599,48,30,55,32,59,31,32,2,570,63,593,38,28,187.32415402567065,1150.0699999999997,1967.1699999999983,105844.4
00000264--31b802e87a--32,A_HYSTERESIS,600,66,40,117,85,173,123,45,7,567,31,721,52,32,252.79234872478733,1598.6999999999994,2079.316,151616.2
00000264--31b802e87a--33,A_HYSTERESIS,599,35,16,20,20,21,0,16,0,564,17,883,20,24,219.91204799200074,1527.3,1954.8,90713.7
00000264--31b802e87a--34,A_HYSTERESIS,600,24,12,31,19,31,20,13,3,503,111,642,27,58,188.7794401866043,1166.044999999999,2497.201999999996,56881.4
00000264--31b802e87a--35,A_HYSTERESIS,599,20,8,25,21,26,27,10,2,484,47,315,19,38,116.79194865811027,577.7599999999998,1340.9359999999992,50637.0
00000264--31b802e87a--36,A_HYSTERESIS,599,4,1,1,0,1,1,1,0,1,3,96,1,10,106.82678333333322,504.61000000000007,707.6030000000002,115017.5
00000264--31b802e87a--37,A_HYSTERESIS,599,5,3,5,5,5,0,4,0,259,8,231,5,14,127.63903698767147,606.9349999999995,1010.3349999999986,126055.0
00000264--31b802e87a--38,A_HYSTERESIS,599,64,36,58,44,60,32,37,5,588,118,706,57,30,177.26870521579735,1190.8,1846.5,117797.0
00000264--31b802e87a--39,A_HYSTERESIS,599,78,37,76,65,86,42,47,9,580,95,776,83,34,187.89160000000064,1296.125,1849.3280000000004,75671.5
00000264--31b802e87a--4,A_HYSTERESIS,599,17,11,12,12,12,1,11,0,536,41,396,15,22,125.3079693231076,646.5,1300.7060000000001,61283.4
00000264--31b802e87a--40,A_HYSTERESIS,600,95,40,100,75,113,90,55,6,590,75,671,80,44,163.095150808199,991.9,1863.9,64597.4
00000264--31b802e87a--41,A_HYSTERESIS,396,5,3,3,3,3,0,3,0,73,8,125,3,14,87.11010785051424,485.3399999999999,719.5759999999989,2261.5
00000264--31b802e87a--5,A_HYSTERESIS,599,24,16,18,17,19,2,16,0,489,32,577,19,28,180.41808031994663,1085.9,1672.6,132631.5
00000264--31b802e87a--6,A_HYSTERESIS,600,15,10,22,15,24,14,13,2,481,22,418,17,36,138.69545151616126,776.3599999999998,1283.9799999999952,53550.9
00000264--31b802e87a--7,A_HYSTERESIS,599,15,6,35,28,35,51,6,2,397,97,453,13,50,147.69149716572144,694.7949999999988,2368.4919999999956,47408.9
00000264--31b802e87a--8,A_HYSTERESIS,599,36,4,4,3,4,1,4,0,433,301,866,4,50,240.52476666666695,1655.2050000000002,3155.9530000000013,91537.2
00000264--31b802e87a--9,A_HYSTERESIS,599,12,1,2,2,2,0,1,0,25,109,718,2,28,152.2079166666667,927.6250000000001,1368.1130000000003,69171.9
00000266--f9c40304ea--0,A_HYSTERESIS,621,96,42,85,60,109,62,55,9,484,83,589,71,44,142.96780645161272,797.9049999999999,1875.539000000001,57247.8
00000266--f9c40304ea--1,A_HYSTERESIS,600,60,32,62,46,63,38,37,3,576,78,741,52,50,190.94810801800318,1280.529999999997,1884.3919999999955,96548.1
00000266--f9c40304ea--10,A_HYSTERESIS,599,46,27,41,40,43,1,28,3,565,86,667,47,36,200.27546697798476,1380.9750000000001,1828.385000000002,103426.0
00000266--f9c40304ea--11,A_HYSTERESIS,600,70,16,19,17,19,2,17,0,520,305,829,22,66,221.19419419419552,1325.2149999999983,3916.0639999999894,69457.6
00000266--f9c40304ea--12,A_HYSTERESIS,600,44,13,23,21,23,2,15,2,549,157,837,28,46,170.33856023995963,1105.6,2097.3,54007.5
00000266--f9c40304ea--13,A_HYSTERESIS,600,8,3,3,3,3,0,3,0,231,49,490,3,24,136.3909818303054,751.4799999999996,1436.4039999999952,67555.7
00000266--f9c40304ea--14,A_HYSTERESIS,600,61,23,31,22,33,16,25,2,526,196,841,40,52,203.75129317537164,1312.4599999999998,2386.1759999999995,88677.3
00000266--f9c40304ea--15,A_HYSTERESIS,600,20,8,12,9,12,3,9,1,549,76,681,13,42,182.53531666666618,1194.645,1963.4640000000015,83914.7
00000266--f9c40304ea--16,A_HYSTERESIS,600,24,11,16,16,16,5,12,1,593,32,425,16,38,204.43931310436847,1465.1299999999992,1956.5359999999996,122072.9
00000266--f9c40304ea--17,A_HYSTERESIS,600,24,15,28,16,28,20,16,3,544,166,671,36,58,241.39176529421675,1697.4199999999994,2640.785999999998,134474.2
00000266--f9c40304ea--18,A_HYSTERESIS,600,52,20,31,31,31,8,21,1,505,43,429,45,44,236.88221778221893,1767.1750000000002,2487.324999999999,125666.1
00000266--f9c40304ea--19,A_HYSTERESIS,600,36,19,23,19,23,6,19,1,478,98,632,27,32,184.87101449275357,1244.98,1943.299999999998,74219.7
00000266--f9c40304ea--2,A_HYSTERESIS,600,75,31,49,40,61,36,37,4,591,77,651,59,38,159.67283621837564,1028.7899999999997,1760.4300000000032,99027.5
00000266--f9c40304ea--20,A_HYSTERESIS,600,43,32,48,36,58,24,36,5,588,14,518,57,30,236.4820529911687,1626.9,2146.5,136536.8
00000266--f9c40304ea--21,A_HYSTERESIS,600,123,60,100,71,115,53,69,6,584,105,664,108,48,173.42899516747173,1148.7,1855.8,88529.3
00000266--f9c40304ea--22,A_HYSTERESIS,600,55,19,40,31,52,27,31,5,508,41,300,40,44,128.2734499999994,514.6250000000008,1457.3140000000026,110871.0
00000266--f9c40304ea--23,A_HYSTERESIS,594,2,0,0,0,0,0,0,0,0,0,62,0,6,121.35835432409762,586.6600000000001,724.484,141534.5
00000266--f9c40304ea--3,A_HYSTERESIS,600,48,23,46,22,53,35,27,5,590,79,800,35,34,187.57962006332272,1190.8,1888.7,143754.8
00000266--f9c40304ea--4,A_HYSTERESIS,599,61,20,55,27,58,36,26,5,558,26,514,43,16,182.23434427595456,1203.8,1709.8,114134.7
00000266--f9c40304ea--5,A_HYSTERESIS,600,38,21,61,32,63,38,26,3,545,22,388,41,26,168.38482425453975,1086.3799999999997,1572.753999999999,88729.8
00000266--f9c40304ea--6,A_HYSTERESIS,599,30,15,35,17,36,22,15,4,496,58,459,34,48,188.07990661997673,1198.9399999999998,1781.2039999999997,135575.4
00000266--f9c40304ea--7,A_HYSTERESIS,600,53,26,31,26,31,5,27,0,540,71,715,46,32,187.86133599866685,1205.7199999999996,1975.8219999999917,109322.4
00000266--f9c40304ea--8,A_HYSTERESIS,599,43,30,34,32,35,3,31,0,406,95,597,38,26,181.33453393363337,1131.98,1765.1439999999998,117357.1
00000266--f9c40304ea--9,A_HYSTERESIS,600,22,12,18,16,18,2,14,0,508,20,580,18,34,181.96273333333346,1170.4800000000005,1682.694000000002,115347.9
00000267--5bcd0e5bb8--0,A_HYSTERESIS,622,45,19,25,21,29,6,21,2,591,39,354,37,40,135.56090528350512,747.784999999999,1502.5800000000077,54163.1
00000267--5bcd0e5bb8--1,A_HYSTERESIS,600,51,24,56,33,68,35,30,8,583,110,688,51,34,177.50204931689365,1064.6949999999993,2062.1799999999976,100952.3
00000267--5bcd0e5bb8--10,A_HYSTERESIS,600,44,16,84,47,116,103,19,6,526,96,621,42,56,247.2638999999993,1844.8049999999998,2625.3560000000034,155280.4
00000267--5bcd0e5bb8--11,A_HYSTERESIS,600,28,5,14,7,14,13,5,1,369,155,642,7,44,178.19244999999984,981.2500000000002,2148.845000000001,49152.9
00000267--5bcd0e5bb8--12,A_HYSTERESIS,600,10,8,18,10,18,8,8,1,465,5,384,12,14,121.36937312437462,766.0149999999992,1074.915,50106.6
00000267--5bcd0e5bb8--13,A_HYSTERESIS,600,80,45,64,45,70,34,51,1,550,171,849,67,76,217.04852376980827,1461.06,2234.942,143547.2
00000267--5bcd0e5bb8--14,A_HYSTERESIS,600,57,31,82,56,106,71,39,3,589,101,623,49,52,181.5974829138187,1111.1499999999992,2059.8699999999935,77799.4
00000267--5bcd0e5bb8--15,A_HYSTERESIS,599,30,11,75,39,104,98,21,4,585,47,466,29,32,145.77163581790876,970.5999999999989,1529.2199999999993,53389.5
00000267--5bcd0e5bb8--16,A_HYSTERESIS,600,58,23,60,21,76,57,24,3,437,31,434,37,40,207.75491502832386,1438.7299999999996,1818.2769999999994,140536.6
00000267--5bcd0e5bb8--17,A_HYSTERESIS,599,98,40,115,75,139,109,62,17,516,98,582,82,40,172.2946851049649,1040.6349999999998,1680.0009999999977,126767.4
00000267--5bcd0e5bb8--18,A_HYSTERESIS,599,160,65,101,77,121,67,78,8,592,101,799,96,52,205.55595535565533,1491.0099999999986,2460.0739999999996,71110.4
00000267--5bcd0e5bb8--19,A_HYSTERESIS,343,45,16,83,69,106,84,34,9,327,26,179,55,46,169.7754472013851,1081.6750000000002,1682.7449999999985,62775.4
00000267--5bcd0e5bb8--2,A_HYSTERESIS,600,118,50,73,57,75,20,50,7,591,41,569,68,32,215.3018990504746,1438.4499999999985,2231.1619999999994,94988.6
00000267--5bcd0e5bb8--3,A_HYSTERESIS,600,86,46,68,56,74,31,53,5,583,125,689,68,54,209.6545424237368,1456.619999999999,2279.0039999999954,70717.7
00000267--5bcd0e5bb8--4,A_HYSTERESIS,600,30,15,37,17,40,24,16,4,564,96,603,32,66,197.27125958013974,1405.85,2461.4439999999986,88195.2
00000267--5bcd0e5bb8--5,A_HYSTERESIS,600,29,10,14,13,14,4,12,1,541,124,777,19,30,200.45240873478878,1242.9399999999994,2202.8339999999994,103282.9
00000267--5bcd0e5bb8--6,A_HYSTERESIS,600,9,1,1,1,1,0,1,0,1,104,607,2,20,157.76178333333385,954.1200000000001,1564.2190000000005,73245.1
00000267--5bcd0e5bb8--7,A_HYSTERESIS,600,10,3,3,2,3,1,3,0,215,99,735,6,26,179.50401666666673,1092.5300000000007,2058.684000000004,49140.0
00000267--5bcd0e5bb8--8,A_HYSTERESIS,600,49,20,68,31,85,66,27,8,570,102,796,42,56,253.79400199933443,1645.88,2409.347999999997,148931.2
00000267--5bcd0e5bb8--9,A_HYSTERESIS,600,41,16,104,39,115,96,27,11,534,26,765,45,52,214.30553425570912,1384.859999999999,2136.519999999995,91117.5
00000269--4014745f93--0,A_HYSTERESIS,620,44,25,57,34,60,31,31,4,604,31,347,47,42,144.1754601226997,917.6599999999992,1463.6839999999995,62011.1
00000269--4014745f93--1,A_HYSTERESIS,600,6,0,0,0,0,0,0,0,0,11,102,2,32,101.91393524699576,636.9449999999999,887.8280000000013,2462.0
00000269--4014745f93--10,A_HYSTERESIS,600,13,9,10,10,10,0,9,0,510,69,634,10,14,134.18591901349765,759.6,1102.4,101250.4
00000269--4014745f93--11,A_HYSTERESIS,600,23,14,21,19,21,2,16,2,498,90,775,26,28,179.1040999999999,1088.3550000000007,1779.4700000000016,113251.3
00000269--4014745f93--12,A_HYSTERESIS,600,27,19,19,11,19,10,19,0,471,112,588,36,26,154.55468489496494,922.6399999999994,1591.4259999999988,112151.4
00000269--4014745f93--13,A_HYSTERESIS,600,20,8,9,9,9,0,9,0,595,49,559,12,18,161.795034160973,922.0,1869.2,72792.4
00000269--4014745f93--14,A_HYSTERESIS,600,34,12,20,12,22,9,14,2,595,94,709,30,46,149.07014328557167,885.67,1474.948999999999,83231.4
00000269--4014745f93--15,A_HYSTERESIS,600,24,10,14,12,15,6,11,1,252,62,519,17,36,119.96596064042728,580.3000000000001,1371.5500000000002,94419.7
00000269--4014745f93--16,A_HYSTERESIS,600,21,11,16,13,16,3,11,1,583,93,603,17,22,152.2672778796463,861.8899999999984,1335.7999999999906,121835.2
00000269--4014745f93--17,A_HYSTERESIS,600,13,3,3,3,3,0,3,0,391,90,636,6,16,140.47191666666714,777.7250000000001,1201.5110000000002,96438.7
00000269--4014745f93--18,A_HYSTERESIS,600,19,7,8,6,8,2,8,0,481,101,710,8,24,163.22635439239875,1000.4099999999993,1533.639999999999,111691.1
00000269--4014745f93--19,A_HYSTERESIS,600,21,5,8,8,9,0,5,1,570,115,768,8,22,166.13582736210677,1000.1,1521.6,138714.1
00000269--4014745f93--2,A_HYSTERESIS,599,19,5,10,8,10,5,6,2,389,81,453,13,54,176.72405337781422,1050.8400000000006,1992.4880000000041,106137.4
00000269--4014745f93--20,A_HYSTERESIS,600,10,3,3,3,3,0,3,0,519,82,679,3,20,157.1712785464244,975.3,1404.6099999999974,85004.9
00000269--4014745f93--21,A_HYSTERESIS,600,8,4,8,7,8,1,4,2,216,88,517,8,18,145.69039839973283,827.2699999999996,1181.8199999999972,93986.2
00000269--4014745f93--22,A_HYSTERESIS,600,37,6,6,6,6,0,6,0,520,323,874,7,44,211.06767205465795,1332.1,2196.9,121650.7
00000269--4014745f93--23,A_HYSTERESIS,600,14,5,5,5,6,1,5,0,583,9,153,8,20,117.67342447482484,421.81499999999994,899.6779999999968,138054.5
00000269--4014745f93--24,A_HYSTERESIS,600,37,12,17,17,17,2,12,1,345,28,430,21,28,148.4141309781702,758.2,1560.9,111870.6
00000269--4014745f93--25,A_HYSTERESIS,600,16,7,9,5,9,4,7,1,418,36,515,13,20,162.23322779536682,949.7,1490.1,118871.8
00000269--4014745f93--26,A_HYSTERESIS,600,66,34,94,70,104,106,37,2,592,85,803,52,42,186.55157526254413,1164.179999999999,1906.1159999999854,116632.9
00000269--4014745f93--27,A_HYSTERESIS,600,86,36,53,43,55,17,41,2,589,51,466,81,48,170.54844192634573,1129.1,1761.8,51698.0
00000269--4014745f93--3,A_HYSTERESIS,599,62,33,37,34,38,4,35,1,581,143,903,44,46,212.29144572286125,1435.479999999999,2416.792,83338.1
00000269--4014745f93--4,A_HYSTERESIS,599,36,25,31,24,33,8,26,1,564,27,663,30,22,158.6322435362798,1004.43,1593.624,94527.9
00000269--4014745f93--5,A_HYSTERESIS,599,70,38,50,44,52,7,41,1,559,18,581,53,34,166.01445963975945,1158.6499999999999,1608.5650000000003,61755.8
00000269--4014745f93--6,A_HYSTERESIS,599,51,5,5,3,5,2,5,0,261,190,798,7,70,248.20337489609275,1401.0800000000004,3902.6539999999986,134293.7
00000269--4014745f93--7,A_HYSTERESIS,600,51,29,39,39,39,0,29,2,529,149,889,49,56,211.67111185197444,1315.4999999999995,2516.319999999997,132462.5
00000269--4014745f93--8,A_HYSTERESIS,599,7,5,4,4,5,0,5,0,571,66,559,6,28,154.8770180120077,852.8500000000001,2095.7500000000036,50555.2
00000269--4014745f93--9,A_HYSTERESIS,600,19,6,7,6,7,1,7,0,383,132,614,12,26,149.59381975678824,911.2199999999997,1496.4159999999981,69729.3
0000026a--171a0a1f5c--0,A_HYSTERESIS,620,42,18,31,21,31,14,20,1,574,47,512,38,30,156.72970137207415,839.3299999999998,1324.9939999999974,137348.9
0000026a--171a0a1f5c--1,A_HYSTERESIS,600,18,10,27,9,27,18,10,3,572,3,92,19,10,109.69008663778764,583.4999999999997,795.3709999999993,77089.0
0000026a--171a0a1f5c--10,A_HYSTERESIS,599,43,9,14,8,14,8,11,0,513,488,998,15,46,272.50786048064106,1858.7449999999994,3375.148000000001,122491.0
0000026a--171a0a1f5c--11,A_HYSTERESIS,599,20,4,6,6,6,0,4,1,310,147,652,6,34,158.29696514924098,904.8599999999999,1464.212,135753.3
0000026a--171a0a1f5c--12,A_HYSTERESIS,600,8,5,5,4,5,1,5,0,592,41,566,5,12,159.7691640246959,958.64,1711.396,51708.3
0000026a--171a0a1f5c--13,A_HYSTERESIS,600,24,8,11,9,12,5,9,0,317,89,777,10,20,149.7352333333334,958.31,1388.1740000000016,48156.4
0000026a--171a0a1f5c--14,A_HYSTERESIS,600,19,6,12,11,12,1,6,2,548,91,666,15,22,143.48824020016693,899.03,1359.8420000000003,72064.0
0000026a--171a0a1f5c--15,A_HYSTERESIS,600,8,4,4,4,4,0,4,0,416,56,531,4,16,138.00687416777686,760.2949999999998,1119.1720000000003,94807.9
0000026a--171a0a1f5c--16,A_HYSTERESIS,600,13,1,1,1,1,0,1,0,130,102,653,1,28,184.97916111850813,1126.4699999999993,2016.5200000000011,92591.7
0000026a--171a0a1f5c--17,A_HYSTERESIS,600,6,4,4,4,4,0,4,0,355,13,251,4,10,113.13216724970852,623.519999999999,897.2479999999989,57347.8
0000026a--171a0a1f5c--18,A_HYSTERESIS,600,0,0,0,0,0,0,0,0,0,3,145,4,8,109.88765411529528,631.8249999999997,854.4489999999989,52910.4
0000026a--171a0a1f5c--19,A_HYSTERESIS,600,21,4,4,4,4,0,4,0,122,33,497,6,26,133.78217260913058,796.8649999999998,1244.6960000000001,83725.9
0000026a--171a0a1f5c--2,A_HYSTERESIS,600,37,23,24,21,25,6,23,0,537,46,465,27,30,172.03097300899688,1169.5199999999995,1721.141999999999,76971.1
0000026a--171a0a1f5c--20,A_HYSTERESIS,600,15,12,12,9,13,3,12,0,394,51,596,15,16,142.18053702468293,771.325,1574.505,77067.5
0000026a--171a0a1f5c--21,A_HYSTERESIS,600,9,5,5,5,5,0,5,0,240,52,538,5,14,150.21769410196598,885.8349999999994,1569.6319999999987,87343.0
0000026a--171a0a1f5c--22,A_HYSTERESIS,600,1,0,0,0,0,0,0,0,0,13,565,0,6,142.81101850308372,798.0299999999999,1218.9359999999992,111245.5
0000026a--171a0a1f5c--23,A_HYSTERESIS,600,7,3,6,2,6,4,3,1,326,107,768,4,12,152.19550074987478,908.8,1394.3,71101.0
0000026a--171a0a1f5c--24,A_HYSTERESIS,600,20,16,15,13,20,3,17,1,467,59,772,23,32,175.56958840193354,1004.3,1948.1,114218.2
0000026a--171a0a1f5c--25,A_HYSTERESIS,600,33,20,26,16,29,19,22,1,570,167,826,36,50,201.9766333333339,1303.11,2426.694000000002,61003.0
0000026a--171a0a1f5c--26,A_HYSTERESIS,600,14,7,9,9,9,0,8,0,321,188,809,10,42,220.04769205132484,1360.1,2643.2,115010.3
0000026a--171a0a1f5c--27,A_HYSTERESIS,600,28,23,20,14,24,14,23,0,472,174,790,30,56,213.34073024341393,1404.0949999999996,2782.3779999999992,77899.1
0000026a--171a0a1f5c--28,A_HYSTERESIS,600,63,22,51,27,52,44,23,3,533,318,730,35,60,237.22482908120728,1535.2599999999998,2697.72,134838.5
0000026a--171a0a1f5c--29,A_HYSTERESIS,600,38,18,20,19,20,1,18,0,430,24,550,23,28,229.80893333333324,1712.2500000000005,2207.3070000000002,109866.6
0000026a--171a0a1f5c--3,A_HYSTERESIS,600,33,14,17,16,18,1,15,1,595,42,899,20,22,190.1467577929648,1263.059999999998,1998.5799999999958,82528.6
0000026a--171a0a1f5c--30,A_HYSTERESIS,600,32,22,43,21,44,27,24,2,592,107,790,36,30,184.89090151641406,1057.2,1934.0,148779.3
0000026a--171a0a1f5c--31,A_HYSTERESIS,599,13,2,2,2,2,0,2,0,340,34,558,2,36,261.4609601600269,1688.0399999999997,2242.869999999996,182819.2
0000026a--171a0a1f5c--32,A_HYSTERESIS,599,21,7,13,13,13,0,8,2,587,88,613,19,50,199.1388166666668,1408.8550000000007,2341.149000000001,93705.9
0000026a--171a0a1f5c--33,A_HYSTERESIS,599,31,12,64,12,68,55,13,2,469,194,727,20,44,234.80866811135192,1613.7699999999995,2917.006,147352.5
0000026a--171a0a1f5c--34,A_HYSTERESIS,349,32,17,19,16,19,4,18,0,295,67,519,22,38,228.46931592392903,1558.1899999999994,2432.3659999999923,105172.1
0000026a--171a0a1f5c--4,A_HYSTERESIS,600,10,2,3,3,3,0,2,0,434,14,439,3,6,172.2595833333331,1089.9750000000004,1650.447000000001,111982.1
0000026a--171a0a1f5c--5,A_HYSTERESIS,599,0,0,0,0,0,0,0,0,0,0,95,0,4,93.7549,487.0200000000001,728.0220000000005,3484.6
0000026a--171a0a1f5c--6,A_HYSTERESIS,600,5,4,6,6,7,0,4,1,224,3,186,6,8,124.4152949016993,533.7,933.6469999999989,146373.5
0000026a--171a0a1f5c--7,A_HYSTERESIS,599,26,10,34,21,46,45,18,4,412,44,363,31,38,143.5177362893813,822.7099999999989,1492.5179999999996,54153.4
0000026a--171a0a1f5c--8,A_HYSTERESIS,599,2,2,3,3,3,0,2,0,156,1,109,4,8,99.9145333333336,444.1050000000001,593.9380000000008,107607.2
0000026a--171a0a1f5c--9,A_HYSTERESIS,599,4,4,15,3,17,14,5,1,81,25,279,6,28,111.20233372228681,586.8799999999995,1290.325999999997,41489.4
0000026b--4dfb361eee--0,A_HYSTERESIS,621,68,35,40,29,40,11,37,0,545,89,794,53,46,203.74884733193622,1370.7499999999943,2052.7919999999976,115691.9
0000026b--4dfb361eee--1,A_HYSTERESIS,600,72,37,76,72,80,55,41,7,585,64,616,60,32,210.0666333499924,1458.6599999999987,2125.7739999999994,121653.9
0000026b--4dfb361eee--10,A_HYSTERESIS,600,56,31,34,27,37,10,31,1,583,47,611,43,40,174.1489085152472,1164.0,1700.0,49272.2
0000026b--4dfb361eee--11,A_HYSTERESIS,596,33,13,38,24,39,26,20,2,526,38,500,32,32,148.25609959893097,663.914999999999,1514.7990000000004,135787.9
0000026b--4dfb361eee--2,A_HYSTERESIS,600,30,16,24,18,25,6,16,4,491,40,715,25,26,211.3166444296194,1575.0249999999999,2058.015,80416.1
0000026b--4dfb361eee--3,A_HYSTERESIS,600,27,15,20,15,20,7,16,0,571,29,791,23,24,205.5004665889029,1426.9,2016.1,79100.9
0000026b--4dfb361eee--4,A_HYSTERESIS,600,33,15,70,27,87,81,17,5,540,90,646,37,52,209.4464833333337,1420.4750000000004,2266.3550000000077,115233.4
0000026b--4dfb361eee--5,A_HYSTERESIS,600,27,14,25,19,26,18,14,1,524,53,378,18,36,139.86791666666673,708.2200000000001,1840.9270000000006,59137.7
0000026b--4dfb361eee--6,A_HYSTERESIS,600,9,4,8,7,8,1,4,1,236,1,106,8,10,121.8357166666665,676.2,935.1040000000002,77550.0
0000026b--4dfb361eee--7,A_HYSTERESIS,600,8,6,7,7,7,0,6,0,481,6,192,7,12,120.17882019663344,695.6,963.6,54453.8
0000026b--4dfb361eee--8,A_HYSTERESIS,600,35,22,21,19,22,2,22,0,323,99,547,32,30,168.91843026162255,1014.1,1987.9,59619.7
0000026b--4dfb361eee--9,A_HYSTERESIS,600,65,37,55,46,57,13,40,4,553,71,745,71,50,172.0902483747291,1151.3699999999997,1839.1579999999985,59376.3
0000026d--2363789071--0,A_HYSTERESIS,617,8,4,10,1,10,9,4,1,78,6,165,10,16,125.96731333550733,661.0199999999993,981.1430000000003,76850.8
0000026d--2363789071--1,A_HYSTERESIS,600,5,4,21,9,23,24,6,4,556,59,492,6,36,152.32777224435557,897.2399999999997,1546.5329999999988,103448.3
0000026d--2363789071--10,A_HYSTERESIS,600,9,5,7,7,7,0,5,0,310,11,407,7,8,133.32569711137054,674.1999999999995,1065.02,94994.0
0000026d--2363789071--11,A_HYSTERESIS,600,4,1,1,1,1,0,1,0,153,14,487,1,6,156.00613364361692,873.6750000000001,2163.0500000000156,41871.3
0000026d--2363789071--12,A_HYSTERESIS,600,3,2,2,2,2,0,2,0,199,18,504,2,8,136.319643748959,797.8199999999993,1289.2219999999995,76685.9
0000026d--2363789071--13,A_HYSTERESIS,600,3,1,1,1,1,0,1,0,179,33,467,1,6,124.84345069247448,666.4399999999998,1040.9080000000001,100085.0
0000026d--2363789071--14,A_HYSTERESIS,600,8,3,4,1,4,3,3,0,5,42,491,4,18,149.46819546364222,859.1500000000001,1232.2400000000002,77866.9
0000026d--2363789071--15,A_HYSTERESIS,600,10,7,7,4,7,5,7,0,364,24,463,8,20,148.63937625083415,894.6500000000001,1361.9500000000012,76921.9
0000026d--2363789071--16,A_HYSTERESIS,600,10,6,14,5,14,9,6,1,145,34,454,8,16,136.69808461025988,793.6949999999996,1135.2430000000004,79845.5
0000026d--2363789071--17,A_HYSTERESIS,600,4,4,4,4,4,0,4,0,266,25,420,5,6,114.60522984676935,616.1399999999999,919.3820000000001,101190.0
0000026d--2363789071--18,A_HYSTERESIS,600,3,0,0,0,0,0,0,0,0,29,410,4,16,129.50319999999977,660.7,1026.9060000000002,119940.6
0000026d--2363789071--19,A_HYSTERESIS,600,19,7,17,8,21,13,10,2,518,102,509,8,18,130.25396295678257,745.7199999999999,1147.5439999999994,73539.0
0000026d--2363789071--2,A_HYSTERESIS,599,6,4,4,3,4,1,4,0,499,55,628,6,22,164.5924666666671,976.5300000000001,1620.5530000000012,103873.2
0000026d--2363789071--20,A_HYSTERESIS,600,8,5,5,5,5,0,5,0,560,61,473,5,12,138.208154077039,704.519999999999,1258.2879999999996,115174.8
0000026d--2363789071--21,A_HYSTERESIS,600,51,29,34,24,46,20,33,3,504,59,652,38,42,170.13962925851726,919.9199999999989,1866.7860000000003,95632.1
0000026d--2363789071--22,A_HYSTERESIS,599,6,3,5,5,5,0,3,0,217,46,692,5,20,152.56322548365623,879.2749999999999,1332.390000000002,94781.9
0000026d--2363789071--23,A_HYSTERESIS,600,16,13,13,8,13,5,13,0,545,38,673,13,14,157.53978065802656,874.829999999997,1308.9559999999997,116669.1
0000026d--2363789071--24,A_HYSTERESIS,599,3,2,2,2,2,0,2,0,241,28,619,2,8,173.56470000000039,960.7150000000001,1737.4260000000006,120280.4
0000026d--2363789071--25,A_HYSTERESIS,600,4,3,3,3,3,0,3,0,187,63,482,3,12,154.399550449551,826.0749999999999,1245.0149999999994,139480.5
0000026d--2363789071--26,A_HYSTERESIS,599,5,2,3,3,3,0,3,0,410,14,486,4,4,140.08045977011454,782.1499999999994,1214.5199999999982,89559.9
0000026d--2363789071--27,A_HYSTERESIS,599,6,5,5,5,5,0,5,0,187,19,428,5,8,149.36766177451597,867.1,1351.4700000000012,96339.6
0000026d--2363789071--28,A_HYSTERESIS,599,9,4,4,2,4,2,4,0,179,54,541,5,10,134.99496666666684,739.4650000000001,1167.502,113208.3
0000026d--2363789071--29,A_HYSTERESIS,599,13,10,15,11,17,6,13,1,496,49,492,12,16,148.44629999999987,792.2200000000001,1385.738000000001,118510.6
0000026d--2363789071--3,A_HYSTERESIS,599,28,13,24,17,28,14,17,4,570,78,505,28,44,159.1865821094791,827.8849999999998,1771.388000000005,109833.0
0000026d--2363789071--30,A_HYSTERESIS,600,4,2,2,2,2,0,2,0,568,40,444,3,12,157.4451166666665,908.2350000000006,1421.9130000000002,128566.7
0000026d--2363789071--31,A_HYSTERESIS,600,0,0,0,0,0,0,0,0,0,15,384,0,8,108.13022014676415,638.7,919.740000000002,53740.6
0000026d--2363789071--32,A_HYSTERESIS,600,6,2,2,1,2,1,2,0,18,16,321,2,8,101.76632227962,540.7,775.2,48924.5
0000026d--2363789071--33,A_HYSTERESIS,600,4,3,3,3,3,0,3,0,428,30,518,3,6,134.59763175450328,764.7750000000001,1197.0700000000002,93852.0
0000026d--2363789071--34,A_HYSTERESIS,600,3,3,3,3,3,0,3,0,213,8,443,3,10,156.03284452591203,832.7,1529.8,110836.2
0000026d--2363789071--35,A_HYSTERESIS,600,1,1,1,1,1,0,1,0,1,3,197,1,4,116.74004336224135,668.0500000000001,985.8650000000001,45647.2
0000026d--2363789071--36,A_HYSTERESIS,600,3,3,3,2,3,1,3,0,4,20,316,3,8,117.70346608898531,577.2,839.2,103313.2
0000026d--2363789071--37,A_HYSTERESIS,600,13,6,12,5,12,7,6,2,536,35,598,7,12,170.4799333333333,990.31,1464.777000000004,123367.2
0000026d--2363789071--38,A_HYSTERESIS,600,5,4,4,4,4,0,4,0,454,33,330,4,8,121.4706019676508,632.7999999999998,977.3919999999998,73291.0
0000026d--2363789071--39,A_HYSTERESIS,600,4,2,3,2,3,1,2,0,248,45,433,3,16,124.46886666666656,730.005,1019.8,60502.6
0000026d--2363789071--4,A_HYSTERESIS,599,9,5,6,6,6,0,6,0,160,53,440,6,20,135.7853788509572,839.6200000000001,1298.288,53004.7
0000026d--2363789071--40,A_HYSTERESIS,600,5,2,5,0,5,5,2,1,6,13,369,4,8,144.8513590128398,763.6799999999998,1070.9479999999999,151039.4
0000026d--2363789071--41,A_HYSTERESIS,600,2,0,0,0,0,0,0,0,0,9,284,0,4,118.1675999999996,660.9200000000001,972.0120000000003,58758.4
0000026d--2363789071--42,A_HYSTERESIS,600,10,8,10,10,10,0,8,0,361,59,480,10,12,132.63816272090736,813.6,1272.3479999999995,41288.3
0000026d--2363789071--43,A_HYSTERESIS,600,2,1,1,1,1,0,1,0,65,59,472,1,8,141.86561771561747,844.5,1167.835,89358.4
0000026d--2363789071--44,A_HYSTERESIS,600,3,0,0,0,0,0,0,0,0,5,297,0,6,119.48526964047929,569.9049999999994,935.9850000000042,99044.6
0000026d--2363789071--45,A_HYSTERESIS,600,7,5,5,2,5,3,5,0,199,51,421,7,14,133.71831056314568,744.4099999999996,1160.5669999999993,54374.2
0000026d--2363789071--46,A_HYSTERESIS,600,12,7,9,9,9,0,7,0,83,76,545,9,22,137.545475754041,817.8,1249.4,80031.7
0000026d--2363789071--47,A_HYSTERESIS,600,7,3,4,2,4,4,3,0,260,26,408,5,14,114.17979680213146,598.0249999999997,1023.6100000000008,50792.1
0000026d--2363789071--48,A_HYSTERESIS,600,13,8,10,8,10,2,8,1,333,30,384,13,16,120.66777796299412,612.8699999999995,1129.504,56362.5
0000026d--2363789071--49,A_HYSTERESIS,600,32,11,23,14,23,10,12,3,510,79,536,22,30,137.90626666666682,779.6,1463.7350000000008,95035.8
0000026d--2363789071--5,A_HYSTERESIS,599,16,8,10,9,10,1,9,0,501,71,514,16,18,131.75512414597583,747.6,1385.8,60362.0
0000026d--2363789071--50,A_HYSTERESIS,600,11,10,22,8,26,18,10,1,329,52,488,10,20,141.87505419376342,782.6399999999996,1316.2399999999998,77382.6
0000026d--2363789071--51,A_HYSTERESIS,599,4,1,1,1,1,0,1,0,89,15,515,1,8,157.42540846949018,858.8199999999997,1490.2409999999961,112161.4
0000026d--2363789071--52,A_HYSTERESIS,599,4,3,4,4,4,0,3,0,200,19,355,4,8,132.25317832050797,677.8199999999997,1092.0609999999997,100474.1
0000026d--2363789071--53,A_HYSTERESIS,599,0,0,0,0,0,0,0,0,0,1,351,0,6,106.72330388398039,519.9099999999999,737.9239999999994,70285.7
0000026d--2363789071--54,A_HYSTERESIS,599,12,8,8,8,10,0,8,1,172,60,456,9,10,127.30131076820949,678.1299999999997,1375.4159999999993,73068.7
0000026d--2363789071--55,A_HYSTERESIS,599,7,4,5,5,5,0,4,0,67,26,360,5,8,129.72084652557902,707.8,1036.5,75027.4
0000026d--2363789071--56,A_HYSTERESIS,599,6,2,2,2,2,0,2,0,428,39,570,3,12,155.95304014659342,911.2499999999998,1371.0559999999991,114712.6
0000026d--2363789071--57,A_HYSTERESIS,600,18,7,8,6,8,2,7,0,499,71,504,8,16,159.85736421192954,861.5249999999994,1607.262999999999,83141.2
0000026d--2363789071--58,A_HYSTERESIS,600,4,2,2,2,2,0,2,0,386,37,463,2,10,160.30091727818547,911.6,1633.6400000000006,92864.1
0000026d--2363789071--59,A_HYSTERESIS,600,0,0,0,0,0,0,0,0,0,9,351,0,6,152.85865977662928,900.3499999999981,1380.0279999999993,90638.4
0000026d--2363789071--6,A_HYSTERESIS,599,4,3,3,3,3,0,3,0,574,55,478,3,14,147.0785071642789,803.4,1230.6829999999998,128655.6
0000026d--2363789071--60,A_HYSTERESIS,600,1,0,0,0,0,0,0,0,0,1,297,0,2,148.83133755837227,851.4749999999999,1334.640000000001,108752.9
0000026d--2363789071--61,A_HYSTERESIS,600,10,3,3,3,3,0,3,0,160,38,391,3,18,148.75390638014292,805.9599999999998,1269.8839999999996,131633.7
0000026d--2363789071--62,A_HYSTERESIS,600,14,7,9,7,9,2,7,0,581,25,426,10,10,143.24977496249386,835.9399999999991,1214.893999999993,77372.2
0000026d--2363789071--63,A_HYSTERESIS,600,7,2,3,3,3,0,2,0,226,27,383,3,6,147.68737912637528,825.9549999999994,1149.3509999999994,143120.2
0000026d--2363789071--64,A_HYSTERESIS,600,2,1,1,1,1,0,1,0,101,3,244,1,4,138.04334499416927,770.219999999999,1133.5819999999997,117535.6
0000026d--2363789071--65,A_HYSTERESIS,600,2,2,2,1,2,1,2,0,2,5,267,2,4,144.62033672278753,817.9899999999996,1114.408,119960.3
0000026d--2363789071--66,A_HYSTERESIS,600,18,16,22,21,23,3,17,1,454,52,411,25,14,153.35282452924488,914.9,1344.7,113659.0
0000026d--2363789071--67,A_HYSTERESIS,600,14,5,10,9,13,4,7,2,348,43,332,10,16,157.89488418596883,851.6,1514.4,134001.8
0000026d--2363789071--68,A_HYSTERESIS,600,4,3,4,4,4,0,3,0,301,12,273,5,12,119.77497499166394,664.6749999999998,1040.6259999999988,40196.0
0000026d--2363789071--69,A_HYSTERESIS,600,2,0,0,0,0,0,0,0,0,3,322,0,6,121.10323279453407,677.5,1047.8,53178.1
0000026d--2363789071--7,A_HYSTERESIS,600,16,9,10,6,11,4,9,0,349,47,680,10,14,165.9494408279084,990.3,1643.9700000000041,110195.8
0000026d--2363789071--70,A_HYSTERESIS,600,6,3,7,3,7,4,3,1,197,62,450,5,20,119.68106666666678,682.9900000000002,1131.505,43931.7
0000026d--2363789071--71,A_HYSTERESIS,600,10,6,7,4,7,3,6,0,544,49,524,7,6,142.13886018996845,686.1,1557.2,131502.9
0000026d--2363789071--72,A_HYSTERESIS,600,7,2,2,2,2,0,2,0,343,17,447,2,8,148.85567405432434,734.8,1441.7,138305.8
0000026d--2363789071--73,A_HYSTERESIS,600,9,3,5,5,5,0,3,1,123,34,467,5,8,134.31105184197355,701.6599999999996,1391.5139999999974,75391.0
0000026d--2363789071--74,A_HYSTERESIS,600,1,0,0,0,0,0,0,0,0,22,293,0,8,132.42385795265096,649.03,939.1779999999994,124925.7
0000026d--2363789071--75,A_HYSTERESIS,600,1,1,1,1,1,0,1,0,95,24,377,1,8,156.07245748582798,912.4949999999995,1594.4719999999995,76174.6
0000026d--2363789071--76,A_HYSTERESIS,600,11,7,9,6,10,4,8,0,468,32,385,7,10,118.06536089348252,650.5299999999999,1118.5199999999973,55056.2
0000026d--2363789071--77,A_HYSTERESIS,599,4,3,3,1,3,2,3,0,4,34,284,4,10,116.35400266844557,535.575,923.9150000000009,128124.2
0000026d--2363789071--78,A_HYSTERESIS,599,3,2,4,4,4,0,2,0,115,44,484,5,16,140.6800766922304,818.6449999999999,1393.7109999999964,73122.1
0000026d--2363789071--79,A_HYSTERESIS,599,1,1,1,1,1,0,1,0,215,18,307,1,6,103.45366016341511,566.3199999999999,819.7239999999999,2527.2
0000026d--2363789071--8,A_HYSTERESIS,600,9,4,4,2,4,2,4,0,498,48,539,4,14,148.12917014526636,885.8999999999992,1491.284,54595.5
0000026d--2363789071--80,A_HYSTERESIS,600,14,8,8,7,8,1,8,0,333,28,350,10,12,105.24898333333329,566.94,960.6040000000023,43665.1
0000026d--2363789071--81,A_HYSTERESIS,600,5,2,2,1,2,1,2,0,330,43,314,2,14,130.86992167972028,637.7,926.5,102068.0
0000026d--2363789071--82,A_HYSTERESIS,599,2,0,0,0,0,0,0,0,0,2,284,0,2,121.20440146715619,662.8,873.7659999999995,77787.8
0000026d--2363789071--83,A_HYSTERESIS,599,4,3,3,3,3,0,3,0,201,20,366,4,8,102.84136954348563,533.5199999999998,835.8949999999999,55814.5
0000026d--2363789071--84,A_HYSTERESIS,599,3,1,2,2,2,0,1,0,289,7,253,2,4,93.97665667665672,461.27500000000003,654.2249999999997,51958.1
0000026d--2363789071--85,A_HYSTERESIS,600,1,0,0,0,0,0,0,0,0,9,276,0,6,107.67533311125919,495.7849999999989,832.4400000000005,110988.8
0000026d--2363789071--86,A_HYSTERESIS,600,1,0,0,0,0,0,0,0,0,8,379,0,8,123.47045492417965,690.4,1049.9,66202.0
0000026d--2363789071--87,A_HYSTERESIS,600,3,2,2,2,2,0,2,0,508,28,352,2,12,124.67897717807762,634.7999999999989,982.2219999999983,108504.8
0000026d--2363789071--88,A_HYSTERESIS,600,3,2,3,3,3,0,2,0,242,25,378,3,6,117.64280713452253,673.5299999999993,961.7719999999983,77158.9
0000026d--2363789071--89,A_HYSTERESIS,600,7,3,4,3,4,1,3,0,232,38,422,5,10,115.90168249208716,654.6099999999997,987.5859999999997,77552.9
0000026d--2363789071--9,A_HYSTERESIS,600,4,2,2,2,2,0,2,0,2,61,608,2,20,136.94835384103743,783.3399999999999,1137.1739999999988,100357.2
0000026d--2363789071--90,A_HYSTERESIS,600,13,5,7,7,7,0,5,1,359,67,531,11,20,146.9224537422903,869.01,1377.4039999999975,65107.3
0000026d--2363789071--91,A_HYSTERESIS,600,8,6,6,5,6,1,6,0,591,43,555,6,14,151.19388333333396,902.7250000000001,1321.9170000000004,74556.5
0000026d--2363789071--92,A_HYSTERESIS,600,1,0,0,0,0,0,0,0,0,18,472,0,10,175.1591629147909,1055.7999999999995,1482.06,111133.3
0000026d--2363789071--93,A_HYSTERESIS,600,5,3,4,4,4,0,3,0,230,9,470,4,8,150.2246415471825,866.43,1411.6299999999997,83898.0
0000026d--2363789071--94,A_HYSTERESIS,600,16,8,9,9,9,0,8,0,493,26,588,10,16,162.16102034011325,946.6949999999988,1887.6209999999971,92310.0
0000026d--2363789071--95,A_HYSTERESIS,600,43,17,39,26,54,34,19,4,540,128,751,43,48,194.34408530489813,1302.054999999999,2298.888,138669.2
0000026d--2363789071--96,A_HYSTERESIS,600,25,11,12,10,13,3,11,1,410,103,679,14,36,189.11140190031668,1145.199999999999,2085.8199999999997,117711.2
0000026d--2363789071--97,A_HYSTERESIS,600,5,1,1,1,1,0,1,0,1,30,364,1,16,151.1021003500585,742.0299999999971,1409.1039999999998,138494.0
0000026d--2363789071--98,A_HYSTERESIS,600,52,22,90,37,115,79,24,8,516,200,679,47,52,308.0976492164047,2168.5649999999996,3675.552999999996,133371.7
0000026d--2363789071--99,A_HYSTERESIS,600,33,15,35,19,36,19,16,3,428,60,566,26,42,162.58678553574384,1004.1,1612.4,92769.2
00000273--d384c0a41a--0,A_HYSTERESIS,618,5,0,0,0,0,0,0,0,0,13,335,0,10,150.3104811274904,753.2599999999999,1105.028,132218.8
00000273--d384c0a41a--1,A_HYSTERESIS,600,13,6,6,5,6,1,6,0,481,38,482,6,10,147.6204136090725,754.2500000000001,1491.8400000000006,116297.1
00000273--d384c0a41a--10,A_HYSTERESIS,599,3,1,1,1,1,0,1,0,1,3,181,1,2,140.00189526184514,659.3700000000001,1070.5739999999983,114832.8
00000273--d384c0a41a--11,A_HYSTERESIS,600,5,5,5,5,5,0,5,0,226,1,223,5,4,137.25136439267914,725.9800000000004,959.4869999999992,124308.7
00000273--d384c0a41a--12,A_HYSTERESIS,600,1,0,0,0,0,0,0,0,0,7,257,0,4,130.74747542076352,712.3,1038.6,103122.1
00000273--d384c0a41a--13,A_HYSTERESIS,600,12,3,3,2,3,1,3,0,160,44,329,6,14,126.06431189603481,595.8499999999995,1626.4839999999997,58874.5
00000273--d384c0a41a--14,A_HYSTERESIS,600,9,3,4,2,4,2,3,0,439,11,332,5,18,145.10940056770784,784.8599999999991,1732.2559999999999,55080.3
00000273--d384c0a41a--15,A_HYSTERESIS,600,0,0,0,0,0,0,0,0,0,25,291,0,6,126.79139282735565,668.45,987.0540000000003,114702.1
00000273--d384c0a41a--16,A_HYSTERESIS,600,2,0,0,0,0,0,0,0,0,17,395,0,6,125.73541770885447,773.54,1153.1079999999997,52060.1
00000273--d384c0a41a--17,A_HYSTERESIS,600,15,3,11,2,11,9,3,1,133,37,347,4,18,160.81274575141583,899.175,1361.603999999998,123290.6
00000273--d384c0a41a--18,A_HYSTERESIS,600,6,3,3,2,3,1,3,0,367,12,408,3,10,152.7314276217387,860.0999999999999,1321.6440000000023,139422.8
00000273--d384c0a41a--19,A_HYSTERESIS,600,7,3,3,3,3,0,3,0,237,33,511,4,16,128.98060423969295,782.3,1195.0100000000004,74089.1
00000273--d384c0a41a--2,A_HYSTERESIS,600,3,0,0,0,0,0,0,0,0,8,451,0,4,149.3195264298819,757.6599999999996,1281.1799999999998,143129.3
00000273--d384c0a41a--20,A_HYSTERESIS,600,4,1,1,1,1,0,1,0,112,28,459,1,12,125.41906984497388,683.0399999999997,1202.1459999999965,73642.6
00000273--d384c0a41a--21,A_HYSTERESIS,600,13,11,16,12,16,12,11,1,545,37,459,15,12,124.48396132044027,673.4649999999996,1043.4,54209.4
00000273--d384c0a41a--22,A_HYSTERESIS,600,11,4,5,5,5,0,4,0,537,49,372,5,14,123.89247293921733,678.5800000000002,1045.3600000000001,70162.4
00000273--d384c0a41a--23,A_HYSTERESIS,600,8,5,19,7,20,13,9,1,465,24,324,10,14,142.3251581751582,689.1750000000001,1127.444999999998,133660.8
00000273--d384c0a41a--24,A_HYSTERESIS,600,4,1,1,1,1,0,1,0,23,20,499,1,8,120.82703919933294,671.5700000000002,1036.3640000000016,62769.0
00000273--d384c0a41a--25,A_HYSTERESIS,600,3,2,2,2,2,0,2,0,203,11,463,2,6,103.86985821517943,522.5700000000002,881.7640000000017,79993.0
00000273--d384c0a41a--26,A_HYSTERESIS,599,16,7,9,9,9,0,7,0,267,79,426,9,20,132.3767100433765,663.5749999999987,1239.3809999999944,92833.9
00000273--d384c0a41a--27,A_HYSTERESIS,599,5,2,6,5,7,2,5,0,432,73,401,7,10,102.11092941765405,536.9199999999992,960.996,52328.3
00000273--d384c0a41a--28,A_HYSTERESIS,599,19,6,7,6,7,1,6,0,550,57,490,7,10,130.41619412941898,770.75,1122.100000000001,52974.6
00000273--d384c0a41a--29,A_HYSTERESIS,599,8,3,6,4,6,4,3,1,39,20,313,6,8,103.10521232306414,571.1200000000006,857.1360000000002,44359.5
00000273--d384c0a41a--3,A_HYSTERESIS,599,4,2,2,2,2,0,2,0,89,15,422,2,6,127.60374625374631,711.6750000000001,997.49,96729.4
00000273--d384c0a41a--30,A_HYSTERESIS,600,3,2,4,1,4,3,3,0,117,10,356,2,6,117.80908181969733,660.9,1258.6,42907.9
00000273--d384c0a41a--31,A_HYSTERESIS,600,11,5,7,3,7,4,5,0,104,52,502,7,18,124.891246463638,683.3799999999993,1182.7000000000003,79449.0
00000273--d384c0a41a--32,A_HYSTERESIS,599,12,6,6,6,6,0,6,0,399,47,585,6,10,150.95541666666716,830.31,1240.111,116662.3
00000273--d384c0a41a--33,A_HYSTERESIS,600,6,5,5,5,5,0,5,0,63,22,306,5,6,125.53809365105785,576.9,969.0,107895.2
00000273--d384c0a41a--34,A_HYSTERESIS,599,2,1,1,1,1,0,1,0,49,15,261,1,6,100.41685280880158,467.7199999999988,700.6219999999995,76437.2
00000273--d384c0a41a--35,A_HYSTERESIS,600,25,2,2,1,2,1,2,0,3,54,441,2,14,141.64160973171084,723.2,1495.5,73586.8
00000273--d384c0a41a--36,A_HYSTERESIS,600,6,5,5,5,5,0,5,0,395,23,449,5,8,118.71465000000035,565.9600000000002,882.3160000000004,76378.6
00000273--d384c0a41a--37,A_HYSTERESIS,600,12,8,11,10,11,2,8,1,337,59,391,12,18,131.75012497917,636.6,1048.6,120812.0
00000273--d384c0a41a--38,A_HYSTERESIS,600,3,1,1,1,1,0,1,0,1,44,404,1,10,87.2705813759786,446.63999999999976,648.2899999999976,65200.4
00000273--d384c0a41a--39,A_HYSTERESIS,600,0,0,0,0,0,0,0,0,0,4,321,0,6,121.28418596900478,637.7,904.6,81437.0
00000273--d384c0a41a--4,A_HYSTERESIS,599,9,2,18,13,30,17,3,2,436,15,459,3,8,132.32472490830278,708.6599999999999,1071.8469999999936,131666.0
00000273--d384c0a41a--40,A_HYSTERESIS,600,9,5,6,5,6,1,5,0,341,21,311,7,10,120.62401266455562,615.7,947.2,103943.2
00000273--d384c0a41a--41,A_HYSTERESIS,600,6,3,3,3,3,0,3,0,100,25,397,3,6,126.99565072487867,638.4,887.9,135836.4
00000273--d384c0a41a--42,A_HYSTERESIS,561,46,29,36,26,38,10,30,1,461,40,409,39,32,156.78001419950309,977.8099999999974,1455.1560000000006,100467.8
00000273--d384c0a41a--5,A_HYSTERESIS,600,5,2,3,3,3,0,2,0,492,74,384,3,36,144.00148308615238,738.0,1446.0,92352.4
00000273--d384c0a41a--6,A_HYSTERESIS,600,3,1,1,1,1,0,1,0,273,9,399,1,6,129.4575095849309,747.1399999999998,1136.2159999999997,87855.8
00000273--d384c0a41a--7,A_HYSTERESIS,599,7,4,4,3,4,1,4,0,48,22,267,4,12,141.92930000000038,723.0650000000003,1237.941000000001,120395.1
00000273--d384c0a41a--8,A_HYSTERESIS,599,13,5,5,4,5,1,5,0,191,61,316,5,26,163.74510163278873,845.7949999999998,1421.8759999999995,104065.1
00000273--d384c0a41a--9,A_HYSTERESIS,600,7,0,0,0,0,0,0,0,0,23,356,0,18,143.924506853895,673.49,1594.430999999998,124566.2
00000274--d3bbe6ddcd--19,A_HYSTERESIS,599,22,11,10,7,11,4,11,0,399,54,402,15,16,126.15199199866616,617.7699999999996,1301.2079999999974,104239.9
00000274--d3bbe6ddcd--33,A_HYSTERESIS,600,3,0,0,0,0,0,0,0,0,9,396,0,14,148.09963314990785,915.7799999999999,1295.1119999999996,49271.1
00000274--d3bbe6ddcd--34,A_HYSTERESIS,600,11,3,3,2,3,1,3,0,51,36,453,4,16,154.88565478173936,981.2499999999998,1623.2049999999979,50200.4
0000027f--cb2a133365--10,A_HYSTERESIS,600,22,13,13,13,13,0,13,0,13,4,92,15,12,100.09218072690894,557.0,738.4149999999998,3460.1
0000027f--cb2a133365--11,A_HYSTERESIS,600,37,20,27,23,27,6,20,1,576,122,650,28,34,195.23212262579113,1211.9499999999998,2083.155999999999,96435.6
0000027f--cb2a133365--12,A_HYSTERESIS,600,18,10,23,7,25,20,11,2,569,33,306,24,24,125.22508751458548,653.0299999999999,1583.8879999999956,44231.4
0000027f--cb2a133365--13,A_HYSTERESIS,600,0,0,0,0,0,0,0,0,0,5,166,0,8,132.89466399866598,693.0799999999998,950.912,108530.6
0000027f--cb2a133365--14,A_HYSTERESIS,600,12,6,6,6,6,0,6,0,514,50,548,10,22,161.14103333333284,953.4450000000002,1562.0,131491.4
0000027f--cb2a133365--15,A_HYSTERESIS,600,7,3,4,2,4,2,3,0,153,25,396,4,20,144.38187729243083,831.4449999999985,1526.356999999997,70948.0
0000027f--cb2a133365--16,A_HYSTERESIS,600,17,8,8,7,8,1,8,0,537,106,512,16,42,177.98696666666697,815.4450000000002,2409.3730000000082,122468.0
0000027f--cb2a133365--17,A_HYSTERESIS,600,2,1,1,1,1,0,1,0,1,10,243,1,14,93.70193268910363,404.3799999999999,1019.5369999999987,42499.4
0000027f--cb2a133365--18,A_HYSTERESIS,600,42,23,27,26,29,1,23,0,585,64,764,34,22,240.69563333333303,1608.81,2253.3030000000003,119699.3
0000027f--cb2a133365--19,A_HYSTERESIS,600,60,26,50,25,50,34,26,5,530,49,836,47,34,263.8622770461739,1808.3499999999958,2260.5499999999965,157645.7
0000027f--cb2a133365--2,A_HYSTERESIS,599,21,8,11,8,11,3,8,1,555,26,382,16,28,140.8684333333332,811.5650000000003,1329.5030000000002,70468.2
0000027f--cb2a133365--20,A_HYSTERESIS,600,47,22,66,41,96,55,28,8,551,108,762,47,34,185.1608702900973,1225.06,1995.5539999999996,84560.4
0000027f--cb2a133365--21,A_HYSTERESIS,600,32,24,65,55,92,41,26,3,526,111,665,45,24,235.98806865522317,1669.1,2203.8,93383.2
0000027f--cb2a133365--22,A_HYSTERESIS,599,51,27,50,35,54,30,33,3,582,57,405,39,30,192.74854951650508,1245.2349999999997,2085.539999999998,85382.5
0000027f--cb2a133365--23,A_HYSTERESIS,600,0,0,0,0,0,0,0,0,0,3,62,2,14,151.47005000000001,938.3,1141.9210000000005,96313.5
0000027f--cb2a133365--24,A_HYSTERESIS,599,9,6,6,6,6,0,6,0,10,1,82,7,18,142.76550574904164,875.2,1101.1,53900.5
0000027f--cb2a133365--25,A_HYSTERESIS,599,35,20,71,37,83,59,22,6,539,80,553,46,34,172.7033183258296,1097.4199999999996,2030.2479999999996,57795.1
0000027f--cb2a133365--26,A_HYSTERESIS,600,25,17,31,31,31,11,18,1,545,44,334,33,36,163.86319999999986,1065.02,1462.0790000000018,100562.2
0000027f--cb2a133365--27,A_HYSTERESIS,599,21,11,12,9,12,3,11,0,105,27,267,25,40,134.28746248749604,831.1249999999994,1290.9089999999999,43929.8
0000027f--cb2a133365--3,A_HYSTERESIS,600,6,1,1,1,1,0,1,0,11,13,237,1,18,122.71558073654367,688.6,1007.1,90613.7
0000027f--cb2a133365--4,A_HYSTERESIS,600,33,11,57,30,90,81,20,5,413,32,402,25,50,142.5822696217294,764.1,1633.8,70850.6
0000027f--cb2a133365--5,A_HYSTERESIS,600,7,3,14,8,14,11,6,2,512,17,341,8,30,135.20791798633078,727.5299999999999,1154.3099999999974,110734.1
0000027f--cb2a133365--6,A_HYSTERESIS,600,26,8,7,7,8,2,8,0,513,89,516,8,46,173.80158306948846,927.4,2129.1,77058.1
0000027f--cb2a133365--7,A_HYSTERESIS,600,7,4,4,3,4,1,4,0,552,19,272,5,28,106.06051666666647,623.1500000000002,1164.506,4417.6
0000027f--cb2a133365--8,A_HYSTERESIS,600,10,6,7,5,7,2,6,0,432,152,594,12,46,226.53831277092323,1499.3749999999998,2805.466,80060.2
0000027f--cb2a133365--9,A_HYSTERESIS,600,31,15,15,15,15,0,15,0,15,2,130,19,20,95.15599800066632,581.7899999999998,752.6929999999999,2580.3
00000280--91181081d4--10,A_HYSTERESIS,600,7,5,7,7,7,0,5,0,224,74,538,7,22,144.19216536089382,796.4299999999998,1418.902,74283.2
00000280--91181081d4--11,A_HYSTERESIS,600,19,9,11,11,11,0,9,1,422,77,628,11,36,190.109081819697,1117.5,1957.3,115305.9
00000280--91181081d4--12,A_HYSTERESIS,600,8,2,3,3,3,0,2,0,468,28,440,3,28,150.6841693051161,851.4,1334.6,84221.4
00000280--91181081d4--13,A_HYSTERESIS,600,2,1,1,1,1,0,1,0,80,20,346,1,6,146.82246666666728,798.6650000000003,1009.5100000000002,138017.0
00000280--91181081d4--14,A_HYSTERESIS,600,26,17,18,17,24,4,19,1,467,69,523,22,40,173.3693384435931,923.9,1979.0,136366.8
00000280--91181081d4--15,A_HYSTERESIS,599,15,8,10,8,11,3,8,1,357,69,639,13,30,152.83335001668343,897.0699999999999,1498.9140000000002,93948.7
00000280--91181081d4--16,A_HYSTERESIS,600,13,3,6,6,6,0,4,0,520,35,538,6,10,141.31887389638513,738.0899999999988,1328.4859999999996,148613.9
00000280--91181081d4--17,A_HYSTERESIS,600,20,12,35,16,40,25,15,4,339,88,756,19,34,160.29746582194085,1006.3599999999991,1657.7919999999933,95572.5
00000280--91181081d4--18,A_HYSTERESIS,600,10,5,5,4,5,1,5,0,317,14,309,8,36,108.33833583458413,541.3599999999999,894.3759999999997,76374.6
00000280--91181081d4--19,A_HYSTERESIS,600,16,4,9,2,9,7,4,1,406,62,462,7,12,160.35383205598146,848.9299999999997,1284.2499999999989,143550.4
00000280--91181081d4--20,A_HYSTERESIS,600,11,5,5,4,5,1,5,0,419,21,445,5,10,147.7240500000003,857.835000000001,1231.3240000000003,117154.6
00000280--91181081d4--21,A_HYSTERESIS,600,13,6,9,5,9,4,6,1,385,78,637,7,18,168.8002667555845,1007.7449999999992,1622.5749999999994,120778.2
00000280--91181081d4--22,A_HYSTERESIS,600,5,2,2,2,2,0,2,0,106,22,494,2,8,135.7781296882816,846.2499999999998,1218.449999999999,39010.4
00000280--91181081d4--23,A_HYSTERESIS,600,9,4,5,5,5,0,4,0,311,51,609,6,14,138.50623333333317,849.105,1276.8270000000005,59628.6
00000280--91181081d4--24,A_HYSTERESIS,600,38,15,20,17,21,3,17,1,460,150,735,23,48,162.64307871914633,948.7749999999999,1958.5450000000026,56229.1
00000280--91181081d4--25,A_HYSTERESIS,600,58,31,72,53,88,50,36,8,588,129,787,58,48,176.28618563572735,1030.2,1906.0,115955.0
00000280--91181081d4--29,A_HYSTERESIS,599,20,14,18,16,18,3,15,1,592,63,348,23,28,146.50976666666654,801.2750000000003,1591.2440000000054,101347.8
00000280--91181081d4--30,A_HYSTERESIS,599,33,11,16,10,17,11,12,1,589,243,920,19,50,263.9114019003164,1665.6999999999994,2752.5559999999964,167640.4
00000280--91181081d4--31,A_HYSTERESIS,600,46,11,22,10,24,15,13,1,507,168,793,15,38,135.16052324612514,828.2,1421.7,49379.8
00000280--91181081d4--32,A_HYSTERESIS,599,10,8,9,9,10,0,8,0,541,28,374,13,16,138.60011670556867,784.7599999999999,1361.233,77224.0
00000280--91181081d4--33,A_HYSTERESIS,600,50,12,14,13,14,1,12,0,533,255,774,14,46,266.19496666666635,1693.3200000000006,3214.609,106032.5
00000280--91181081d4--34,A_HYSTERESIS,600,15,5,5,4,5,1,5,0,438,28,385,5,20,134.22307051175196,652.7499999999998,1462.3699999999983,118864.3
00000280--91181081d4--35,A_HYSTERESIS,600,34,18,21,14,23,11,19,1,532,129,637,23,38,188.70151666666644,1160.4150000000004,2187.0980000000022,75636.4
00000280--91181081d4--36,A_HYSTERESIS,600,19,9,9,8,9,1,9,0,357,183,789,14,46,209.64032661223206,1292.4,2234.3,139506.5
00000280--91181081d4--37,A_HYSTERESIS,600,22,15,49,37,49,34,18,3,459,38,370,22,34,173.01884275471076,886.1999999999998,1959.452,137169.0
00000280--91181081d4--38,A_HYSTERESIS,600,22,11,17,12,18,13,12,2,532,43,479,11,22,163.79761666666704,1060.7250000000001,1507.2950000000021,91905.3
00000280--91181081d4--39,A_HYSTERESIS,600,35,22,36,32,38,11,27,2,556,71,561,33,38,169.1599733377765,974.9,1973.3,96566.4
00000280--91181081d4--4,A_HYSTERESIS,600,29,20,22,16,22,6,20,1,555,94,685,22,34,199.39656723879358,1326.8,1959.2,83645.0
00000280--91181081d4--40,A_HYSTERESIS,600,20,7,47,28,121,119,13,6,361,98,592,18,50,190.26150133155787,1234.7499999999995,2489.5580000000036,55449.5
00000280--91181081d4--41,A_HYSTERESIS,600,37,16,55,37,67,53,20,6,572,63,465,33,36,169.0423179248419,992.0899999999992,1771.657,92124.1
00000280--91181081d4--42,A_HYSTERESIS,600,23,15,26,13,27,13,17,2,397,43,454,18,18,169.503547523427,1036.7,1576.35,94908.0
00000280--91181081d4--43,A_HYSTERESIS,600,35,13,32,29,32,23,15,1,416,61,601,32,40,167.02195162359155,1069.65,1970.7099999999978,47950.7
00000280--91181081d4--44,A_HYSTERESIS,600,74,31,69,43,75,51,39,5,592,67,724,61,44,170.2527949274149,1056.1799999999996,1904.3559999999993,58240.4
00000280--91181081d4--5,A_HYSTERESIS,599,36,20,43,25,44,27,21,2,537,88,763,39,34,204.1007169056358,1459.1649999999995,2049.5899999999965,96454.4
00000280--91181081d4--6,A_HYSTERESIS,600,27,12,13,13,13,1,12,0,577,89,613,18,46,174.8861499999994,1041.4400000000005,1949.0460000000053,125200.2
00000280--91181081d4--7,A_HYSTERESIS,600,26,9,45,11,55,44,11,5,499,114,680,15,30,168.67560000000012,1072.6150000000005,1843.5030000000022,91890.2
00000280--91181081d4--8,A_HYSTERESIS,600,19,8,9,8,9,1,9,0,510,69,584,10,16,126.97314552425397,683.9499999999997,1134.3519999999987,76709.5
00000280--91181081d4--9,A_HYSTERESIS,600,3,3,3,2,3,1,3,0,3,9,492,3,10,138.46266666666662,737.415,1021.2440000000009,112843.8
00000283--b395338ef9--0,A_HYSTERESIS,620,46,26,42,38,48,20,28,5,439,102,614,47,44,201.5921312005162,1198.3399999999992,2295.4519999999993,108479.7
00000283--b395338ef9--1,A_HYSTERESIS,600,29,9,9,6,9,3,9,0,508,31,705,28,28,193.96831138523058,1451.5199999999995,2175.0199999999973,72876.8
00000283--b395338ef9--10,A_HYSTERESIS,600,24,12,13,12,13,1,12,0,440,120,505,14,16,147.2445222611301,812.1799999999997,1414.716,82975.6
00000283--b395338ef9--11,A_HYSTERESIS,600,6,4,4,3,4,1,4,0,324,38,403,4,10,143.34737543742642,779.7,1060.6,137800.4
00000283--b395338ef9--12,A_HYSTERESIS,600,28,9,12,11,12,1,9,1,461,139,684,13,26,182.3420806935648,1068.3249999999994,2016.3509999999994,123069.5
00000283--b395338ef9--13,A_HYSTERESIS,600,11,7,7,7,7,0,7,0,494,28,568,7,14,136.54925000000034,741.915,1485.2320000000009,88354.9
00000283--b395338ef9--14,A_HYSTERESIS,600,6,4,7,7,7,0,5,0,390,26,623,7,8,141.70753207798714,826.4,1174.0,98055.2
00000283--b395338ef9--15,A_HYSTERESIS,600,10,4,4,4,4,0,4,0,267,29,444,4,6,143.1349558259711,766.01,1157.4219999999996,135815.0
00000283--b395338ef9--16,A_HYSTERESIS,600,13,5,5,5,5,0,5,0,144,11,353,6,8,122.40906515580735,527.7,1320.0,95148.2
00000283--b395338ef9--17,A_HYSTERESIS,599,8,4,5,5,5,0,4,0,327,34,506,5,12,124.87106666666676,684.4400000000004,1210.8440000000007,87040.4
00000283--b395338ef9--18,A_HYSTERESIS,599,3,1,1,1,1,0,1,0,376,32,436,3,14,142.37225741913932,730.7999999999993,1191.510999999999,145188.2
00000283--b395338ef9--19,A_HYSTERESIS,600,8,2,2,2,2,0,2,0,116,38,425,2,12,128.62903064623592,654.7699999999999,962.8440000000013,141470.8
00000283--b395338ef9--2,A_HYSTERESIS,600,28,12,15,12,15,3,12,1,446,35,727,22,38,255.32358333333357,1927.9550000000004,2439.6370000000006,88083.2
00000283--b395338ef9--20,A_HYSTERESIS,599,20,13,31,9,49,42,14,3,417,52,472,19,32,145.83287808127892,785.4399999999986,1273.7470000000014,113245.9
00000283--b395338ef9--21,A_HYSTERESIS,600,6,2,2,1,2,1,2,0,20,46,453,2,10,134.57734843437729,692.7949999999996,1032.997,129427.3
00000283--b395338ef9--22,A_HYSTERESIS,600,20,16,18,13,18,5,16,0,510,36,388,25,24,129.72862856190628,630.5,1036.2,117684.9
00000283--b395338ef9--23,A_HYSTERESIS,599,23,12,18,14,18,5,12,1,337,79,426,16,24,131.52868333333296,743.9550000000002,1151.814,52051.4
00000283--b395338ef9--24,A_HYSTERESIS,599,15,9,14,13,14,5,10,2,355,151,573,14,28,152.4348441926346,860.9,1296.9,117985.5
00000283--b395338ef9--25,A_HYSTERESIS,600,43,25,69,45,101,57,30,8,394,140,646,41,42,152.82373333333345,878.83,1874.3490000000008,50401.1
00000283--b395338ef9--26,A_HYSTERESIS,600,39,23,30,27,31,8,25,2,531,127,823,37,46,208.57295000000028,1394.9900000000005,2375.484000000002,139214.2
00000283--b395338ef9--27,A_HYSTERESIS,600,36,12,13,12,13,1,13,0,590,93,665,18,26,177.95036055676653,1081.5499999999997,2160.982000000001,85739.9
00000283--b395338ef9--28,A_HYSTERESIS,600,10,5,6,4,6,2,5,0,391,107,494,8,18,131.65462577096176,790.1399999999992,1325.7019999999975,52926.4
00000283--b395338ef9--29,A_HYSTERESIS,600,10,7,12,12,12,0,7,1,241,49,440,13,14,142.62013634852036,806.7699999999999,1101.7019999999995,130984.1
00000283--b395338ef9--3,A_HYSTERESIS,600,19,9,14,12,14,2,9,1,546,57,411,14,26,159.34091666666683,919.4900000000002,1587.6240000000028,130218.7
00000283--b395338ef9--30,A_HYSTERESIS,600,31,15,14,12,15,2,15,0,588,54,531,17,24,149.3651092941764,892.3399999999998,1491.1479999999992,68351.1
00000283--b395338ef9--31,A_HYSTERESIS,600,50,11,21,18,21,9,12,2,473,127,606,17,20,180.53407123834862,933.53,2008.613000000004,138846.2
00000283--b395338ef9--32,A_HYSTERESIS,600,57,34,28,19,36,18,35,0,584,104,528,42,40,153.33894719307077,850.8999999999996,1733.657999999999,75291.0
00000283--b395338ef9--33,A_HYSTERESIS,600,4,2,3,3,3,0,2,0,56,14,353,4,6,115.5811635272544,607.7199999999993,903.7119999999998,59429.5
00000283--b395338ef9--34,A_HYSTERESIS,600,4,4,4,3,4,1,4,0,60,13,456,4,8,151.0648274712453,897.5099999999994,1409.1039999999998,90555.4
00000283--b395338ef9--35,A_HYSTERESIS,600,4,3,3,3,3,0,3,0,363,3,432,3,4,135.99501334222833,776.125,1054.3600000000001,94663.8
00000283--b395338ef9--36,A_HYSTERESIS,600,31,17,19,19,19,0,17,0,367,51,480,19,12,143.69094547273627,756.3,1527.408,52791.6
00000283--b395338ef9--37,A_HYSTERESIS,600,17,10,10,10,10,0,10,0,427,47,614,10,16,141.34699717185174,898.25,1330.07,48314.5
00000283--b395338ef9--38,A_HYSTERESIS,600,18,2,4,4,4,0,2,1,537,84,591,8,16,178.87724471097812,1049.7299999999987,2084.353999999999,57372.8
00000283--b395338ef9--39,A_HYSTERESIS,600,3,1,2,2,2,0,2,0,298,22,451,2,8,137.874808397201,795.3099999999996,1220.5869999999998,98249.4
00000283--b395338ef9--4,A_HYSTERESIS,600,4,4,4,3,4,1,4,0,4,0,113,4,4,99.08618333333315,564.9800000000002,786.0130000000003,39564.0
00000283--b395338ef9--40,A_HYSTERESIS,600,0,0,0,0,0,0,0,0,0,11,533,1,10,141.7794436115276,807.8799999999999,1250.6839999999975,85258.7
00000283--b395338ef9--41,A_HYSTERESIS,600,12,1,1,0,1,1,1,0,1,37,436,1,22,114.99673333333351,637.0250000000001,1206.106,56870.1
00000283--b395338ef9--42,A_HYSTERESIS,600,3,0,0,0,0,0,0,0,0,8,256,0,6,125.32422525824677,681.195,972.6649999999993,104856.9
00000283--b395338ef9--43,A_HYSTERESIS,600,12,7,6,5,7,2,7,0,56,59,435,7,16,153.17787404198566,845.2249999999993,1426.5649999999991,119992.3
00000283--b395338ef9--44,A_HYSTERESIS,600,27,11,22,14,23,9,11,4,457,168,542,23,56,184.63095000000047,962.2450000000002,2693.389000000004,81769.5
00000283--b395338ef9--45,A_HYSTERESIS,599,29,16,47,29,47,31,16,2,523,106,643,24,46,206.28968505249057,1328.1,2212.4,119898.2
00000283--b395338ef9--46,A_HYSTERESIS,600,10,8,30,30,30,20,9,2,543,10,141,15,34,169.60806263534886,1183.9999999999995,1452.2679999999993,59727.7
00000283--b395338ef9--47,A_HYSTERESIS,599,52,18,56,45,64,38,24,5,398,61,624,47,44,176.69873354440978,1016.2,1966.6,82100.7
00000283--b395338ef9--48,A_HYSTERESIS,599,36,26,41,35,45,9,30,3,586,38,339,47,48,120.4491336221262,501.66999999999985,1371.7779999999993,106413.1
00000283--b395338ef9--49,A_HYSTERESIS,28,0,0,0,0,0,0,0,0,0,0,5,0,6,80.31339869281047,391.29999999999995,491.65499999999986,774.3
00000283--b395338ef9--5,A_HYSTERESIS,600,2,0,0,0,0,0,0,0,0,20,314,1,34,160.29279759919962,820.6149999999992,1474.5809999999992,133394.0
00000283--b395338ef9--6,A_HYSTERESIS,600,25,12,15,11,15,4,12,0,569,52,507,18,30,165.6844025995659,1004.8,1614.7,118316.6
00000283--b395338ef9--7,A_HYSTERESIS,600,1,1,1,1,1,0,1,0,1,23,415,5,10,145.56863333333308,772.2450000000002,1454.987000000002,103577.6
00000283--b395338ef9--8,A_HYSTERESIS,600,29,16,16,10,18,9,17,0,333,107,647,35,36,175.5420070011671,1138.52,1954.5659999999866,93378.8
00000283--b395338ef9--9,A_HYSTERESIS,600,5,2,7,2,7,5,3,1,254,9,265,4,12,121.93802699550056,631.2,863.7,95131.0
00000285--27dca1de75--10,A_HYSTERESIS,599,25,19,18,13,19,6,19,0,536,64,450,31,24,138.88091348558103,766.6199999999999,1356.502,95004.7
00000285--27dca1de75--11,A_HYSTERESIS,599,12,5,5,5,5,0,5,0,106,25,422,9,14,142.71393565594295,755.9999999999984,1170.6859999999979,118077.6
00000285--27dca1de75--12,A_HYSTERESIS,600,6,4,5,4,5,1,5,0,113,50,491,4,16,140.53706048991862,731.6,1239.1,111597.3
00000285--27dca1de75--13,A_HYSTERESIS,600,40,18,38,21,46,33,19,4,441,83,610,28,40,209.1842307051175,1288.799999999996,2352.269999999996,119173.2
00000285--27dca1de75--14,A_HYSTERESIS,600,5,3,12,2,12,10,3,1,153,27,252,5,10,103.14294049008193,510.22999999999985,868.3999999999976,52240.7
00000285--27dca1de75--15,A_HYSTERESIS,600,15,9,15,9,15,6,10,1,448,61,391,12,14,137.04632438739787,738.6799999999995,1099.3199999999995,119260.1
00000285--27dca1de75--16,A_HYSTERESIS,600,12,4,5,3,5,2,4,0,487,60,452,5,16,142.08924999999942,842.7250000000001,1156.8330000000005,56491.0
00000285--27dca1de75--17,A_HYSTERESIS,600,13,4,6,6,6,0,4,1,223,88,465,6,12,146.51641666666654,766.415,1478.5310000000006,105230.9
00000285--27dca1de75--18,A_HYSTERESIS,600,14,7,9,9,9,0,7,0,315,77,409,9,18,145.85277453757712,790.5,1272.4,113255.4
00000285--27dca1de75--19,A_HYSTERESIS,600,54,37,40,25,50,30,41,2,495,93,724,46,40,157.40689022355699,874.1349999999977,1899.2159999999917,53624.0
00000285--27dca1de75--2,A_HYSTERESIS,600,48,17,20,16,20,4,17,1,589,326,694,28,50,224.21514999999877,1489.8200000000018,3189.6420000000057,57867.5
00000285--27dca1de75--20,A_HYSTERESIS,600,33,27,23,18,27,10,27,0,203,67,656,28,30,134.25055018339384,773.3899999999998,1260.830999999998,59790.4
00000285--27dca1de75--21,A_HYSTERESIS,600,13,11,12,9,12,3,11,0,596,41,418,17,20,125.52019006335392,627.6499999999996,1019.4449999999996,73601.8
00000285--27dca1de75--22,A_HYSTERESIS,600,5,2,2,2,2,0,2,0,386,31,356,3,10,134.56573333333338,623.3550000000001,996.1510000000012,135829.5
00000285--27dca1de75--23,A_HYSTERESIS,600,24,14,18,17,18,1,14,1,394,135,481,22,22,135.198217854764,670.2999999999989,1166.4910000000025,116216.8
00000285--27dca1de75--24,A_HYSTERESIS,600,16,9,12,11,12,1,9,0,361,78,391,13,14,113.12372542485849,588.8899999999999,914.6819999999997,72719.4
00000285--27dca1de75--25,A_HYSTERESIS,600,27,23,20,13,24,12,24,0,503,33,262,35,48,133.1719307013156,550.3699999999995,1479.9099999999828,126790.1
00000285--27dca1de75--26,A_HYSTERESIS,600,21,14,14,9,14,5,14,0,280,82,441,23,28,121.43945000000006,672.8800000000002,1217.4060000000002,49339.6
00000285--27dca1de75--27,A_HYSTERESIS,599,30,18,26,19,27,23,18,1,403,63,548,30,28,135.80206528980676,785.0949999999997,1385.8790000000001,75655.8
00000285--27dca1de75--28,A_HYSTERESIS,599,44,22,42,32,46,36,23,5,591,111,696,38,38,204.5013495501491,1378.1599999999999,2185.3940000000002,91501.7
00000285--27dca1de75--29,A_HYSTERESIS,600,48,29,107,46,108,70,36,7,578,199,765,56,48,264.8878060969509,1663.0099999999995,2822.2819999999997,129322.5
00000285--27dca1de75--3,A_HYSTERESIS,599,14,11,13,10,13,3,11,1,349,45,538,12,16,140.273195532588,842.7999999999989,1185.0099999999975,90575.1
00000285--27dca1de75--30,A_HYSTERESIS,600,88,49,102,85,114,61,58,10,507,51,662,79,32,184.75591469510232,1194.83,1919.1809999999998,86201.2
00000285--27dca1de75--31,A_HYSTERESIS,599,64,38,112,98,129,84,43,6,587,42,719,67,34,229.1682833333329,1568.8049999999998,2414.5520000000038,88142.1
00000285--27dca1de75--32,A_HYSTERESIS,599,84,38,102,75,131,76,44,8,576,70,754,65,50,172.38156666666669,1153.5700000000002,1864.5160000000026,64430.8
00000285--27dca1de75--33,A_HYSTERESIS,599,21,7,26,17,40,23,12,5,558,14,230,18,30,182.7761833333335,1225.8049999999998,1902.4340000000009,53122.5
00000285--27dca1de75--34,A_HYSTERESIS,189,0,0,0,0,0,0,0,0,0,0,45,0,10,154.3670846394987,1159.81,1417.1799999999996,3827.1
00000285--27dca1de75--4,A_HYSTERESIS,599,4,2,2,1,2,1,2,0,48,14,411,3,16,147.20048325279117,851.2,1305.8,108983.3
00000285--27dca1de75--5,A_HYSTERESIS,599,7,4,5,5,5,0,4,0,299,20,621,5,12,184.33898615974655,1135.2199999999998,1655.1279999999997,121302.6
00000285--27dca1de75--6,A_HYSTERESIS,599,4,1,1,1,1,0,1,0,402,19,485,2,12,149.9503001000336,832.1649999999996,1499.7409999999961,112691.4
00000285--27dca1de75--7,A_HYSTERESIS,599,6,3,4,4,4,0,3,0,28,30,504,4,10,163.34056352117344,1014.1,1489.383999999999,92821.3
00000285--27dca1de75--8,A_HYSTERESIS,600,6,4,4,4,4,0,4,0,298,12,454,4,10,139.7239500000006,802.7100000000002,1235.8240000000003,88731.1
00000285--27dca1de75--9,A_HYSTERESIS,600,20,11,19,12,19,8,11,3,465,56,589,22,26,160.23672278713133,907.4699999999985,1868.2859999999932,70695.4
00000286--de6bd2c087--11,A_HYSTERESIS,600,17,5,6,5,6,1,5,0,501,141,584,7,40,161.71341666666615,996.81,1877.1,73952.9
00000286--de6bd2c087--12,A_HYSTERESIS,600,6,2,2,2,2,0,2,0,422,27,367,2,12,127.08950174970838,530.5,1351.0,83412.0
00000286--de6bd2c087--13,A_HYSTERESIS,600,19,13,13,11,13,2,13,0,420,55,490,15,22,129.37063333333384,661.1100000000004,1090.0080000000003,127801.2
00000286--de6bd2c087--14,A_HYSTERESIS,600,14,9,11,8,11,3,9,1,274,72,451,14,14,144.3452607029814,824.4799999999979,1373.6779999999994,111892.5
00000286--de6bd2c087--15,A_HYSTERESIS,600,23,15,15,8,15,7,15,0,536,55,372,19,38,132.612516733601,574.6750000000001,1254.25,135170.8
00000286--de6bd2c087--16,A_HYSTERESIS,600,89,63,52,40,65,27,63,0,595,110,532,86,62,160.58346391065177,734.969999999999,2425.5999999999813,114465.3
00000286--de6bd2c087--17,A_HYSTERESIS,600,17,13,10,7,13,4,13,0,408,39,445,12,22,122.52424495244438,736.1799999999992,1194.988,2924.7
00000286--de6bd2c087--18,A_HYSTERESIS,600,10,5,6,5,6,1,5,0,292,63,629,6,8,111.68617357987655,596.9599999999998,856.5659999999992,74802.6
00000286--de6bd2c087--19,A_HYSTERESIS,600,38,25,27,17,30,15,26,1,566,67,604,29,54,163.73475508163946,897.024999999999,1750.953999999999,99974.9
00000286--de6bd2c087--20,A_HYSTERESIS,599,6,5,5,4,5,1,5,0,274,29,385,5,10,129.06923974658216,627.2,899.3329999999997,96027.0
00000286--de6bd2c087--21,A_HYSTERESIS,599,3,1,1,1,1,0,1,0,1,34,294,1,6,108.23646666666683,558.1150000000001,828.641000000001,52722.3
00000286--de6bd2c087--22,A_HYSTERESIS,600,1,0,0,0,0,0,0,0,0,10,332,0,4,81.49709951658585,400.7,577.8039999999999,43294.4
00000286--de6bd2c087--23,A_HYSTERESIS,600,2,2,2,2,2,0,2,0,44,3,377,2,4,129.89748417194255,571.1850000000001,1296.1259999999986,115837.9
00000286--de6bd2c087--24,A_HYSTERESIS,599,21,9,9,9,9,0,9,0,124,61,523,11,38,137.16918837675365,714.4499999999982,1401.4860000000003,122855.1
00000286--de6bd2c087--25,A_HYSTERESIS,599,17,8,10,10,10,0,8,1,414,53,451,12,14,110.00788111537838,583.5199999999996,1105.9359999999995,41561.6
00000286--de6bd2c087--26,A_HYSTERESIS,599,29,16,17,17,17,0,16,0,595,71,473,18,16,127.2655603735823,664.125,1391.640000000001,56173.2
00000286--de6bd2c087--27,A_HYSTERESIS,599,60,42,56,35,73,41,47,4,515,113,522,57,52,167.23953720659247,904.5299999999994,1811.7519999999975,115546.6
00000286--de6bd2c087--28,A_HYSTERESIS,600,3,1,1,1,1,0,1,0,365,32,542,1,10,146.18998500249904,834.1,1241.5,104853.9
00000286--de6bd2c087--29,A_HYSTERESIS,599,10,5,8,3,8,5,5,1,241,66,573,7,22,148.62955640471804,927.0399999999997,1399.0439999999974,66706.9
00000286--de6bd2c087--30,A_HYSTERESIS,600,0,0,0,0,0,0,0,0,0,13,456,0,6,131.55052456286458,784.26,1195.488,71894.9
00000286--de6bd2c087--31,A_HYSTERESIS,600,11,5,20,7,20,13,5,1,452,38,650,8,12,171.29276907697502,1071.6999999999996,1746.0869999999977,80858.7
00000286--de6bd2c087--32,A_HYSTERESIS,600,2,0,0,0,0,0,0,0,0,28,437,1,6,154.77690896965623,835.415,1241.9329999999998,133493.9
00000286--de6bd2c087--33,A_HYSTERESIS,600,1,1,1,1,1,0,1,0,399,11,434,1,8,147.39985000000019,833.1100000000001,1387.6120000000003,59048.1
00000286--de6bd2c087--34,A_HYSTERESIS,600,21,12,19,16,19,11,12,2,310,37,503,23,30,155.660739876687,856.1,1357.7,138038.1
0000028b--ca855432c0--10,A_HYSTERESIS,600,19,7,7,7,7,0,7,0,407,60,549,8,10,138.1683438853715,851.3799999999999,1218.2219999999982,42957.3
0000028b--ca855432c0--11,A_HYSTERESIS,599,19,6,8,7,8,1,6,1,287,65,616,10,18,165.96611666666632,928.2050000000004,1566.5130000000004,134871.7
0000028b--ca855432c0--24,A_HYSTERESIS,600,22,19,21,20,22,2,19,1,540,61,455,31,26,123.30143047238882,614.8899999999999,1207.7700000000043,86212.0
0000028b--ca855432c0--25,A_HYSTERESIS,600,10,3,5,5,5,0,3,1,273,67,523,6,36,146.70649783405528,821.2449999999997,1622.2909999999977,91512.3
0000028b--ca855432c0--33,A_HYSTERESIS,599,8,4,5,4,5,1,4,0,129,34,379,5,12,150.1428785857237,808.1500000000001,1268.3800000000008,99500.7
0000028b--ca855432c0--57,A_HYSTERESIS,599,50,19,34,26,35,12,21,3,544,317,1081,29,26,198.15042507084513,1320.989999999999,2056.6039999999953,86483.3
0000028b--ca855432c0--58,A_HYSTERESIS,600,41,18,25,19,25,6,18,2,533,225,960,25,22,171.0229243081027,1009.1849999999986,1881.5719999999994,86317.4
0000028b--ca855432c0--78,A_HYSTERESIS,600,13,8,30,22,30,22,12,4,561,38,392,19,30,142.58596989966554,797.2650000000003,1605.3570000000004,52361.1
0000028f--bc6e81a93a--32,A_HYSTERESIS,600,53,26,32,26,33,6,26,1,420,173,658,34,18,138.50597437177538,883.739999999999,1413.8320000000012,38948.9
0000028f--bc6e81a93a--35,A_HYSTERESIS,600,28,7,9,8,9,1,7,1,223,76,574,9,16,133.87501252714236,754.1599999999995,1444.612000000002,55972.5
0000028f--bc6e81a93a--36,A_HYSTERESIS,599,57,27,38,33,41,7,30,0,562,162,797,40,22,165.58935246996012,1046.205,1595.6240000000005,104560.4
0000028f--bc6e81a93a--37,A_HYSTERESIS,600,50,21,38,24,40,27,21,4,520,216,714,38,26,183.12341561040756,1148.1,1863.9900000000005,114650.6
0000028f--bc6e81a93a--38,A_HYSTERESIS,600,44,16,25,17,25,9,17,1,577,194,767,27,18,165.03014950166087,1038.0350000000008,1650.9780000000014,98072.3
00000292--6d6fbf4d88--17,A_HYSTERESIS,600,8,5,17,9,22,13,7,2,417,40,564,9,14,113.51286666666681,643.405,1003.9560000000012,66074.3
00000294--307ed6c5e3--0,A_HYSTERESIS,615,51,23,25,23,27,3,26,0,574,101,677,35,32,181.6803129074312,1107.525,1922.3799999999997,108795.5
00000294--307ed6c5e3--1,A_HYSTERESIS,600,41,30,65,58,79,49,37,6,577,38,369,45,58,167.91079052701784,1124.125,1835.3000000000022,73450.4
00000294--307ed6c5e3--10,A_HYSTERESIS,599,24,11,12,11,13,4,11,0,310,113,682,13,24,173.54771590530208,1049.475,1758.003,115157.4
00000294--307ed6c5e3--11,A_HYSTERESIS,599,5,4,5,3,5,2,4,0,144,78,652,6,20,171.19973337777046,960.0,2116.4,72111.5
00000294--307ed6c5e3--12,A_HYSTERESIS,599,9,7,9,8,9,1,7,1,458,26,522,9,18,146.6054018006,793.5499999999989,1265.5899999999992,129704.5
00000294--307ed6c5e3--13,A_HYSTERESIS,599,14,6,7,7,7,0,6,0,312,93,725,7,16,183.03226666666689,1081.4750000000006,2053.014,130511.8
00000294--307ed6c5e3--14,A_HYSTERESIS,600,7,5,5,5,5,2,5,0,355,23,610,6,8,156.49898333333283,938.825,1517.5690000000016,92665.8
00000294--307ed6c5e3--15,A_HYSTERESIS,600,15,3,4,4,4,0,3,0,426,73,835,4,16,162.13361120373463,979.4249999999995,1540.248999999998,129417.0
00000294--307ed6c5e3--16,A_HYSTERESIS,599,20,9,10,9,10,5,10,0,177,94,780,17,24,174.906069701517,1008.6199999999997,2018.9639999999997,96985.8
00000294--307ed6c5e3--17,A_HYSTERESIS,600,23,12,17,12,18,8,14,1,590,211,784,29,52,239.5198966838858,1618.6,2973.7,155744.6
00000294--307ed6c5e3--18,A_HYSTERESIS,600,29,9,18,11,21,10,12,3,589,231,859,16,58,221.92297297297364,1558.7899999999993,3006.549,77120.4
00000294--307ed6c5e3--19,A_HYSTERESIS,600,41,16,29,15,33,24,20,2,385,303,897,29,62,221.12985671442854,1516.4099999999992,2638.6049999999914,97943.3
00000294--307ed6c5e3--2,A_HYSTERESIS,600,26,17,93,45,134,101,31,10,590,32,444,41,34,169.44044325945717,1059.1,2028.0,48350.7
00000294--307ed6c5e3--20,A_HYSTERESIS,600,33,19,30,25,30,21,20,1,592,184,840,35,52,197.45360653006796,1168.3799999999999,2240.9719999999993,122407.7
00000294--307ed6c5e3--21,A_HYSTERESIS,600,26,16,19,19,19,0,17,0,572,46,558,19,18,155.84782681099065,958.7000000000003,1628.9320000000002,51215.7
00000294--307ed6c5e3--22,A_HYSTERESIS,600,4,1,1,1,1,0,1,0,1,6,150,2,18,110.56535577403791,556.0,885.9,47025.2
00000294--307ed6c5e3--23,A_HYSTERESIS,600,0,0,0,0,0,0,0,0,0,2,86,0,4,117.285785702383,595.4,793.8,109606.7
00000294--307ed6c5e3--24,A_HYSTERESIS,600,23,10,30,11,30,19,11,1,239,58,431,19,32,186.27251374312777,882.2899999999989,2342.7279999999964,117057.5
00000294--307ed6c5e3--25,A_HYSTERESIS,600,6,0,0,0,0,0,0,0,0,36,278,7,26,151.13342780927,789.2049999999997,1270.3929999999991,132291.6
00000294--307ed6c5e3--26,A_HYSTERESIS,600,17,7,9,7,9,2,8,0,399,17,159,15,20,104.98985169138516,564.8,914.5,56549.3
00000294--307ed6c5e3--27,A_HYSTERESIS,600,14,4,4,4,4,0,4,0,165,0,63,13,30,126.84510000000022,755.2200000000001,956.2140000000003,76868.4
00000294--307ed6c5e3--28,A_HYSTERESIS,600,52,23,41,32,45,25,27,5,459,80,569,43,36,173.07153807698734,1092.0,2024.2,73970.7
00000294--307ed6c5e3--3,A_HYSTERESIS,600,8,5,6,4,6,2,5,0,201,22,364,9,28,160.84507253626825,925.2799999999999,1467.56,124942.3
00000294--307ed6c5e3--4,A_HYSTERESIS,600,27,5,8,8,8,0,6,1,486,225,822,9,48,231.02558798999064,1653.8600000000015,2995.530000000002,80022.7
00000294--307ed6c5e3--5,A_HYSTERESIS,600,14,4,6,6,6,0,5,0,547,124,643,6,32,157.83304434811606,902.239999999998,1436.0869999999993,133750.0
00000294--307ed6c5e3--6,A_HYSTERESIS,600,16,11,12,10,12,2,11,0,485,88,648,13,18,129.12923333333327,699.6250000000001,1150.5080000000003,72142.2
00000294--307ed6c5e3--7,A_HYSTERESIS,600,24,7,8,8,8,1,7,0,437,82,774,8,12,127.51206666666668,757.0450000000002,1141.3840000000016,50520.6
00000294--307ed6c5e3--8,A_HYSTERESIS,599,15,4,6,5,6,1,5,0,536,119,606,6,24,128.19671557185768,628.9549999999994,1080.5179999999998,131831.6
00000294--307ed6c5e3--9,A_HYSTERESIS,599,14,6,7,6,7,1,6,0,593,64,553,7,18,140.44871666666674,751.1550000000002,1233.6220000000005,93037.4
00000299--4e4dc57170--0,A_HYSTERESIS,620,30,12,21,15,24,12,15,2,390,55,621,21,36,170.55540125948667,1073.6599999999999,1739.9119999999996,74882.9
00000299--4e4dc57170--1,A_HYSTERESIS,600,26,16,22,13,24,12,17,1,521,42,472,24,22,173.5819106368793,1004.2949999999973,2145.821,53783.5
00000299--4e4dc57170--10,A_HYSTERESIS,600,15,4,9,2,9,7,5,1,489,104,716,8,36,177.75857357107148,924.6,2182.7,101232.9
00000299--4e4dc57170--11,A_HYSTERESIS,600,26,1,1,1,1,0,1,0,129,196,648,6,50,191.97532922153704,1043.849999999997,2557.309999999981,91373.9
00000299--4e4dc57170--12,A_HYSTERESIS,600,10,5,6,6,6,0,5,0,462,75,709,6,20,156.88707097634088,973.175,1633.8939999999977,59744.5
00000299--4e4dc57170--13,A_HYSTERESIS,599,42,13,21,13,21,10,13,1,576,165,746,17,22,158.96562187395807,953.4299999999992,1727.0869999999916,55906.2
00000299--4e4dc57170--14,A_HYSTERESIS,599,44,37,37,25,52,30,39,2,441,62,588,43,48,142.40299950008333,847.8,1624.1,51254.4
00000299--4e4dc57170--15,A_HYSTERESIS,599,10,5,5,4,5,1,5,0,516,27,440,5,10,128.10478413068842,691.2699999999991,1238.075999999996,106294.3
00000299--4e4dc57170--16,A_HYSTERESIS,599,27,13,15,11,17,7,14,1,486,84,685,22,28,149.31490248374695,902.9399999999991,1436.2719999999958,108042.2
00000299--4e4dc57170--17,A_HYSTERESIS,600,18,10,23,16,32,16,12,2,277,28,516,14,38,138.38870564717624,737.419999999999,1347.9659999999926,73020.6
00000299--4e4dc57170--18,A_HYSTERESIS,599,16,7,10,5,10,8,7,1,248,117,630,12,34,151.037735534434,911.3599999999997,1512.432,77600.3
00000299--4e4dc57170--19,A_HYSTERESIS,600,21,10,10,8,10,2,10,0,532,82,603,12,16,137.94630894850903,815.1,1185.8,103206.6
00000299--4e4dc57170--2,A_HYSTERESIS,600,5,2,5,5,5,0,3,0,436,42,245,9,38,129.84507417902955,648.3899999999994,1267.2539999999963,93011.7
00000299--4e4dc57170--20,A_HYSTERESIS,600,14,7,7,5,7,2,7,0,401,105,617,10,14,150.30449999999968,901.0850000000003,1330.1200000000003,91808.3
00000299--4e4dc57170--21,A_HYSTERESIS,600,22,6,12,10,12,2,7,1,568,120,599,14,42,185.81943333333274,1237.335,2143.928000000001,83398.9
00000299--4e4dc57170--22,A_HYSTERESIS,600,6,2,2,2,2,0,2,0,31,33,382,2,26,172.97607862735282,1055.1499999999999,1677.8699999999994,124003.5
00000299--4e4dc57170--23,A_HYSTERESIS,600,9,6,12,9,12,3,6,2,534,18,362,11,22,156.18135310781466,863.9,1638.0,98682.0
00000299--4e4dc57170--24,A_HYSTERESIS,600,14,3,3,3,3,0,3,0,581,122,600,6,42,213.64600766794453,1440.3499999999958,2634.9639999999963,138532.7
00000299--4e4dc57170--25,A_HYSTERESIS,600,13,3,4,3,4,1,3,0,434,145,724,7,30,140.21381666666602,834.0250000000001,1365.501,87443.9
00000299--4e4dc57170--26,A_HYSTERESIS,600,18,8,12,10,12,2,8,0,233,116,609,12,24,181.4873833333331,1135.8250000000005,1621.3250000000005,140125.1
00000299--4e4dc57170--27,A_HYSTERESIS,600,20,9,9,8,9,1,9,0,547,237,724,14,42,252.95750958493227,1884.0399999999993,3256.7119999999973,131461.0
00000299--4e4dc57170--3,A_HYSTERESIS,600,26,12,37,35,37,25,13,1,558,58,637,16,22,169.30189968338613,1019.2,1839.2,107451.9
00000299--4e4dc57170--4,A_HYSTERESIS,600,18,6,7,7,8,0,6,1,571,68,463,9,48,150.43397232872164,807.8599999999985,1878.2499999999964,77964.1
00000299--4e4dc57170--5,A_HYSTERESIS,600,0,0,0,0,0,0,0,0,0,1,128,0,10,109.79741623603941,609.7399999999999,779.5219999999971,52770.6
00000299--4e4dc57170--6,A_HYSTERESIS,600,32,14,21,17,24,11,16,2,560,161,570,18,48,175.9384269288451,912.3,2411.4,93308.1
00000299--4e4dc57170--7,A_HYSTERESIS,600,33,20,41,31,41,16,24,2,547,219,911,36,46,257.11408802934267,1526.0649999999973,2613.218,164484.6
00000299--4e4dc57170--8,A_HYSTERESIS,600,18,10,13,10,14,3,11,1,529,68,635,16,42,160.55014159586915,1100.4599999999987,1855.1819999999996,63508.8
00000299--4e4dc57170--9,A_HYSTERESIS,599,29,15,20,15,20,13,15,1,580,102,668,21,32,166.88508333333402,839.2000000000004,2169.6220000000003,50359.7
0000029b--52f66a3abc--0,A_HYSTERESIS,616,28,16,17,15,17,2,16,0,420,63,509,24,36,162.12511385816518,777.1849999999997,1890.4499999999987,128446.1
0000029b--52f66a3abc--1,A_HYSTERESIS,599,9,5,6,4,6,2,5,0,437,34,506,7,18,147.76538846282122,952.1799999999988,1442.1439999999989,75099.6
0000029b--52f66a3abc--10,A_HYSTERESIS,600,4,2,2,1,2,1,2,0,349,38,539,3,10,122.89828361939645,716.3,1027.8,46349.2
0000029b--52f66a3abc--11,A_HYSTERESIS,600,4,0,0,0,0,0,0,0,0,93,522,0,18,138.6031671945322,744.5399999999993,1343.1999999999975,101291.7
0000029b--52f66a3abc--12,A_HYSTERESIS,600,5,1,1,1,1,0,1,0,446,33,282,2,38,153.1997666277712,620.6199999999999,1719.9779999999982,130761.2
0000029b--52f66a3abc--13,A_HYSTERESIS,600,24,9,50,43,72,49,18,6,467,26,541,16,22,125.40311614730912,776.0,1168.7,57188.8
0000029b--52f66a3abc--14,A_HYSTERESIS,600,18,10,10,7,11,3,10,0,460,54,702,11,18,179.29481493831216,1091.8149999999991,2199.0339999999983,76731.8
0000029b--52f66a3abc--15,A_HYSTERESIS,600,22,15,15,13,15,2,15,0,597,60,523,16,24,158.90734999999952,1049.0950000000003,1620.4600000000014,71029.9
0000029b--52f66a3abc--16,A_HYSTERESIS,600,6,4,4,4,4,0,4,0,375,101,507,5,14,167.65749999999954,985.0150000000001,1571.181000000004,130885.8
0000029b--52f66a3abc--17,A_HYSTERESIS,600,17,6,6,6,6,0,6,0,331,77,787,8,16,161.64075679279907,976.5,1673.0139999999997,96476.0
0000029b--52f66a3abc--18,A_HYSTERESIS,600,12,3,3,3,3,0,3,0,81,39,831,3,16,141.1892517913679,909.1,1326.8,53441.4
0000029b--52f66a3abc--19,A_HYSTERESIS,600,46,29,47,26,50,27,34,1,498,163,906,63,62,208.52827609203018,1344.5499999999997,2369.801999999999,144919.0
0000029b--52f66a3abc--2,A_HYSTERESIS,599,1,0,0,0,0,0,0,0,0,2,66,0,4,94.98651217072373,488.41999999999973,638.7179999999998,49226.9
0000029b--52f66a3abc--20,A_HYSTERESIS,600,9,6,21,12,29,17,8,3,452,122,744,12,44,203.00606666666695,1368.5500000000006,2090.339000000001,100436.1
0000029b--52f66a3abc--21,A_HYSTERESIS,600,29,20,21,16,26,25,21,1,571,159,745,25,48,255.78541909681692,1485.3,3186.5,131251.5
0000029b--52f66a3abc--22,A_HYSTERESIS,599,54,22,38,25,40,18,22,4,576,320,913,49,50,257.8104920767307,1907.2600000000002,3325.418,96369.7
0000029b--52f66a3abc--23,A_HYSTERESIS,600,17,6,7,5,7,2,6,0,495,18,410,8,28,188.6395666666667,1130.21,1831.2110000000023,120578.1
0000029b--52f66a3abc--24,A_HYSTERESIS,599,38,25,26,22,27,4,25,1,454,131,761,30,38,163.3207465422434,871.2,1988.4,108768.1
0000029b--52f66a3abc--25,A_HYSTERESIS,599,24,14,19,16,19,3,14,0,579,25,592,19,38,198.6408636212066,1484.239999999998,2134.919999999999,49088.9
0000029b--52f66a3abc--26,A_HYSTERESIS,599,42,21,47,36,47,28,23,5,554,165,737,46,56,190.00235039173134,1275.5399999999988,2342.583999999998,80268.3
0000029b--52f66a3abc--27,A_HYSTERESIS,599,32,13,21,13,21,8,15,1,518,104,622,18,34,198.29655000000028,1497.395000000001,2287.0150000000003,53492.8
0000029b--52f66a3abc--28,A_HYSTERESIS,600,19,9,15,12,15,5,9,2,338,120,632,14,44,211.00908333333388,1387.9050000000002,2573.044000000001,108414.1
0000029b--52f66a3abc--29,A_HYSTERESIS,599,28,23,25,23,27,5,23,1,475,36,360,27,34,139.20675225075027,733.2149999999999,1264.9,105703.6
0000029b--52f66a3abc--3,A_HYSTERESIS,600,0,0,0,0,0,0,0,0,0,1,72,0,2,81.63275000000017,385.905,651.0790000000018,2736.4
0000029b--52f66a3abc--30,A_HYSTERESIS,600,16,12,17,15,17,2,13,0,541,25,320,22,26,140.02291666666733,697.2550000000003,1271.6570000000013,119865.0
0000029b--52f66a3abc--4,A_HYSTERESIS,600,48,18,24,17,26,11,20,1,517,185,746,35,50,225.59099699899974,1532.6199999999997,2754.470999999993,68402.1
0000029b--52f66a3abc--5,A_HYSTERESIS,600,13,1,1,1,1,0,1,0,1,181,774,1,40,222.36841314867368,1372.619999999999,3068.7439999999983,105735.3
0000029b--52f66a3abc--6,A_HYSTERESIS,600,11,1,2,0,2,2,1,0,2,114,548,2,26,151.86074345724234,904.3599999999985,1360.5039999999951,69251.8
0000029b--52f66a3abc--7,A_HYSTERESIS,600,6,2,2,2,2,0,2,0,204,61,536,2,14,147.2348542880935,849.0800000000005,1231.7240000000002,90147.7
0000029b--52f66a3abc--8,A_HYSTERESIS,600,18,4,9,9,9,0,5,1,488,153,803,10,24,173.12916874895862,1020.1399999999998,1628.1919999999998,135776.1
0000029b--52f66a3abc--9,A_HYSTERESIS,600,12,7,6,4,7,3,7,0,94,91,610,7,16,165.1420526491167,952.2899999999995,1321.3879999999997,141149.2
000002a2--b53d86b8b1--10,A_HYSTERESIS,599,17,11,13,10,13,3,11,0,546,51,265,14,34,127.44021340446838,538.8799999999997,1516.2319999999988,103870.3
000002a2--b53d86b8b1--11,A_HYSTERESIS,600,14,8,28,26,31,27,13,3,58,44,232,17,56,139.7441798501251,623.0000000000011,1880.3320000000008,52440.1
000002a2--b53d86b8b1--12,A_HYSTERESIS,600,88,35,76,54,112,93,53,10,574,220,637,82,68,207.20241827885343,1343.0249999999999,2878.83,103752.1
000002a2--b53d86b8b1--13,A_HYSTERESIS,600,32,16,32,22,36,19,22,2,328,36,314,27,86,155.09134358288733,803.5649999999996,1660.7230000000002,124913.8
000002a2--b53d86b8b1--14,A_HYSTERESIS,600,20,10,12,10,12,2,10,0,579,21,360,20,26,183.1813226985705,1194.7549999999994,1916.7819999999995,100979.4
000002a2--b53d86b8b1--15,A_HYSTERESIS,600,44,27,250,52,281,226,28,7,563,24,528,57,36,245.35888240200117,1647.8900000000012,2258.838000000003,127432.0
000002a2--b53d86b8b1--17,A_HYSTERESIS,600,3,1,32,3,32,31,3,1,396,16,298,1,20,146.79891702765724,712.1199999999998,1286.552999999997,136105.0
000002a2--b53d86b8b1--18,A_HYSTERESIS,599,10,5,5,5,5,0,5,0,198,2,153,5,8,113.42424595900664,634.5,862.5,58005.6
000002a2--b53d86b8b1--19,A_HYSTERESIS,600,13,10,14,14,14,1,11,1,508,5,340,17,16,134.99050632911351,808.8949999999996,1145.7040000000006,53282.7
000002a2--b53d86b8b1--20,A_HYSTERESIS,599,4,2,3,3,3,0,2,0,379,4,171,4,14,111.79204734911636,612.3599999999999,853.9689999999994,52468.1
000002a2--b53d86b8b1--21,A_HYSTERESIS,599,5,1,9,1,9,8,3,1,562,8,214,3,16,116.85856666666636,619.415,888.3080000000001,95985.0
000002a2--b53d86b8b1--22,A_HYSTERESIS,599,13,7,14,6,14,8,8,1,394,9,222,9,14,132.38738543576073,611.0,1109.0,107217.3
000002a2--b53d86b8b1--23,A_HYSTERESIS,599,4,2,4,4,4,0,2,1,404,2,86,4,14,87.94820000000014,448.505,679.952000000001,42960.7
000002a2--b53d86b8b1--24,A_HYSTERESIS,600,3,2,3,3,3,0,2,0,221,9,277,4,10,142.58023662722934,779.7,1294.0,121532.3
000002a2--b53d86b8b1--25,A_HYSTERESIS,599,2,1,2,2,2,0,1,0,16,8,313,2,10,128.4076846141021,747.0499999999997,1025.2019999999952,80202.3
000002a2--b53d86b8b1--27,A_HYSTERESIS,600,48,28,86,68,119,76,34,11,460,75,594,51,46,173.8846666666662,1133.2500000000023,1913.4800000000018,71639.1
000002a2--b53d86b8b1--28,A_HYSTERESIS,600,13,6,10,10,10,0,6,1,580,5,288,12,30,140.09411568594737,782.5399999999997,1144.683999999998,78241.7
000002a2--b53d86b8b1--9,A_HYSTERESIS,600,36,21,24,21,27,10,23,1,426,154,807,37,54,182.95659496414902,1245.7599999999998,2072.9879999999994,52409.1
00000243--a4d9c0a5dd--0,B_CONFIRMATION,621,41,19,40,21,43,37,22,2,517,62,506,27,40,178.85334731408278,1168.6599999999996,1896.8199999999972,47880.4
00000245--2c15eb5d45--12,B_CONFIRMATION,600,8,3,3,3,3,0,3,0,75,39,426,3,10,127.7835221592803,688.0549999999998,1111.9429999999988,55022.8
00000245--2c15eb5d45--19,B_CONFIRMATION,600,34,22,24,21,25,10,22,1,452,131,861,36,36,201.2235960673222,1366.2,2159.3,95977.9
00000245--2c15eb5d45--21,B_CONFIRMATION,600,46,31,29,15,38,25,34,1,567,167,811,33,50,232.92844051982564,1637.8399999999988,3152.744999999992,58834.1
00000245--2c15eb5d45--32,B_CONFIRMATION,600,14,6,6,4,6,2,6,0,408,27,340,9,30,128.7262202232217,762.5899999999992,1246.7599999999948,43205.3
00000245--2c15eb5d45--7,B_CONFIRMATION,600,26,2,2,2,2,0,2,0,543,172,758,3,30,159.13515585930946,1015.3099999999998,1636.1839999999956,56794.5
00000247--b657952782--0,B_CONFIRMATION,619,109,55,88,70,106,59,64,6,589,110,912,83,50,204.0814216478191,1386.3499999999992,2156.0879999999997,56483.0
00000247--b657952782--1,B_CONFIRMATION,600,98,48,77,57,85,54,56,6,568,139,870,73,48,210.63375562593708,1515.52,2248.647999999994,63993.1
00000247--b657952782--10,B_CONFIRMATION,600,8,5,5,5,5,0,5,0,551,6,220,6,18,120.73167722574179,641.4599999999998,894.6649999999986,64853.9
00000247--b657952782--11,B_CONFIRMATION,600,17,11,11,11,11,0,11,0,496,10,188,15,38,129.80718093968673,730.5749999999999,934.997,84676.3
00000247--b657952782--12,B_CONFIRMATION,600,21,11,14,13,15,3,14,0,558,41,385,23,42,151.96960653551153,882.2749999999999,1329.2749999999994,67215.9
00000247--b657952782--13,B_CONFIRMATION,600,8,4,10,2,10,8,4,1,88,76,654,4,30,169.90771923974694,1085.1349999999998,1812.1149999999998,82859.5
00000247--b657952782--14,B_CONFIRMATION,600,29,16,18,15,18,3,18,0,523,38,566,23,20,165.25162418790623,1131.9,1789.6279999999983,82234.5
00000247--b657952782--15,B_CONFIRMATION,600,17,3,20,11,24,23,4,3,370,49,659,4,28,161.72021010505262,1008.2199999999996,1630.8719999999998,83186.7
00000247--b657952782--16,B_CONFIRMATION,600,3,2,2,2,2,0,2,0,353,36,540,2,16,155.8846166666662,922.7350000000008,1490.4570000000012,82706.7
00000247--b657952782--17,B_CONFIRMATION,600,11,4,4,3,4,1,4,0,452,117,600,6,40,164.84755000000027,1108.3200000000006,1910.3490000000008,76654.7
00000247--b657952782--18,B_CONFIRMATION,600,17,10,10,10,10,0,10,0,524,61,752,13,12,156.51028504750738,975.51,1368.5099999999998,93797.4
00000247--b657952782--19,B_CONFIRMATION,600,25,11,11,11,11,2,11,0,479,62,811,11,14,157.06777796299403,999.6599999999996,1427.441999999999,81622.1
00000247--b657952782--2,B_CONFIRMATION,599,64,25,29,20,31,9,25,1,562,80,752,34,26,159.61744496330886,1035.0500000000002,1615.1550000000018,99079.5
00000247--b657952782--20,B_CONFIRMATION,600,18,13,14,11,14,3,14,0,403,99,619,20,22,157.44800000000058,909.8149999999999,1304.2280000000007,104473.0
00000247--b657952782--21,B_CONFIRMATION,600,15,6,9,4,9,5,6,1,384,62,515,7,14,154.76079640119968,812.995,1693.5809999999994,96308.8
00000247--b657952782--22,B_CONFIRMATION,600,45,27,32,23,37,22,29,3,537,75,668,34,32,155.9164388129369,956.8949999999988,1482.692999999999,103192.2
00000247--b657952782--23,B_CONFIRMATION,600,18,7,7,7,7,0,7,0,202,37,464,9,32,138.90408265289125,626.6,1360.2,96335.3
00000247--b657952782--24,B_CONFIRMATION,600,28,5,9,4,9,6,5,1,541,251,732,9,48,222.9577999999995,1421.6250000000027,2794.5340000000006,114778.9
00000247--b657952782--25,B_CONFIRMATION,600,34,4,4,3,4,1,4,0,125,293,753,7,42,216.35332555425964,1380.5899999999986,2806.823999999983,108228.4
00000247--b657952782--26,B_CONFIRMATION,600,21,3,3,3,3,0,3,0,78,196,833,3,44,214.1335722620437,1357.0799999999995,2312.319999999997,121025.7
00000247--b657952782--27,B_CONFIRMATION,600,42,5,5,4,5,1,5,0,263,248,753,8,48,214.6383102816183,1334.5,2900.6,120553.5
00000247--b657952782--28,B_CONFIRMATION,600,18,4,4,1,4,3,4,0,356,180,738,9,22,170.05258419473128,1064.1349999999998,1583.1099999999983,101273.5
00000247--b657952782--29,B_CONFIRMATION,600,9,4,4,4,4,0,4,0,519,136,685,6,24,160.23032827862005,977.9,1652.7,118911.8
00000247--b657952782--3,B_CONFIRMATION,600,19,9,9,9,9,2,9,0,558,33,293,14,22,138.014959187073,559.3599999999999,1725.4479999999944,121330.2
00000247--b657952782--30,B_CONFIRMATION,599,8,4,4,2,4,2,4,0,19,57,497,6,24,149.32267422474106,761.3749999999998,1397.7060000000001,123781.9
00000247--b657952782--31,B_CONFIRMATION,600,20,7,7,6,7,3,7,0,350,139,513,9,54,187.1404031989335,1136.9649999999986,2353.3689999999947,107301.0
00000247--b657952782--32,B_CONFIRMATION,599,7,2,2,0,2,2,2,0,78,83,655,2,32,234.5960999999997,1629.4400000000003,2615.7920000000017,145083.1
00000247--b657952782--33,B_CONFIRMATION,599,18,12,12,11,12,1,12,0,124,34,393,15,30,160.45407432094703,860.4,1483.4,135985.9
00000247--b657952782--34,B_CONFIRMATION,599,2,1,1,0,1,1,1,0,1,5,198,3,26,137.40013333333295,713.5200000000001,1117.9310000000007,132888.7
00000247--b657952782--35,B_CONFIRMATION,599,23,12,18,15,19,8,13,1,531,40,413,15,26,144.4833027828697,800.7,1363.2,122777.7
00000247--b657952782--36,B_CONFIRMATION,599,14,5,7,5,7,2,6,0,515,43,415,5,18,170.51983002832864,984.3,1607.9,144628.8
00000247--b657952782--37,B_CONFIRMATION,599,7,3,3,3,3,0,3,0,61,21,236,4,22,123.77666666666627,506.9050000000004,1068.7800000000018,127995.9
00000247--b657952782--38,B_CONFIRMATION,599,48,28,34,22,40,22,31,1,538,75,866,35,42,196.19530078320244,1227.9,2030.1,134223.5
00000247--b657952782--39,B_CONFIRMATION,585,67,15,27,17,35,21,23,3,544,37,457,42,46,171.9998810130889,1045.3799999999999,1766.024000000002,136100.6
00000247--b657952782--4,B_CONFIRMATION,599,11,3,3,3,3,0,3,0,96,15,246,7,18,137.6906666666669,816.9500000000002,1084.302,52922.0
00000247--b657952782--5,B_CONFIRMATION,599,33,14,37,12,38,25,17,1,590,63,540,31,40,170.12253333333322,1075.9250000000004,1868.9360000000008,56337.2
00000247--b657952782--6,B_CONFIRMATION,600,47,30,41,31,50,37,31,2,567,82,623,39,44,155.0360606565573,1002.9,1763.9,56660.3
00000247--b657952782--7,B_CONFIRMATION,600,30,18,25,15,27,15,25,0,565,45,337,23,14,136.3154525754289,679.1699999999996,1533.8519999999987,55582.0
00000247--b657952782--8,B_CONFIRMATION,599,16,10,19,17,19,11,10,1,285,20,212,22,32,147.50235117558802,962.8199999999999,1315.9159999999997,56735.1
00000247--b657952782--9,B_CONFIRMATION,600,16,15,22,18,22,12,17,2,577,13,145,29,30,126.58467177607497,745.7899999999998,1082.695,52054.6
00000250--8354d55131--0,B_CONFIRMATION,621,88,40,46,33,48,21,42,1,287,61,447,58,46,148.62006203068884,607.525,2224.0499999999997,48198.9
00000250--8354d55131--1,B_CONFIRMATION,599,91,34,50,34,58,31,40,4,594,95,923,58,40,179.10335138794798,1205.5799999999995,1994.071000000004,60558.6
00000250--8354d55131--2,B_CONFIRMATION,377,1,1,1,1,1,0,1,0,1,1,73,2,8,83.99570034291732,423.15,619.9799999999999,2676.4
00000252--d191bee66c--0,B_CONFIRMATION,617,70,29,35,25,43,20,35,3,262,52,367,43,46,123.98902198884161,562.9599999999991,1600.1079999999986,80250.1
00000252--d191bee66c--1,B_CONFIRMATION,600,47,17,40,29,46,32,26,7,563,40,436,28,38,133.78728487886318,634.8400000000003,1427.6079999999995,84643.1
00000252--d191bee66c--2,B_CONFIRMATION,333,1,0,0,0,0,0,0,0,0,3,86,1,10,84.40509687034273,441.4499999999996,614.8140000000003,1804.2
00000254--0ac259250e--0,B_CONFIRMATION,620,71,32,48,28,52,28,39,2,342,54,489,54,44,143.2261916381972,604.6799999999996,1820.9799999999998,66671.3
00000254--0ac259250e--1,B_CONFIRMATION,600,97,64,109,90,123,68,72,6,594,89,826,85,40,195.96476430976497,1338.6149999999998,2009.944999999992,78877.5
00000254--0ac259250e--10,B_CONFIRMATION,599,10,5,21,3,23,20,5,1,144,27,400,6,26,140.55988965056022,820.3,1336.8999999999994,79058.5
00000254--0ac259250e--11,B_CONFIRMATION,599,40,24,57,47,64,53,27,2,575,82,916,32,44,205.81152945113845,1285.8249999999998,2109.6749999999997,116246.8
00000254--0ac259250e--12,B_CONFIRMATION,600,51,27,58,33,61,38,33,3,585,105,757,31,54,208.0197688054957,1411.6799999999996,2185.467999999999,104007.4
00000254--0ac259250e--13,B_CONFIRMATION,600,8,6,44,44,44,39,8,1,567,1,122,8,18,127.730094984169,699.7,915.1,83193.6
00000254--0ac259250e--14,B_CONFIRMATION,600,15,10,10,9,10,3,10,0,203,37,410,15,26,146.6727287881316,808.0099999999973,1647.2299999999993,83719.5
00000254--0ac259250e--15,B_CONFIRMATION,600,6,4,4,4,4,0,4,0,489,26,275,5,32,161.1889481580262,949.7199999999993,1687.3019999999976,95680.4
00000254--0ac259250e--16,B_CONFIRMATION,600,10,4,4,4,4,0,4,0,177,5,224,4,22,137.3725758080641,850.895,1095.6799999999996,83262.1
00000254--0ac259250e--17,B_CONFIRMATION,600,30,25,19,12,28,14,28,0,397,67,515,31,44,201.6287594936709,1289.9400000000005,2166.9120000000003,108027.1
00000254--0ac259250e--18,B_CONFIRMATION,600,30,14,14,13,14,1,14,0,431,27,595,15,22,188.79472894078415,1352.4,1740.3480000000004,87699.3
00000254--0ac259250e--19,B_CONFIRMATION,600,33,16,16,11,16,5,16,0,484,164,654,21,64,191.9959840055635,1110.7549999999992,2382.047999999999,107892.6
00000254--0ac259250e--2,B_CONFIRMATION,599,120,68,123,75,141,91,78,8,566,111,821,88,56,184.55498489425955,1247.3899999999999,1908.9770000000012,90854.6
00000254--0ac259250e--20,B_CONFIRMATION,600,47,22,48,20,51,34,22,2,461,102,843,25,34,211.62876987447726,1429.0,2165.3800000000006,114116.4
00000254--0ac259250e--21,B_CONFIRMATION,599,112,39,50,43,56,20,44,4,591,39,896,43,24,265.1298875650278,1759.42,2245.914,163282.3
00000254--0ac259250e--22,B_CONFIRMATION,600,32,16,16,12,16,4,16,0,544,68,689,23,36,197.30488911290345,1208.4899999999984,1983.2359999999985,133477.1
00000254--0ac259250e--23,B_CONFIRMATION,600,55,34,68,48,90,42,36,2,569,97,578,41,38,187.2662370696959,981.6399999999992,2392.0319999999983,119750.4
00000254--0ac259250e--24,B_CONFIRMATION,600,50,33,44,32,47,15,34,1,593,85,686,42,32,211.24407894736822,1404.4299999999994,2350.37399999999,132057.4
00000254--0ac259250e--25,B_CONFIRMATION,600,52,39,387,32,598,578,43,7,583,47,459,47,40,220.54463898616015,1624.9599999999994,2174.6639999999993,130444.6
00000254--0ac259250e--26,B_CONFIRMATION,600,58,31,39,29,41,18,36,1,426,98,636,47,46,151.641041910169,933.2999999999989,1600.0959999999993,102628.8
00000254--0ac259250e--27,B_CONFIRMATION,600,74,29,31,25,32,9,30,1,512,24,800,43,24,199.26077154308643,1301.7649999999978,1769.8080000000002,130784.7
00000254--0ac259250e--28,B_CONFIRMATION,600,74,38,42,39,44,7,39,2,516,40,686,48,26,209.58993154115873,1376.5999999999995,1888.036,140145.6
00000254--0ac259250e--29,B_CONFIRMATION,600,51,25,31,19,32,15,28,0,484,150,637,29,52,230.83013818436328,1349.6999999999985,3081.3160000000016,134595.6
00000254--0ac259250e--3,B_CONFIRMATION,599,73,40,65,44,83,49,48,5,575,52,682,58,44,183.46579608237082,1132.9199999999985,1817.4879999999996,139898.3
00000254--0ac259250e--30,B_CONFIRMATION,599,30,16,42,37,76,72,23,7,522,116,602,27,66,198.47858592692873,1263.1849999999997,2107.3560000000034,125285.9
00000254--0ac259250e--31,B_CONFIRMATION,600,2,1,1,1,1,0,1,0,539,1,161,1,8,145.07792034660866,771.3,942.4,139232.9
00000254--0ac259250e--32,B_CONFIRMATION,600,1,1,1,1,1,0,1,0,1,2,170,1,14,126.32796200633243,595.8,877.3,144100.8
00000254--0ac259250e--33,B_CONFIRMATION,600,26,11,12,11,12,1,12,0,307,61,526,14,22,175.057278957045,973.0699999999981,1797.6820000000014,138171.2
00000254--0ac259250e--34,B_CONFIRMATION,600,46,26,54,34,93,65,37,8,553,85,598,42,34,140.6436205744822,903.7899999999997,1322.9800000000007,48831.2
00000254--0ac259250e--35,B_CONFIRMATION,600,47,22,129,106,209,114,38,11,514,36,444,49,40,175.8619732441469,1209.7,1785.8650000000002,62723.1
00000254--0ac259250e--36,B_CONFIRMATION,600,16,10,12,7,12,6,10,1,175,11,204,12,20,109.27323779370084,615.9,976.3,46090.2
00000254--0ac259250e--37,B_CONFIRMATION,600,90,46,122,101,162,119,61,8,596,89,808,88,46,208.214966329967,1505.525,2093.952999999994,63255.4
00000254--0ac259250e--38,B_CONFIRMATION,600,128,61,110,89,202,131,78,6,588,94,733,110,58,224.54003410059636,1620.4800000000002,2486.683999999992,58451.2
00000254--0ac259250e--39,B_CONFIRMATION,600,43,20,21,19,21,2,21,0,442,31,359,46,30,147.90998499749935,984.149999999998,1378.0359999999991,59081.4
00000254--0ac259250e--4,B_CONFIRMATION,600,27,17,17,14,17,3,17,0,454,29,391,24,24,150.4745920745915,898.3749999999999,1579.9449999999986,54841.1
00000254--0ac259250e--40,B_CONFIRMATION,600,105,45,62,47,70,36,58,3,579,82,735,81,60,181.3784472573841,1250.4600000000003,2012.0880000000013,78396.7
00000254--0ac259250e--41,B_CONFIRMATION,600,55,23,22,20,23,2,23,0,358,56,662,35,42,143.98753133879273,889.8299999999997,1562.6320000000037,56528.5
00000254--0ac259250e--42,B_CONFIRMATION,152,34,10,20,15,23,12,17,3,139,26,116,25,44,137.98535947712443,871.1299999999999,1666.3380000000006,2919.0
00000254--0ac259250e--5,B_CONFIRMATION,599,42,19,19,15,19,4,19,0,557,78,673,23,24,150.99676771060138,948.35,1563.3600000000006,81823.4
00000254--0ac259250e--6,B_CONFIRMATION,599,24,13,14,8,16,7,14,1,569,37,282,16,42,144.58721283783728,608.905,2065.9540000000175,82917.5
00000254--0ac259250e--7,B_CONFIRMATION,599,0,0,0,0,0,0,0,0,0,0,72,0,2,109.78465131798498,530.5049999999999,675.3559999999997,76710.1
00000254--0ac259250e--8,B_CONFIRMATION,600,38,18,21,12,22,11,19,1,504,89,604,28,30,178.15051839464854,1063.5700000000006,1896.9280000000003,83564.1
00000254--0ac259250e--9,B_CONFIRMATION,600,29,21,20,16,23,5,23,0,590,22,168,27,32,129.89396724598927,582.2649999999994,1352.153,79724.6
00000255--d1d0ee73c5--21,B_CONFIRMATION,599,6,3,3,2,3,1,3,0,6,5,197,4,10,115.32526666666678,577.9300000000001,930.9820000000017,69591.9
00000255--d1d0ee73c5--22,B_CONFIRMATION,599,5,3,3,3,3,1,3,0,210,28,302,4,20,144.55928344215636,617.3199999999997,1812.387999999997,74390.1
00000255--d1d0ee73c5--23,B_CONFIRMATION,599,10,5,5,3,5,2,5,0,330,38,275,6,32,134.05747452814458,678.7099999999999,1381.2840000000003,84170.6
00000255--d1d0ee73c5--24,B_CONFIRMATION,600,16,7,7,6,7,1,7,0,523,46,402,10,28,132.48950451958518,729.3749999999998,1367.6059999999964,90940.8
00000255--d1d0ee73c5--25,B_CONFIRMATION,599,16,10,10,9,10,1,10,0,503,20,182,13,20,118.92276287285476,520.6,1209.7,96099.9
00000255--d1d0ee73c5--26,B_CONFIRMATION,599,0,0,0,0,0,0,0,0,0,0,23,7,4,91.58630000000011,507.8,627.7230000000005,2038.7
00000255--d1d0ee73c5--27,B_CONFIRMATION,600,17,10,19,13,19,9,14,1,356,54,388,16,34,139.4751172922246,742.7899999999997,1595.6089999999995,88120.0
00000255--d1d0ee73c5--28,B_CONFIRMATION,599,19,7,11,5,11,6,7,2,554,80,577,9,22,158.82021365381428,898.1,1517.8400000000013,101041.5
00000255--d1d0ee73c5--29,B_CONFIRMATION,600,7,4,4,4,4,0,4,0,213,43,530,4,14,136.827433333333,839.1400000000002,1290.4380000000008,80584.7
00000255--d1d0ee73c5--30,B_CONFIRMATION,600,29,8,9,8,9,1,9,0,485,167,850,11,40,185.1050357264371,1179.3099999999995,2155.3649999999975,122110.5
00000255--d1d0ee73c5--31,B_CONFIRMATION,600,15,5,5,4,5,1,5,0,102,37,423,6,26,125.03160180390842,607.3499999999997,1432.0680000000007,97271.4
00000255--d1d0ee73c5--32,B_CONFIRMATION,600,9,6,6,6,6,0,6,0,86,21,334,7,10,146.2837666666668,725.8050000000007,1347.8820000000017,114060.0
00000255--d1d0ee73c5--33,B_CONFIRMATION,600,22,16,35,22,40,21,21,2,595,79,460,19,30,152.61238493723835,923.7500000000002,1565.030000000001,111463.4
00000255--d1d0ee73c5--34,B_CONFIRMATION,600,35,18,30,13,30,17,18,1,336,29,595,37,32,199.96961814240473,1319.8799999999992,1860.248,134656.2
00000255--d1d0ee73c5--35,B_CONFIRMATION,600,56,35,50,30,51,30,35,3,588,96,586,48,52,184.40459963068645,1092.6399999999996,1917.0759999999998,117105.4
00000255--d1d0ee73c5--36,B_CONFIRMATION,600,11,5,33,3,33,30,6,2,576,4,218,16,20,161.28970171638,1064.2,1302.7,102383.5
00000255--d1d0ee73c5--37,B_CONFIRMATION,600,34,22,41,21,43,22,24,1,457,37,478,27,30,170.30834167500848,1032.4149999999995,1698.6409999999983,117975.1
00000255--d1d0ee73c5--38,B_CONFIRMATION,600,52,29,36,22,38,16,29,2,530,69,717,35,36,177.73268137746598,1121.3999999999996,1718.954999999998,117628.7
00000255--d1d0ee73c5--39,B_CONFIRMATION,600,104,53,117,55,146,101,61,9,569,127,856,66,44,197.64963992630967,1314.25,1894.190000000001,118759.2
00000255--d1d0ee73c5--40,B_CONFIRMATION,420,30,11,12,11,12,3,12,0,416,27,320,18,34,148.16858027632247,678.9649999999996,1236.7849999999848,121801.7
00000257--d1cacb63a0--0,B_CONFIRMATION,619,82,38,57,40,65,33,44,4,489,80,578,60,52,137.11391093117365,705.1399999999987,1692.1200000000003,47832.8
00000257--d1cacb63a0--1,B_CONFIRMATION,600,59,38,122,60,128,102,42,3,576,43,552,53,36,188.57216202700448,1143.1999999999994,1835.3579999999915,130049.5
00000257--d1cacb63a0--10,B_CONFIRMATION,599,2,1,1,1,1,0,1,0,1,12,190,1,20,122.69870000000003,567.2250000000001,896.0540000000012,121176.3
00000257--d1cacb63a0--11,B_CONFIRMATION,600,11,8,31,15,38,23,13,4,166,40,235,13,34,153.2552500000001,600.2350000000006,2184.2000000000044,141798.9
00000257--d1cacb63a0--12,B_CONFIRMATION,599,32,12,12,9,13,4,13,0,525,105,638,16,38,210.5777184789863,1237.25,2452.605,131991.1
00000257--d1cacb63a0--13,B_CONFIRMATION,600,29,16,16,11,16,6,16,0,479,58,534,19,22,142.2879939969986,919.5199999999993,1478.052,57918.1
00000257--d1cacb63a0--14,B_CONFIRMATION,599,63,28,51,46,89,52,32,3,494,319,872,54,60,249.8070035017508,1651.8599999999992,2908.468,147545.3
00000257--d1cacb63a0--15,B_CONFIRMATION,600,43,28,30,27,30,5,29,0,572,60,480,44,28,129.43093968677118,859.2649999999998,1302.8929999999955,52056.9
00000257--d1cacb63a0--16,B_CONFIRMATION,600,47,30,74,53,83,67,41,6,589,78,472,60,54,250.8373499999996,2090.005,2729.962000000002,80434.7
00000257--d1cacb63a0--17,B_CONFIRMATION,600,27,16,18,17,18,1,18,0,542,29,485,25,28,167.94169305115787,1227.7,1845.7,54457.1
00000257--d1cacb63a0--18,B_CONFIRMATION,600,19,6,6,6,6,1,6,0,567,41,660,6,28,200.37014502417034,1423.6999999999994,1998.3899999999978,63426.3
00000257--d1cacb63a0--19,B_CONFIRMATION,600,15,8,11,8,11,6,9,1,552,28,344,19,18,147.92129043014305,852.0499999999996,1608.0679999999986,56461.3
00000257--d1cacb63a0--2,B_CONFIRMATION,600,38,18,17,15,18,3,18,0,490,71,530,30,40,168.2448741456912,1060.3499999999997,1817.8259999999993,85955.0
00000257--d1cacb63a0--20,B_CONFIRMATION,600,6,1,1,1,1,0,1,0,1,5,171,4,12,110.90223258913755,579.4,848.2609999999992,77388.0
00000257--d1cacb63a0--21,B_CONFIRMATION,600,19,11,10,10,11,1,11,0,592,54,479,14,38,153.33462243707262,859.1299999999982,1686.0159999999996,48720.6
00000257--d1cacb63a0--22,B_CONFIRMATION,600,55,18,19,15,20,4,20,0,497,274,746,29,56,237.38885526979345,1418.4199999999998,3121.6759999999995,93860.1
00000257--d1cacb63a0--23,B_CONFIRMATION,600,34,13,11,8,13,4,13,0,343,32,521,16,30,199.91106666666684,1432.0400000000002,2039.038000000001,111581.7
00000257--d1cacb63a0--24,B_CONFIRMATION,600,25,11,15,8,15,9,11,1,462,67,669,19,36,185.29531666666705,1257.825,1782.6400000000008,96788.6
00000257--d1cacb63a0--25,B_CONFIRMATION,600,44,24,63,20,66,50,29,2,588,251,833,41,52,252.2178601235183,1607.35,2726.1000000000104,118407.7
00000257--d1cacb63a0--26,B_CONFIRMATION,600,37,26,31,20,34,19,28,2,519,88,595,37,36,168.7473991330441,1019.3599999999999,2043.9569999999997,67981.5
00000257--d1cacb63a0--27,B_CONFIRMATION,600,43,24,24,23,25,3,25,0,505,51,434,32,42,169.38014007003488,1028.8999999999996,2081.0879999999997,81524.2
00000257--d1cacb63a0--28,B_CONFIRMATION,600,62,39,40,38,41,9,40,0,593,265,914,65,66,238.8463487829266,1616.239999999998,2472.4819999999977,101527.3
00000257--d1cacb63a0--29,B_CONFIRMATION,599,53,30,32,27,32,6,31,0,574,94,602,41,58,209.57252710592232,1381.93,2464.8340000000094,100131.6
00000257--d1cacb63a0--3,B_CONFIRMATION,600,14,7,6,4,7,2,7,0,259,100,453,22,36,172.89139856642745,954.3299999999987,2076.3359999999993,83277.3
00000257--d1cacb63a0--30,B_CONFIRMATION,600,89,42,78,44,84,60,48,4,542,94,823,71,46,188.39253208868115,1229.6599999999996,2100.799999999993,103499.2
00000257--d1cacb63a0--31,B_CONFIRMATION,431,12,8,15,5,15,10,8,1,362,8,106,9,26,118.43783783783759,547.2599999999996,986.3040000000001,96043.4
00000257--d1cacb63a0--4,B_CONFIRMATION,600,24,11,12,9,13,5,12,0,212,111,508,18,44,163.55179196532728,740.0499999999992,2141.1859999999956,103211.9
00000257--d1cacb63a0--5,B_CONFIRMATION,600,29,20,19,18,20,2,20,0,544,64,573,27,36,180.5628000000001,1154.5150000000008,1991.501,86454.0
00000257--d1cacb63a0--6,B_CONFIRMATION,599,42,25,22,19,25,4,25,0,486,60,492,29,46,189.95999333222244,1191.739999999999,2101.4059999999977,119502.9
00000257--d1cacb63a0--7,B_CONFIRMATION,599,58,24,55,22,76,62,30,2,508,237,746,42,60,212.92860000000005,1420.135,2617.9630000000056,108884.7
00000257--d1cacb63a0--8,B_CONFIRMATION,599,42,18,18,18,18,1,18,0,480,42,745,22,28,264.3521840613538,1810.1499999999996,2401.76099999999,137149.2
00000257--d1cacb63a0--9,B_CONFIRMATION,599,31,14,23,12,24,12,17,1,497,72,660,23,30,214.00981503082804,1450.3,2052.6,126187.2
00000259--f920fb6ddd--0,B_CONFIRMATION,622,119,53,120,83,154,113,71,10,622,75,806,78,52,212.9136136619952,1341.2399999999998,2205.3659999999923,112268.9
00000259--f920fb6ddd--1,B_CONFIRMATION,600,36,20,29,19,30,15,22,1,553,36,351,30,40,177.73669954857067,1129.6,1633.5399999999986,118051.4
00000259--f920fb6ddd--10,B_CONFIRMATION,600,24,9,9,7,9,2,9,0,281,122,791,17,42,227.49259999999873,1543.7200000000003,2368.2630000000013,135802.5
00000259--f920fb6ddd--11,B_CONFIRMATION,600,17,11,11,10,11,1,11,0,483,33,411,13,30,149.20098333333348,769.8300000000006,1617.6220000000026,113487.3
00000259--f920fb6ddd--12,B_CONFIRMATION,600,7,2,2,2,2,0,2,0,368,17,189,2,38,95.88301949675042,456.0,1047.3,3219.1
00000259--f920fb6ddd--13,B_CONFIRMATION,600,42,17,20,11,22,10,17,2,539,174,902,22,50,212.62854999999985,1441.625,2327.614,137116.7
00000259--f920fb6ddd--14,B_CONFIRMATION,600,11,9,9,8,9,1,9,0,498,92,510,10,36,196.71836054648557,1131.85,2193.2699999999973,131566.9
00000259--f920fb6ddd--15,B_CONFIRMATION,600,21,2,2,2,2,0,2,0,19,120,642,2,30,240.68958333333356,1390.1950000000002,2857.0110000000045,162843.9
00000259--f920fb6ddd--16,B_CONFIRMATION,599,8,3,9,4,10,8,4,1,137,31,438,11,18,211.2682833333329,1341.9050000000009,1961.8220000000003,130260.9
00000259--f920fb6ddd--17,B_CONFIRMATION,600,19,12,12,10,12,2,12,0,235,53,546,13,24,161.6056333333332,971.3950000000002,1877.0140000000004,57680.4
00000259--f920fb6ddd--18,B_CONFIRMATION,600,23,15,15,15,15,0,15,0,497,54,844,16,20,244.97150000000005,1471.7800000000016,2124.4230000000007,171883.6
00000259--f920fb6ddd--19,B_CONFIRMATION,599,73,24,34,21,38,18,26,3,582,442,998,29,52,300.2663777296227,2135.099999999999,3858.9039999999977,147559.3
00000259--f920fb6ddd--2,B_CONFIRMATION,600,37,27,34,24,35,14,27,1,552,15,243,40,32,177.72779807372925,1316.1849999999995,1667.8139999999999,54385.6
00000259--f920fb6ddd--20,B_CONFIRMATION,600,89,60,48,28,61,32,61,0,539,144,829,60,54,194.65245792367938,1160.4,2247.8,135498.8
00000259--f920fb6ddd--21,B_CONFIRMATION,599,15,1,1,1,1,0,1,0,156,74,567,3,26,169.26921153525544,1008.51,1954.4359999999967,67040.6
00000259--f920fb6ddd--22,B_CONFIRMATION,599,7,2,2,2,2,0,2,0,21,34,464,3,24,167.0319886647782,936.6499999999986,1656.0279999999946,147262.2
00000259--f920fb6ddd--23,B_CONFIRMATION,599,56,31,51,32,72,52,40,6,556,101,723,35,58,161.56294999999994,974.6600000000003,1882.3290000000004,52917.6
00000259--f920fb6ddd--24,B_CONFIRMATION,599,15,10,10,8,10,2,10,0,228,23,551,11,22,151.9357333333339,820.0900000000004,1732.0460000000032,66769.1
00000259--f920fb6ddd--25,B_CONFIRMATION,600,36,13,14,11,16,5,14,0,588,140,673,24,40,158.57125479086793,892.3,1942.0,81265.0
00000259--f920fb6ddd--26,B_CONFIRMATION,598,20,9,9,8,9,1,9,0,565,79,652,10,14,126.94239039840002,740.2799999999996,1049.6959999999976,50802.9
00000259--f920fb6ddd--27,B_CONFIRMATION,599,25,7,7,7,7,0,7,0,371,70,659,11,12,144.1470500000003,884.1200000000001,1270.543000000001,61445.8
00000259--f920fb6ddd--28,B_CONFIRMATION,600,11,5,7,7,7,6,5,1,506,59,730,5,16,156.0718000000004,963.44,1498.2130000000004,62377.2
00000259--f920fb6ddd--29,B_CONFIRMATION,600,8,2,2,2,2,0,2,0,492,73,631,2,16,151.80844859190123,914.1,1425.1,72173.3
00000259--f920fb6ddd--3,B_CONFIRMATION,600,37,16,33,27,39,28,23,3,582,48,702,22,28,163.79956724367506,1047.1499999999996,1814.8920000000014,55261.9
00000259--f920fb6ddd--30,B_CONFIRMATION,600,4,2,2,2,2,0,2,0,548,43,312,3,10,138.72571666666732,809.7300000000002,1285.6080000000002,59325.1
00000259--f920fb6ddd--31,B_CONFIRMATION,600,6,2,2,1,2,1,2,0,2,23,247,2,22,138.4012168694781,677.4999999999989,1266.9759999999983,103692.2
00000259--f920fb6ddd--32,B_CONFIRMATION,600,3,0,0,0,0,0,0,0,0,35,330,4,34,183.27359213595463,1170.0799999999997,1789.9469999999967,94760.9
00000259--f920fb6ddd--33,B_CONFIRMATION,600,5,1,1,1,1,0,1,0,375,27,322,2,28,135.51723620603426,772.6599999999996,1358.2179999999996,67548.4
00000259--f920fb6ddd--34,B_CONFIRMATION,600,5,4,5,2,5,3,4,0,522,44,470,4,36,152.98199699949964,975.5,1542.9339999999945,79503.0
00000259--f920fb6ddd--35,B_CONFIRMATION,600,9,2,2,1,2,1,2,0,90,71,481,4,42,169.48630228295315,1023.1,1865.8,89163.0
00000259--f920fb6ddd--36,B_CONFIRMATION,600,38,18,18,17,18,1,18,0,573,28,314,21,32,143.82242040340077,541.0599999999997,1986.809999999988,78826.4
00000259--f920fb6ddd--37,B_CONFIRMATION,600,24,8,13,10,16,14,9,2,237,26,324,17,28,130.63523920653472,612.0099999999977,1376.9139999999998,99999.7
00000259--f920fb6ddd--38,B_CONFIRMATION,600,24,12,14,14,14,0,14,0,525,29,486,16,14,124.34412206103028,731.1399999999998,1203.656,68421.7
00000259--f920fb6ddd--39,B_CONFIRMATION,600,0,0,0,0,0,0,0,0,0,0,59,0,4,90.08468078012983,447.83999999999975,562.102,2393.7
00000259--f920fb6ddd--4,B_CONFIRMATION,600,33,19,65,34,100,67,22,3,551,70,489,32,44,155.91468379776393,979.3199999999997,1510.7079999999999,100350.5
00000259--f920fb6ddd--40,B_CONFIRMATION,600,31,17,18,15,18,3,18,0,372,49,583,25,44,166.31296882813803,926.1099999999989,1835.0159999999948,123016.9
00000259--f920fb6ddd--41,B_CONFIRMATION,600,80,39,78,42,84,53,47,4,520,82,808,64,40,166.22575429238216,1020.1299999999993,1751.2279999999994,84092.7
00000259--f920fb6ddd--42,B_CONFIRMATION,66,2,2,2,2,2,0,2,0,37,2,29,4,28,105.58544395924311,784.0699999999997,1009.3979999999998,1880.4
00000259--f920fb6ddd--5,B_CONFIRMATION,600,38,16,18,15,18,7,18,0,477,58,671,22,26,145.10365060843503,818.3399999999993,1639.9339999999945,78000.0
00000259--f920fb6ddd--6,B_CONFIRMATION,600,10,5,5,5,5,1,5,0,521,25,496,7,20,174.91846666666703,1044.3600000000001,1759.2560000000014,123016.6
00000259--f920fb6ddd--7,B_CONFIRMATION,600,11,4,4,4,4,0,4,0,515,50,275,5,40,156.41296234588498,599.395,2162.388999999995,127432.7
00000259--f920fb6ddd--8,B_CONFIRMATION,600,0,0,0,0,0,0,0,0,0,0,57,0,4,111.23001666666678,536.2250000000001,686.3090000000002,91331.5
00000259--f920fb6ddd--9,B_CONFIRMATION,600,30,14,14,13,16,2,16,0,423,191,701,22,46,215.95020829861642,1412.5,2903.0,117314.4
0000025b--22177da8d7--0,B_CONFIRMATION,620,95,45,72,61,87,43,59,7,532,88,648,74,50,178.30144106217634,961.5,2108.575,125662.9
0000025b--22177da8d7--1,B_CONFIRMATION,600,0,0,0,0,0,0,0,0,0,6,151,2,28,126.13010663112283,628.2699999999998,871.8149999999981,137267.1
0000025b--22177da8d7--2,B_CONFIRMATION,600,1,1,1,1,1,1,1,0,1,2,118,1,10,98.44344781593892,589.3149999999999,835.3359999999997,2896.9
0000025b--22177da8d7--3,B_CONFIRMATION,600,19,12,20,17,20,11,14,1,547,18,303,14,26,146.50075012502114,747.5399999999997,1285.4379999999992,102396.9
0000025c--0795289e2c--1,B_CONFIRMATION,600,29,20,20,20,21,1,21,0,543,63,639,22,24,193.84857476246023,1264.2199999999998,1743.6199999999994,138625.2
0000025c--0795289e2c--2,B_CONFIRMATION,600,62,17,20,16,20,6,18,1,591,401,875,24,52,268.558633333332,1839.9950000000013,3537.2310000000007,116375.6
0000025c--0795289e2c--3,B_CONFIRMATION,600,17,0,0,0,0,0,0,0,0,196,808,1,44,219.7258129064536,1441.5,2611.12,97465.1
0000025c--0795289e2c--4,B_CONFIRMATION,600,13,4,4,2,4,2,4,0,249,88,675,6,38,142.08866477746304,861.9599999999997,1416.6819999999957,53767.1
0000025c--0795289e2c--5,B_CONFIRMATION,600,6,1,1,1,1,0,1,0,56,65,621,1,14,142.71197934022015,866.0,1276.4269999999983,63947.7
0000025c--0795289e2c--6,B_CONFIRMATION,599,9,3,5,5,7,4,5,0,126,106,697,5,20,160.2674728940781,935.5000000000002,1439.668000000003,138414.9
0000025c--0795289e2c--7,B_CONFIRMATION,600,7,2,2,1,2,1,2,0,150,92,638,2,18,143.663227204534,786.3299999999998,1264.637999999999,127081.8
0000025c--0795289e2c--8,B_CONFIRMATION,600,7,1,1,1,1,0,1,0,217,84,652,2,20,167.20313281119832,926.8,1693.2,142734.2
0000025d--70dff69b9d--0,B_CONFIRMATION,621,19,10,8,8,10,0,10,0,415,55,698,10,18,178.98203099773997,1001.889999999997,1790.8309999999988,135827.4
0000025d--70dff69b9d--1,B_CONFIRMATION,600,16,7,6,5,7,1,7,0,283,83,451,9,30,150.45301990965336,837.42,1447.9399999999991,83153.4
0000025d--70dff69b9d--10,B_CONFIRMATION,600,12,6,8,7,8,7,6,1,505,69,368,10,38,169.18736263736295,775.025,2191.315,82748.2
0000025d--70dff69b9d--11,B_CONFIRMATION,600,0,0,0,0,0,0,0,0,0,0,94,0,6,111.22826050839022,560.3099999999998,789.3279999999999,75076.0
0000025d--70dff69b9d--15,B_CONFIRMATION,600,9,9,9,8,9,1,9,0,443,21,284,12,24,144.45857524190865,851.9099999999986,1560.445999999995,54627.5
0000025d--70dff69b9d--18,B_CONFIRMATION,599,35,18,18,15,19,3,19,0,567,71,583,20,48,188.1503001000333,1240.7,2100.2449999999994,48816.9
0000025d--70dff69b9d--19,B_CONFIRMATION,599,19,8,11,7,11,4,9,1,374,33,392,9,22,127.78395802098903,764.7499999999998,1453.0379999999964,51146.9
0000025d--70dff69b9d--2,B_CONFIRMATION,600,13,5,5,5,5,0,5,0,249,52,526,7,20,123.53362111904327,693.1199999999993,1339.251999999999,49349.5
0000025d--70dff69b9d--20,B_CONFIRMATION,600,16,6,17,12,31,21,10,3,568,34,209,11,46,111.41841534612243,457.47000000000014,998.1460000000017,91398.5
0000025d--70dff69b9d--21,B_CONFIRMATION,600,0,0,0,0,0,0,0,0,0,2,59,0,2,105.81544105386037,424.65999999999997,592.908,97741.3
0000025d--70dff69b9d--22,B_CONFIRMATION,600,16,12,11,10,12,2,12,0,71,13,398,16,16,134.7223351099265,691.4,1358.8160000000007,94660.6
0000025d--70dff69b9d--23,B_CONFIRMATION,600,57,35,130,83,178,141,47,10,587,89,754,49,40,195.25013324450356,1321.9949999999994,1938.1220000000008,83717.3
0000025d--70dff69b9d--3,B_CONFIRMATION,600,18,5,5,4,5,1,5,0,431,81,917,8,24,137.2588774150562,867.3649999999983,1451.6820000000002,48627.7
0000025d--70dff69b9d--4,B_CONFIRMATION,600,21,12,21,15,21,10,12,1,156,81,793,22,34,164.43233872312098,915.5199999999999,1950.4579999999962,73170.7
0000025d--70dff69b9d--5,B_CONFIRMATION,600,48,25,66,38,165,143,34,8,545,175,881,38,50,215.045592401266,1435.9,2387.6,89428.0
0000025d--70dff69b9d--6,B_CONFIRMATION,600,23,13,12,5,13,8,13,0,359,115,739,18,32,167.53185914552756,1019.5249999999999,1881.923000000002,86851.2
0000025d--70dff69b9d--7,B_CONFIRMATION,600,51,25,28,22,28,8,26,1,497,224,829,32,40,211.72237412470835,1405.789999999999,2435.104999999994,113102.3
0000025d--70dff69b9d--8,B_CONFIRMATION,599,58,40,41,39,41,2,41,0,521,161,920,45,30,194.12447074512477,1243.2599999999975,2184.939999999999,116458.7
0000025d--70dff69b9d--9,B_CONFIRMATION,599,13,8,7,7,8,0,8,0,470,17,366,7,38,136.09625374625378,741.1500000000001,1228.1949999999952,77327.6
00000261--4ff9c41127--0,B_CONFIRMATION,616,51,16,35,27,38,27,25,3,449,68,558,28,40,188.4897006182882,1192.8000000000002,1991.6050000000018,121468.6
00000261--4ff9c41127--1,B_CONFIRMATION,599,38,19,22,17,23,11,19,2,543,50,619,25,30,199.80941666666666,1332.0800000000008,1952.4260000000006,107995.1
00000261--4ff9c41127--10,B_CONFIRMATION,600,47,13,26,9,26,17,14,1,438,62,745,18,38,195.84817469578266,1360.2299999999984,1967.7759999999982,99020.8
00000261--4ff9c41127--11,B_CONFIRMATION,600,34,25,28,18,33,16,26,1,490,48,448,35,30,143.21527685123382,805.3249999999999,1432.440000000002,96106.1
00000261--4ff9c41127--12,B_CONFIRMATION,600,35,8,9,9,9,0,9,0,527,194,758,21,60,198.2802934311439,1198.6999999999994,2703.2719999999867,86683.3
00000261--4ff9c41127--13,B_CONFIRMATION,600,38,11,11,11,11,1,11,0,465,383,859,12,36,196.6057176196026,1319.5099999999989,2132.509999999995,104834.2
00000261--4ff9c41127--14,B_CONFIRMATION,600,40,11,10,8,11,5,11,0,404,232,886,12,28,180.27324999999993,1089.81,1810.092000000002,145128.8
00000261--4ff9c41127--15,B_CONFIRMATION,600,28,7,22,6,23,17,9,1,536,276,778,11,46,216.17020850708957,1213.4800000000002,2931.116000000006,130466.4
00000261--4ff9c41127--16,B_CONFIRMATION,600,49,7,7,7,7,0,7,0,440,300,828,10,42,215.34037370704098,1378.3199999999995,2479.163999999999,134417.4
00000261--4ff9c41127--17,B_CONFIRMATION,600,39,13,44,11,46,36,15,1,490,224,844,16,32,190.53945351549402,1250.7099999999996,1999.8899999999953,116998.4
00000261--4ff9c41127--18,B_CONFIRMATION,599,90,32,38,31,44,24,37,2,377,223,811,48,60,200.3229229229224,1269.0749999999998,2348.4599999999978,119572.6
00000261--4ff9c41127--19,B_CONFIRMATION,600,61,22,40,17,41,27,26,2,536,224,825,29,52,229.08692679673203,1501.099999999999,2962.8919999999985,125530.5
00000261--4ff9c41127--2,B_CONFIRMATION,599,39,23,22,20,25,8,24,0,572,113,687,26,28,209.86444999999915,1367.6049999999998,2360.9230000000007,102041.0
00000261--4ff9c41127--20,B_CONFIRMATION,600,34,8,9,7,9,2,9,0,515,178,751,9,40,177.71250416805634,1039.2899999999997,1772.9909999999977,110184.9
00000261--4ff9c41127--21,B_CONFIRMATION,599,35,11,22,11,22,14,13,2,592,216,698,15,32,164.63779593197705,1040.3249999999994,1773.0149999999999,42821.6
00000261--4ff9c41127--22,B_CONFIRMATION,600,26,9,10,8,10,3,10,0,586,260,787,13,56,188.65883430474676,1240.7200000000003,2238.1240000000003,59220.6
00000261--4ff9c41127--23,B_CONFIRMATION,600,17,4,5,3,5,2,5,0,263,144,716,11,32,179.33408713003038,1004.9599999999991,1648.8809999999994,152879.1
00000261--4ff9c41127--24,B_CONFIRMATION,600,23,13,12,8,13,4,13,0,471,83,520,15,38,147.02193537641605,879.0799999999984,1568.0560000000014,47903.8
00000261--4ff9c41127--25,B_CONFIRMATION,599,21,15,18,13,18,5,16,1,482,41,553,19,18,153.6523817455036,850.9949999999995,1621.1580000000029,120559.1
00000261--4ff9c41127--26,B_CONFIRMATION,599,56,22,32,22,34,16,23,1,584,58,563,43,42,176.7574450366418,1015.3899999999992,1732.991,157272.3
00000261--4ff9c41127--27,B_CONFIRMATION,599,86,27,28,26,29,5,28,0,381,97,828,43,34,171.16308948508632,1038.9,1874.3,118236.2
00000261--4ff9c41127--28,B_CONFIRMATION,444,98,41,61,36,66,36,47,3,422,68,342,60,30,174.46825716845927,971.4349999999994,1753.5079999999994,137604.8
00000261--4ff9c41127--3,B_CONFIRMATION,600,28,9,21,9,22,20,11,1,512,40,500,15,28,156.75137477087168,885.0,1671.5,69415.8
00000261--4ff9c41127--4,B_CONFIRMATION,600,35,19,26,15,27,12,20,1,508,34,521,24,20,197.42886185635732,1383.8,1859.5,90338.7
00000261--4ff9c41127--5,B_CONFIRMATION,600,50,32,34,30,34,5,32,1,590,11,449,36,14,217.42563760626786,1384.9699999999998,1841.2259999999994,124370.5
00000261--4ff9c41127--6,B_CONFIRMATION,600,38,20,22,17,22,5,21,0,494,62,529,28,28,166.89885038320583,1168.68,1741.3899999999999,54213.8
00000261--4ff9c41127--7,B_CONFIRMATION,600,20,15,14,14,15,0,15,0,557,42,514,17,20,147.93654263307167,917.819999999997,1599.9519999999993,52573.5
00000261--4ff9c41127--8,B_CONFIRMATION,600,72,26,26,19,26,9,26,0,513,203,833,38,42,178.60986995665192,1180.7149999999992,2078.218,59781.0
00000261--4ff9c41127--9,B_CONFIRMATION,600,36,20,24,17,24,7,22,0,391,113,737,27,42,195.75451666666726,1241.005,2295.309,62300.5
00000264--31b802e87a--1,B_CONFIRMATION,600,47,23,21,17,24,7,24,0,397,50,572,25,44,131.5699866755493,747.5899999999991,1454.4730000000002,57837.4
00000264--31b802e87a--10,B_CONFIRMATION,599,13,6,6,3,6,3,6,0,331,46,620,6,12,143.84701567189092,837.8749999999998,1308.5539999999996,90175.0
00000264--31b802e87a--11,B_CONFIRMATION,600,11,6,6,5,6,1,6,0,436,103,701,6,20,160.52212964505915,958.5,1406.3,90661.4
00000264--31b802e87a--12,B_CONFIRMATION,600,19,6,7,6,7,1,7,0,555,131,672,10,26,131.69076358786242,792.1499999999996,1248.5359999999996,80801.9
00000264--31b802e87a--13,B_CONFIRMATION,600,8,4,4,4,4,0,4,0,336,48,504,4,8,126.82746666666681,733.605,1080.3170000000002,83715.6
00000264--31b802e87a--14,B_CONFIRMATION,600,20,7,14,6,14,8,7,1,317,44,372,7,26,119.83785000000003,617.3,1289.1470000000031,79327.7
00000264--31b802e87a--15,B_CONFIRMATION,600,17,6,6,6,7,1,7,0,587,26,489,8,32,136.85619269878265,766.8199999999998,1347.6219999999994,77629.7
00000264--31b802e87a--16,B_CONFIRMATION,600,8,5,5,5,5,0,5,0,207,58,486,7,16,143.59739956659436,836.7699999999963,1398.7219999999995,64854.4
00000264--31b802e87a--17,B_CONFIRMATION,600,6,3,3,3,3,0,3,0,155,70,571,4,28,184.36614999999995,1060.1750000000002,1878.0180000000005,92425.1
00000264--31b802e87a--18,B_CONFIRMATION,600,10,3,3,3,3,0,3,0,570,35,550,3,12,160.1696833333332,850.0200000000001,1831.0070000000044,114230.6
00000264--31b802e87a--19,B_CONFIRMATION,600,6,1,1,1,1,0,1,0,1,111,820,3,16,155.15923025658108,900.9249999999994,1505.1659999999995,90247.3
00000264--31b802e87a--2,B_CONFIRMATION,600,14,6,6,6,6,1,6,0,346,6,243,9,24,139.05563696919256,763.84,1105.88,118030.6
00000264--31b802e87a--20,B_CONFIRMATION,600,10,5,5,5,5,0,5,0,292,33,726,5,18,153.22524579236767,892.2,1255.6,125754.9
00000264--31b802e87a--21,B_CONFIRMATION,600,50,32,42,31,47,34,34,1,577,185,892,49,58,198.9099866622208,1310.9699999999993,2281.9989999999993,105874.2
00000264--31b802e87a--22,B_CONFIRMATION,600,26,9,20,8,20,16,10,3,239,311,781,10,58,290.31554740876584,2150.9,4000.3,133689.5
00000264--31b802e87a--23,B_CONFIRMATION,600,21,6,7,6,7,1,7,0,555,175,839,8,42,221.19306897700812,1597.3999999999996,2704.1909999999975,95670.6
00000264--31b802e87a--24,B_CONFIRMATION,600,40,21,38,18,39,23,21,1,514,158,889,24,42,217.4277592530842,1426.0699999999986,2536.3549999999927,114019.8
00000264--31b802e87a--25,B_CONFIRMATION,600,26,11,17,14,17,13,11,1,493,38,489,28,20,151.50406531156239,808.8649999999998,1499.7299999999984,131673.8
00000264--31b802e87a--26,B_CONFIRMATION,600,6,0,0,0,0,0,0,0,0,27,311,4,24,128.41738912971022,672.8749999999998,1063.4869999999994,117802.4
00000264--31b802e87a--27,B_CONFIRMATION,600,20,12,12,11,12,1,12,0,20,0,90,15,14,101.25112481253174,599.4,804.5,2752.6
00000264--31b802e87a--28,B_CONFIRMATION,600,24,12,12,11,12,2,12,0,319,14,192,16,20,121.33837693717716,631.1,978.7,108712.7
00000264--31b802e87a--29,B_CONFIRMATION,600,21,7,20,9,21,15,9,2,595,99,579,13,36,201.4725575191737,1241.0899999999997,2409.7599999999993,124489.1
00000264--31b802e87a--3,B_CONFIRMATION,599,24,12,13,12,13,3,13,0,314,14,294,22,22,137.21568234901562,756.2399999999998,1101.935,113819.0
00000264--31b802e87a--30,B_CONFIRMATION,600,21,14,18,14,20,6,16,1,440,50,515,19,22,159.52679106964325,966.4999999999997,1739.3929999999998,104123.1
00000264--31b802e87a--31,B_CONFIRMATION,599,48,31,50,29,51,27,32,1,570,65,595,36,28,172.14987497916334,1058.9699999999998,1634.502,132185.5
00000264--31b802e87a--32,B_CONFIRMATION,600,66,40,102,74,155,109,45,3,567,35,724,43,32,256.0628438073016,1586.6499999999996,2072.175999999998,165210.5
00000264--31b802e87a--33,B_CONFIRMATION,599,35,16,15,15,16,0,16,0,542,17,886,15,24,222.15052491251438,1526.1,1941.4,91190.9
00000264--31b802e87a--34,B_CONFIRMATION,600,24,12,26,15,26,19,13,2,501,110,642,19,58,202.3644285238265,1366.7899999999997,2472.158999999997,54453.1
00000264--31b802e87a--35,B_CONFIRMATION,599,20,8,17,15,17,20,9,1,483,46,315,13,38,138.49256542757092,782.9,1448.0159999999996,58628.1
00000264--31b802e87a--36,B_CONFIRMATION,599,4,1,1,0,1,1,1,0,1,3,96,1,10,101.75218333333315,578.8,811.9090000000001,3157.3
00000264--31b802e87a--37,B_CONFIRMATION,599,5,3,4,4,4,0,4,0,259,8,231,4,14,133.01752749083593,663.695,1091.3379999999986,128276.3
00000264--31b802e87a--38,B_CONFIRMATION,599,64,36,49,38,50,28,37,2,544,120,710,48,30,175.49736710548225,1036.2,1812.7,162955.7
00000264--31b802e87a--39,B_CONFIRMATION,599,78,39,53,43,60,26,46,3,580,92,777,67,34,162.4345166666664,1099.8850000000002,1741.7350000000008,63191.8
00000264--31b802e87a--4,B_CONFIRMATION,599,17,11,11,11,11,1,11,0,536,40,397,14,22,126.47554184728226,726.43,1264.688999999996,50544.0
00000264--31b802e87a--40,B_CONFIRMATION,600,95,40,93,69,106,89,56,6,591,76,676,68,44,164.68283619396772,952.3,1774.8,80042.4
00000264--31b802e87a--41,B_CONFIRMATION,396,5,3,3,3,3,0,3,0,73,8,125,3,14,113.491246551292,520.0799999999995,785.742,74691.4
00000264--31b802e87a--5,B_CONFIRMATION,599,24,16,15,14,16,2,16,0,489,32,577,16,28,180.58315280786502,1011.5,1686.4,146996.5
00000264--31b802e87a--6,B_CONFIRMATION,600,15,10,21,13,22,14,13,2,481,22,419,14,36,141.99435188270587,795.8299999999997,1367.4599999999991,55747.0
00000264--31b802e87a--7,B_CONFIRMATION,599,15,7,7,5,7,4,7,0,180,101,455,8,50,154.10070023341132,747.8149999999999,2244.0509999999995,52114.7
00000264--31b802e87a--8,B_CONFIRMATION,599,36,4,4,3,4,1,4,0,433,301,866,4,50,260.24644999999975,1604.2400000000002,3240.3240000000005,133948.0
00000264--31b802e87a--9,B_CONFIRMATION,599,12,1,1,1,1,0,1,0,2,109,719,1,28,150.0416333333335,856.005,1360.2510000000013,74160.4
00000266--f9c40304ea--0,B_CONFIRMATION,621,96,42,79,55,101,61,53,9,484,83,588,59,44,150.9876129032258,853.7049999999986,1957.001,53102.6
00000266--f9c40304ea--1,B_CONFIRMATION,600,60,33,50,42,51,30,36,2,576,82,740,46,50,187.30058343057206,1228.5499999999997,1904.8479999999988,107792.4
00000266--f9c40304ea--10,B_CONFIRMATION,599,46,27,27,26,27,1,27,0,565,86,675,31,36,211.53685790527047,1379.775,2000.515,114756.2
00000266--f9c40304ea--11,B_CONFIRMATION,600,70,16,17,15,17,2,17,0,520,305,830,20,66,239.65248581915284,1651.3399999999997,3557.283999999994,89646.0
00000266--f9c40304ea--12,B_CONFIRMATION,600,44,13,13,12,13,1,13,0,549,160,840,17,46,158.05230794867506,1022.0,1902.8,49289.1
00000266--f9c40304ea--13,B_CONFIRMATION,600,8,3,3,3,3,0,3,0,231,49,490,3,24,126.92113685614277,674.01,1333.7079999999928,72217.2
00000266--f9c40304ea--14,B_CONFIRMATION,600,61,23,22,17,24,8,24,0,526,196,842,32,52,216.52676455865173,1353.2399999999993,2587.42,115100.1
00000266--f9c40304ea--15,B_CONFIRMATION,600,20,8,8,7,8,1,8,0,493,76,683,9,42,174.8763333333334,1087.825,1845.5970000000088,82311.0
00000266--f9c40304ea--16,B_CONFIRMATION,600,24,11,14,14,14,5,12,1,593,32,426,14,38,195.35680226742264,1356.094999999998,1918.106,117420.6
00000266--f9c40304ea--17,B_CONFIRMATION,600,24,15,19,10,19,9,16,1,495,165,671,30,58,228.9365727621273,1641.3999999999994,2480.821999999997,123628.6
00000266--f9c40304ea--18,B_CONFIRMATION,600,52,20,24,24,24,8,21,1,505,42,434,36,44,248.69314019313958,1971.1250000000002,2502.039999999999,129577.1
00000266--f9c40304ea--19,B_CONFIRMATION,600,36,19,19,15,19,6,19,0,478,98,634,23,32,178.1439613526562,1181.8299999999997,1897.5719999999994,87795.2
00000266--f9c40304ea--2,B_CONFIRMATION,600,75,31,43,34,54,33,36,3,591,78,652,50,38,176.54314247669745,1108.1599999999992,1918.092000000004,88902.1
00000266--f9c40304ea--20,B_CONFIRMATION,600,43,32,41,30,51,23,36,4,588,14,521,49,30,254.77825362439512,1777.1,2218.6,128501.0
00000266--f9c40304ea--21,B_CONFIRMATION,600,123,60,71,57,77,31,66,4,577,103,670,89,48,203.85330778203624,1367.7,2077.6,95993.0
00000266--f9c40304ea--22,B_CONFIRMATION,600,55,19,29,22,37,21,27,2,496,34,302,31,44,131.6852499999997,543.5150000000001,1363.5410000000186,127578.3
00000266--f9c40304ea--23,B_CONFIRMATION,594,2,0,0,0,0,0,0,0,0,0,62,0,6,100.88142737195635,599.03,721.914,2632.5
00000266--f9c40304ea--3,B_CONFIRMATION,600,48,23,41,17,48,31,27,3,590,79,801,31,34,200.60868188635203,1291.6,2003.9,139018.9
00000266--f9c40304ea--4,B_CONFIRMATION,599,61,21,45,19,47,32,25,3,558,26,514,34,16,185.3386102316277,1277.6,1751.8,127689.4
00000266--f9c40304ea--5,B_CONFIRMATION,600,38,21,25,23,26,8,24,0,539,23,392,30,26,169.815125770448,1137.819999999998,1539.2759999999994,93331.3
00000266--f9c40304ea--6,B_CONFIRMATION,599,30,16,29,11,30,20,17,2,496,58,462,27,48,183.10195097548817,1097.02,1850.628,144124.3
00000266--f9c40304ea--7,B_CONFIRMATION,600,53,26,27,23,27,4,27,0,539,71,718,37,32,188.96118607362928,1090.5899999999997,2093.165999999997,123330.7
00000266--f9c40304ea--8,B_CONFIRMATION,599,43,30,30,28,31,3,31,0,406,95,598,35,26,188.97021844255417,1115.6399999999994,1869.5279999999987,140196.6
00000266--f9c40304ea--9,B_CONFIRMATION,600,22,12,12,12,12,0,12,0,508,21,579,14,34,167.12173333333348,1029.92,1646.6670000000015,101708.9
00000267--5bcd0e5bb8--0,B_CONFIRMATION,622,45,19,19,15,20,6,19,0,590,39,355,31,40,139.76610824742235,786.0199999999998,1562.983000000004,46542.5
00000267--5bcd0e5bb8--1,B_CONFIRMATION,600,51,24,34,21,37,16,29,2,552,110,692,35,34,183.11147950683159,1145.5649999999991,1923.8029999999978,119071.9
00000267--5bcd0e5bb8--10,B_CONFIRMATION,600,44,16,17,11,17,8,16,0,491,99,622,33,56,210.12508333333406,1348.4150000000002,2404.0680000000016,137401.4
00000267--5bcd0e5bb8--11,B_CONFIRMATION,600,28,5,5,4,5,1,5,0,268,155,642,6,44,175.13149999999982,1033.260000000001,2103.8170000000005,59188.2
00000267--5bcd0e5bb8--12,B_CONFIRMATION,600,10,9,9,8,9,1,9,0,465,5,384,9,14,140.14861620540194,835.5599999999998,1160.6559999999986,60756.2
00000267--5bcd0e5bb8--13,B_CONFIRMATION,600,80,45,61,41,66,34,51,1,550,171,850,63,76,218.24487072560447,1449.2800000000004,2296.400000000002,141843.3
00000267--5bcd0e5bb8--14,B_CONFIRMATION,600,57,31,79,52,102,70,39,3,589,101,625,44,52,158.66427737956315,949.9899999999985,1893.029999999997,82679.0
00000267--5bcd0e5bb8--15,B_CONFIRMATION,599,30,11,70,35,99,97,20,4,585,49,468,24,32,165.0071035517753,1133.2,1631.772,57845.7
00000267--5bcd0e5bb8--16,B_CONFIRMATION,600,58,24,58,20,73,57,25,2,437,31,435,32,40,208.36527824058595,1463.3249999999987,1912.8869999999997,150111.0
00000267--5bcd0e5bb8--17,B_CONFIRMATION,599,98,40,100,67,123,102,62,13,504,102,587,67,40,173.04158613795428,1031.5749999999996,1755.8699999999994,124986.6
00000267--5bcd0e5bb8--18,B_CONFIRMATION,599,160,66,83,62,96,54,77,6,592,101,798,77,52,190.857737797768,1315.6399999999999,2267.957999999999,73535.2
00000267--5bcd0e5bb8--19,B_CONFIRMATION,343,45,16,76,62,98,79,32,9,327,34,179,42,46,140.45735718407417,979.0500000000001,1457.019999999995,3048.6
00000267--5bcd0e5bb8--2,B_CONFIRMATION,600,118,50,55,42,56,13,50,2,591,40,577,53,32,242.04810927869445,1789.769999999999,2450.057999999999,89268.5
00000267--5bcd0e5bb8--3,B_CONFIRMATION,600,86,46,46,43,49,6,49,0,583,127,691,57,54,207.89179863310596,1469.6499999999996,2211.9239999999995,78319.5
00000267--5bcd0e5bb8--4,B_CONFIRMATION,600,30,16,24,11,25,13,16,1,564,96,607,26,66,190.29336887704034,1336.9149999999997,2450.3839999999973,93745.9
00000267--5bcd0e5bb8--5,B_CONFIRMATION,600,29,10,12,11,12,2,12,0,541,126,777,14,30,198.21140190031622,1343.6399999999996,2288.485999999993,92028.4
00000267--5bcd0e5bb8--6,B_CONFIRMATION,600,9,1,1,1,1,0,1,0,1,104,607,2,20,159.8888333333338,963.2200000000001,1675.8460000000034,54417.4
00000267--5bcd0e5bb8--7,B_CONFIRMATION,600,10,3,3,2,3,1,3,0,215,99,735,6,26,168.81271666666683,1040.9600000000003,1932.8660000000039,60060.4
00000267--5bcd0e5bb8--8,B_CONFIRMATION,600,49,20,61,24,66,53,24,4,570,101,796,36,56,220.77312562479105,1467.369999999999,2407.5589999999947,108935.5
00000267--5bcd0e5bb8--9,B_CONFIRMATION,600,41,17,37,23,38,29,22,3,532,26,765,38,52,232.02318719786672,1614.0299999999982,2198.8939999999952,101886.9
00000269--4014745f93--0,B_CONFIRMATION,620,44,25,49,28,52,29,31,3,604,31,348,37,42,145.2872134323534,817.6499999999994,1455.789999999998,84191.4
00000269--4014745f93--1,B_CONFIRMATION,600,6,0,0,0,0,0,0,0,0,11,102,2,32,120.17107810413887,671.835,895.7160000000003,83921.9
00000269--4014745f93--10,B_CONFIRMATION,600,13,9,9,9,9,0,9,0,510,69,634,9,14,155.3014497583742,919.4,1299.7,106733.2
00000269--4014745f93--11,B_CONFIRMATION,600,23,14,15,13,15,2,15,0,498,91,775,20,28,175.8006499999995,1066.345,1751.739000000001,112426.9
00000269--4014745f93--12,B_CONFIRMATION,600,27,19,19,11,19,10,19,0,471,112,588,34,26,168.03389463154377,929.4449999999999,1839.5059999999999,117388.0
00000269--4014745f93--13,B_CONFIRMATION,600,20,8,9,9,9,0,9,0,595,49,559,12,18,169.7758873521079,939.7,1916.7,84301.8
00000269--4014745f93--14,B_CONFIRMATION,600,34,12,13,10,15,4,14,0,595,92,711,23,46,133.29466844385203,776.2249999999997,1297.6879999999999,80937.5
00000269--4014745f93--15,B_CONFIRMATION,600,24,10,10,9,10,4,10,0,252,62,522,12,36,135.61974649766495,595.875,1585.3500000000006,100146.2
00000269--4014745f93--16,B_CONFIRMATION,600,21,11,11,10,11,1,11,0,456,93,605,12,22,140.0583930655107,775.6899999999995,1242.6079999999974,116586.0
00000269--4014745f93--17,B_CONFIRMATION,600,13,3,3,3,3,0,3,0,391,90,636,6,16,139.07288333333315,779.5000000000007,1259.2050000000022,104162.6
00000269--4014745f93--18,B_CONFIRMATION,600,19,7,8,6,8,2,8,0,481,101,710,8,24,171.16929488248064,1027.5,1578.3219999999972,124818.0
00000269--4014745f93--19,B_CONFIRMATION,600,21,5,5,5,5,0,5,0,540,112,770,5,22,170.6096317280454,1037.0,1505.7,130287.5
00000269--4014745f93--2,B_CONFIRMATION,599,19,6,6,5,6,1,6,0,170,81,454,9,54,185.16548790658857,1091.400000000001,1920.3540000000005,127851.6
00000269--4014745f93--20,B_CONFIRMATION,600,10,3,3,3,3,0,3,0,519,82,679,3,20,167.16979496582834,986.0099999999994,1556.1399999999967,103257.5
00000269--4014745f93--21,B_CONFIRMATION,600,8,4,4,3,4,1,4,0,83,88,519,4,18,142.99569928321353,797.7199999999999,1179.8479999999965,101583.7
00000269--4014745f93--22,B_CONFIRMATION,600,37,6,6,6,6,0,6,0,520,323,874,7,44,204.35900683219515,1247.8,2362.3,124929.6
00000269--4014745f93--23,B_CONFIRMATION,600,14,5,4,4,5,1,5,0,583,9,153,7,20,93.41812270756931,431.14499999999987,731.9099999999983,3525.5
00000269--4014745f93--24,B_CONFIRMATION,600,37,12,12,12,12,0,12,0,323,28,431,16,28,150.1313947675387,743.3,1706.0,121128.0
00000269--4014745f93--25,B_CONFIRMATION,600,16,7,7,5,7,2,7,0,418,36,515,11,20,163.55324112647895,971.4,1553.0,120265.7
00000269--4014745f93--26,B_CONFIRMATION,600,66,34,87,65,95,103,37,2,547,84,806,43,42,177.2298049674947,1077.209999999999,1989.5719999999983,105911.1
00000269--4014745f93--27,B_CONFIRMATION,600,86,36,43,35,45,12,41,1,573,50,469,69,48,166.0046325612404,1098.9,1656.4,52135.4
00000269--4014745f93--3,B_CONFIRMATION,599,62,33,34,31,35,4,35,0,581,143,905,41,46,197.70493580123338,1335.0599999999984,2225.996,65824.2
00000269--4014745f93--4,B_CONFIRMATION,599,36,25,24,20,25,5,25,0,564,27,665,24,22,175.0898582151794,1087.1500000000005,1709.8360000000002,117790.2
00000269--4014745f93--5,B_CONFIRMATION,599,70,38,42,37,44,6,41,1,559,19,584,44,34,178.6040193462311,1239.875,1590.6750000000031,52085.4
00000269--4014745f93--6,B_CONFIRMATION,599,51,5,5,3,5,2,5,0,261,190,798,7,70,231.31960099750592,1263.430000000002,3470.999999999997,144693.9
00000269--4014745f93--7,B_CONFIRMATION,600,51,29,29,29,29,0,29,0,485,148,894,40,56,219.80268378062956,1345.2699999999932,2753.0399999999945,130713.7
00000269--4014745f93--8,B_CONFIRMATION,599,7,5,4,4,5,0,5,0,571,66,559,6,28,143.3663442294866,848.925,1642.6450000000018,55916.3
00000269--4014745f93--9,B_CONFIRMATION,600,19,6,7,6,7,1,7,0,383,132,614,12,26,153.76155255705407,853.8499999999998,1601.1259999999918,79804.3
0000026a--171a0a1f5c--0,B_CONFIRMATION,620,42,18,25,14,25,12,20,1,574,41,513,31,30,165.48661824051672,895.6599999999999,1378.5939999999975,137292.8
0000026a--171a0a1f5c--1,B_CONFIRMATION,600,18,10,18,7,18,11,10,2,555,4,93,14,10,118.3439353548816,650.8899999999999,875.0879999999999,81766.9
0000026a--171a0a1f5c--10,B_CONFIRMATION,599,43,9,10,7,10,5,10,0,506,493,998,11,46,281.7764185580782,2120.2,3658.645,90341.5
0000026a--171a0a1f5c--11,B_CONFIRMATION,599,20,4,4,4,4,0,4,0,297,145,652,4,34,177.36533266633285,978.2399999999993,1739.1399999999999,142001.8
0000026a--171a0a1f5c--12,B_CONFIRMATION,600,8,5,5,4,5,1,5,0,592,41,566,5,12,162.4806607708992,1015.9999999999993,1636.607999999999,59948.6
0000026a--171a0a1f5c--13,B_CONFIRMATION,600,24,8,9,7,10,5,9,0,310,89,779,8,20,144.3447833333329,907.6100000000001,1287.242000000001,61132.1
0000026a--171a0a1f5c--14,B_CONFIRMATION,600,19,6,6,5,6,1,6,0,510,91,669,7,22,152.6584153461215,994.6300000000003,1515.6900000000005,60479.9
0000026a--171a0a1f5c--15,B_CONFIRMATION,600,8,4,4,4,4,0,4,0,416,56,531,4,16,139.25104860186408,766.6599999999999,1167.868000000005,98514.9
0000026a--171a0a1f5c--16,B_CONFIRMATION,600,13,1,1,1,1,0,1,0,130,102,653,1,28,190.42135486018645,1168.5949999999975,2068.167000000001,95069.7
0000026a--171a0a1f5c--17,B_CONFIRMATION,600,6,4,4,4,4,0,4,0,355,13,251,4,10,113.12473763118415,618.0699999999999,953.3079999999958,51575.5
0000026a--171a0a1f5c--18,B_CONFIRMATION,600,0,0,0,0,0,0,0,0,0,3,145,4,8,107.19411862712425,613.7749999999999,813.9669999999993,56565.5
0000026a--171a0a1f5c--19,B_CONFIRMATION,600,21,4,4,4,4,0,4,0,122,33,497,6,26,140.1533822059311,801.6850000000001,1437.995,98316.4
0000026a--171a0a1f5c--2,B_CONFIRMATION,600,37,23,22,20,23,5,23,0,537,46,466,24,30,166.57407530823068,1011.3849999999995,1736.955999999999,73239.3
0000026a--171a0a1f5c--20,B_CONFIRMATION,600,15,12,11,8,12,3,12,0,394,51,596,14,16,138.78395597064764,712.8999999999999,1659.9,85876.7
0000026a--171a0a1f5c--21,B_CONFIRMATION,600,9,5,5,5,5,0,5,0,240,52,538,5,14,150.36592802399198,920.8349999999997,1564.5379999999986,87195.7
0000026a--171a0a1f5c--22,B_CONFIRMATION,600,1,0,0,0,0,0,0,0,0,13,565,0,6,129.67711285214224,670.379999999998,1195.8119999999997,113243.4
0000026a--171a0a1f5c--23,B_CONFIRMATION,600,7,3,3,2,3,1,3,0,323,109,768,3,12,139.93899350108325,841.0,1293.0,73937.5
0000026a--171a0a1f5c--24,B_CONFIRMATION,600,20,16,13,11,18,3,17,0,280,58,773,21,32,177.47647058823492,1009.1,1922.0,110561.9
0000026a--171a0a1f5c--25,B_CONFIRMATION,600,33,21,19,15,22,13,22,0,570,168,827,33,50,204.85499999999988,1364.9100000000003,2343.507000000003,78665.2
0000026a--171a0a1f5c--26,B_CONFIRMATION,600,14,7,7,7,7,0,7,0,303,187,810,8,42,229.32734544242592,1498.7,2560.5,134381.1
0000026a--171a0a1f5c--27,B_CONFIRMATION,600,28,23,19,13,23,14,23,0,472,174,790,29,56,249.83864621540545,1634.0449999999998,3213.7029999999922,107889.4
0000026a--171a0a1f5c--28,B_CONFIRMATION,600,63,22,25,16,26,9,23,1,528,321,731,30,60,225.38974487243667,1503.4399999999998,2592.3319999999994,132547.1
0000026a--171a0a1f5c--29,B_CONFIRMATION,600,38,18,18,17,18,1,18,0,428,24,551,20,28,244.13841666666778,1622.315,2149.795000000004,161156.3
0000026a--171a0a1f5c--3,B_CONFIRMATION,600,33,14,15,14,15,1,15,0,574,42,901,18,22,177.1856309384899,1126.129999999997,1869.3299999999992,116591.6
0000026a--171a0a1f5c--30,B_CONFIRMATION,600,32,22,38,17,38,23,23,1,590,108,791,29,30,175.19656723879393,971.3,1793.9,143811.2
0000026a--171a0a1f5c--31,B_CONFIRMATION,599,13,2,2,2,2,0,2,0,340,34,558,2,36,229.64914152358628,1729.5099999999989,2179.802,139499.2
0000026a--171a0a1f5c--32,B_CONFIRMATION,599,21,7,8,8,8,0,8,0,587,88,614,13,50,209.12254999999962,1505.7150000000001,2338.445000000001,108036.2
0000026a--171a0a1f5c--33,B_CONFIRMATION,599,31,12,63,12,67,54,13,2,468,194,727,18,44,244.5221870311722,1761.2899999999975,3229.985999999984,142234.8
0000026a--171a0a1f5c--34,B_CONFIRMATION,349,32,17,18,15,18,4,18,0,295,67,519,21,38,215.24692023843292,1396.7799999999986,2284.5859999999943,110292.7
0000026a--171a0a1f5c--4,B_CONFIRMATION,600,10,2,2,2,2,0,2,0,434,13,440,2,6,166.79056666666693,1075.63,1566.0,114225.6
0000026a--171a0a1f5c--5,B_CONFIRMATION,599,0,0,0,0,0,0,0,0,0,0,95,0,4,96.74280000000022,410.92,641.3410000000009,111981.2
0000026a--171a0a1f5c--6,B_CONFIRMATION,600,5,4,4,4,4,0,4,0,224,3,187,4,8,129.9491669443519,572.2599999999998,1098.8749999999995,130247.6
0000026a--171a0a1f5c--7,B_CONFIRMATION,599,26,11,23,16,28,21,15,3,412,40,361,25,38,139.2755792632101,794.6699999999996,1324.5279999999898,56201.2
0000026a--171a0a1f5c--8,B_CONFIRMATION,599,2,2,2,2,2,0,2,0,156,1,109,3,8,101.12123333333317,421.4,652.9610000000013,111928.5
0000026a--171a0a1f5c--9,B_CONFIRMATION,599,4,4,15,3,17,14,5,1,81,25,279,5,28,132.5225870978496,697.8899999999984,1532.7619999999986,54396.1
0000026b--4dfb361eee--0,B_CONFIRMATION,621,68,35,36,27,36,9,36,0,545,89,794,46,46,203.83809447041708,1346.7099999999996,2054.2539999999967,139924.6
0000026b--4dfb361eee--1,B_CONFIRMATION,600,72,38,55,52,58,35,42,2,585,63,620,46,32,200.68015992004075,1285.5399999999988,2219.4499999999944,133242.2
0000026b--4dfb361eee--10,B_CONFIRMATION,600,56,31,31,25,34,9,31,1,571,47,612,39,40,156.90001666388926,1045.5,1495.2,63152.4
0000026b--4dfb361eee--11,B_CONFIRMATION,596,33,14,21,17,21,8,18,1,518,40,500,27,32,143.34146056149748,566.9599999999991,1526.3180000000004,142817.6
0000026b--4dfb361eee--2,B_CONFIRMATION,600,30,16,17,13,18,4,16,1,484,40,717,17,26,234.38300533689088,1616.225,2090.375000000001,119958.8
0000026b--4dfb361eee--3,B_CONFIRMATION,600,27,15,16,12,16,4,16,0,571,29,792,18,24,217.36157307115556,1565.8,2164.9,76577.6
0000026b--4dfb361eee--4,B_CONFIRMATION,600,33,16,25,11,26,16,18,1,494,96,646,23,52,223.880216666667,1514.0500000000013,2370.1070000000022,151997.3
0000026b--4dfb361eee--5,B_CONFIRMATION,600,27,14,24,18,24,18,14,1,524,53,380,16,36,134.59984999999963,663.9250000000001,1720.6720000000016,84445.4
0000026b--4dfb361eee--6,B_CONFIRMATION,600,9,5,5,4,5,1,5,0,8,1,107,5,10,127.39141666666676,698.4350000000001,896.1360000000009,84370.1
0000026b--4dfb361eee--7,B_CONFIRMATION,600,8,6,6,6,6,0,6,0,481,6,193,6,12,116.47740376603939,656.3,940.3,49107.5
0000026b--4dfb361eee--8,B_CONFIRMATION,600,35,22,21,19,22,2,22,0,323,99,547,29,30,168.37157140476583,970.3,1925.5,54884.0
0000026b--4dfb361eee--9,B_CONFIRMATION,600,65,37,43,34,44,13,39,2,536,69,752,59,50,175.2090515085849,1153.6199999999994,1887.3539999999964,54223.7
0000026d--2363789071--0,B_CONFIRMATION,617,8,4,10,1,10,9,4,1,78,6,165,10,16,129.2635148353441,670.5599999999991,1050.0810000000017,81812.5
0000026d--2363789071--1,B_CONFIRMATION,600,5,4,21,8,22,24,6,4,556,59,492,5,36,158.9685092961489,883.1099999999998,1810.4279999999972,105453.0
0000026d--2363789071--10,B_CONFIRMATION,600,9,5,5,5,5,0,5,0,310,11,407,5,8,118.43114042411095,592.5,1037.0119999999997,89126.1
0000026d--2363789071--11,B_CONFIRMATION,600,4,1,1,1,1,0,1,0,153,14,487,1,6,151.10006648936175,814.6250000000001,2084.895000000006,48916.1
0000026d--2363789071--12,B_CONFIRMATION,600,3,2,2,2,2,0,2,0,199,18,504,2,8,138.95332112535365,823.9699999999998,1170.767999999997,80814.2
0000026d--2363789071--13,B_CONFIRMATION,600,3,1,1,1,1,0,1,0,179,33,467,1,6,133.4314366761225,732.1799999999997,1124.04,81551.8
0000026d--2363789071--14,B_CONFIRMATION,600,8,3,3,1,3,2,3,0,4,42,491,3,18,142.6766677785192,821.25,1206.2200000000014,68826.3
0000026d--2363789071--15,B_CONFIRMATION,600,10,7,7,4,7,5,7,0,364,24,463,8,20,150.25426951300904,873.6750000000001,1409.8000000000006,78872.3
0000026d--2363789071--16,B_CONFIRMATION,600,10,6,6,5,6,1,6,0,137,35,454,7,16,134.7061459027315,769.6249999999998,1022.4560000000013,94921.4
0000026d--2363789071--17,B_CONFIRMATION,600,4,4,4,4,4,0,4,0,266,25,420,5,6,138.17033644237205,738.3799999999995,1092.5890000000036,122262.6
0000026d--2363789071--18,B_CONFIRMATION,600,3,0,0,0,0,0,0,0,0,29,410,3,16,121.7060166666666,606.6,1032.245000000001,110494.2
0000026d--2363789071--19,B_CONFIRMATION,600,19,7,17,8,21,13,10,2,518,102,509,8,18,127.04393459035548,726.7799999999997,1080.424,74331.5
0000026d--2363789071--2,B_CONFIRMATION,599,6,4,4,3,4,1,4,0,499,55,628,6,22,164.3438999999994,1027.515,1635.5320000000006,90930.8
0000026d--2363789071--20,B_CONFIRMATION,600,8,5,5,5,5,0,5,0,560,61,473,5,12,141.9082541270638,725.8199999999999,1271.9759999999997,115998.4
0000026d--2363789071--21,B_CONFIRMATION,600,51,29,31,22,42,18,33,2,425,59,653,35,42,174.53047762191017,936.7049999999992,1981.0880000000009,102452.2
0000026d--2363789071--22,B_CONFIRMATION,599,6,3,3,3,3,0,3,0,138,44,693,3,20,156.43365577051375,900.8,1308.2250000000004,101308.0
0000026d--2363789071--23,B_CONFIRMATION,600,16,13,13,8,13,5,13,0,545,38,673,13,14,154.55304087736766,860.2449999999999,1263.5229999999995,110634.4
0000026d--2363789071--24,B_CONFIRMATION,599,3,2,2,2,2,0,2,0,241,28,619,2,8,167.63861666666674,935.4050000000009,1581.0410000000031,133933.9
0000026d--2363789071--25,B_CONFIRMATION,600,4,3,3,3,3,0,3,0,187,63,482,3,12,146.6110722610726,774.0249999999999,1163.3049999999994,153396.8
0000026d--2363789071--26,B_CONFIRMATION,599,5,2,3,3,3,0,3,0,410,14,486,4,4,125.58615692153947,679.7999999999989,998.4659999999992,97409.3
0000026d--2363789071--27,B_CONFIRMATION,599,6,5,5,5,5,0,5,0,187,19,428,5,8,145.8384256170775,803.3000000000001,1432.7250000000008,110422.4
0000026d--2363789071--28,B_CONFIRMATION,599,9,4,4,2,4,2,4,0,179,54,541,5,10,150.58764999999966,844.0400000000002,1268.3230000000003,128725.0
0000026d--2363789071--29,B_CONFIRMATION,599,13,10,15,11,17,6,13,1,496,49,492,12,16,143.0486499999997,781.0600000000002,1231.2500000000011,113421.5
0000026d--2363789071--3,B_CONFIRMATION,599,28,13,20,14,23,13,17,2,569,78,505,22,44,160.03714953271017,858.3849999999998,1781.127000000003,111601.7
0000026d--2363789071--30,B_CONFIRMATION,600,4,2,2,2,2,0,2,0,568,40,444,3,12,149.0533333333335,843.1150000000001,1338.501,137864.9
0000026d--2363789071--31,B_CONFIRMATION,600,0,0,0,0,0,0,0,0,0,15,384,0,8,109.12985323549039,592.025,979.0500000000002,58913.3
0000026d--2363789071--32,B_CONFIRMATION,600,6,2,2,1,2,1,2,0,18,16,321,2,8,108.73636060656558,586.3,859.4,57132.2
0000026d--2363789071--33,B_CONFIRMATION,600,4,3,3,3,3,0,3,0,428,30,518,3,6,143.72269846564407,763.6,1306.8100000000054,114251.6
0000026d--2363789071--34,B_CONFIRMATION,600,3,3,3,3,3,0,3,0,213,8,443,3,10,169.29213464422585,871.5,1730.7,136530.1
0000026d--2363789071--35,B_CONFIRMATION,600,1,1,1,1,1,0,1,0,1,3,197,1,4,118.50907271514336,640.575,1067.350000000003,55567.3
0000026d--2363789071--36,B_CONFIRMATION,600,3,3,3,2,3,1,3,0,4,20,316,3,8,125.37328778536896,594.4,825.5,139722.0
0000026d--2363789071--37,B_CONFIRMATION,600,13,6,9,5,9,4,6,1,536,35,598,6,12,169.04396666666725,957.9600000000005,1520.9070000000002,135288.9
0000026d--2363789071--38,B_CONFIRMATION,600,5,4,4,4,4,0,4,0,454,33,330,4,8,117.95752876438229,595.3199999999999,959.5319999999999,74947.2
0000026d--2363789071--39,B_CONFIRMATION,600,4,2,2,1,2,1,2,0,232,45,433,2,16,118.55753333333327,636.83,948.1190000000005,80746.7
0000026d--2363789071--4,B_CONFIRMATION,599,9,5,6,6,6,0,6,0,160,53,440,6,20,127.76621149042464,790.0600000000006,1213.7200000000003,52867.7
0000026d--2363789071--40,B_CONFIRMATION,600,5,2,2,0,2,2,2,0,2,13,369,3,8,142.18139069534777,773.0799999999998,1112.612,137565.2
0000026d--2363789071--41,B_CONFIRMATION,600,2,0,0,0,0,0,0,0,0,9,284,0,4,108.53164999999993,587.1200000000001,930.3530000000011,64858.3
0000026d--2363789071--42,B_CONFIRMATION,600,10,8,8,8,8,0,8,0,361,59,482,8,12,145.85625208402834,841.8049999999997,1418.972999999998,57286.3
0000026d--2363789071--43,B_CONFIRMATION,600,2,1,1,1,1,0,1,0,65,59,472,1,8,140.62427572427626,813.975,1133.5199999999995,96820.6
0000026d--2363789071--44,B_CONFIRMATION,600,3,0,0,0,0,0,0,0,0,5,297,0,6,112.82756324900149,557.7249999999991,1004.8850000000042,79336.8
0000026d--2363789071--45,B_CONFIRMATION,600,7,5,5,2,5,3,5,0,199,51,421,6,14,130.9605464845052,728.8349999999997,1034.597,53785.0
0000026d--2363789071--46,B_CONFIRMATION,600,12,7,7,7,7,0,7,0,54,76,546,7,22,145.36783869355114,872.2,1300.1,62494.0
0000026d--2363789071--47,B_CONFIRMATION,600,7,3,3,1,3,2,3,0,227,26,408,4,14,121.87553297801446,638.6549999999987,1038.573,59604.3
0000026d--2363789071--48,B_CONFIRMATION,600,13,8,8,7,8,1,8,0,333,30,385,9,16,109.2543423903985,581.2999999999984,951.2339999999992,53531.1
0000026d--2363789071--49,B_CONFIRMATION,600,32,11,14,11,14,4,12,1,510,79,536,16,30,140.59533333333323,770.6550000000005,1459.2710000000018,95038.0
0000026d--2363789071--5,B_CONFIRMATION,599,16,8,9,8,9,1,9,0,486,71,515,14,18,135.96790534910903,783.0,1420.0,63143.7
0000026d--2363789071--50,B_CONFIRMATION,600,11,10,20,6,24,18,10,1,262,52,490,8,20,136.34263798565914,717.3799999999999,1375.72,72633.1
0000026d--2363789071--51,B_CONFIRMATION,599,4,1,1,1,1,0,1,0,89,15,515,1,8,155.16522174057997,886.8299999999999,1348.1159999999982,118065.6
0000026d--2363789071--52,B_CONFIRMATION,599,4,3,3,3,3,0,3,0,200,19,355,3,8,121.6232184677141,608.3599999999999,1040.7139999999993,99559.5
0000026d--2363789071--53,B_CONFIRMATION,599,0,0,0,0,0,0,0,0,0,1,351,0,6,102.15425904317358,499.14999999999975,751.6599999999986,69176.8
0000026d--2363789071--54,B_CONFIRMATION,599,12,8,6,6,8,0,8,0,142,58,456,7,10,128.76945412311272,666.6299999999992,1289.011999999998,98361.5
0000026d--2363789071--55,B_CONFIRMATION,599,7,4,4,4,4,0,4,0,66,26,360,4,8,122.75839026828831,653.5,987.2,75037.4
0000026d--2363789071--56,B_CONFIRMATION,599,6,2,2,2,2,0,2,0,428,39,570,3,12,154.5565050807929,855.1699999999995,1452.0339999999985,108126.4
0000026d--2363789071--57,B_CONFIRMATION,600,18,7,7,5,7,2,7,0,499,71,504,7,16,150.09250249916673,816.9199999999994,1537.2769999999994,102180.0
0000026d--2363789071--58,B_CONFIRMATION,600,4,2,2,2,2,0,2,0,386,37,463,2,10,171.8528852568378,970.55,1786.240000000001,99594.6
0000026d--2363789071--59,B_CONFIRMATION,600,0,0,0,0,0,0,0,0,0,9,351,0,6,155.87081180196685,916.7799999999996,1367.247999999999,103748.6
0000026d--2363789071--6,B_CONFIRMATION,599,4,3,3,3,3,0,3,0,574,55,478,3,14,151.96281239586781,832.7849999999999,1264.0899999999997,126539.4
0000026d--2363789071--60,B_CONFIRMATION,600,1,0,0,0,0,0,0,0,0,1,297,0,2,145.305920613742,838.4750000000001,1362.3850000000002,97099.3
0000026d--2363789071--61,B_CONFIRMATION,600,10,3,3,3,3,0,3,0,160,38,391,3,18,135.39008828918887,701.0799999999996,1249.9899999999975,121481.1
0000026d--2363789071--62,B_CONFIRMATION,600,14,7,7,5,7,2,7,0,346,25,428,8,10,131.5722787131185,725.2199999999993,1282.181999999998,93548.9
0000026d--2363789071--63,B_CONFIRMATION,600,7,2,2,2,2,0,2,0,226,27,384,2,6,135.90481827275786,729.4,1162.8199999999965,125027.3
0000026d--2363789071--64,B_CONFIRMATION,600,2,1,1,1,1,0,1,0,101,3,244,1,4,130.78863901382638,724.1399999999998,1199.4279999999985,107050.1
0000026d--2363789071--65,B_CONFIRMATION,600,2,2,2,1,2,1,2,0,2,5,267,2,4,136.1335555925992,748.0199999999999,1021.6339999999968,115284.9
0000026d--2363789071--66,B_CONFIRMATION,600,18,16,15,15,16,1,16,0,454,53,413,17,14,156.69418430261632,951.8,1370.7,112545.8
0000026d--2363789071--67,B_CONFIRMATION,600,14,5,9,6,10,4,7,1,348,43,332,7,16,145.99330111648052,763.7,1448.1,134152.2
0000026d--2363789071--68,B_CONFIRMATION,600,4,3,3,3,3,0,3,0,93,12,274,4,12,124.78106035345145,686.2649999999988,1053.7819999999977,52641.3
0000026d--2363789071--69,B_CONFIRMATION,600,2,0,0,0,0,0,0,0,0,3,322,0,6,122.16763872687899,706.8,1020.9,54290.2
0000026d--2363789071--7,B_CONFIRMATION,600,16,9,8,5,9,3,9,0,282,47,681,8,14,181.55691871140087,1072.35,1890.1700000000003,109788.0
0000026d--2363789071--70,B_CONFIRMATION,600,6,3,3,3,3,0,3,0,197,61,450,4,20,133.21211666666662,738.0450000000002,1288.2590000000014,57920.2
0000026d--2363789071--71,B_CONFIRMATION,600,10,6,6,4,6,2,6,0,544,49,524,6,6,159.67755374104357,833.3,1615.2,125034.4
0000026d--2363789071--72,B_CONFIRMATION,600,7,2,2,2,2,0,2,0,343,17,447,2,8,143.24810864855849,770.8,1203.5,130703.4
0000026d--2363789071--73,B_CONFIRMATION,600,9,3,3,3,3,0,3,0,123,34,467,3,8,129.89646607767946,733.9499999999997,1282.5599999999938,71905.0
0000026d--2363789071--74,B_CONFIRMATION,600,1,0,0,0,0,0,0,0,0,22,293,0,8,110.54354784928344,606.4899999999991,941.5879999999976,4029.8
0000026d--2363789071--75,B_CONFIRMATION,600,1,1,1,1,1,0,1,0,95,24,377,1,8,146.01673891297122,884.1749999999998,1435.8179999999998,71312.8
0000026d--2363789071--76,B_CONFIRMATION,600,11,7,8,5,9,4,8,0,468,32,385,6,10,118.79448241373612,654.4399999999991,1165.0939999999978,54353.5
0000026d--2363789071--77,B_CONFIRMATION,599,4,3,3,1,3,2,3,0,4,34,284,4,10,110.74261174116094,509.0,904.905,110988.9
0000026d--2363789071--78,B_CONFIRMATION,599,3,2,2,2,2,0,2,0,85,44,485,3,16,121.71453817939302,671.7599999999999,1147.7389999999998,74073.3
0000026d--2363789071--79,B_CONFIRMATION,599,1,1,1,1,1,0,1,0,215,18,307,1,6,103.83963648490916,479.37999999999977,770.7119999999999,90809.3
0000026d--2363789071--8,B_CONFIRMATION,600,9,4,4,2,4,2,4,0,498,48,539,4,14,137.25321422608124,826.6399999999987,1510.2879999999998,48998.8
0000026d--2363789071--80,B_CONFIRMATION,600,14,8,8,7,8,1,8,0,333,28,350,10,12,107.43340000000008,547.1000000000004,933.0300000000007,49799.3
0000026d--2363789071--81,B_CONFIRMATION,600,5,2,2,1,2,1,2,0,330,43,314,2,14,114.91369771704694,548.1,933.3,91391.7
0000026d--2363789071--82,B_CONFIRMATION,599,2,0,0,0,0,0,0,0,0,2,284,0,2,118.39149716572153,637.2649999999996,893.3019999999991,69800.4
0000026d--2363789071--83,B_CONFIRMATION,599,4,3,3,3,3,0,3,0,201,20,366,4,8,105.38900366544499,562.3249999999997,854.3839999999996,56744.3
0000026d--2363789071--84,B_CONFIRMATION,599,3,1,1,1,1,0,1,0,4,7,254,1,4,89.5462870462866,423.67499999999995,602.7949999999998,53607.3
0000026d--2363789071--85,B_CONFIRMATION,600,1,0,0,0,0,0,0,0,0,9,276,0,6,101.26718854097287,487.76999999999987,769.797,77797.2
0000026d--2363789071--86,B_CONFIRMATION,600,1,0,0,0,0,0,0,0,0,8,379,0,8,130.3636893851025,755.9,1043.7,74127.1
0000026d--2363789071--87,B_CONFIRMATION,600,3,2,2,2,2,0,2,0,508,28,352,2,12,106.99376978177591,525.5699999999996,901.2599999999991,93483.7
0000026d--2363789071--88,B_CONFIRMATION,600,3,2,2,2,2,0,2,0,165,24,379,2,6,113.01351891982004,590.1199999999999,975.7659999999985,77131.6
0000026d--2363789071--89,B_CONFIRMATION,600,7,3,3,2,3,1,3,0,232,38,423,4,10,134.12227219723493,759.0099999999998,1100.7859999999976,87758.8
0000026d--2363789071--9,B_CONFIRMATION,600,4,2,2,2,2,0,2,0,2,61,608,2,20,152.39883604921854,854.5149999999995,1255.8989999999992,110250.0
0000026d--2363789071--90,B_CONFIRMATION,600,13,5,5,5,5,0,5,0,359,65,531,8,20,145.16811135189172,855.1899999999985,1410.297999999993,74199.4
0000026d--2363789071--91,B_CONFIRMATION,600,8,6,6,5,6,1,6,0,591,43,555,6,14,129.1301833333335,754.6100000000001,1206.9080000000001,72941.1
0000026d--2363789071--92,B_CONFIRMATION,600,1,0,0,0,0,0,0,0,0,18,472,0,10,137.97755544438883,780.5999999999999,1126.348,119368.4
0000026d--2363789071--93,B_CONFIRMATION,600,5,3,3,3,3,0,3,0,130,9,471,3,8,147.09383127709174,857.9199999999989,1389.2509999999945,87464.3
0000026d--2363789071--94,B_CONFIRMATION,600,16,8,8,8,8,0,8,0,493,26,588,9,16,156.29186395465132,945.4199999999997,1689.964999999996,97676.3
0000026d--2363789071--95,B_CONFIRMATION,600,43,17,24,18,25,14,18,1,540,131,752,36,48,203.35066644451786,1403.6950000000002,2280.3990000000003,142810.8
0000026d--2363789071--96,B_CONFIRMATION,600,25,11,10,9,11,2,11,0,410,103,680,13,36,180.89561593598933,1101.0799999999967,1940.0579999999986,95639.7
0000026d--2363789071--97,B_CONFIRMATION,600,5,1,1,1,1,0,1,0,1,30,364,1,16,152.18129688281394,795.3299999999982,1421.4099999999974,131900.5
0000026d--2363789071--98,B_CONFIRMATION,600,52,23,44,15,46,31,24,3,516,201,682,33,52,309.51213737912764,2121.1049999999996,3527.534999999994,142848.5
0000026d--2363789071--99,B_CONFIRMATION,600,33,15,23,15,24,11,16,1,424,61,568,21,42,174.58475254124278,1067.3,1831.4,85043.0
00000273--d384c0a41a--0,B_CONFIRMATION,618,5,0,0,0,0,0,0,0,0,13,335,0,10,146.5532480155514,728.6,1187.1639999999984,125313.5
00000273--d384c0a41a--1,B_CONFIRMATION,600,13,6,6,5,6,1,6,0,481,38,482,6,10,148.0979819879922,769.3249999999999,1379.2750000000042,110928.1
00000273--d384c0a41a--10,B_CONFIRMATION,599,3,1,1,1,1,0,1,0,1,3,181,1,2,123.58292601828774,577.1800000000003,909.4159999999998,127175.3
00000273--d384c0a41a--11,B_CONFIRMATION,600,5,5,5,5,5,0,5,0,226,1,223,5,4,138.4549417637274,727.855,1004.4579999999994,130856.3
00000273--d384c0a41a--12,B_CONFIRMATION,600,1,0,0,0,0,0,0,0,0,7,257,0,4,127.73791034827528,645.2,1009.6,119131.3
00000273--d384c0a41a--13,B_CONFIRMATION,600,12,3,3,2,3,1,3,0,160,44,329,6,14,132.8399700099965,623.6349999999999,1793.8949999999977,52823.5
00000273--d384c0a41a--14,B_CONFIRMATION,600,9,3,3,2,3,1,3,0,439,11,332,4,18,127.37259976623803,604.4199999999998,1641.796,57759.4
00000273--d384c0a41a--15,B_CONFIRMATION,600,0,0,0,0,0,0,0,0,0,25,291,0,6,134.47539616346953,725.9400000000003,1083.7040000000013,115374.8
00000273--d384c0a41a--16,B_CONFIRMATION,600,2,0,0,0,0,0,0,0,0,17,395,0,6,135.38165749541452,819.66,1266.8319999999999,57168.3
00000273--d384c0a41a--17,B_CONFIRMATION,600,15,3,3,2,3,1,3,0,125,37,347,3,18,144.18358880373202,819.3849999999999,1127.6759999999997,125481.1
00000273--d384c0a41a--18,B_CONFIRMATION,600,6,3,3,2,3,1,3,0,367,12,408,3,10,142.7177663287356,801.8999999999997,1270.8240000000008,134407.6
00000273--d384c0a41a--19,B_CONFIRMATION,600,7,3,3,3,3,0,3,0,237,33,511,4,16,139.05194458354208,816.3499999999999,1156.42,80379.1
00000273--d384c0a41a--2,B_CONFIRMATION,600,3,0,0,0,0,0,0,0,0,8,451,0,4,130.2413373353344,688.92,1039.528,122153.5
00000273--d384c0a41a--20,B_CONFIRMATION,600,4,1,1,1,1,0,1,0,112,28,459,1,12,133.8076346057675,741.0399999999997,1232.4139999999998,77710.4
00000273--d384c0a41a--21,B_CONFIRMATION,600,13,11,14,10,14,8,12,1,545,40,459,14,12,110.54368122707574,571.7449999999999,981.0049999999991,57787.8
00000273--d384c0a41a--22,B_CONFIRMATION,600,11,4,4,4,4,0,4,0,454,49,373,4,14,130.11070774354718,672.6800000000002,1106.6000000000004,77189.5
00000273--d384c0a41a--23,B_CONFIRMATION,600,8,5,7,6,8,2,8,0,465,23,324,9,14,137.66365301365315,651.525,1006.3099999999972,147175.3
00000273--d384c0a41a--24,B_CONFIRMATION,600,4,1,1,1,1,0,1,0,23,20,499,1,8,123.62145120934123,706.9300000000001,1050.6480000000001,66050.2
00000273--d384c0a41a--25,B_CONFIRMATION,600,3,2,2,2,2,0,2,0,203,11,463,2,6,123.8492743953294,690.3600000000002,1006.0240000000001,81485.2
00000273--d384c0a41a--26,B_CONFIRMATION,599,16,7,7,7,7,0,7,0,256,79,427,8,20,137.06184517851176,709.035,1256.0189999999998,100910.6
00000273--d384c0a41a--27,B_CONFIRMATION,599,5,2,3,3,3,0,3,0,432,72,400,4,10,121.03801101284827,635.8399999999998,1049.7239999999995,57515.3
00000273--d384c0a41a--28,B_CONFIRMATION,599,19,6,6,5,6,1,6,0,415,55,491,6,10,111.50418612408288,652.225,1054.5900000000004,43226.4
00000273--d384c0a41a--29,B_CONFIRMATION,599,8,3,3,2,3,1,3,0,39,20,314,3,8,109.23007493755246,595.44,873.976,55588.8
00000273--d384c0a41a--3,B_CONFIRMATION,599,4,2,2,2,2,0,2,0,89,15,422,2,6,127.74229104229103,698.5749999999999,1135.1849999999995,96366.2
00000273--d384c0a41a--30,B_CONFIRMATION,600,3,2,4,1,4,3,3,0,117,10,356,2,6,118.70853191134808,694.2,1003.7,55630.0
00000273--d384c0a41a--31,B_CONFIRMATION,600,11,5,5,2,5,3,5,0,513,52,503,5,18,132.76984523215205,716.5799999999998,1344.4400000000012,84364.9
00000273--d384c0a41a--32,B_CONFIRMATION,599,12,6,6,6,6,0,6,0,399,47,585,6,10,156.4025999999999,864.1100000000001,1281.3290000000004,121784.7
00000273--d384c0a41a--33,B_CONFIRMATION,600,6,5,5,5,5,0,5,0,63,22,306,5,6,105.11414764205988,499.0,687.9,108137.3
00000273--d384c0a41a--34,B_CONFIRMATION,599,2,1,1,1,1,0,1,0,49,15,261,1,6,107.54330721786965,519.7699999999996,738.9019999999999,63828.4
00000273--d384c0a41a--35,B_CONFIRMATION,600,25,2,2,1,2,1,2,0,3,54,441,2,14,144.94035994001015,744.5,1481.3,82051.0
00000273--d384c0a41a--36,B_CONFIRMATION,600,6,5,5,5,5,0,5,0,395,23,449,5,8,115.22248333333293,563.4,827.5180000000004,71317.1
00000273--d384c0a41a--37,B_CONFIRMATION,600,12,8,8,7,8,2,8,0,316,59,391,8,18,121.17392101316445,582.5,1029.4,114900.8
00000273--d384c0a41a--38,B_CONFIRMATION,600,3,1,1,1,1,0,1,0,1,44,404,1,10,103.28425787106434,519.7499999999991,848.8879999999997,65223.4
00000273--d384c0a41a--39,B_CONFIRMATION,600,0,0,0,0,0,0,0,0,0,4,321,0,6,128.63901016497294,683.7,910.5,96400.1
00000273--d384c0a41a--4,B_CONFIRMATION,599,9,2,2,1,2,1,2,0,2,15,458,2,8,148.18074358119333,777.2899999999997,1222.7269999999999,126995.4
00000273--d384c0a41a--40,B_CONFIRMATION,600,9,5,5,4,5,1,5,0,341,21,311,6,10,124.27385435760685,635.5,946.3,114357.7
00000273--d384c0a41a--41,B_CONFIRMATION,600,6,3,3,3,3,0,3,0,100,25,397,3,6,122.26028995167464,631.3,907.3,113484.6
00000273--d384c0a41a--42,B_CONFIRMATION,561,46,29,32,22,33,10,30,1,461,40,411,35,32,167.29447994320176,1003.7799999999985,1667.3870000000004,92725.9
00000273--d384c0a41a--5,B_CONFIRMATION,600,5,2,2,2,2,0,2,0,195,72,385,2,36,144.72799533411094,717.5,1499.6,95956.9
00000273--d384c0a41a--6,B_CONFIRMATION,600,3,1,1,1,1,0,1,0,273,9,399,1,6,144.24327387897966,874.1,1256.9519999999964,102618.5
00000273--d384c0a41a--7,B_CONFIRMATION,599,7,4,4,3,4,1,4,0,48,22,267,4,12,141.07073333333403,716.6900000000007,1207.5440000000033,119939.4
00000273--d384c0a41a--8,B_CONFIRMATION,599,13,5,5,4,5,1,5,0,191,61,316,5,26,140.39973342219253,698.7499999999998,1377.0419999999967,101752.8
00000273--d384c0a41a--9,B_CONFIRMATION,600,7,0,0,0,0,0,0,0,0,23,356,0,18,163.47724841190254,869.1850000000001,1432.7329999999995,131785.1
00000274--d3bbe6ddcd--19,B_CONFIRMATION,599,22,11,10,7,11,4,11,0,399,54,402,15,16,136.79186531088442,693.1099999999999,1282.843999999999,115295.0
00000274--d3bbe6ddcd--33,B_CONFIRMATION,600,3,0,0,0,0,0,0,0,0,9,396,0,14,133.6660496915124,802.6599999999994,1208.9319999999998,53350.3
00000274--d3bbe6ddcd--34,B_CONFIRMATION,600,11,3,3,2,3,1,3,0,51,36,453,4,16,158.88933688770453,934.6249999999998,1904.2819999999952,49582.5
0000027f--cb2a133365--10,B_CONFIRMATION,600,22,13,13,13,13,0,13,0,13,4,92,15,12,115.44184728242747,522.93,691.006,123931.6
0000027f--cb2a133365--11,B_CONFIRMATION,600,37,20,20,19,20,3,20,0,456,122,653,23,34,185.02824058647155,1117.2299999999996,2066.2739999999994,91064.5
0000027f--cb2a133365--12,B_CONFIRMATION,600,18,12,12,6,12,10,12,0,569,37,306,19,24,143.0227871311884,715.8299999999998,1777.9639999999986,54377.5
0000027f--cb2a133365--13,B_CONFIRMATION,600,0,0,0,0,0,0,0,0,0,5,166,0,8,134.2907286976824,688.9,881.0039999999999,132794.8
0000027f--cb2a133365--14,B_CONFIRMATION,600,12,6,6,6,6,0,6,0,514,50,548,8,22,176.44706666666696,1039.515,1621.992000000002,123383.9
0000027f--cb2a133365--15,B_CONFIRMATION,600,7,3,4,2,4,2,3,0,153,25,396,4,20,160.3275258419472,980.4449999999999,1579.122999999999,78031.5
0000027f--cb2a133365--16,B_CONFIRMATION,600,17,8,8,7,8,1,8,0,537,106,512,13,42,174.98345,871.5750000000006,2143.173000000001,141372.4
0000027f--cb2a133365--17,B_CONFIRMATION,600,2,1,1,1,1,0,1,0,1,10,243,1,14,104.88730423192266,459.68499999999995,1043.9919999999997,60199.0
0000027f--cb2a133365--18,B_CONFIRMATION,600,42,23,21,20,23,1,23,0,585,62,769,27,22,235.97326666666683,1599.3050000000005,2305.9130000000005,124456.8
0000027f--cb2a133365--19,B_CONFIRMATION,600,60,26,30,18,30,15,26,1,530,50,840,30,34,248.02480413402282,1424.7099999999884,2217.315999999997,171657.8
0000027f--cb2a133365--2,B_CONFIRMATION,599,21,8,8,7,8,1,8,0,528,26,383,11,28,133.56225000000015,741.7050000000002,1315.7500000000011,78710.8
0000027f--cb2a133365--20,B_CONFIRMATION,600,47,22,35,19,39,22,27,1,551,109,764,37,34,186.28559519839854,1250.7599999999984,2017.116999999999,73118.9
0000027f--cb2a133365--21,B_CONFIRMATION,600,32,24,56,49,83,38,26,2,526,111,666,38,24,198.53782702882958,1475.6,1986.2,60687.7
0000027f--cb2a133365--22,B_CONFIRMATION,599,51,27,46,34,49,26,32,2,582,57,404,38,30,184.11637212404014,1197.0749999999991,2145.3319999999967,97935.4
0000027f--cb2a133365--23,B_CONFIRMATION,600,0,0,0,0,0,0,0,0,0,3,62,2,14,152.08201666666648,987.7250000000001,1198.7220000000007,85020.0
0000027f--cb2a133365--24,B_CONFIRMATION,599,9,6,6,6,6,0,6,0,10,1,82,7,18,143.3985835694053,907.9,1090.5,52202.4
0000027f--cb2a133365--25,B_CONFIRMATION,599,35,20,38,19,39,26,21,1,506,81,556,35,34,163.66331499082878,1055.12,1984.264,47843.1
0000027f--cb2a133365--26,B_CONFIRMATION,600,25,17,28,28,28,11,18,1,540,44,336,28,36,176.37600000000026,1086.2500000000002,1718.313,101009.9
0000027f--cb2a133365--27,B_CONFIRMATION,599,21,11,11,9,11,2,11,0,104,27,267,23,40,134.627692564188,786.5999999999992,1220.4989999999991,54423.1
0000027f--cb2a133365--3,B_CONFIRMATION,600,6,1,1,1,1,0,1,0,11,13,237,1,18,135.070521579737,761.4,1029.3,90015.3
0000027f--cb2a133365--4,B_CONFIRMATION,600,33,11,54,27,87,81,20,5,413,32,403,22,50,134.73797700383275,747.5,1445.4,81226.5
0000027f--cb2a133365--5,B_CONFIRMATION,600,7,3,13,7,13,11,6,2,568,17,342,7,30,137.93898983163857,752.0999999999995,1065.9459999999965,111109.8
0000027f--cb2a133365--6,B_CONFIRMATION,600,26,8,7,7,8,2,8,0,513,89,516,8,46,170.36990501583085,964.9,2221.0,63803.7
0000027f--cb2a133365--7,B_CONFIRMATION,600,7,4,4,3,4,1,4,0,552,19,272,5,28,117.69211666666658,642.505,1363.006,3976.6
0000027f--cb2a133365--8,B_CONFIRMATION,600,10,6,6,4,6,2,6,0,432,152,594,11,46,227.49644881627194,1498.3999999999985,2686.470999999986,86045.3
0000027f--cb2a133365--9,B_CONFIRMATION,600,31,15,15,15,15,0,15,0,15,2,130,19,20,113.17814061979345,663.8,847.6209999999983,2904.2
00000280--91181081d4--10,B_CONFIRMATION,600,7,5,5,5,5,0,5,0,211,72,538,6,22,140.20258376396046,766.0799999999996,1284.7939999999953,69380.8
00000280--91181081d4--11,B_CONFIRMATION,600,19,9,9,9,9,0,9,0,422,77,629,9,36,184.01863022829545,1152.8,1920.6,113136.0
00000280--91181081d4--12,B_CONFIRMATION,600,8,2,2,2,2,0,2,0,468,28,440,2,28,152.92736210631503,821.1,1558.5,96569.4
00000280--91181081d4--13,B_CONFIRMATION,600,2,1,1,1,1,0,1,0,80,20,346,1,6,131.74268333333274,675.2050000000002,1062.3300000000006,130222.8
00000280--91181081d4--14,B_CONFIRMATION,600,26,17,13,12,19,4,19,0,467,69,525,17,40,180.7783202799532,922.7,2137.4,145418.9
00000280--91181081d4--15,B_CONFIRMATION,599,15,8,7,6,8,2,8,0,261,69,639,9,30,160.3265265265266,971.3449999999996,1684.0069999999969,98408.7
00000280--91181081d4--16,B_CONFIRMATION,600,13,3,4,4,4,0,4,0,485,35,539,4,10,145.166716641679,772.8999999999996,1314.5999999999913,117612.0
00000280--91181081d4--17,B_CONFIRMATION,600,20,12,34,15,39,25,15,4,339,88,757,15,34,180.38951317105733,1106.3899999999999,2013.6819999999923,100363.5
00000280--91181081d4--18,B_CONFIRMATION,600,10,5,5,4,5,1,5,0,317,14,309,8,36,122.63043188260806,654.9599999999999,915.3599999999999,99990.4
00000280--91181081d4--19,B_CONFIRMATION,600,16,4,9,2,9,7,4,1,406,62,462,6,12,151.63863712095895,787.5449999999998,1195.9889999999998,134307.3
00000280--91181081d4--20,B_CONFIRMATION,600,11,5,5,4,5,1,5,0,419,21,445,5,10,144.08593333333357,803.2700000000003,1100.9140000000004,118379.2
00000280--91181081d4--21,B_CONFIRMATION,600,13,6,6,5,6,1,6,0,385,78,637,6,18,167.6218572857621,961.1299999999999,1602.4559999999985,118620.1
00000280--91181081d4--22,B_CONFIRMATION,600,5,2,2,2,2,0,2,0,106,22,494,2,8,138.42515419236537,799.42,1241.5399999999943,56023.1
00000280--91181081d4--23,B_CONFIRMATION,600,9,4,4,4,4,0,4,0,311,51,610,5,14,126.36948333333345,735.7750000000003,1238.5320000000029,55128.4
00000280--91181081d4--24,B_CONFIRMATION,600,38,15,17,15,17,2,17,0,459,150,735,20,48,174.61742828552363,1056.5,1907.110000000001,62869.1
00000280--91181081d4--25,B_CONFIRMATION,600,58,31,49,38,50,25,34,3,588,131,789,43,48,187.77825362439626,1105.0,2067.7,125354.5
00000280--91181081d4--29,B_CONFIRMATION,599,20,14,15,14,15,2,15,0,592,63,349,18,28,170.76411666666672,936.8199999999999,1918.7080000000003,109264.3
00000280--91181081d4--30,B_CONFIRMATION,599,33,11,12,8,12,4,12,0,589,244,920,15,50,275.48743123853956,1655.5699999999997,2907.3739999999984,161864.6
00000280--91181081d4--31,B_CONFIRMATION,600,46,11,13,10,13,4,13,0,507,168,793,13,38,165.7788368605234,946.2,2020.1,65663.0
00000280--91181081d4--32,B_CONFIRMATION,599,10,8,7,7,8,0,8,0,541,28,374,11,16,142.8804768256089,773.3199999999997,1371.1269999999997,81393.7
00000280--91181081d4--33,B_CONFIRMATION,600,50,12,12,11,12,1,12,0,533,255,775,12,46,241.72553333333354,1625.32,3157.5870000000045,93553.4
00000280--91181081d4--34,B_CONFIRMATION,600,15,5,5,4,5,1,5,0,438,28,385,5,20,146.45425904317366,717.9399999999988,1478.6839999999934,125370.3
00000280--91181081d4--35,B_CONFIRMATION,600,34,18,21,14,23,11,19,1,532,129,637,23,38,195.3705999999999,1209.7700000000004,2178.504,84660.9
00000280--91181081d4--36,B_CONFIRMATION,600,19,9,9,8,9,1,9,0,357,183,789,11,46,211.18220296617253,1312.3,2286.8,139256.0
00000280--91181081d4--37,B_CONFIRMATION,600,22,15,20,18,20,7,16,1,459,36,370,18,34,168.00842087710518,917.0799999999994,1585.328,145779.8
00000280--91181081d4--38,B_CONFIRMATION,600,22,11,12,10,13,7,11,1,532,40,479,10,22,178.62601666666657,1158.015,1665.143000000001,81794.3
00000280--91181081d4--39,B_CONFIRMATION,600,35,22,33,28,34,11,27,2,556,71,565,29,38,167.4895350774865,943.2,1878.1,102579.1
00000280--91181081d4--4,B_CONFIRMATION,600,29,20,22,16,22,6,20,1,555,94,685,21,34,196.43362772871177,1351.7,1902.5,91437.6
00000280--91181081d4--40,B_CONFIRMATION,600,20,7,47,28,117,119,14,5,361,98,595,12,50,183.1344207723036,1091.7699999999986,2292.291000000005,56235.6
00000280--91181081d4--41,B_CONFIRMATION,600,37,16,55,36,65,52,20,5,572,63,465,29,36,170.66568007981334,1046.0199999999973,1724.977999999999,103424.5
00000280--91181081d4--42,B_CONFIRMATION,600,23,15,26,13,27,13,17,2,397,43,454,18,18,159.7553547523425,969.7500000000001,1484.6,98182.2
00000280--91181081d4--43,B_CONFIRMATION,600,35,13,32,29,32,23,15,1,416,61,601,28,40,158.4180748840292,1016.3,1836.244999999998,55322.7
00000280--91181081d4--44,B_CONFIRMATION,600,74,32,37,31,42,16,37,1,592,70,727,49,44,174.16240614049744,1117.9399999999998,1890.0879999999988,56926.7
00000280--91181081d4--5,B_CONFIRMATION,599,36,20,36,18,36,19,21,1,537,88,763,34,34,195.51662220740278,1353.8799999999997,2042.6779999999992,94418.0
00000280--91181081d4--6,B_CONFIRMATION,600,27,12,12,12,12,1,12,0,577,89,613,17,46,160.42268333333323,915.2700000000007,1778.2010000000002,119129.4
00000280--91181081d4--7,B_CONFIRMATION,600,26,9,24,7,34,27,10,2,499,116,680,9,30,181.5791666666671,1128.9050000000016,2012.1440000000032,84780.7
00000280--91181081d4--8,B_CONFIRMATION,600,19,8,9,8,9,1,9,0,510,69,584,10,16,130.8145357559589,699.8499999999992,1270.3619999999937,74193.0
00000280--91181081d4--9,B_CONFIRMATION,600,3,3,3,2,3,1,3,0,3,9,492,3,10,136.9733333333332,708.9250000000004,998.0020000000001,121451.0
00000283--b395338ef9--0,B_CONFIRMATION,620,46,27,28,26,29,5,29,0,439,100,619,36,44,177.19088705768277,1016.4399999999962,2220.9159999999983,105752.2
00000283--b395338ef9--1,B_CONFIRMATION,600,29,9,9,6,9,3,9,0,508,31,705,25,28,175.59851641940332,1219.7399999999998,1901.5179999999996,70991.2
00000283--b395338ef9--10,B_CONFIRMATION,600,24,12,12,11,12,1,12,0,440,120,505,13,16,137.16609971652468,781.72,1355.6399999999999,75324.9
00000283--b395338ef9--11,B_CONFIRMATION,600,6,4,4,3,4,1,4,0,324,38,403,4,10,143.9717880353275,770.0,1077.3,143042.9
00000283--b395338ef9--12,B_CONFIRMATION,600,28,9,9,8,9,1,9,0,461,139,685,10,26,176.16648882960976,1031.8999999999992,1871.5379999999989,117168.8
00000283--b395338ef9--13,B_CONFIRMATION,600,11,7,7,7,7,0,7,0,494,28,568,7,14,158.07708333333372,937.8200000000005,1585.3150000000003,88289.6
00000283--b395338ef9--14,B_CONFIRMATION,600,6,4,5,5,5,0,5,0,321,26,624,5,8,137.4953507748707,763.7,1154.9,100634.2
00000283--b395338ef9--15,B_CONFIRMATION,600,10,4,4,4,4,0,4,0,267,29,444,4,6,141.90290048341393,747.4299999999998,1106.4039999999975,145605.1
00000283--b395338ef9--16,B_CONFIRMATION,600,13,5,5,5,5,0,5,0,144,11,353,6,8,118.92999500083357,497.1,1475.6,76879.3
00000283--b395338ef9--17,B_CONFIRMATION,599,8,4,4,4,4,0,4,0,327,34,506,4,12,136.9334,746.81,1269.7100000000003,102196.7
00000283--b395338ef9--18,B_CONFIRMATION,599,3,1,1,1,1,0,1,0,376,32,436,3,14,148.34321440480178,732.6499999999996,1340.525999999999,141662.3
00000283--b395338ef9--19,B_CONFIRMATION,600,8,2,2,2,2,0,2,0,116,38,425,2,12,150.3643237841442,816.2249999999997,1099.877000000001,140684.1
00000283--b395338ef9--2,B_CONFIRMATION,600,28,12,13,10,13,3,12,0,445,35,727,19,38,244.87841666666682,1819.9300000000003,2276.5080000000003,93809.3
00000283--b395338ef9--20,B_CONFIRMATION,599,20,13,29,7,47,42,14,2,417,52,472,17,32,147.66127581612278,781.9899999999993,1249.848000000002,113524.9
00000283--b395338ef9--21,B_CONFIRMATION,600,6,2,2,1,2,1,2,0,20,46,453,2,10,129.75266489007248,632.8049999999993,1043.292000000001,126249.6
00000283--b395338ef9--22,B_CONFIRMATION,600,20,16,16,11,16,5,16,0,510,36,389,23,24,122.24502582902856,564.6,968.1,121608.8
00000283--b395338ef9--23,B_CONFIRMATION,599,23,12,12,12,12,1,12,0,337,81,427,13,24,107.37870000000007,558.2600000000003,1060.0690000000016,57871.8
00000283--b395338ef9--24,B_CONFIRMATION,599,15,9,10,10,10,2,10,0,355,154,573,10,28,139.8824195967343,774.4,1279.0,102315.2
00000283--b395338ef9--25,B_CONFIRMATION,600,43,25,62,38,93,54,30,5,394,138,648,33,42,151.57406666666662,940.1500000000002,1685.3780000000015,47247.3
00000283--b395338ef9--26,B_CONFIRMATION,600,39,23,26,24,27,7,25,1,525,127,823,30,46,201.07446666666695,1287.81,2240.3320000000026,134846.1
00000283--b395338ef9--27,B_CONFIRMATION,600,36,12,13,12,13,1,13,0,590,93,665,18,26,167.48661747442574,1049.8799999999985,1875.1020000000026,71542.5
00000283--b395338ef9--28,B_CONFIRMATION,600,10,5,5,4,5,1,5,0,391,107,494,7,18,129.32522087014488,769.2599999999998,1330.633999999999,57817.5
00000283--b395338ef9--29,B_CONFIRMATION,600,10,7,7,7,7,0,7,0,138,45,442,8,14,150.49409710675081,847.3449999999996,1192.1409999999996,137063.4
00000283--b395338ef9--3,B_CONFIRMATION,600,19,9,9,9,9,0,9,0,470,57,414,10,26,159.93603333333303,818.2450000000002,1593.5410000000008,146609.0
00000283--b395338ef9--30,B_CONFIRMATION,600,31,15,14,12,15,2,15,0,588,54,531,17,24,134.57053228766864,771.8999999999985,1300.3639999999994,76796.0
00000283--b395338ef9--31,B_CONFIRMATION,600,50,11,20,17,20,9,12,2,473,127,607,16,20,173.84876830892156,857.5249999999999,1934.2460000000008,134984.3
00000283--b395338ef9--32,B_CONFIRMATION,600,57,34,27,18,35,18,35,0,584,104,528,41,40,152.8220389805092,805.4999999999989,1693.8519999999924,81782.5
00000283--b395338ef9--33,B_CONFIRMATION,600,4,2,2,2,2,0,2,0,56,14,353,3,6,123.65435905984349,637.3099999999995,921.7279999999994,80024.8
00000283--b395338ef9--34,B_CONFIRMATION,600,4,4,4,3,4,1,4,0,60,13,456,4,8,144.47507917986337,786.5199999999999,1506.8139999999996,95653.4
00000283--b395338ef9--35,B_CONFIRMATION,600,4,3,3,3,3,0,3,0,363,3,432,3,4,146.33337224816532,844.5,1170.165000000001,82318.7
00000283--b395338ef9--36,B_CONFIRMATION,600,31,17,17,17,17,0,17,0,367,51,481,17,12,136.57405369351378,718.8,1412.9039999999998,57684.6
00000283--b395338ef9--37,B_CONFIRMATION,600,17,10,10,10,10,0,10,0,427,47,614,10,16,130.35435035767722,804.65,1212.879999999999,48635.7
00000283--b395338ef9--38,B_CONFIRMATION,600,18,2,2,2,2,0,2,0,394,84,592,5,16,160.5204064634353,895.7999999999996,1889.3239999999983,48357.5
00000283--b395338ef9--39,B_CONFIRMATION,600,3,1,2,2,2,0,2,0,298,22,451,2,8,127.62592469176926,684.2649999999998,1121.2959999999998,99222.1
00000283--b395338ef9--4,B_CONFIRMATION,600,4,4,4,3,4,1,4,0,4,0,113,4,4,114.28121666666705,652.3800000000002,848.0150000000003,56693.9
00000283--b395338ef9--40,B_CONFIRMATION,600,0,0,0,0,0,0,0,0,0,11,533,1,10,150.93843078460753,859.6899999999996,1281.4599999999969,96910.5
00000283--b395338ef9--41,B_CONFIRMATION,600,12,1,1,0,1,1,1,0,1,37,436,1,22,131.62096666666727,719.8550000000001,1506.7340000000008,63897.8
00000283--b395338ef9--42,B_CONFIRMATION,600,3,0,0,0,0,0,0,0,0,8,256,0,6,133.12332555814686,710.9749999999999,1078.4449999999988,106549.6
00000283--b395338ef9--43,B_CONFIRMATION,600,12,7,6,5,7,2,7,0,56,59,435,7,16,144.4740419860047,810.7399999999997,1351.0899999999997,114077.5
00000283--b395338ef9--44,B_CONFIRMATION,600,27,11,16,8,16,8,11,1,63,170,544,17,54,185.47806666666682,925.2600000000003,2473.608000000007,91919.4
00000283--b395338ef9--45,B_CONFIRMATION,599,29,16,24,14,24,10,16,1,523,107,645,21,46,192.64892517913717,1366.9,2016.4,96664.7
00000283--b395338ef9--46,B_CONFIRMATION,600,10,8,28,28,28,20,9,1,543,10,142,13,34,168.54960852906845,1159.99,1453.0939999999978,62292.8
00000283--b395338ef9--47,B_CONFIRMATION,599,52,18,39,29,47,27,24,3,396,61,626,35,44,164.09296783869388,976.5,1991.3,72285.5
00000283--b395338ef9--48,B_CONFIRMATION,599,36,26,31,24,34,11,30,2,586,41,347,36,48,137.30074975008307,593.2449999999997,1492.3990000000001,123089.3
00000283--b395338ef9--49,B_CONFIRMATION,28,0,0,0,0,0,0,0,0,0,0,5,0,6,57.556535947712405,253.7,453.17499999999956,816.4
00000283--b395338ef9--5,B_CONFIRMATION,600,2,0,0,0,0,0,0,0,0,20,314,1,34,155.80918639546536,823.0299999999992,1414.524,134952.1
00000283--b395338ef9--6,B_CONFIRMATION,600,25,12,12,9,12,3,12,0,569,52,508,15,30,176.37230461589738,1003.0,1691.6,153245.6
00000283--b395338ef9--7,B_CONFIRMATION,600,1,1,1,1,1,0,1,0,1,23,415,4,10,154.5291666666669,877.9150000000003,1444.5260000000005,111397.6
00000283--b395338ef9--8,B_CONFIRMATION,600,29,16,16,10,17,8,17,0,333,107,647,32,36,168.42232038673095,1085.9799999999998,1880.2379999999991,93536.9
00000283--b395338ef9--9,B_CONFIRMATION,600,5,2,7,2,7,5,3,1,254,9,265,4,12,115.96140643226138,575.7,827.1,93196.7
00000285--27dca1de75--10,B_CONFIRMATION,599,25,19,18,13,19,6,19,0,536,64,450,31,24,160.19419903317248,881.0199999999999,1526.881999999998,109060.8
00000285--27dca1de75--11,B_CONFIRMATION,599,12,5,5,5,5,0,5,0,106,25,422,8,14,141.5376062677116,696.1599999999996,1197.5599999999986,132223.9
00000285--27dca1de75--12,B_CONFIRMATION,600,6,4,5,4,5,1,5,0,113,50,491,4,16,138.4993667722048,747.9,1198.7,120483.9
00000285--27dca1de75--13,B_CONFIRMATION,600,40,18,29,16,36,20,19,2,441,86,610,25,40,196.6681113518922,1220.3399999999992,2364.563999999996,117637.7
00000285--27dca1de75--14,B_CONFIRMATION,600,5,3,3,2,3,1,3,0,151,31,252,4,10,107.6256709451575,526.789999999999,877.4539999999987,61967.7
00000285--27dca1de75--15,B_CONFIRMATION,600,15,9,10,8,10,2,10,0,448,61,392,10,14,124.58538089681642,648.6299999999993,1020.6239999999995,118414.1
00000285--27dca1de75--16,B_CONFIRMATION,600,12,4,4,3,4,1,4,0,487,62,452,4,16,131.9563666666668,779.9500000000002,1064.9170000000004,63393.2
00000285--27dca1de75--17,B_CONFIRMATION,600,13,4,4,4,4,0,4,0,222,88,465,4,12,130.73591666666664,723.605,1293.3350000000007,103766.2
00000285--27dca1de75--18,B_CONFIRMATION,600,14,7,7,7,7,0,7,0,315,75,410,7,18,147.87582069655056,764.6,1270.7,123434.3
00000285--27dca1de75--19,B_CONFIRMATION,600,54,37,38,23,48,30,41,2,495,93,724,44,40,158.73053053053093,830.0399999999997,2101.435,54188.8
00000285--27dca1de75--2,B_CONFIRMATION,600,48,18,18,15,18,3,18,0,576,327,696,26,50,235.22950000000031,1581.8950000000002,3444.5150000000026,61073.1
00000285--27dca1de75--20,B_CONFIRMATION,600,33,27,23,18,27,10,27,0,203,67,656,28,30,141.8347449149716,840.9249999999995,1275.5539999999996,76736.8
00000285--27dca1de75--21,B_CONFIRMATION,600,13,11,11,8,11,3,11,0,596,41,418,16,20,118.23401133711252,590.3449999999998,968.0029999999999,81819.7
00000285--27dca1de75--22,B_CONFIRMATION,600,5,2,2,2,2,0,2,0,386,31,356,3,10,126.69388333333374,577.2300000000002,907.1480000000012,135883.6
00000285--27dca1de75--23,B_CONFIRMATION,600,24,14,14,13,14,1,14,0,371,133,482,17,22,136.39710193204573,677.2099999999996,1228.7220000000032,135287.6
00000285--27dca1de75--24,B_CONFIRMATION,600,16,9,9,8,9,1,9,0,345,78,393,10,14,107.89183605464781,559.195,869.5569999999991,74966.6
00000285--27dca1de75--25,B_CONFIRMATION,600,27,23,20,13,24,12,24,0,503,33,262,35,48,114.11500916208573,475.0599999999984,1036.9939999999913,128587.4
00000285--27dca1de75--26,B_CONFIRMATION,600,21,14,14,9,14,5,14,0,280,82,441,23,28,118.05831666666708,599.2350000000002,1309.3720000000014,59119.7
00000285--27dca1de75--27,B_CONFIRMATION,599,30,18,18,13,18,8,18,0,403,63,548,27,28,150.46072618254487,945.5099999999964,1480.383000000001,81786.3
00000285--27dca1de75--28,B_CONFIRMATION,599,44,22,32,25,35,28,23,2,591,110,700,29,38,192.08742085971335,1286.345,2019.394,95606.2
00000285--27dca1de75--29,B_CONFIRMATION,600,48,29,85,28,86,58,33,3,541,202,767,41,48,209.68677328002673,1445.1999999999975,2388.101999999991,104727.8
00000285--27dca1de75--3,B_CONFIRMATION,599,14,11,11,10,11,1,11,0,345,45,538,11,16,140.10995165860905,835.1699999999996,1224.0379999999968,95036.7
00000285--27dca1de75--30,B_CONFIRMATION,600,88,49,79,65,90,45,57,8,506,51,666,70,32,181.54135288237242,1222.689999999999,1918.8639999999994,81631.5
00000285--27dca1de75--31,B_CONFIRMATION,599,64,38,100,86,116,82,43,4,587,41,725,53,34,224.00176666666607,1488.4750000000004,2456.6220000000003,81231.5
00000285--27dca1de75--32,B_CONFIRMATION,599,84,39,64,43,68,38,41,2,525,68,757,57,50,178.35321666666715,1224.2800000000004,1869.700000000002,57281.2
00000285--27dca1de75--33,B_CONFIRMATION,599,21,7,22,13,36,23,12,3,558,14,231,13,30,182.66136666666617,1228.4200000000003,1885.7330000000009,56027.3
00000285--27dca1de75--34,B_CONFIRMATION,189,0,0,0,0,0,0,0,0,0,0,45,0,10,185.07601880877763,1084.9,1351.8269999999986,81330.8
00000285--27dca1de75--4,B_CONFIRMATION,599,4,2,2,1,2,1,2,0,48,14,411,3,16,141.97793701049804,804.9,1247.0,115285.6
00000285--27dca1de75--5,B_CONFIRMATION,599,7,4,4,4,4,0,4,0,299,20,621,4,12,183.56196431549125,1131.6799999999996,1658.924,116473.8
00000285--27dca1de75--6,B_CONFIRMATION,599,4,1,1,1,1,0,1,0,402,19,485,2,12,154.67442480827,845.1549999999986,1683.715999999998,116657.6
00000285--27dca1de75--7,B_CONFIRMATION,599,6,3,3,3,3,0,3,0,28,30,504,3,10,160.75193397799268,967.6599999999999,1357.859999999997,113625.0
00000285--27dca1de75--8,B_CONFIRMATION,600,6,4,4,4,4,0,4,0,298,12,454,4,10,139.17595000000009,759.9450000000004,1296.4780000000017,106983.8
00000285--27dca1de75--9,B_CONFIRMATION,600,20,11,11,8,11,4,11,0,465,60,591,14,26,172.09178196366102,986.0499999999997,1788.7139999999854,79411.6
00000286--de6bd2c087--11,B_CONFIRMATION,600,17,5,5,4,5,1,5,0,501,141,585,6,40,175.3439166666665,1009.7250000000001,2001.4060000000002,92730.8
00000286--de6bd2c087--12,B_CONFIRMATION,600,6,2,2,2,2,0,2,0,422,27,367,2,12,120.72757873687723,489.4,1416.0,78559.9
00000286--de6bd2c087--13,B_CONFIRMATION,600,19,13,13,11,13,2,13,0,420,55,490,15,22,142.8702666666665,717.0850000000006,1180.9590000000014,143514.7
00000286--de6bd2c087--14,B_CONFIRMATION,600,14,9,9,8,9,1,9,0,274,72,451,11,14,155.57841079460246,832.009999999999,1506.1879999999976,139537.2
00000286--de6bd2c087--15,B_CONFIRMATION,600,23,15,15,8,15,7,15,0,536,55,372,19,38,117.3048527443114,513.075,1093.825,132343.6
00000286--de6bd2c087--16,B_CONFIRMATION,600,89,63,50,38,63,27,63,0,595,110,532,84,62,153.09683280546696,676.6099999999999,2197.6759999999936,104022.9
00000286--de6bd2c087--17,B_CONFIRMATION,600,17,13,10,7,13,4,13,0,408,39,445,12,22,124.73789420991172,591.8199999999997,1066.4679999999996,143840.0
00000286--de6bd2c087--18,B_CONFIRMATION,600,10,5,5,4,5,1,5,0,268,63,630,5,8,132.71622522072263,694.8799999999995,1019.0579999999991,103046.9
00000286--de6bd2c087--19,B_CONFIRMATION,600,38,25,27,17,30,15,26,1,566,67,604,29,54,172.91981006331235,953.6149999999998,1824.1679999999994,104888.4
00000286--de6bd2c087--20,B_CONFIRMATION,599,6,5,5,4,5,1,5,0,274,29,385,5,10,124.27069023007698,625.8449999999999,913.9239999999998,90868.2
00000286--de6bd2c087--21,B_CONFIRMATION,599,3,1,1,1,1,0,1,0,1,34,294,1,6,102.42248333333355,498.0650000000002,737.3320000000007,60687.0
00000286--de6bd2c087--22,B_CONFIRMATION,600,1,0,0,0,0,0,0,0,0,10,332,0,4,107.53993998999819,538.1599999999997,719.7279999999994,44224.8
00000286--de6bd2c087--23,B_CONFIRMATION,600,2,2,2,2,2,0,2,0,44,3,377,2,4,115.75109963345525,511.8949999999999,1067.6439999999989,109355.2
00000286--de6bd2c087--24,B_CONFIRMATION,599,21,9,9,9,9,0,9,0,124,61,523,11,38,143.56953907815682,720.0599999999998,1416.1970000000008,150689.4
00000286--de6bd2c087--25,B_CONFIRMATION,599,17,8,8,8,8,0,8,0,414,53,451,10,14,122.97378527300079,657.4799999999998,1051.196,61107.1
00000286--de6bd2c087--26,B_CONFIRMATION,599,29,16,16,16,16,0,16,0,557,71,474,17,16,121.33083722481685,690.625,1327.2150000000008,61705.1
00000286--de6bd2c087--27,B_CONFIRMATION,599,60,42,55,35,72,40,47,4,515,111,522,56,52,164.45803229565507,812.9999999999998,2099.843999999999,113798.3
00000286--de6bd2c087--28,B_CONFIRMATION,600,3,1,1,1,1,0,1,0,365,32,542,1,10,140.78641893017772,776.3,1202.0,121757.3
00000286--de6bd2c087--29,B_CONFIRMATION,599,10,5,5,3,5,2,5,0,241,66,573,5,22,142.8962286094036,860.9099999999993,1373.587999999999,83530.0
00000286--de6bd2c087--30,B_CONFIRMATION,600,0,0,0,0,0,0,0,0,0,13,456,0,6,147.3314071606991,884.58,1207.184,76297.2
00000286--de6bd2c087--31,B_CONFIRMATION,600,11,5,5,5,5,0,5,0,451,40,650,5,12,167.88305564811697,1031.9849999999994,1703.9939999999956,77859.9
00000286--de6bd2c087--32,B_CONFIRMATION,600,2,0,0,0,0,0,0,0,0,28,437,1,6,145.40745248416113,794.0949999999996,1265.412,121104.9
00000286--de6bd2c087--33,B_CONFIRMATION,600,1,1,1,1,1,0,1,0,399,11,434,1,8,136.7082333333332,783.7450000000002,1224.5330000000008,78508.2
00000286--de6bd2c087--34,B_CONFIRMATION,600,21,12,12,10,12,4,12,0,310,33,506,15,30,148.1605565739043,830.6,1181.1,135438.8
0000028b--ca855432c0--10,B_CONFIRMATION,600,19,7,7,7,7,0,7,0,407,60,549,8,10,138.5268743752085,837.8849999999999,1253.5629999999992,51414.4
0000028b--ca855432c0--11,B_CONFIRMATION,599,19,6,6,5,6,1,6,0,287,63,617,8,18,171.36256666666694,968.3700000000001,1686.0100000000002,138113.6
0000028b--ca855432c0--24,B_CONFIRMATION,600,22,19,18,17,19,2,19,0,332,61,456,28,26,137.86573519627393,680.6949999999998,1459.318000000002,86932.8
0000028b--ca855432c0--25,B_CONFIRMATION,600,10,3,3,3,3,0,3,0,273,67,523,4,36,184.0950349883373,1023.09,1892.911999999998,100652.5
0000028b--ca855432c0--33,B_CONFIRMATION,599,8,4,4,3,4,1,4,0,105,34,379,4,12,124.15018345563753,663.7,1045.6650000000002,97359.4
0000028b--ca855432c0--57,B_CONFIRMATION,599,50,19,20,17,21,3,21,0,544,321,1084,22,26,190.05350891815291,1212.33,1912.9199999999996,109568.2
0000028b--ca855432c0--58,B_CONFIRMATION,600,41,18,21,15,21,6,18,1,533,223,961,21,22,171.28051017005689,1067.6199999999997,1772.0049999999992,61471.4
0000028b--ca855432c0--78,B_CONFIRMATION,600,13,8,8,7,8,1,8,0,561,38,392,14,30,145.9939799331105,830.4300000000004,1646.7580000000005,55526.4
0000028f--bc6e81a93a--32,B_CONFIRMATION,600,53,26,25,19,26,6,26,0,420,171,659,27,18,140.80041604260268,878.4799999999984,1460.028,51659.6
0000028f--bc6e81a93a--35,B_CONFIRMATION,600,28,7,7,6,7,1,7,0,223,74,574,7,16,141.29290128612004,844.2199999999998,1544.4720000000016,44830.6
0000028f--bc6e81a93a--36,B_CONFIRMATION,599,57,27,27,24,30,5,29,0,579,163,800,29,22,185.73598130841086,1153.49,1793.2030000000009,125859.1
0000028f--bc6e81a93a--37,B_CONFIRMATION,600,50,21,27,14,29,14,21,2,506,218,714,30,26,188.1920947298191,1145.825,1849.3049999999998,117457.4
0000028f--bc6e81a93a--38,B_CONFIRMATION,600,44,16,21,13,21,9,17,1,577,194,769,23,18,173.0167275747511,1048.7850000000005,1691.2960000000005,103386.6
00000292--6d6fbf4d88--17,B_CONFIRMATION,600,8,5,17,9,22,13,7,2,417,40,564,9,14,136.93656666666695,803.005,1196.301,68445.1
00000294--307ed6c5e3--0,B_CONFIRMATION,615,51,23,25,23,26,3,26,0,574,101,678,35,32,186.2962516297264,1154.175,2016.5949999999993,90009.0
00000294--307ed6c5e3--1,B_CONFIRMATION,600,41,30,60,55,73,47,37,6,577,39,371,40,58,163.57610073382247,1051.2,1777.2350000000004,76691.3
00000294--307ed6c5e3--10,B_CONFIRMATION,599,24,11,11,10,11,4,11,0,310,112,684,12,24,186.80081693898006,1171.5949999999996,1924.883999999999,119609.6
00000294--307ed6c5e3--11,B_CONFIRMATION,599,5,4,4,3,4,1,4,0,144,78,652,5,20,162.28498583569413,911.2,1957.8,92886.8
00000294--307ed6c5e3--12,B_CONFIRMATION,599,9,7,7,6,7,1,7,0,339,26,523,7,18,140.15481827275755,771.7899999999997,1281.110999999999,123967.4
00000294--307ed6c5e3--13,B_CONFIRMATION,599,14,6,6,6,6,0,6,0,312,93,726,6,16,192.16096666666633,1150.9050000000002,2286.613,139540.5
00000294--307ed6c5e3--14,B_CONFIRMATION,600,7,5,5,5,5,2,5,0,355,23,610,6,8,163.45008333333286,1001.4500000000002,1613.8930000000018,95493.1
00000294--307ed6c5e3--15,B_CONFIRMATION,600,15,3,3,3,3,0,3,0,367,73,836,3,16,175.02500833611185,1042.4099999999994,1533.8209999999997,148622.5
00000294--307ed6c5e3--16,B_CONFIRMATION,599,20,9,10,9,10,5,10,0,177,94,780,16,24,173.62447890611983,981.92,1990.3439999999998,94364.1
00000294--307ed6c5e3--17,B_CONFIRMATION,600,23,12,13,9,14,7,14,0,590,211,786,25,52,237.41619730045048,1571.9,3084.7,140175.1
00000294--307ed6c5e3--18,B_CONFIRMATION,600,29,9,14,10,17,7,12,2,589,232,860,15,58,232.84988321655035,1544.099999999999,3015.9489999999964,102494.1
00000294--307ed6c5e3--19,B_CONFIRMATION,600,41,16,19,13,20,11,18,1,385,304,901,24,62,271.6743085638122,1648.0649999999996,2964.3999999999955,173693.1
00000294--307ed6c5e3--2,B_CONFIRMATION,600,26,17,70,29,93,78,29,6,558,33,444,35,34,167.07560406598904,1053.6,1802.0,62128.2
00000294--307ed6c5e3--20,B_CONFIRMATION,600,33,19,20,16,20,4,20,0,592,187,841,29,52,210.5342162252209,1257.889999999999,2421.019999999998,139918.4
00000294--307ed6c5e3--21,B_CONFIRMATION,600,26,16,16,16,16,0,16,0,572,48,559,16,18,163.84591174021662,1061.3200000000002,1538.1680000000001,54070.6
00000294--307ed6c5e3--22,B_CONFIRMATION,600,4,1,1,1,1,0,1,0,1,6,150,2,18,119.32767872021347,592.6,962.6,58705.5
00000294--307ed6c5e3--23,B_CONFIRMATION,600,0,0,0,0,0,0,0,0,0,2,86,0,4,115.4390434927511,611.2,754.2,100381.3
00000294--307ed6c5e3--24,B_CONFIRMATION,600,23,10,29,10,29,19,11,1,239,58,431,16,32,181.7096951524238,915.399999999999,2301.515999999996,110082.1
00000294--307ed6c5e3--25,B_CONFIRMATION,600,6,0,0,0,0,0,0,0,0,36,278,7,26,154.12572524174743,816.7549999999994,1266.2099999999982,136952.8
00000294--307ed6c5e3--26,B_CONFIRMATION,600,17,8,9,6,9,3,9,0,47,17,159,13,20,113.71426428928557,601.1,1063.1,56104.6
00000294--307ed6c5e3--27,B_CONFIRMATION,600,14,4,4,4,4,0,4,0,165,0,63,13,30,126.50648333333316,737.0500000000002,1005.7050000000002,83831.5
00000294--307ed6c5e3--28,B_CONFIRMATION,600,52,24,32,22,35,20,28,2,457,80,571,32,36,172.4762372937848,1075.3,2058.5,82036.8
00000294--307ed6c5e3--3,B_CONFIRMATION,600,8,5,5,4,5,1,5,0,200,22,364,7,28,168.46056361514061,955.2199999999996,1522.9479999999999,143647.4
00000294--307ed6c5e3--4,B_CONFIRMATION,600,27,5,6,6,6,0,6,0,486,225,823,7,48,225.41943286071609,1518.8500000000004,2860.8780000000024,93753.0
00000294--307ed6c5e3--5,B_CONFIRMATION,600,14,4,5,5,5,0,5,0,547,124,644,5,32,165.5439146382126,970.6399999999987,1461.6679999999985,132149.6
00000294--307ed6c5e3--6,B_CONFIRMATION,600,16,11,11,9,11,2,11,0,485,88,648,12,18,119.86731666666661,640.2,1044.5620000000035,70346.2
00000294--307ed6c5e3--7,B_CONFIRMATION,600,24,7,7,7,7,1,7,0,437,82,774,7,12,138.98454999999942,846.31,1147.7070000000003,51585.3
00000294--307ed6c5e3--8,B_CONFIRMATION,599,15,4,5,4,5,1,5,0,536,117,606,5,24,146.31057019006315,726.8749999999998,1214.9839999999992,147206.2
00000294--307ed6c5e3--9,B_CONFIRMATION,599,14,6,6,5,6,1,6,0,593,61,554,6,18,129.92248333333356,701.0900000000006,1101.991000000002,85407.4
00000299--4e4dc57170--0,B_CONFIRMATION,620,30,12,19,14,22,11,15,2,389,54,622,19,36,197.56034232197683,1210.739999999999,1913.9359999999992,118987.2
00000299--4e4dc57170--1,B_CONFIRMATION,600,26,16,18,13,20,8,17,1,521,42,472,22,22,144.243514504835,849.4749999999991,1737.200999999996,54865.3
00000299--4e4dc57170--10,B_CONFIRMATION,600,15,4,9,2,9,7,5,1,489,104,716,8,36,183.07362106315537,1017.2,2077.6,106392.0
00000299--4e4dc57170--11,B_CONFIRMATION,600,26,1,1,1,1,0,1,0,129,196,648,6,50,196.58694782463726,920.4299999999981,2793.023999999995,118782.3
00000299--4e4dc57170--12,B_CONFIRMATION,600,10,5,5,5,5,0,5,0,441,75,709,5,20,170.0912695768082,1037.4599999999998,1727.3990000000001,55891.8
00000299--4e4dc57170--13,B_CONFIRMATION,599,42,13,20,12,20,10,13,1,576,165,746,16,22,158.35353451150343,967.7849999999993,1688.1589999999935,72023.3
00000299--4e4dc57170--14,B_CONFIRMATION,599,44,37,37,25,52,30,39,2,441,62,588,43,48,132.3468588568577,770.8,1458.4,52244.8
00000299--4e4dc57170--15,B_CONFIRMATION,599,10,5,5,4,5,1,5,0,516,27,440,5,10,142.98694782463758,819.2299999999999,1413.7859999999955,113845.3
00000299--4e4dc57170--16,B_CONFIRMATION,599,27,13,15,11,16,6,14,1,486,84,685,19,28,159.93762293715648,952.6899999999962,1566.0179999999973,121493.5
00000299--4e4dc57170--17,B_CONFIRMATION,600,18,10,22,15,31,16,12,2,277,28,516,13,38,151.25187406296814,821.5999999999989,1631.9419999999966,84681.5
00000299--4e4dc57170--18,B_CONFIRMATION,599,16,8,13,7,13,15,8,1,258,114,631,10,34,146.75292646323152,833.3199999999998,1631.116,81613.4
00000299--4e4dc57170--19,B_CONFIRMATION,600,21,10,10,8,10,2,10,0,532,82,603,12,16,157.21209798366968,872.0,1282.9,118660.7
00000299--4e4dc57170--2,B_CONFIRMATION,600,5,2,2,2,2,0,2,0,483,42,247,5,38,138.30435072512086,639.5899999999995,1427.7179999999971,117419.3
00000299--4e4dc57170--20,B_CONFIRMATION,600,14,7,7,5,7,2,7,0,401,105,617,10,14,140.17846666666688,820.1100000000007,1274.5,96364.6
00000299--4e4dc57170--21,B_CONFIRMATION,600,22,6,7,6,7,1,7,0,514,119,601,9,42,198.50696666666707,1346.8700000000001,2243.44100000001,84346.3
00000299--4e4dc57170--22,B_CONFIRMATION,600,6,2,2,2,2,0,2,0,31,33,382,2,26,183.73078460769568,1063.9299999999998,1791.4639999999993,138008.9
00000299--4e4dc57170--23,B_CONFIRMATION,600,9,6,8,5,8,3,6,1,534,18,362,7,22,142.51569738376975,787.5,1459.5,93639.7
00000299--4e4dc57170--24,B_CONFIRMATION,600,14,3,3,3,3,0,3,0,581,122,600,5,42,218.67364560760112,1373.649999999998,2568.261999999996,139831.3
00000299--4e4dc57170--25,B_CONFIRMATION,600,13,3,3,3,3,0,3,0,434,145,724,5,30,155.75831666666667,929.7650000000003,1424.6160000000002,98730.9
00000299--4e4dc57170--26,B_CONFIRMATION,600,18,8,8,6,8,2,8,0,214,117,611,8,24,176.28804999999957,1042.5350000000005,1668.144000000001,144833.3
00000299--4e4dc57170--27,B_CONFIRMATION,600,20,9,9,8,9,1,9,0,547,237,724,14,42,256.3283880646765,1860.7099999999994,3415.7779999999957,131526.1
00000299--4e4dc57170--3,B_CONFIRMATION,600,26,12,34,32,34,25,13,1,552,58,638,13,22,162.29095150808217,984.7,1528.6,101833.7
00000299--4e4dc57170--4,B_CONFIRMATION,600,18,6,6,6,6,0,6,0,571,68,463,8,48,167.71456909484903,896.7999999999989,2157.1099999999997,93654.1
00000299--4e4dc57170--5,B_CONFIRMATION,600,0,0,0,0,0,0,0,0,0,1,128,0,10,106.66679446574418,599.1499999999997,756.9199999999995,52049.6
00000299--4e4dc57170--6,B_CONFIRMATION,600,32,14,18,14,21,9,16,1,560,161,571,16,48,210.3605065822359,1044.7,2965.7,116876.4
00000299--4e4dc57170--7,B_CONFIRMATION,600,33,20,22,20,22,2,22,0,547,225,913,25,46,240.19118039346463,1651.2449999999992,2635.770999999996,125124.8
00000299--4e4dc57170--8,B_CONFIRMATION,600,18,10,11,9,11,2,11,0,526,68,635,14,42,161.14149591870688,1048.19,1896.8359999999834,45858.8
00000299--4e4dc57170--9,B_CONFIRMATION,599,29,15,15,11,15,4,15,0,571,104,668,19,32,151.74811666666665,687.7500000000002,2108.5220000000004,57378.1
0000029b--52f66a3abc--0,B_CONFIRMATION,616,28,16,16,14,16,2,16,0,420,63,509,21,36,155.39873129472969,868.2899999999997,1683.8369999999968,118191.9
0000029b--52f66a3abc--1,B_CONFIRMATION,599,9,5,5,4,5,1,5,0,290,37,506,6,18,149.46282094031335,933.4499999999996,1554.5449999999996,78952.5
0000029b--52f66a3abc--10,B_CONFIRMATION,600,4,2,2,1,2,1,2,0,349,38,539,3,10,119.25054157640376,658.8,978.8,58608.6
0000029b--52f66a3abc--11,B_CONFIRMATION,600,4,0,0,0,0,0,0,0,0,93,522,0,18,143.91545257542927,780.2199999999999,1307.5639999999985,117132.3
0000029b--52f66a3abc--12,B_CONFIRMATION,600,5,1,1,1,1,0,1,0,446,33,282,2,38,142.84964160693443,600.7699999999996,1451.7859999999955,142082.9
0000029b--52f66a3abc--13,B_CONFIRMATION,600,24,10,20,17,26,14,13,2,467,28,543,12,22,158.98588568571827,974.6,1486.4,81748.9
0000029b--52f66a3abc--14,B_CONFIRMATION,600,18,10,9,7,10,2,10,0,460,54,702,10,18,163.92422474158025,1011.8149999999999,1735.024999999993,83393.0
0000029b--52f66a3abc--15,B_CONFIRMATION,600,22,15,15,13,15,2,15,0,597,60,523,16,24,172.65375000000034,1122.640000000001,1793.8440000000007,76563.8
0000029b--52f66a3abc--16,B_CONFIRMATION,600,6,4,4,4,4,0,4,0,375,101,507,5,14,179.4287500000005,1090.7250000000004,1622.0330000000008,146948.4
0000029b--52f66a3abc--17,B_CONFIRMATION,600,17,6,6,6,6,0,6,0,331,77,787,8,16,170.7841140190028,1033.339999999998,1743.7939999999883,95612.5
0000029b--52f66a3abc--18,B_CONFIRMATION,600,12,3,3,3,3,0,3,0,81,39,831,3,16,147.0881686385605,926.9,1468.8,66233.1
0000029b--52f66a3abc--19,B_CONFIRMATION,600,46,29,43,23,45,25,34,1,498,163,908,58,62,213.49181393797957,1375.9249999999995,2541.8479999999945,137761.1
0000029b--52f66a3abc--2,B_CONFIRMATION,599,1,0,0,0,0,0,0,0,0,2,66,0,4,89.24669889963293,444.15999999999985,621.4479999999995,52552.3
0000029b--52f66a3abc--20,B_CONFIRMATION,600,9,6,18,10,26,16,8,2,395,122,745,9,44,218.32454999999928,1452.5450000000008,2317.5580000000036,111201.9
0000029b--52f66a3abc--21,B_CONFIRMATION,600,29,20,21,16,26,25,21,1,571,159,745,25,48,265.270388268621,1636.9,3103.3,140901.7
0000029b--52f66a3abc--22,B_CONFIRMATION,599,54,22,21,18,22,5,22,0,576,320,915,37,50,257.9910258548784,1670.0900000000006,2848.132000000009,120260.9
0000029b--52f66a3abc--23,B_CONFIRMATION,600,17,6,7,5,7,2,6,0,495,18,410,7,28,214.0757666666674,1436.2550000000003,1937.1810000000016,125743.0
0000029b--52f66a3abc--24,B_CONFIRMATION,599,38,25,24,20,25,4,25,0,454,131,761,28,38,182.8725045825688,1029.4,2030.1,126203.1
0000029b--52f66a3abc--25,B_CONFIRMATION,599,24,14,14,12,14,2,14,0,470,29,593,14,38,215.47319106368855,1551.874999999999,2164.916999999999,80573.0
0000029b--52f66a3abc--26,B_CONFIRMATION,599,42,21,27,21,27,13,21,1,528,168,742,30,56,255.58288048007947,1724.8299999999965,2758.1059999999834,116306.2
0000029b--52f66a3abc--27,B_CONFIRMATION,599,32,13,18,11,18,7,14,1,518,104,622,15,34,194.6030166666666,1411.82,2266.654000000003,63976.5
0000029b--52f66a3abc--28,B_CONFIRMATION,600,19,9,9,8,9,1,9,0,338,122,633,10,44,224.27979999999977,1475.7850000000046,2541.758000000001,117032.1
0000029b--52f66a3abc--29,B_CONFIRMATION,599,28,23,21,20,23,2,23,0,475,36,361,25,34,129.39769923307728,704.8249999999995,1191.6039999999957,103645.1
0000029b--52f66a3abc--3,B_CONFIRMATION,600,0,0,0,0,0,0,0,0,0,1,72,0,2,82.42199999999977,406.21000000000004,624.1050000000001,2344.8
0000029b--52f66a3abc--30,B_CONFIRMATION,600,16,12,13,12,13,1,13,0,499,25,322,18,26,137.3879999999999,719.2550000000003,1217.306,132493.8
0000029b--52f66a3abc--4,B_CONFIRMATION,600,48,18,22,15,24,11,20,1,517,185,747,31,50,227.67229076358805,1372.0449999999978,2412.4659999999944,125195.2
0000029b--52f66a3abc--5,B_CONFIRMATION,600,13,1,1,1,1,0,1,0,1,181,774,1,40,208.55119305856823,1300.7799999999986,2635.316,122480.2
0000029b--52f66a3abc--6,B_CONFIRMATION,600,11,1,1,0,1,1,1,0,1,114,548,1,26,141.5695949324891,880.8299999999998,1249.6179999999995,81256.2
0000029b--52f66a3abc--7,B_CONFIRMATION,600,6,2,2,2,2,0,2,0,204,61,536,2,14,139.23590341382172,763.9400000000003,1252.1440000000002,102772.9
0000029b--52f66a3abc--8,B_CONFIRMATION,600,18,4,5,5,5,0,5,0,394,152,806,6,24,166.72417124770948,931.9199999999994,1572.7,137750.6
0000029b--52f66a3abc--9,B_CONFIRMATION,600,12,7,6,4,7,3,7,0,94,91,610,7,16,162.7180273242254,926.9649999999999,1370.7849999999996,131190.8
000002a2--b53d86b8b1--10,B_CONFIRMATION,599,17,12,18,13,21,8,13,2,546,53,265,14,34,147.13231077025637,620.8399999999995,1522.2059999999922,122661.5
000002a2--b53d86b8b1--11,B_CONFIRMATION,600,14,8,9,9,9,0,9,0,58,41,231,14,56,113.55538717735232,592.1600000000001,1254.5800000000002,55464.1
000002a2--b53d86b8b1--12,B_CONFIRMATION,600,88,35,69,47,103,86,52,9,568,220,636,71,68,187.9201634422946,1204.7749999999999,2642.625000000003,108413.3
000002a2--b53d86b8b1--13,B_CONFIRMATION,600,32,16,31,21,35,21,23,2,328,35,314,25,86,147.44881350267346,840.4799999999996,2140.525000000001,4267.9
000002a2--b53d86b8b1--14,B_CONFIRMATION,600,20,10,10,8,10,2,10,0,579,21,361,15,26,196.18318378198668,1593.3199999999997,2107.0169999999994,97796.9
000002a2--b53d86b8b1--15,B_CONFIRMATION,600,44,27,161,21,165,144,27,1,523,25,531,38,36,253.96695579649824,1914.54,2414.5420000000004,114676.9
000002a2--b53d86b8b1--17,B_CONFIRMATION,600,3,1,32,3,32,31,3,1,396,16,298,1,20,146.13983672109305,715.9099999999994,1594.552999999999,127214.3
000002a2--b53d86b8b1--18,B_CONFIRMATION,599,10,5,5,5,5,0,5,0,198,2,153,5,8,105.06937177137173,541.5,817.4,68106.4
000002a2--b53d86b8b1--19,B_CONFIRMATION,600,13,10,11,11,11,1,11,0,508,5,341,13,16,148.86697201865408,926.3099999999997,1233.3840000000018,60139.5
000002a2--b53d86b8b1--20,B_CONFIRMATION,599,4,2,2,2,2,0,2,0,379,4,172,3,14,113.75693564521526,574.6749999999998,904.2429999999979,61981.5
000002a2--b53d86b8b1--21,B_CONFIRMATION,599,5,1,9,1,9,8,3,1,562,8,214,3,16,116.40206666666673,569.6550000000002,893.5140000000004,102801.9
000002a2--b53d86b8b1--22,B_CONFIRMATION,599,13,7,7,5,7,2,7,0,394,9,222,7,14,132.0530744875855,608.1,1144.6,100071.3
000002a2--b53d86b8b1--23,B_CONFIRMATION,599,4,2,2,2,2,0,2,0,404,2,86,2,14,96.37658333333337,499.7450000000001,716.3120000000002,51120.9
000002a2--b53d86b8b1--24,B_CONFIRMATION,600,3,2,2,2,2,0,2,0,221,9,277,3,10,143.89230128311988,794.2,1285.2,119490.6
000002a2--b53d86b8b1--25,B_CONFIRMATION,599,2,1,1,1,1,0,1,0,3,8,314,1,10,125.62398733122157,710.3199999999998,997.7199999999996,98388.6
000002a2--b53d86b8b1--27,B_CONFIRMATION,600,48,28,75,59,103,70,37,8,460,75,598,40,46,165.00463333333295,1107.7150000000001,1645.4130000000023,70631.8
000002a2--b53d86b8b1--28,B_CONFIRMATION,600,13,6,6,6,6,0,6,0,349,5,289,7,30,123.34397399566564,701.3099999999998,1091.0299999999945,62056.0
000002a2--b53d86b8b1--9,B_CONFIRMATION,600,36,21,23,20,26,10,23,1,426,154,808,33,54,200.79681507420287,1432.8799999999999,2255.812,56026.4
00000243--a4d9c0a5dd--0,C_QUANTIZED,621,41,16,37,19,40,36,19,2,507,64,507,22,40,160.4715115341182,984.9699999999953,1832.0779999999982,66524.1
00000245--2c15eb5d45--12,C_QUANTIZED,600,8,3,3,3,3,0,3,0,75,39,426,3,10,124.95653115628153,704.4799999999996,1069.148999999999,59928.8
00000245--2c15eb5d45--19,C_QUANTIZED,600,34,19,18,17,19,6,19,0,447,131,863,29,36,202.16457257123827,1461.5,2209.4,62668.2
00000245--2c15eb5d45--21,C_QUANTIZED,600,46,30,28,14,37,25,33,1,567,167,812,31,50,203.16459513495562,1317.99,2615.333999999992,58740.9
00000245--2c15eb5d45--32,C_QUANTIZED,600,14,4,4,2,4,2,4,0,399,27,340,7,30,121.13679826753291,683.1099999999993,1136.5919999999976,58164.5
00000245--2c15eb5d45--7,C_QUANTIZED,600,26,2,2,2,2,0,2,0,543,172,758,3,30,165.26929488248075,1041.7099999999994,1642.409999999988,63707.6
00000247--b657952782--0,C_QUANTIZED,619,109,36,59,43,65,46,42,3,505,107,916,63,50,188.3649273021001,1284.2449999999985,2013.7399999999986,69364.3
00000247--b657952782--1,C_QUANTIZED,600,98,33,43,31,45,21,39,2,559,142,877,50,48,188.59228204700807,1347.34,1932.213999999995,73284.5
00000247--b657952782--10,C_QUANTIZED,600,8,3,3,3,3,0,3,0,124,6,222,4,18,122.26058686228731,652.4349999999997,976.3679999999986,67060.7
00000247--b657952782--11,C_QUANTIZED,600,17,10,10,10,10,0,10,0,496,8,189,14,38,123.25426524491857,767.9849999999999,983.3969999999998,3515.6
00000247--b657952782--12,C_QUANTIZED,600,21,11,12,12,12,0,12,0,486,41,384,22,42,138.89639879960063,818.8749999999991,1218.606,86120.1
00000247--b657952782--13,C_QUANTIZED,600,8,4,10,2,10,8,4,1,88,76,654,4,30,184.99451483827875,1188.3899999999999,1953.5619999999988,84880.2
00000247--b657952782--14,C_QUANTIZED,600,29,14,16,13,16,3,16,0,523,38,566,21,20,172.1686323504913,1047.6699999999996,1736.949999999999,96061.6
00000247--b657952782--15,C_QUANTIZED,600,17,2,6,2,6,4,2,1,370,53,660,3,28,159.65407703851915,927.5599999999995,1728.32,79327.4
00000247--b657952782--16,C_QUANTIZED,600,3,2,2,2,2,0,2,0,353,36,540,2,16,137.9446833333331,847.0150000000003,1254.7700000000016,67988.5
00000247--b657952782--17,C_QUANTIZED,600,11,4,4,3,4,1,4,0,452,117,600,6,40,178.0490500000002,1160.640000000001,1964.2280000000007,79402.4
00000247--b657952782--18,C_QUANTIZED,600,17,10,10,10,10,0,10,0,524,61,752,13,12,153.84387397899647,948.1099999999994,1361.0079999999998,103997.9
00000247--b657952782--19,C_QUANTIZED,600,25,11,11,11,11,2,11,0,479,62,811,11,14,160.6528254709119,982.1599999999996,1438.7079999999928,99433.4
00000247--b657952782--2,C_QUANTIZED,599,64,18,19,17,19,2,19,0,553,80,754,26,26,147.44811541027389,911.8000000000001,1549.9550000000017,82649.4
00000247--b657952782--20,C_QUANTIZED,600,18,13,14,11,14,3,14,0,403,99,619,20,22,160.4431666666667,929.905,1319.2070000000003,107554.8
00000247--b657952782--21,C_QUANTIZED,600,15,6,9,4,9,5,6,1,384,62,515,7,14,144.65174941686135,732.3449999999998,1692.895,103713.3
00000247--b657952782--22,C_QUANTIZED,600,45,23,29,20,33,22,25,3,531,73,670,31,32,148.1391463821273,883.3299999999984,1388.5449999999996,109614.5
00000247--b657952782--23,C_QUANTIZED,600,18,7,7,7,7,0,7,0,202,37,464,9,32,145.86827195467416,615.6,1546.9,107371.9
00000247--b657952782--24,C_QUANTIZED,600,28,4,8,3,8,6,4,1,309,251,733,6,48,243.93945000000022,1655.7800000000004,2954.849000000001,105488.3
00000247--b657952782--25,C_QUANTIZED,600,34,4,4,3,4,1,4,0,125,293,753,7,42,218.43307217869557,1368.239999999999,2544.063999999991,124753.0
00000247--b657952782--26,C_QUANTIZED,600,21,3,3,3,3,0,3,0,78,196,833,3,44,216.22818803133862,1368.8099999999993,2373.1579999999867,116686.2
00000247--b657952782--27,C_QUANTIZED,600,42,3,3,2,3,1,3,0,3,248,754,5,48,223.5123812697885,1452.0,3029.6,132358.8
00000247--b657952782--28,C_QUANTIZED,600,18,4,4,1,4,3,4,0,356,180,738,9,22,176.58842947649234,1087.0449999999998,1618.3999999999974,124460.9
00000247--b657952782--29,C_QUANTIZED,600,9,4,4,4,4,0,4,0,519,136,685,6,24,167.5343942676218,1009.4,1678.8,132529.8
00000247--b657952782--3,C_QUANTIZED,600,19,6,6,6,6,0,6,0,558,33,293,10,22,138.50659670164904,572.7099999999997,1548.5359999999987,124010.3
00000247--b657952782--30,C_QUANTIZED,599,8,4,4,2,4,2,4,0,19,57,497,6,24,142.5872457485828,758.0699999999994,1187.5449999999996,124977.5
00000247--b657952782--31,C_QUANTIZED,600,20,6,6,5,6,3,6,0,350,139,513,7,54,186.57817394201925,1083.8999999999996,2325.9769999999994,114185.8
00000247--b657952782--32,C_QUANTIZED,599,7,2,2,0,2,2,2,0,78,83,655,2,32,234.32531666666716,1613.545,2550.0160000000046,154890.4
00000247--b657952782--33,C_QUANTIZED,599,18,9,9,8,9,1,9,0,122,34,393,12,30,164.75607398766874,835.7,1951.8,140836.8
00000247--b657952782--34,C_QUANTIZED,599,2,0,0,0,0,0,0,0,0,5,198,2,26,145.78713333333368,732.3500000000001,1151.6600000000035,137514.0
00000247--b657952782--35,C_QUANTIZED,599,23,7,7,7,7,0,7,0,531,40,413,10,26,154.9257623729379,789.4,1521.8,151896.1
00000247--b657952782--36,C_QUANTIZED,599,14,3,5,3,5,2,4,0,325,43,416,3,18,170.0502416263963,1011.9,1562.1,140965.7
00000247--b657952782--37,C_QUANTIZED,599,7,1,1,1,1,0,1,0,12,19,237,2,22,122.5207999999999,502.6200000000001,1072.5180000000025,127555.4
00000247--b657952782--38,C_QUANTIZED,599,48,21,27,16,33,20,24,1,538,75,867,27,42,189.1611731378101,1157.0,1954.4,145118.9
00000247--b657952782--39,C_QUANTIZED,585,67,8,16,11,23,14,13,2,544,38,457,34,46,161.70962094169622,949.0699999999999,1697.3780000000006,128383.1
00000247--b657952782--4,C_QUANTIZED,599,11,1,1,1,1,0,1,0,1,15,247,3,18,128.90734999999995,755.4300000000001,1012.7390000000008,57543.3
00000247--b657952782--5,C_QUANTIZED,599,33,10,33,9,34,24,13,1,386,63,542,22,40,156.4823666666661,977.1700000000012,1899.0540000000012,62971.2
00000247--b657952782--6,C_QUANTIZED,600,47,23,34,25,43,34,24,2,535,80,625,30,44,157.04520913181187,957.3,1792.2,67058.6
00000247--b657952782--7,C_QUANTIZED,600,30,13,19,10,20,12,19,0,502,44,338,18,14,133.26246041006806,687.0399999999997,1363.3319999999944,56781.2
00000247--b657952782--8,C_QUANTIZED,599,16,8,38,33,38,32,10,3,349,19,212,19,32,145.94237118559283,922.9199999999998,1220.9959999999999,58728.7
00000247--b657952782--9,C_QUANTIZED,600,16,8,13,9,13,7,10,1,191,17,148,23,30,119.27534155281643,637.5199999999998,1060.9799999999996,54604.6
00000250--8354d55131--0,C_QUANTIZED,621,88,23,28,22,29,12,25,1,286,66,449,40,46,166.3703721841332,768.8000000000001,2223.6499999999996,61412.0
00000250--8354d55131--1,C_QUANTIZED,599,91,22,36,21,36,19,26,2,592,94,925,42,40,169.85497630331798,1085.6199999999997,2008.0320000000008,58968.8
00000250--8354d55131--2,C_QUANTIZED,377,1,0,0,0,0,0,0,0,0,1,73,2,8,69.90954893168053,347.25,543.5299999999999,1807.5
00000252--d191bee66c--0,C_QUANTIZED,617,70,18,22,16,25,10,22,1,262,52,371,33,46,147.65528388578932,578.3099999999997,1862.6979999999994,83427.3
00000252--d191bee66c--1,C_QUANTIZED,600,47,9,11,9,12,3,11,0,563,37,438,18,38,119.84524644945716,572.4600000000002,1353.0599999999995,74181.0
00000252--d191bee66c--2,C_QUANTIZED,333,1,0,0,0,0,0,0,0,0,3,86,1,10,81.27606557377065,427.55999999999995,596.788,1900.6
00000254--0ac259250e--0,C_QUANTIZED,620,71,23,37,19,39,23,27,2,342,54,488,40,44,144.84164633154393,637.2699999999998,1740.32,78116.0
00000254--0ac259250e--1,C_QUANTIZED,600,97,44,54,44,58,21,49,1,561,89,834,65,40,195.68508417508392,1303.1600000000017,2027.8229999999985,99124.9
00000254--0ac259250e--10,C_QUANTIZED,599,10,5,21,3,23,20,5,1,144,27,400,6,26,135.6061695368665,743.9,1207.9799999999987,67315.2
00000254--0ac259250e--11,C_QUANTIZED,599,40,16,50,41,56,51,19,2,575,83,917,22,44,202.5305220883533,1327.1499999999999,2189.3500000000004,113538.2
00000254--0ac259250e--12,C_QUANTIZED,600,51,24,55,31,58,37,30,3,523,105,759,28,54,204.0395543642151,1326.2599999999984,2184.139999999996,106301.5
00000254--0ac259250e--13,C_QUANTIZED,600,8,5,5,5,5,0,5,0,5,3,122,7,18,113.94282619563413,632.3,846.2,82253.0
00000254--0ac259250e--14,C_QUANTIZED,600,15,10,10,9,10,3,10,0,203,37,410,15,26,148.85790965160888,877.6699999999996,1582.5119999999997,93479.2
00000254--0ac259250e--15,C_QUANTIZED,600,6,4,4,4,4,0,4,0,489,26,275,5,32,164.03842307051158,954.1299999999998,1787.202,84916.8
00000254--0ac259250e--16,C_QUANTIZED,600,10,3,3,3,3,0,3,0,177,5,224,3,22,151.656281239587,919.2849999999999,1185.5709999999992,100029.3
00000254--0ac259250e--17,C_QUANTIZED,600,30,25,19,12,28,14,28,0,397,67,515,31,44,187.76747679324887,1191.8600000000004,2181.8040000000005,94303.1
00000254--0ac259250e--18,C_QUANTIZED,600,30,7,7,7,7,0,7,0,195,27,598,8,22,207.19773144286881,1418.73,1788.3700000000017,113225.9
00000254--0ac259250e--19,C_QUANTIZED,600,33,11,11,7,11,4,11,0,404,164,655,16,64,188.0143949930453,1032.3249999999998,2549.1369999999974,124801.9
00000254--0ac259250e--2,C_QUANTIZED,599,120,53,109,62,123,85,62,9,552,105,823,68,56,216.83434038267828,1484.6899999999998,2132.03600000001,114560.8
00000254--0ac259250e--20,C_QUANTIZED,600,47,12,12,11,12,1,12,0,461,101,847,15,34,230.08235983263646,1395.820000000001,2067.5320000000006,148368.9
00000254--0ac259250e--21,C_QUANTIZED,599,112,20,33,28,37,17,25,4,550,40,900,24,24,262.5406947474406,1697.849999999998,2321.478,155516.7
00000254--0ac259250e--22,C_QUANTIZED,600,32,12,12,9,12,3,12,0,544,68,689,19,36,198.62076612903215,1294.1049999999998,2094.6859999999997,110725.1
00000254--0ac259250e--23,C_QUANTIZED,600,55,28,28,24,29,5,29,0,569,97,580,31,38,189.1274207224016,1079.2599999999998,2300.295999999999,109285.0
00000254--0ac259250e--24,C_QUANTIZED,600,50,29,29,29,29,0,29,0,593,84,686,40,32,214.0675438596489,1393.4299999999998,2441.6949999999993,118860.8
00000254--0ac259250e--25,C_QUANTIZED,600,52,31,334,28,349,332,35,4,583,49,461,40,40,213.1520593630153,1453.4399999999998,2068.4919999999993,135811.6
00000254--0ac259250e--26,C_QUANTIZED,600,58,26,29,25,31,10,30,0,424,98,638,42,46,163.10754716981123,1015.1999999999991,1751.3319999999997,107183.4
00000254--0ac259250e--27,C_QUANTIZED,600,74,21,22,17,22,5,22,0,438,24,802,34,24,191.06900467601898,1244.8199999999988,1740.0510000000013,131096.1
00000254--0ac259250e--28,C_QUANTIZED,600,74,24,24,24,24,0,24,0,427,40,687,35,26,197.79560861579571,1292.2799999999995,1817.3719999999998,145616.7
00000254--0ac259250e--29,C_QUANTIZED,600,51,21,24,15,24,9,22,0,476,152,638,25,52,241.0365226517397,1430.2199999999998,3183.648000000002,126060.3
00000254--0ac259250e--3,C_QUANTIZED,599,73,19,43,29,58,40,27,4,573,54,683,33,44,199.92596685082884,1295.2799999999995,2023.696,139001.0
00000254--0ac259250e--30,C_QUANTIZED,599,30,14,40,35,74,70,21,7,497,115,602,25,66,188.24276048714466,1064.6,2011.3170000000018,149631.5
00000254--0ac259250e--31,C_QUANTIZED,600,2,0,0,0,0,0,0,0,0,1,162,0,8,139.002616230628,707.7,893.7,150033.6
00000254--0ac259250e--32,C_QUANTIZED,600,1,1,1,1,1,0,1,0,1,2,170,1,14,132.91838026995475,672.5,898.1,139292.0
00000254--0ac259250e--33,C_QUANTIZED,600,26,10,11,11,11,0,11,0,307,61,526,13,22,183.8145579140904,1042.2999999999981,1873.354,125760.9
00000254--0ac259250e--34,C_QUANTIZED,600,46,22,50,31,89,64,33,8,553,84,599,35,34,148.2190380761523,931.4249999999984,1530.0240000000006,60264.5
00000254--0ac259250e--35,C_QUANTIZED,600,47,18,32,29,33,15,23,1,432,36,443,43,40,171.70339464882971,1079.4250000000009,1857.2999999999997,57488.5
00000254--0ac259250e--36,C_QUANTIZED,600,16,5,7,2,7,5,5,1,39,13,205,7,20,111.83071154807557,578.8,1002.2,58206.4
00000254--0ac259250e--37,C_QUANTIZED,600,90,32,86,68,118,87,45,5,535,88,809,71,46,212.3662794612792,1502.5750000000003,2100.202999999996,59306.0
00000254--0ac259250e--38,C_QUANTIZED,600,128,43,96,77,182,124,59,6,572,91,738,87,58,222.47938618925872,1596.54,2409.4119999999994,68683.5
00000254--0ac259250e--39,C_QUANTIZED,600,43,14,15,14,15,1,15,0,442,31,361,38,30,152.88536422737153,980.3,1367.1679999999983,62239.3
00000254--0ac259250e--4,C_QUANTIZED,600,27,17,17,14,17,3,17,0,454,29,391,22,24,144.41278721278766,910.175,1382.67,57117.1
00000254--0ac259250e--40,C_QUANTIZED,600,105,30,40,33,44,24,39,0,528,83,736,59,60,157.79790717299588,1061.0800000000004,1725.5080000000019,70799.4
00000254--0ac259250e--41,C_QUANTIZED,600,55,17,17,16,17,1,17,0,357,56,663,29,42,162.84791910412858,1007.8199999999994,1716.1,56305.1
00000254--0ac259250e--42,C_QUANTIZED,152,34,7,11,9,12,5,11,0,138,25,118,15,44,141.05183006535907,963.2199999999999,1814.4760000000006,3396.1
00000254--0ac259250e--5,C_QUANTIZED,599,42,10,10,7,10,3,10,0,513,78,674,14,24,191.2682297772568,1281.0,1902.4300000000003,103760.5
00000254--0ac259250e--6,C_QUANTIZED,599,24,9,8,7,9,1,9,0,568,36,281,13,42,152.35391891891862,702.7550000000003,2131.8530000000205,81324.9
00000254--0ac259250e--7,C_QUANTIZED,599,0,0,0,0,0,0,0,0,0,0,72,0,2,98.66629963296621,536.6,694.3359999999986,2545.1
00000254--0ac259250e--8,C_QUANTIZED,600,38,15,18,11,19,9,16,1,359,89,603,24,30,162.06364548494938,1004.2850000000004,1794.005,75802.7
00000254--0ac259250e--9,C_QUANTIZED,600,29,21,19,15,22,5,22,0,590,24,168,26,32,128.8647225935825,584.5899999999992,1352.317,80967.1
00000255--d1d0ee73c5--21,C_QUANTIZED,599,6,2,2,1,2,1,2,0,2,4,197,3,10,126.52333333333308,654.5250000000004,917.5350000000008,89131.2
00000255--d1d0ee73c5--22,C_QUANTIZED,599,5,2,2,2,2,1,2,0,108,28,302,3,20,135.77917294491826,612.8199999999999,1556.5319999999995,81911.9
00000255--d1d0ee73c5--23,C_QUANTIZED,599,10,5,5,3,5,2,5,0,330,38,275,6,32,135.25269751127425,711.2599999999991,1335.500000000005,105444.7
00000255--d1d0ee73c5--24,C_QUANTIZED,600,16,4,4,3,4,1,4,0,272,44,404,7,28,143.5820555741546,784.359999999999,1648.5419999999976,102499.6
00000255--d1d0ee73c5--25,C_QUANTIZED,599,16,7,7,6,7,1,7,0,415,20,183,10,20,132.97698716880538,575.2,1355.7,101252.9
00000255--d1d0ee73c5--26,C_QUANTIZED,599,0,0,0,0,0,0,0,0,0,0,23,7,4,110.25241666666665,531.2800000000003,638.2020000000001,87496.4
00000255--d1d0ee73c5--27,C_QUANTIZED,600,17,8,17,11,17,9,12,1,356,54,389,14,34,149.48528820375316,842.5549999999996,1596.5359999999994,89769.2
00000255--d1d0ee73c5--28,C_QUANTIZED,599,19,7,11,5,11,6,7,2,554,80,577,9,22,156.29018527791666,839.9000000000001,1521.8000000000043,101575.2
00000255--d1d0ee73c5--29,C_QUANTIZED,600,7,4,4,4,4,0,4,0,213,43,530,4,14,160.56183333333357,1001.2700000000003,1494.7670000000016,105069.1
00000255--d1d0ee73c5--30,C_QUANTIZED,600,29,5,5,5,5,0,5,0,485,169,850,8,40,186.806498809119,1182.6649999999972,2129.840999999984,102525.1
00000255--d1d0ee73c5--31,C_QUANTIZED,600,15,5,5,4,5,1,5,0,102,37,423,6,26,133.7064807082013,602.5899999999999,1553.732000000003,118824.0
00000255--d1d0ee73c5--32,C_QUANTIZED,600,9,6,6,6,6,0,6,0,86,21,334,7,10,150.22796666666667,766.0150000000001,1328.501,119591.8
00000255--d1d0ee73c5--33,C_QUANTIZED,600,22,10,19,18,23,9,15,1,590,79,460,13,30,156.43553138075293,914.0900000000004,1489.2860000000003,132720.2
00000255--d1d0ee73c5--34,C_QUANTIZED,600,35,7,7,6,7,1,7,0,335,32,596,25,32,191.42649658162344,1243.3199999999995,1801.8599999999997,119064.9
00000255--d1d0ee73c5--35,C_QUANTIZED,600,56,26,41,23,42,26,27,3,585,96,590,36,52,180.1615410441499,1068.4599999999998,1857.3639999999928,114795.0
00000255--d1d0ee73c5--36,C_QUANTIZED,600,11,2,17,1,17,16,3,1,209,4,219,7,20,175.34679220129945,1126.2,1408.3,124187.1
00000255--d1d0ee73c5--37,C_QUANTIZED,600,34,21,22,20,22,2,22,0,330,35,478,24,30,173.25130130130083,1097.1699999999998,1702.0469999999996,116582.9
00000255--d1d0ee73c5--38,C_QUANTIZED,600,52,24,32,18,33,16,24,2,530,69,717,31,36,208.26031427616203,1310.4599999999998,2010.6599999999903,148380.5
00000255--d1d0ee73c5--39,C_QUANTIZED,600,104,38,55,42,63,29,45,4,569,123,860,51,44,223.53826829676694,1427.75,2451.35000000001,109081.7
00000255--d1d0ee73c5--40,C_QUANTIZED,420,30,8,8,8,8,0,8,0,416,28,320,14,34,117.68244402096225,655.2849999999993,1241.7809999999915,3581.7
00000257--d1cacb63a0--0,C_QUANTIZED,619,82,24,42,28,50,26,31,4,489,78,582,42,50,163.59209716599153,803.8399999999987,2081.1860000000006,60154.0
00000257--d1cacb63a0--1,C_QUANTIZED,600,59,33,118,58,124,100,38,3,576,44,552,48,36,185.6192532088679,1114.869999999998,1879.5279999999993,134517.2
00000257--d1cacb63a0--10,C_QUANTIZED,599,2,1,1,1,1,0,1,0,1,12,190,1,20,125.59281666666628,608.305,912.5350000000008,108196.8
00000257--d1cacb63a0--11,C_QUANTIZED,600,11,8,31,15,38,23,13,4,166,40,235,12,34,145.65696666666676,558.8700000000001,1889.0680000000016,138696.0
00000257--d1cacb63a0--12,C_QUANTIZED,599,32,12,12,9,13,4,13,0,525,105,638,14,38,201.9103402268175,1207.8249999999998,2332.445000000001,136327.0
00000257--d1cacb63a0--13,C_QUANTIZED,600,29,13,13,9,13,5,13,0,479,59,536,16,22,147.39459729864953,921.0399999999998,1574.5559999999994,50988.9
00000257--d1cacb63a0--14,C_QUANTIZED,599,63,27,50,45,88,52,31,3,494,319,872,53,60,244.41944305486098,1579.1999999999994,3024.156,136821.3
00000257--d1cacb63a0--15,C_QUANTIZED,600,43,22,23,20,23,5,22,0,572,57,484,35,28,155.4841719426858,980.0749999999999,1530.054999999999,60497.9
00000257--d1cacb63a0--16,C_QUANTIZED,600,47,28,72,51,81,67,39,6,589,78,474,58,54,244.36181666666673,1826.2,2630.71,85736.0
00000257--d1cacb63a0--17,C_QUANTIZED,600,27,11,13,12,13,1,13,0,542,29,487,18,28,167.45317447092162,1204.5,1740.3,64635.1
00000257--d1cacb63a0--18,C_QUANTIZED,600,19,4,4,4,4,1,4,0,567,41,661,4,28,192.82313718953185,1351.7099999999994,1939.1479999999988,62340.8
00000257--d1cacb63a0--19,C_QUANTIZED,600,15,5,5,4,5,1,5,0,492,28,345,14,18,142.65986995665216,818.0699999999994,1504.9539999999995,56488.0
00000257--d1cacb63a0--2,C_QUANTIZED,600,38,14,13,13,14,1,14,0,489,72,531,26,40,184.7277712952165,1119.8299999999997,1974.0359999999991,86609.3
00000257--d1cacb63a0--20,C_QUANTIZED,600,6,1,1,1,1,0,1,0,1,5,171,3,12,110.74806731089672,603.7299999999997,815.9939999999999,69047.6
00000257--d1cacb63a0--21,C_QUANTIZED,600,19,10,9,9,10,1,10,0,592,54,479,12,38,142.7646607767961,777.6,1402.137999999992,54427.8
00000257--d1cacb63a0--22,C_QUANTIZED,600,55,12,12,10,12,2,12,0,497,276,743,18,56,237.82462598756092,1556.1999999999998,3126.6999999999975,107549.7
00000257--d1cacb63a0--23,C_QUANTIZED,600,34,9,8,7,9,1,9,0,343,32,522,11,30,194.8200000000001,1337.3150000000012,2131.419000000001,89999.0
00000257--d1cacb63a0--24,C_QUANTIZED,600,25,9,9,7,9,4,9,0,369,69,670,16,36,182.47938333333315,1165.61,1794.4150000000004,98294.3
00000257--d1cacb63a0--25,C_QUANTIZED,600,44,22,37,20,40,24,27,1,588,253,833,39,52,227.46374561842694,1589.75,2449.6600000000035,104410.5
00000257--d1cacb63a0--26,C_QUANTIZED,600,37,21,18,12,21,9,21,0,519,88,596,32,36,179.0440646882292,1072.934999999999,2041.6059999999973,97715.0
00000257--d1cacb63a0--27,C_QUANTIZED,600,43,22,22,21,23,3,23,0,496,51,434,28,42,179.7836751709187,1115.1999999999998,1915.508,95250.6
00000257--d1cacb63a0--28,C_QUANTIZED,600,62,27,27,26,27,5,27,0,593,261,915,54,66,218.72172390796905,1534.5749999999998,2442.7209999999995,101590.7
00000257--d1cacb63a0--29,C_QUANTIZED,599,53,25,27,23,27,5,26,0,574,94,602,36,58,194.58021684737292,1294.4600000000005,2329.5520000000156,96432.3
00000257--d1cacb63a0--3,C_QUANTIZED,600,14,5,5,3,5,2,5,0,62,100,454,21,36,165.43142190365083,878.179999999999,2157.308,79389.1
00000257--d1cacb63a0--30,C_QUANTIZED,600,89,33,67,37,73,54,39,3,542,93,824,60,46,185.73200533422207,1179.41,1974.383999999998,132991.4
00000257--d1cacb63a0--31,C_QUANTIZED,431,12,3,3,2,3,1,3,0,87,8,107,4,26,91.36729036729035,487.7199999999974,970.3200000000008,2782.3
00000257--d1cacb63a0--4,C_QUANTIZED,600,24,11,12,9,13,5,12,0,212,111,508,18,44,165.3568261376895,777.8999999999962,2080.0939999999955,104457.1
00000257--d1cacb63a0--5,C_QUANTIZED,600,29,17,16,15,17,2,17,0,544,64,575,24,36,175.303083333334,1145.9700000000005,2028.611,108489.7
00000257--d1cacb63a0--6,C_QUANTIZED,599,42,18,16,14,18,3,18,0,225,60,495,22,46,196.78028004667394,1326.8999999999994,2204.053999999994,100003.5
00000257--d1cacb63a0--7,C_QUANTIZED,599,58,23,54,21,75,62,29,2,508,237,746,40,60,217.90091666666748,1556.5850000000003,2754.9960000000024,99696.7
00000257--d1cacb63a0--8,C_QUANTIZED,599,42,12,12,12,12,0,12,0,478,42,746,16,28,269.92314104701535,1902.8199999999997,2535.7539999999995,130840.7
00000257--d1cacb63a0--9,C_QUANTIZED,599,31,11,20,10,21,11,14,1,497,72,661,18,30,216.61779703382717,1493.5,2167.3,113221.5
00000259--f920fb6ddd--0,C_QUANTIZED,622,119,37,87,69,112,87,54,6,622,72,812,58,52,195.84077654261324,1261.58,1956.4599999999984,105723.7
00000259--f920fb6ddd--1,C_QUANTIZED,600,36,14,23,13,23,11,15,1,553,36,353,21,40,186.16328373181685,1216.1,1740.2199999999993,126229.1
00000259--f920fb6ddd--10,C_QUANTIZED,600,24,8,8,6,8,2,8,0,255,122,791,16,42,236.22450000000032,1603.8400000000006,2635.4580000000055,118632.3
00000259--f920fb6ddd--11,C_QUANTIZED,600,17,9,9,8,9,1,9,0,458,33,411,11,30,154.03353333333294,757.7600000000003,1718.5030000000002,133959.1
00000259--f920fb6ddd--12,C_QUANTIZED,600,7,1,1,1,1,0,1,0,31,16,190,1,38,120.36953841026511,475.2,994.4,131314.0
00000259--f920fb6ddd--13,C_QUANTIZED,600,42,12,14,8,15,6,12,1,529,175,902,17,50,227.3005499999994,1507.650000000001,2713.9220000000028,141543.3
00000259--f920fb6ddd--14,C_QUANTIZED,600,11,7,7,6,7,1,7,0,498,92,510,8,36,195.79811729423525,1152.4149999999997,2254.2369999999987,102669.3
00000259--f920fb6ddd--15,C_QUANTIZED,600,21,1,1,1,1,0,1,0,18,120,642,1,30,224.48148333333324,1305.1600000000012,2608.753000000001,141279.3
00000259--f920fb6ddd--16,C_QUANTIZED,599,8,3,9,4,10,8,4,1,137,31,438,11,18,172.08108333333396,1071.0500000000002,1703.3820000000017,114328.7
00000259--f920fb6ddd--17,C_QUANTIZED,600,19,11,11,9,11,2,11,0,234,53,546,11,24,169.07866666666692,996.1800000000006,2018.588000000002,62238.1
00000259--f920fb6ddd--18,C_QUANTIZED,600,23,13,13,13,13,0,13,0,468,54,844,14,20,239.72369999999952,1513.505,2079.107,176389.5
00000259--f920fb6ddd--19,C_QUANTIZED,599,73,21,29,19,32,14,23,2,582,444,998,24,52,332.7764460743458,2066.7799999999993,3935.6999999999975,190116.1
00000259--f920fb6ddd--2,C_QUANTIZED,600,37,19,18,18,19,2,19,0,550,16,246,33,32,186.6041514447016,1371.345,1800.1829999999995,60997.1
00000259--f920fb6ddd--20,C_QUANTIZED,600,89,58,46,26,59,32,59,0,539,144,830,58,54,233.89865022496278,1446.9,2577.0,168326.0
00000259--f920fb6ddd--21,C_QUANTIZED,599,15,1,1,1,1,0,1,0,156,74,567,3,26,158.96601100183335,930.0899999999995,1978.919999999983,58661.0
00000259--f920fb6ddd--22,C_QUANTIZED,599,7,2,2,2,2,0,2,0,21,34,464,3,24,174.7605767627934,933.3,1859.9639999999938,143217.7
00000259--f920fb6ddd--23,C_QUANTIZED,599,56,27,34,26,49,27,35,4,556,107,723,30,58,174.82728333333367,1032.4450000000002,2228.0110000000004,59212.4
00000259--f920fb6ddd--24,C_QUANTIZED,599,15,7,7,7,7,0,7,0,227,23,551,8,22,158.29283333333268,780.5550000000002,1813.5800000000017,86737.0
00000259--f920fb6ddd--25,C_QUANTIZED,600,36,9,10,7,12,5,10,0,585,140,675,20,40,163.08156973837706,899.2,1905.6,85983.8
00000259--f920fb6ddd--26,C_QUANTIZED,598,20,9,9,8,9,1,9,0,565,79,652,10,14,146.76542757126217,841.0499999999992,1230.337999999999,60930.2
00000259--f920fb6ddd--27,C_QUANTIZED,599,25,6,6,6,6,0,6,0,370,70,660,10,12,126.68913333333295,798.6950000000004,1199.2510000000013,51980.6
00000259--f920fb6ddd--28,C_QUANTIZED,600,11,5,7,7,7,6,5,1,506,59,730,5,16,146.46858333333307,873.2950000000008,1222.7170000000006,78650.5
00000259--f920fb6ddd--29,C_QUANTIZED,600,8,1,1,1,1,0,1,0,248,73,631,1,16,138.10063322779493,790.6,1290.3,82491.2
00000259--f920fb6ddd--3,C_QUANTIZED,600,37,14,30,26,35,25,20,3,530,49,701,19,28,163.45086551264956,1064.9799999999996,1793.2300000000032,61903.7
00000259--f920fb6ddd--30,C_QUANTIZED,600,4,1,1,1,1,0,1,0,1,43,313,2,10,131.04909999999956,781.9000000000008,1198.604,53883.9
00000259--f920fb6ddd--31,C_QUANTIZED,600,6,2,2,1,2,1,2,0,2,23,247,2,22,126.38333055509251,631.5899999999995,1179.613999999995,96791.8
00000259--f920fb6ddd--32,C_QUANTIZED,600,3,0,0,0,0,0,0,0,0,35,330,4,34,181.68877040986368,1184.5499999999997,1782.304999999998,101776.9
00000259--f920fb6ddd--33,C_QUANTIZED,600,5,1,1,1,1,0,1,0,375,27,322,2,28,134.88299716619426,760.9899999999996,1357.0159999999996,74460.1
00000259--f920fb6ddd--34,C_QUANTIZED,600,5,1,2,0,2,2,1,0,167,44,472,1,36,145.96502750458393,893.9399999999991,1543.6159999999995,72360.1
00000259--f920fb6ddd--35,C_QUANTIZED,600,9,2,2,1,2,1,2,0,90,71,481,4,42,175.32467922013095,1066.6,1917.1,95111.3
00000259--f920fb6ddd--36,C_QUANTIZED,600,38,17,17,16,17,1,17,0,573,28,315,19,32,147.99201533589002,550.01,1879.4739999999983,96731.0
00000259--f920fb6ddd--37,C_QUANTIZED,600,24,5,10,8,13,13,6,2,236,26,325,12,28,132.49456576096003,619.4199999999977,1307.5599999999963,99954.5
00000259--f920fb6ddd--38,C_QUANTIZED,600,24,9,10,10,10,0,10,0,525,27,488,12,14,145.33521760880475,867.7199999999991,1512.0,79185.4
00000259--f920fb6ddd--39,C_QUANTIZED,600,0,0,0,0,0,0,0,0,0,0,59,0,4,83.94975829304845,417.72999999999985,567.5239999999994,2743.8
00000259--f920fb6ddd--4,C_QUANTIZED,600,33,10,57,26,91,65,14,3,551,69,492,21,44,171.06954780577328,1088.4599999999996,1692.74,107221.3
00000259--f920fb6ddd--40,C_QUANTIZED,600,31,16,17,14,17,3,17,0,372,49,583,23,44,158.11273545590922,862.3899999999994,1775.2,114058.8
00000259--f920fb6ddd--41,C_QUANTIZED,600,80,23,63,29,67,50,30,4,508,81,813,42,40,161.75470911818624,968.9299999999993,1716.9119999999973,109136.9
00000259--f920fb6ddd--42,C_QUANTIZED,66,2,0,0,0,0,0,0,0,0,2,31,2,28,91.46288209606982,679.4399999999998,921.6899999999998,1066.8
00000259--f920fb6ddd--5,C_QUANTIZED,600,38,8,9,8,9,1,9,0,113,59,668,11,26,153.79101516919505,846.7399999999999,1670.2799999999957,101258.3
00000259--f920fb6ddd--6,C_QUANTIZED,600,10,5,5,5,5,1,5,0,521,25,496,7,20,176.9139833333332,1136.3049999999998,1727.453000000001,117911.0
00000259--f920fb6ddd--7,C_QUANTIZED,600,11,3,3,3,3,0,3,0,72,50,276,4,40,173.9884371876044,612.1850000000001,2439.0959999999955,133337.2
00000259--f920fb6ddd--8,C_QUANTIZED,600,0,0,0,0,0,0,0,0,0,0,57,0,4,95.14350000000043,533.8400000000001,688.2290000000006,2722.3
00000259--f920fb6ddd--9,C_QUANTIZED,600,30,12,12,11,14,2,14,0,422,191,702,18,46,204.36388935177473,1231.8,2701.0,133246.9
0000025b--22177da8d7--0,C_QUANTIZED,620,95,31,45,40,50,22,40,2,491,87,652,55,50,161.68405116580323,876.625,1954.1499999999999,115025.9
0000025b--22177da8d7--1,C_QUANTIZED,600,0,0,0,0,0,0,0,0,0,6,151,2,28,126.45876374541777,639.8899999999999,867.3769999999994,130669.9
0000025b--22177da8d7--2,C_QUANTIZED,600,1,1,1,1,1,1,1,0,1,2,118,1,10,140.629209736579,730.8,904.3089999999999,121041.3
0000025b--22177da8d7--3,C_QUANTIZED,600,19,7,15,12,15,11,9,1,547,18,308,9,26,134.69646607767987,666.3599999999996,1128.0379999999968,129816.3
0000025c--0795289e2c--1,C_QUANTIZED,600,29,16,17,16,17,1,17,0,542,63,640,19,24,180.9519086514419,1128.2599999999998,1685.6899999999932,128493.8
0000025c--0795289e2c--2,C_QUANTIZED,600,62,15,16,15,16,3,16,0,591,401,876,21,52,255.2944166666666,1643.1500000000012,3275.303000000002,132058.2
0000025c--0795289e2c--3,C_QUANTIZED,600,17,0,0,0,0,0,0,0,0,196,808,1,44,224.19694847423713,1452.139999999999,2487.788,96544.5
0000025c--0795289e2c--4,C_QUANTIZED,600,13,4,4,2,4,2,4,0,249,88,675,5,38,120.67971328554772,675.6399999999998,1351.9279999999947,61250.5
0000025c--0795289e2c--5,C_QUANTIZED,600,6,1,1,1,1,0,1,0,56,65,621,1,14,134.1517660779746,782.5049999999997,1293.9219999999962,59833.1
0000025c--0795289e2c--6,C_QUANTIZED,599,9,3,5,5,7,4,5,0,126,106,697,5,20,154.65916597164323,882.3200000000002,1428.632000000001,135700.5
0000025c--0795289e2c--7,C_QUANTIZED,600,7,2,2,1,2,1,2,0,150,92,638,2,18,149.69829971661918,799.2699999999996,1287.139999999992,147609.7
0000025c--0795289e2c--8,C_QUANTIZED,600,7,1,1,1,1,0,1,0,217,84,652,2,20,183.38713547742003,1056.7,1711.2,142720.8
0000025d--70dff69b9d--0,C_QUANTIZED,621,19,6,4,4,6,0,6,0,415,55,698,6,18,170.045285760413,926.7349999999989,1747.1099999999904,128849.8
0000025d--70dff69b9d--1,C_QUANTIZED,600,16,7,6,5,7,1,7,0,283,83,451,9,30,129.8388321900615,673.1799999999998,1372.391999999994,77508.7
0000025d--70dff69b9d--10,C_QUANTIZED,600,12,6,8,7,8,7,6,1,505,69,368,10,38,152.26708291708252,769.375,1929.975,81875.7
0000025d--70dff69b9d--11,C_QUANTIZED,600,0,0,0,0,0,0,0,0,0,0,94,0,6,102.80214321315817,522.8499999999997,719.6919999999998,67540.4
0000025d--70dff69b9d--15,C_QUANTIZED,600,9,6,6,5,6,1,6,0,403,21,284,8,24,150.62701034367723,880.8799999999985,1660.781999999999,60938.4
0000025d--70dff69b9d--18,C_QUANTIZED,599,35,11,11,9,11,2,11,0,567,71,585,12,48,180.8459486495489,1201.3449999999998,2034.8929999999991,60142.3
0000025d--70dff69b9d--19,C_QUANTIZED,599,19,4,4,3,4,1,4,0,171,31,394,5,22,145.89616858237503,822.819999999999,1557.0479999999989,61942.1
0000025d--70dff69b9d--2,C_QUANTIZED,600,13,5,5,5,5,0,5,0,249,52,526,7,20,123.41630416735823,721.049999999999,1267.983999999998,58118.1
0000025d--70dff69b9d--20,C_QUANTIZED,600,16,6,17,12,31,21,10,3,568,34,209,10,46,111.02086738949112,434.68000000000046,1107.1760000000097,83546.0
0000025d--70dff69b9d--21,C_QUANTIZED,600,0,0,0,0,0,0,0,0,0,2,59,0,2,83.55709521427374,395.32,612.0759999999998,2261.4
0000025d--70dff69b9d--22,C_QUANTIZED,600,16,12,11,10,12,2,12,0,71,13,398,16,16,130.69193870752844,626.8699999999999,1495.3130000000008,89347.0
0000025d--70dff69b9d--23,C_QUANTIZED,600,57,27,124,77,168,134,40,9,587,89,756,40,40,181.86257495003346,1151.6249999999998,1951.8970000000027,88502.6
0000025d--70dff69b9d--3,C_QUANTIZED,600,18,5,5,4,5,1,5,0,431,81,917,8,24,143.10176548967354,887.7599999999991,1377.8640000000003,56516.4
0000025d--70dff69b9d--4,C_QUANTIZED,600,21,7,7,7,7,0,7,0,115,75,794,17,34,158.54780796799457,950.5199999999999,1778.6579999999985,79469.9
0000025d--70dff69b9d--5,C_QUANTIZED,600,48,24,65,38,164,142,33,8,545,175,881,35,50,187.0605899016823,1224.5,2242.2,79492.4
0000025d--70dff69b9d--6,C_QUANTIZED,600,23,13,12,5,13,8,13,0,359,115,739,18,32,157.86667222963902,988.2749999999985,1705.4100000000028,77162.1
0000025d--70dff69b9d--7,C_QUANTIZED,600,51,20,23,19,23,6,21,1,497,224,831,26,40,219.03709569856568,1406.4249999999995,2561.7389999999996,105098.5
0000025d--70dff69b9d--8,C_QUANTIZED,599,58,35,36,35,36,1,36,0,521,161,920,40,30,208.6927987997999,1367.759999999999,2205.609999999988,127146.4
0000025d--70dff69b9d--9,C_QUANTIZED,599,13,5,5,5,5,0,5,0,470,17,368,5,38,149.05482850482846,832.4750000000001,1233.7949999999992,85530.3
00000261--4ff9c41127--0,C_QUANTIZED,616,51,10,12,10,13,3,13,0,435,69,561,18,40,191.3597624471212,1161.125,1919.4200000000008,127892.8
00000261--4ff9c41127--1,C_QUANTIZED,599,38,14,17,13,18,10,14,2,543,50,621,16,30,204.60171666666668,1463.3700000000001,1948.806,107686.9
00000261--4ff9c41127--10,C_QUANTIZED,600,47,11,24,7,24,17,12,1,381,62,745,16,38,200.05407567928037,1396.5799999999995,2065.843999999999,109473.7
00000261--4ff9c41127--11,C_QUANTIZED,600,34,24,27,17,32,15,25,1,489,48,448,34,30,152.58517344896617,913.325,1538.9050000000016,100730.3
00000261--4ff9c41127--12,C_QUANTIZED,600,35,7,8,8,8,0,8,0,432,194,759,19,60,208.75771923974702,1210.3949999999973,2850.4229999999884,116494.3
00000261--4ff9c41127--13,C_QUANTIZED,600,38,11,11,11,11,1,11,0,465,383,859,12,36,198.92253708951472,1314.249999999999,2142.403999999995,107738.0
00000261--4ff9c41127--14,C_QUANTIZED,600,40,11,10,8,11,5,11,0,404,232,886,12,28,166.70741666666655,1013.0750000000003,1703.9560000000013,128296.8
00000261--4ff9c41127--15,C_QUANTIZED,600,28,7,22,6,23,17,9,1,536,276,778,11,46,223.68430358632253,1252.9500000000003,3201.334000000017,137677.9
00000261--4ff9c41127--16,C_QUANTIZED,600,49,7,7,7,7,0,7,0,440,300,828,10,42,232.09844844844847,1495.6799999999973,2608.427999999994,144031.2
00000261--4ff9c41127--17,C_QUANTIZED,600,39,12,43,10,45,36,14,1,490,224,845,15,32,189.01667777407565,1176.4899999999986,1996.560999999999,120250.3
00000261--4ff9c41127--18,C_QUANTIZED,599,90,22,29,24,33,14,28,1,377,226,815,39,60,199.20200200200205,1270.8049999999998,2301.2659999999964,118544.4
00000261--4ff9c41127--19,C_QUANTIZED,600,61,21,39,16,40,27,25,2,536,224,825,28,52,249.68862764715658,1645.8399999999995,3079.2839999999997,134947.4
00000261--4ff9c41127--2,C_QUANTIZED,599,39,17,17,15,19,8,18,0,572,113,690,22,28,201.1310000000002,1404.4550000000004,2116.436000000001,122710.0
00000261--4ff9c41127--20,C_QUANTIZED,600,34,8,9,7,9,2,9,0,515,178,751,9,40,186.1679559853287,1095.0349999999999,1953.5119999999922,111169.1
00000261--4ff9c41127--21,C_QUANTIZED,599,35,10,21,10,21,14,12,2,592,216,698,13,32,164.9139046348783,1082.9999999999986,1687.3059999999998,71004.1
00000261--4ff9c41127--22,C_QUANTIZED,600,26,9,10,8,10,3,10,0,586,260,787,13,56,203.4918734388008,1304.9600000000016,2356.3920000000007,74321.0
00000261--4ff9c41127--23,C_QUANTIZED,600,17,4,5,3,5,2,5,0,263,144,716,11,32,164.30977718656482,916.4399999999998,1658.8179999999998,147870.8
00000261--4ff9c41127--24,C_QUANTIZED,600,23,6,6,2,6,4,6,0,18,83,523,9,38,139.78296135909383,859.6549999999999,1583.484000000002,59570.4
00000261--4ff9c41127--25,C_QUANTIZED,599,21,11,14,10,14,4,12,1,482,41,554,15,18,159.17623251165915,930.9899999999993,1500.9370000000006,126684.7
00000261--4ff9c41127--26,C_QUANTIZED,599,56,14,16,14,16,4,16,0,553,57,565,29,42,177.0662058627579,1131.9549999999986,1709.4020000000016,151182.0
00000261--4ff9c41127--27,C_QUANTIZED,599,86,16,18,16,18,3,17,0,339,99,830,26,34,187.14587568738492,1188.2,2084.6,135613.5
00000261--4ff9c41127--28,C_QUANTIZED,444,98,27,47,24,49,30,31,3,422,66,345,42,30,166.97143817204338,1115.5399999999966,1851.5449999999992,3952.8
00000261--4ff9c41127--3,C_QUANTIZED,600,28,7,19,8,20,19,9,1,470,40,501,12,28,147.70384935844012,785.9,1710.1,74421.3
00000261--4ff9c41127--4,C_QUANTIZED,600,35,15,22,13,23,10,16,1,508,34,522,20,20,182.78148641892986,1289.2,1817.9,84059.2
00000261--4ff9c41127--5,C_QUANTIZED,600,50,29,29,28,29,2,29,0,590,11,449,33,14,204.26094349058195,1473.7299999999998,1846.4079999999974,85580.7
00000261--4ff9c41127--6,C_QUANTIZED,600,38,16,18,15,18,3,17,0,494,62,529,24,28,173.75066644451826,1187.7099999999996,1679.499,79248.3
00000261--4ff9c41127--7,C_QUANTIZED,600,20,9,8,8,9,0,9,0,464,41,514,8,20,149.00268646754589,998.2599999999993,1563.2239999999997,54868.5
00000261--4ff9c41127--8,C_QUANTIZED,600,72,25,25,18,25,9,25,0,513,203,833,37,42,192.70076692230782,1239.6599999999999,2074.33,74845.3
00000261--4ff9c41127--9,C_QUANTIZED,600,36,19,22,17,22,5,21,0,391,113,737,25,42,188.90528333333347,1194.625,2212.2310000000025,66002.5
00000264--31b802e87a--1,C_QUANTIZED,600,47,17,15,10,17,7,17,0,320,50,576,18,44,136.82584943371089,743.6249999999986,1546.1150000000025,64333.2
00000264--31b802e87a--10,C_QUANTIZED,599,13,6,6,3,6,3,6,0,331,46,620,6,12,147.37755918639522,848.7799999999982,1274.207999999999,100908.1
00000264--31b802e87a--11,C_QUANTIZED,600,11,6,6,5,6,1,6,0,436,103,701,6,20,157.6064989168471,961.9,1387.3,96262.1
00000264--31b802e87a--12,C_QUANTIZED,600,19,6,7,6,7,1,7,0,555,131,672,10,26,149.4953484494831,896.4449999999991,1469.6479999999995,110903.5
00000264--31b802e87a--13,C_QUANTIZED,600,8,4,4,4,4,0,4,0,336,48,504,4,8,111.31558333333355,583.0300000000001,945.1040000000002,80958.7
00000264--31b802e87a--14,C_QUANTIZED,600,20,6,6,6,6,0,6,0,309,44,372,6,26,140.24526666666702,752.4550000000002,1356.7250000000006,85241.3
00000264--31b802e87a--15,C_QUANTIZED,600,17,5,5,5,6,1,6,0,583,25,489,6,32,143.2101183530585,818.3899999999984,1312.1039999999975,82377.4
00000264--31b802e87a--16,C_QUANTIZED,600,8,5,5,5,5,0,5,0,207,58,486,7,16,146.56929488248048,839.8499999999959,1433.7159999999972,83772.4
00000264--31b802e87a--17,C_QUANTIZED,600,6,3,3,3,3,0,3,0,155,70,571,4,28,200.22175,1388.9150000000002,2048.0110000000004,89502.7
00000264--31b802e87a--18,C_QUANTIZED,600,10,3,3,3,3,0,3,0,570,35,550,3,12,157.42791666666682,852.01,1840.0100000000089,108979.2
00000264--31b802e87a--19,C_QUANTIZED,600,6,1,1,1,1,0,1,0,1,111,820,3,16,169.27474175274935,994.9799999999999,1698.7389999999984,117054.3
00000264--31b802e87a--2,C_QUANTIZED,600,14,6,6,6,6,1,6,0,346,6,243,8,24,148.24942547876796,819.3000000000003,1112.9360000000001,137960.8
00000264--31b802e87a--20,C_QUANTIZED,600,10,5,5,5,5,0,5,0,292,33,726,5,18,163.25340776537294,925.2,1416.8,134472.7
00000264--31b802e87a--21,C_QUANTIZED,600,50,31,41,30,46,34,33,1,577,185,893,48,58,209.29831610536942,1422.0249999999994,2352.415,81695.4
00000264--31b802e87a--22,C_QUANTIZED,600,26,5,11,5,11,8,5,1,238,309,781,6,58,294.9387268788531,2085.8,3726.0,119022.3
00000264--31b802e87a--23,C_QUANTIZED,600,21,6,7,6,7,1,7,0,555,175,839,8,42,232.03022325891462,1610.9699999999993,2665.7009999999977,104112.4
00000264--31b802e87a--24,C_QUANTIZED,600,40,19,36,16,37,23,19,1,498,158,889,22,42,216.89789929976692,1498.4549999999995,2528.310999999999,99546.6
00000264--31b802e87a--25,C_QUANTIZED,600,26,9,9,7,9,3,9,0,493,40,490,25,20,161.4150783072305,856.5499999999995,1547.4729999999995,127608.6
00000264--31b802e87a--26,C_QUANTIZED,600,6,0,0,0,0,0,0,0,0,27,311,3,24,129.1888462820944,653.2499999999997,1125.6029999999998,118104.2
00000264--31b802e87a--27,C_QUANTIZED,600,20,11,11,11,11,0,11,0,19,0,90,14,14,102.4578736877189,624.6,801.0,2359.3
00000264--31b802e87a--28,C_QUANTIZED,600,24,11,11,10,11,2,11,0,319,14,192,15,20,141.19255124146008,740.4,1018.1,138771.0
00000264--31b802e87a--29,C_QUANTIZED,600,21,4,5,4,5,1,5,0,595,99,579,10,36,207.91735578526146,1395.5199999999954,2422.9439999999936,131654.1
00000264--31b802e87a--3,C_QUANTIZED,599,24,7,8,8,8,0,8,0,313,14,294,16,22,132.4577744411075,701.235,1138.4769999999999,119005.5
00000264--31b802e87a--30,C_QUANTIZED,600,21,9,13,9,15,6,11,1,440,48,516,13,22,177.63847050982992,1040.6299999999999,1774.2779999999993,129780.0
00000264--31b802e87a--31,C_QUANTIZED,599,48,28,47,26,48,27,29,1,570,67,596,31,28,201.05272545424293,1213.43,1913.8459999999989,142346.3
00000264--31b802e87a--32,C_QUANTIZED,600,66,33,42,33,43,12,36,1,567,36,726,36,32,226.6766794465747,1555.5299999999995,2069.1959999999976,142172.5
00000264--31b802e87a--33,C_QUANTIZED,599,35,9,9,9,9,0,9,0,526,17,888,9,24,212.85817363772594,1443.7,1923.3,95024.6
00000264--31b802e87a--34,C_QUANTIZED,600,24,9,20,13,20,15,10,1,454,111,642,15,58,193.240153282239,1186.8850000000002,2531.2819999999997,65983.6
00000264--31b802e87a--35,C_QUANTIZED,599,20,5,13,12,13,19,5,1,483,46,316,9,38,107.76819469911655,635.979999999999,989.1419999999966,47577.1
00000264--31b802e87a--36,C_QUANTIZED,599,4,1,1,0,1,1,1,0,1,3,96,1,10,115.80329999999995,533.44,729.9360000000007,146664.6
00000264--31b802e87a--37,C_QUANTIZED,599,5,1,2,2,2,0,2,0,223,8,232,2,14,92.42102632455824,534.9899999999997,871.2719999999994,2805.8
00000264--31b802e87a--38,C_QUANTIZED,599,64,32,43,37,44,23,33,1,538,118,711,43,30,218.62612897850357,1420.8,2284.3,163345.4
00000264--31b802e87a--39,C_QUANTIZED,599,78,26,31,26,35,11,31,1,515,93,782,52,34,188.21818333333363,1297.8150000000005,1854.5590000000013,83915.9
00000264--31b802e87a--4,C_QUANTIZED,599,17,8,8,8,8,1,8,0,536,40,398,10,22,120.78314438146047,669.1849999999993,1251.8239999999996,61854.4
00000264--31b802e87a--40,C_QUANTIZED,600,95,25,75,54,87,83,38,6,590,72,678,46,44,173.99146808865166,1022.9,1966.3,72707.6
00000264--31b802e87a--41,C_QUANTIZED,396,5,3,3,3,3,0,3,0,73,8,125,3,14,84.99167293704522,477.9599999999995,720.0779999999991,1862.7
00000264--31b802e87a--5,C_QUANTIZED,599,24,13,12,11,13,2,13,0,349,32,577,13,28,179.41616397267117,1062.0,1704.7,150174.6
00000264--31b802e87a--6,C_QUANTIZED,600,15,9,20,12,21,14,12,2,473,22,420,12,36,131.7996334555144,742.4499999999998,1254.3609999999992,55744.6
00000264--31b802e87a--7,C_QUANTIZED,599,15,4,4,3,4,1,4,0,179,101,455,5,50,168.68889629876654,823.1649999999975,2445.972999999992,59533.9
00000264--31b802e87a--8,C_QUANTIZED,599,36,4,4,3,4,1,4,0,433,301,866,4,50,274.17295,1734.1650000000013,3300.8030000000003,143533.0
00000264--31b802e87a--9,C_QUANTIZED,599,12,1,1,1,1,0,1,0,2,109,719,1,28,158.43785000000008,948.2,1484.9360000000008,84653.4
00000266--f9c40304ea--0,C_QUANTIZED,621,96,27,56,34,76,48,37,7,463,77,593,43,44,154.8073064516127,972.9349999999937,1883.2350000000008,61342.8
00000266--f9c40304ea--1,C_QUANTIZED,600,60,25,43,37,43,26,28,2,534,82,739,40,50,208.35749291548547,1392.249999999999,2102.2219999999993,102637.7
00000266--f9c40304ea--10,C_QUANTIZED,599,46,17,17,16,17,1,17,0,565,84,678,21,36,197.6921781187463,1328.375,1829.8250000000041,106137.5
00000266--f9c40304ea--11,C_QUANTIZED,600,70,15,16,14,16,2,16,0,520,305,831,19,66,241.00453787120534,1564.759999999997,3802.609999999999,76039.9
00000266--f9c40304ea--12,C_QUANTIZED,600,44,8,8,8,8,0,8,0,549,158,841,10,46,179.73144475920702,1192.0,2019.4,57860.8
00000266--f9c40304ea--13,C_QUANTIZED,600,8,3,3,3,3,0,3,0,231,49,490,3,24,136.6964660776793,770.8699999999995,1461.2299999999993,69189.7
00000266--f9c40304ea--14,C_QUANTIZED,600,61,17,17,12,18,6,18,0,526,196,844,26,52,209.61990655765015,1354.5199999999993,2431.8799999999974,101516.7
00000266--f9c40304ea--15,C_QUANTIZED,600,20,6,6,5,6,1,6,0,295,76,684,7,42,167.10070000000036,1055.3650000000002,1816.0860000000018,69852.2
00000266--f9c40304ea--16,C_QUANTIZED,600,24,7,7,7,7,0,7,0,593,31,427,10,38,188.35536845615223,1211.0499999999981,1968.8809999999992,108135.3
00000266--f9c40304ea--17,C_QUANTIZED,600,24,13,17,10,17,7,14,1,494,165,671,28,58,245.97936322720622,1731.92,2658.6259999999925,140176.6
00000266--f9c40304ea--18,C_QUANTIZED,600,52,13,17,17,17,8,14,1,505,38,434,24,44,250.88045288045268,1929.3000000000002,2490.4299999999967,135627.8
00000266--f9c40304ea--19,C_QUANTIZED,600,36,15,15,11,15,6,15,0,424,98,635,19,32,179.30709645177404,1193.19,1867.2499999999989,85813.8
00000266--f9c40304ea--2,C_QUANTIZED,600,75,25,38,31,48,31,30,3,591,78,652,39,38,161.15466045272987,1017.3949999999993,1695.6790000000033,93481.7
00000266--f9c40304ea--20,C_QUANTIZED,600,43,24,34,23,43,22,28,4,588,14,525,41,30,267.4439593401101,1809.1,2343.6,154170.5
00000266--f9c40304ea--21,C_QUANTIZED,600,123,37,47,38,50,21,42,3,577,103,676,61,48,191.6962506248957,1263.0,1956.8,102191.7
00000266--f9c40304ea--22,C_QUANTIZED,600,55,16,24,19,30,17,24,2,479,35,303,26,44,113.02116666666588,535.81,1490.5760000000016,3566.2
00000266--f9c40304ea--23,C_QUANTIZED,594,2,0,0,0,0,0,0,0,0,0,62,0,6,100.89736356003363,596.2800000000002,788.6060000000001,2810.5
00000266--f9c40304ea--3,C_QUANTIZED,600,48,20,38,15,45,30,24,3,590,79,801,27,34,211.56403932677904,1344.7,2180.2,165477.4
00000266--f9c40304ea--4,C_QUANTIZED,599,61,9,9,8,10,2,10,0,179,27,518,14,16,166.06573904349295,1031.0,1749.8,96569.0
00000266--f9c40304ea--5,C_QUANTIZED,600,38,8,13,11,13,7,11,0,534,25,396,16,26,160.85928702315508,977.2999999999996,1586.013999999998,101811.8
00000266--f9c40304ea--6,C_QUANTIZED,599,30,11,11,9,11,3,11,0,496,59,462,20,48,198.9900616975153,1242.9599999999998,1869.3519999999994,149452.4
00000266--f9c40304ea--7,C_QUANTIZED,600,53,17,18,14,18,4,18,0,378,73,725,27,32,192.9787439613532,1251.6899999999994,1982.871999999995,129251.3
00000266--f9c40304ea--8,C_QUANTIZED,599,43,27,27,26,27,3,27,0,390,92,598,32,26,185.56948474237137,1102.2799999999995,1927.1999999999994,119435.4
00000266--f9c40304ea--9,C_QUANTIZED,600,22,4,4,4,4,0,4,0,508,23,582,5,34,188.2648333333336,1177.3600000000001,1735.0410000000008,136041.6
00000267--5bcd0e5bb8--0,C_QUANTIZED,622,45,13,12,12,13,2,13,0,590,37,356,22,40,141.72833440721703,761.4849999999997,1559.3720000000003,54416.5
00000267--5bcd0e5bb8--1,C_QUANTIZED,600,51,15,25,15,27,12,19,2,527,112,692,25,34,179.60956347884013,1090.879999999999,1967.4789999999996,130895.1
00000267--5bcd0e5bb8--10,C_QUANTIZED,600,44,13,14,9,14,7,13,0,488,99,622,27,56,217.1542166666659,1399.6450000000004,2380.424000000001,142178.4
00000267--5bcd0e5bb8--11,C_QUANTIZED,600,28,3,3,2,3,1,3,0,259,155,642,4,44,184.2710666666671,1040.13,2243.6720000000014,69058.1
00000267--5bcd0e5bb8--12,C_QUANTIZED,600,10,5,5,4,5,1,5,0,459,5,385,5,14,123.35571857285761,698.6,1038.806,65988.6
00000267--5bcd0e5bb8--13,C_QUANTIZED,600,80,43,59,39,64,34,49,1,550,171,850,60,76,191.17798165137614,1179.6900000000005,2136.282000000002,125594.9
00000267--5bcd0e5bb8--14,C_QUANTIZED,600,57,27,76,48,98,70,35,3,589,101,626,40,52,163.25487581263545,963.5799999999996,1868.2159999999997,86121.3
00000267--5bcd0e5bb8--15,C_QUANTIZED,599,30,7,65,31,94,96,15,4,585,49,467,18,32,169.32844755711176,1139.8599999999994,1640.728,63874.9
00000267--5bcd0e5bb8--16,C_QUANTIZED,600,58,18,18,16,18,3,18,0,436,31,436,25,40,215.89706764411892,1464.0399999999995,2063.0079999999957,147866.0
00000267--5bcd0e5bb8--17,C_QUANTIZED,599,98,30,68,50,89,66,51,10,504,107,590,52,40,191.61216261246304,1179.1299999999992,1888.9349999999986,137478.9
00000267--5bcd0e5bb8--18,C_QUANTIZED,599,160,35,41,29,45,19,43,1,589,105,807,46,52,204.2783774779288,1508.3599999999994,2471.49,80416.7
00000267--5bcd0e5bb8--19,C_QUANTIZED,343,45,14,75,61,95,78,30,9,327,34,180,39,46,128.60738603577596,707.4750000000001,1231.1599999999999,67201.9
00000267--5bcd0e5bb8--2,C_QUANTIZED,600,118,30,33,24,33,9,30,1,591,39,584,32,32,248.98967183075098,1800.6699999999992,2527.719999999996,106787.7
00000267--5bcd0e5bb8--3,C_QUANTIZED,600,86,32,34,30,35,5,35,0,540,127,697,46,54,206.85872645440978,1403.9099999999978,2230.0459999999894,83120.7
00000267--5bcd0e5bb8--4,C_QUANTIZED,600,30,12,20,8,21,12,12,1,564,95,607,21,66,204.8152449183599,1436.7899999999993,2798.661999999997,104702.7
00000267--5bcd0e5bb8--5,C_QUANTIZED,600,29,6,8,7,8,2,8,0,541,124,779,10,30,206.16096016002678,1351.9499999999991,2320.4099999999976,103480.6
00000267--5bcd0e5bb8--6,C_QUANTIZED,600,9,1,1,1,1,0,1,0,1,104,607,2,20,136.07773333333336,791.1200000000008,1317.3340000000005,67775.6
00000267--5bcd0e5bb8--7,C_QUANTIZED,600,10,3,3,2,3,1,3,0,215,99,735,6,26,173.91146666666637,1045.4150000000004,1905.644000000001,68238.2
00000267--5bcd0e5bb8--8,C_QUANTIZED,600,49,15,51,20,56,45,20,3,496,101,797,27,56,237.92247584138704,1721.4049999999997,2598.3990000000003,127801.5
00000267--5bcd0e5bb8--9,C_QUANTIZED,600,41,9,14,11,14,9,10,1,517,26,767,28,52,236.28739789964996,1689.9199999999994,2202.061999999994,115539.6
00000269--4014745f93--0,C_QUANTIZED,620,44,18,43,23,45,29,24,3,604,27,351,31,42,155.7715531159185,904.6149999999996,1610.742,82190.6
00000269--4014745f93--1,C_QUANTIZED,600,6,0,0,0,0,0,0,0,0,11,102,2,32,105.71445260347127,664.99,946.2270000000001,2424.8
00000269--4014745f93--10,C_QUANTIZED,600,13,5,5,5,5,0,5,0,403,69,637,5,14,157.40853191134886,916.1,1348.5,106196.0
00000269--4014745f93--11,C_QUANTIZED,600,23,13,14,12,14,2,14,0,498,91,775,19,28,166.86709999999997,998.6700000000003,1664.5,112252.9
00000269--4014745f93--12,C_QUANTIZED,600,27,19,19,11,19,10,19,0,471,112,588,34,26,153.89161387129005,859.9549999999994,1649.223999999992,94556.4
00000269--4014745f93--13,C_QUANTIZED,600,20,8,9,9,9,0,9,0,595,49,559,12,18,169.45734044325874,911.0,1852.1,89758.3
00000269--4014745f93--14,C_QUANTIZED,600,34,10,10,7,12,4,12,0,595,92,712,19,46,155.36584471842733,932.67,1552.8219999999983,87068.5
00000269--4014745f93--15,C_QUANTIZED,600,24,8,8,7,8,4,8,0,252,62,523,9,36,133.50088392261512,583.475,1486.1150000000011,116986.2
00000269--4014745f93--16,C_QUANTIZED,600,21,11,11,10,11,1,11,0,456,93,605,12,22,150.16682780463407,854.8299999999987,1260.165999999996,119645.0
00000269--4014745f93--17,C_QUANTIZED,600,13,3,3,3,3,0,3,0,391,90,636,6,16,137.33869999999973,803.01,1231.8120000000001,92846.1
00000269--4014745f93--18,C_QUANTIZED,600,19,7,8,6,8,2,8,0,481,101,710,8,24,168.64494082347076,1043.8,1528.1119999999926,119261.1
00000269--4014745f93--19,C_QUANTIZED,600,21,5,5,5,5,0,5,0,540,112,770,5,22,168.1119813364443,985.7,1423.9,152650.8
00000269--4014745f93--2,C_QUANTIZED,599,19,5,5,4,5,1,5,0,149,81,454,7,54,187.80798999165938,1080.2500000000007,1997.9780000000007,130858.4
00000269--4014745f93--20,C_QUANTIZED,600,10,3,3,3,3,0,3,0,519,82,679,3,20,171.60478413068816,1047.7599999999998,1541.4739999999983,104488.4
00000269--4014745f93--21,C_QUANTIZED,600,8,3,3,2,3,1,3,0,82,88,519,3,18,147.4685614269044,826.9,1203.2779999999982,106860.6
00000269--4014745f93--22,C_QUANTIZED,600,37,5,5,5,5,0,5,0,295,323,874,6,44,227.80286618896875,1461.7,2458.6,128935.9
00000269--4014745f93--23,C_QUANTIZED,600,14,4,3,3,4,1,4,0,583,9,153,6,20,111.76202067355824,425.8299999999999,862.5759999999951,129190.4
00000269--4014745f93--24,C_QUANTIZED,600,37,7,7,7,7,0,7,0,323,28,432,10,28,153.51848025329102,794.6,1723.4,100201.5
00000269--4014745f93--25,C_QUANTIZED,600,16,7,7,5,7,2,7,0,418,36,515,11,20,184.06528911848056,1041.8,1661.1,149851.5
00000269--4014745f93--26,C_QUANTIZED,600,66,25,78,57,85,101,27,2,539,85,807,31,42,177.54035672612096,1056.7799999999988,2070.9339999999993,101389.0
00000269--4014745f93--27,C_QUANTIZED,600,86,25,33,25,34,11,30,1,508,48,471,54,48,166.3881019830028,1090.2,1665.8,51957.4
00000269--4014745f93--3,C_QUANTIZED,599,62,26,27,24,27,4,27,0,581,143,910,34,46,182.9302818075703,1224.6399999999999,2147.528,70883.1
00000269--4014745f93--4,C_QUANTIZED,599,36,18,17,14,18,4,18,0,564,27,668,17,22,176.12683903252724,1078.68,1737.856000000001,117496.8
00000269--4014745f93--5,C_QUANTIZED,599,70,21,23,20,24,3,23,0,483,19,593,25,34,176.30542028018664,1201.5,1746.5600000000002,69507.3
00000269--4014745f93--6,C_QUANTIZED,599,51,5,5,3,5,2,5,0,261,190,798,7,70,222.79243557772196,1225.0500000000002,3483.1379999999936,141384.9
00000269--4014745f93--7,C_QUANTIZED,600,51,20,20,20,20,0,20,0,435,152,895,27,56,212.1415902650436,1310.439999999998,2365.637999999992,158695.1
00000269--4014745f93--8,C_QUANTIZED,599,7,5,4,4,5,0,5,0,571,66,559,6,28,170.56966310873858,924.1,2287.5750000000057,67713.0
00000269--4014745f93--9,C_QUANTIZED,600,19,6,7,6,7,1,7,0,383,132,614,12,26,148.84611027819403,845.4299999999995,1582.6679999999928,84971.3
0000026a--171a0a1f5c--0,C_QUANTIZED,620,42,8,10,6,10,4,10,0,574,41,515,18,30,153.6525907990316,853.7999999999993,1321.8679999999986,129713.4
0000026a--171a0a1f5c--1,C_QUANTIZED,600,18,2,2,1,2,1,2,0,2,5,96,5,10,120.02987337554183,658.7699999999998,871.6939999999998,75547.4
0000026a--171a0a1f5c--10,C_QUANTIZED,599,43,5,6,5,6,1,6,0,505,489,1000,7,46,288.5996662216291,1944.5849999999987,3402.636000000003,125819.8
0000026a--171a0a1f5c--11,C_QUANTIZED,599,20,4,4,4,4,0,4,0,297,145,652,4,34,172.56841754210416,1001.4199999999998,1620.3399999999997,143599.4
0000026a--171a0a1f5c--12,C_QUANTIZED,600,8,5,5,4,5,1,5,0,592,41,566,5,12,165.7870348740194,1038.3999999999999,1691.2879999999998,61300.1
0000026a--171a0a1f5c--13,C_QUANTIZED,600,24,8,9,7,10,5,9,0,310,89,779,8,20,146.8325833333332,878.6300000000001,1462.0980000000022,59524.8
0000026a--171a0a1f5c--14,C_QUANTIZED,600,19,5,5,4,5,1,5,0,510,91,669,6,22,149.99471226021706,909.5200000000003,1394.2900000000027,84992.1
0000026a--171a0a1f5c--15,C_QUANTIZED,600,8,4,4,4,4,0,4,0,416,56,531,4,16,146.61602862849546,803.9649999999999,1152.8160000000005,104876.8
0000026a--171a0a1f5c--16,C_QUANTIZED,600,13,1,1,1,1,0,1,0,130,102,653,1,28,188.42757989347547,1157.9599999999998,2024.990000000001,112455.8
0000026a--171a0a1f5c--17,C_QUANTIZED,600,6,3,3,3,3,0,3,0,354,13,251,3,10,119.58065967016488,651.3499999999998,988.9839999999953,61474.5
0000026a--171a0a1f5c--18,C_QUANTIZED,600,0,0,0,0,0,0,0,0,0,3,145,4,8,97.46394535154934,529.7549999999998,787.6769999999996,49644.3
0000026a--171a0a1f5c--19,C_QUANTIZED,600,21,1,1,1,1,0,1,0,26,33,498,3,26,161.35818060646417,946.7899999999998,1533.354999999999,102175.5
0000026a--171a0a1f5c--2,C_QUANTIZED,600,37,13,13,13,13,0,13,0,537,46,468,14,30,181.88728757081,1251.4399999999998,1871.7399999999986,89906.8
0000026a--171a0a1f5c--20,C_QUANTIZED,600,15,12,11,8,12,3,12,0,394,51,596,14,16,144.42598398932577,857.2,1424.800000000001,78911.8
0000026a--171a0a1f5c--21,C_QUANTIZED,600,9,5,5,5,5,0,5,0,240,52,538,5,14,162.54400199933355,1027.385,1519.4819999999995,103560.0
0000026a--171a0a1f5c--22,C_QUANTIZED,600,1,0,0,0,0,0,0,0,0,13,565,0,6,143.9174195699286,807.6,1205.6159999999995,117935.7
0000026a--171a0a1f5c--23,C_QUANTIZED,600,7,2,2,1,2,1,2,0,323,109,769,2,12,155.58620229961673,986.9,1481.2,73018.1
0000026a--171a0a1f5c--24,C_QUANTIZED,600,20,15,12,10,17,3,16,0,280,58,774,18,32,187.30926512247945,1044.4,1899.0,122539.6
0000026a--171a0a1f5c--25,C_QUANTIZED,600,33,20,18,14,21,13,21,0,570,168,827,31,50,179.80339999999984,1139.110000000001,1999.489000000004,79968.5
0000026a--171a0a1f5c--26,C_QUANTIZED,600,14,5,5,5,5,0,5,0,294,187,811,6,42,226.77815364105922,1394.7,2820.6,135413.7
0000026a--171a0a1f5c--27,C_QUANTIZED,600,28,22,18,12,22,14,22,0,472,174,790,28,56,247.6567522507498,1632.034999999999,3075.7239999999924,110923.9
0000026a--171a0a1f5c--28,C_QUANTIZED,600,63,20,22,16,23,6,20,1,526,321,731,26,60,215.70510255127607,1496.499999999998,2714.3119999999994,107290.6
0000026a--171a0a1f5c--29,C_QUANTIZED,600,38,13,13,12,13,1,13,0,426,24,551,14,28,222.48035000000036,1592.345,2139.422000000001,125315.5
0000026a--171a0a1f5c--3,C_QUANTIZED,600,33,12,13,12,13,1,13,0,572,42,901,16,22,155.40593432238686,1028.6399999999987,1711.8599999999985,82653.9
0000026a--171a0a1f5c--30,C_QUANTIZED,600,32,20,21,16,21,7,21,0,590,108,792,27,30,174.65490751541412,994.5,1707.9,143133.6
0000026a--171a0a1f5c--31,C_QUANTIZED,599,13,1,1,1,1,0,1,0,339,33,559,1,36,260.63052175362685,1902.739999999999,2386.5259999999994,143321.3
0000026a--171a0a1f5c--32,C_QUANTIZED,599,21,5,5,5,5,0,5,0,406,87,616,10,50,199.90896666666706,1342.3000000000004,2393.2400000000007,98824.9
0000026a--171a0a1f5c--33,C_QUANTIZED,599,31,11,62,11,66,54,12,2,468,194,728,17,44,232.83083847307867,1617.829999999998,2677.5539999999824,170353.1
0000026a--171a0a1f5c--34,C_QUANTIZED,349,32,10,12,9,12,3,12,0,295,67,523,15,38,201.47666761283025,1332.5699999999997,2146.3919999999985,99837.9
0000026a--171a0a1f5c--4,C_QUANTIZED,600,10,1,1,1,1,0,1,0,434,13,440,1,6,164.50151666666684,1025.6550000000002,1518.6220000000005,122794.5
0000026a--171a0a1f5c--5,C_QUANTIZED,599,0,0,0,0,0,0,0,0,0,0,95,0,4,110.04646666666629,506.9,679.7440000000009,120039.7
0000026a--171a0a1f5c--6,C_QUANTIZED,600,5,3,3,3,3,0,3,0,223,3,187,3,8,125.08818727090946,581.56,895.6289999999984,130364.4
0000026a--171a0a1f5c--7,C_QUANTIZED,599,26,11,23,16,28,21,15,3,412,40,361,25,38,141.69884980830093,783.5199999999994,1516.5219999999995,60752.0
0000026a--171a0a1f5c--8,C_QUANTIZED,599,2,0,0,0,0,0,0,0,0,1,109,1,8,82.7924333333334,433.1650000000003,601.403,2753.7
0000026a--171a0a1f5c--9,C_QUANTIZED,599,4,2,2,2,2,0,2,0,23,24,280,2,28,126.32772128688097,637.2699999999996,1463.6319999999969,58000.9
0000026b--4dfb361eee--0,C_QUANTIZED,621,68,24,24,20,24,4,24,0,545,90,795,30,46,200.97631791068952,1254.7799999999997,2133.8819999999932,146787.7
0000026b--4dfb361eee--1,C_QUANTIZED,600,72,22,40,39,42,33,26,2,585,63,622,30,32,205.5110444777611,1367.2399999999986,2175.249999999997,134547.3
0000026b--4dfb361eee--10,C_QUANTIZED,600,56,25,26,21,28,7,25,1,571,48,613,34,40,162.53391101483084,1065.7,1626.0,56734.7
0000026b--4dfb361eee--11,C_QUANTIZED,596,33,11,18,15,18,8,14,2,582,41,498,21,32,137.45272393048108,629.429999999999,1314.2440000000001,140755.5
0000026b--4dfb361eee--2,C_QUANTIZED,600,30,11,13,10,13,3,11,1,484,40,719,11,26,219.69391260840558,1461.625,1990.8500000000017,124528.5
0000026b--4dfb361eee--3,C_QUANTIZED,600,27,10,11,9,11,2,11,0,571,29,794,12,24,223.780286618897,1577.4,2064.7,105140.7
0000026b--4dfb361eee--4,C_QUANTIZED,600,33,6,7,5,8,3,8,0,485,96,646,13,52,227.3249166666662,1491.6200000000003,2521.311,145948.7
0000026b--4dfb361eee--5,C_QUANTIZED,600,27,10,20,14,20,18,10,1,351,53,382,12,36,142.80601666666664,748.51,1705.721000000007,83056.0
0000026b--4dfb361eee--6,C_QUANTIZED,600,9,4,4,3,4,1,4,0,7,1,107,4,10,124.48263333333342,675.0500000000002,867.2050000000002,89950.1
0000026b--4dfb361eee--7,C_QUANTIZED,600,8,4,4,4,4,0,4,0,481,6,194,4,12,126.5962839526747,687.4,1007.7,55460.4
0000026b--4dfb361eee--8,C_QUANTIZED,600,35,19,19,17,19,2,19,0,275,99,550,24,30,181.58020329944986,1057.3,2117.1,56121.3
0000026b--4dfb361eee--9,C_QUANTIZED,600,65,27,33,26,34,10,29,2,488,71,753,46,50,199.39306551091875,1346.3599999999997,1849.1419999999919,71212.2
0000026d--2363789071--0,C_QUANTIZED,617,8,3,9,1,9,8,3,1,77,6,165,9,16,123.64207694815794,644.435,951.934,86142.8
0000026d--2363789071--1,C_QUANTIZED,600,5,1,5,3,5,6,1,1,299,62,491,2,36,157.41734727755627,880.614999999998,1710.4639999999986,110437.3
0000026d--2363789071--10,C_QUANTIZED,600,9,4,4,4,4,0,4,0,310,11,407,4,8,128.75685423276002,642.9599999999989,1127.4039999999998,96218.0
0000026d--2363789071--11,C_QUANTIZED,600,4,1,1,1,1,0,1,0,153,14,487,1,6,147.21653922872324,747.6500000000001,1765.255,60141.7
0000026d--2363789071--12,C_QUANTIZED,600,3,2,2,2,2,0,2,0,199,18,504,2,8,130.03817213251213,760.4599999999998,1119.6459999999977,78146.8
0000026d--2363789071--13,C_QUANTIZED,600,3,1,1,1,1,0,1,0,179,33,467,1,6,137.987018187886,745.4799999999999,1070.2039999999997,100855.6
0000026d--2363789071--14,C_QUANTIZED,600,8,3,3,1,3,2,3,0,4,42,491,3,18,140.0038525683792,792.925,1248.32,83089.8
0000026d--2363789071--15,C_QUANTIZED,600,10,7,7,4,7,5,7,0,364,24,463,8,20,126.25577051367554,759.5999999999999,1146.3550000000007,71598.5
0000026d--2363789071--16,C_QUANTIZED,600,10,6,6,5,6,1,6,0,137,35,454,7,16,130.30456362425053,736.2449999999991,1064.1910000000003,100774.1
0000026d--2363789071--17,C_QUANTIZED,600,4,4,4,4,4,0,4,0,266,25,420,5,6,118.35602931379083,639.0199999999994,1002.2180000000023,110337.9
0000026d--2363789071--18,C_QUANTIZED,600,3,0,0,0,0,0,0,0,0,29,410,3,16,111.94571666666646,560.4200000000001,897.2580000000013,108024.7
0000026d--2363789071--19,C_QUANTIZED,600,19,7,17,8,21,13,10,2,518,102,509,8,18,139.4494577006506,783.9,1205.572,84033.6
0000026d--2363789071--2,C_QUANTIZED,599,6,4,4,3,4,1,4,0,499,55,628,6,22,181.5707500000002,1161.1350000000011,1749.0200000000004,102396.6
0000026d--2363789071--20,C_QUANTIZED,600,8,5,5,5,5,0,5,0,560,61,473,5,12,148.1180090045023,752.8799999999999,1381.9479999999999,114673.2
0000026d--2363789071--21,C_QUANTIZED,600,51,29,31,22,42,18,33,2,425,59,653,35,42,173.24203406813632,947.3049999999994,1962.143,102027.6
0000026d--2363789071--22,C_QUANTIZED,599,6,2,2,2,2,0,2,0,112,44,693,2,20,145.92193128752518,860.35,1214.2500000000005,90673.4
0000026d--2363789071--23,C_QUANTIZED,600,16,11,11,6,11,5,11,0,252,38,674,11,14,140.89338650714532,797.0399999999994,1132.292,120482.7
0000026d--2363789071--24,C_QUANTIZED,599,3,2,2,2,2,0,2,0,241,28,619,2,8,161.67486666666665,894.2300000000002,1781.992000000004,114888.3
0000026d--2363789071--25,C_QUANTIZED,600,4,3,3,3,3,0,3,0,187,63,482,3,12,120.51275391275406,765.2,1177.145,3201.4
0000026d--2363789071--26,C_QUANTIZED,599,5,1,2,2,2,0,2,0,409,14,486,3,4,122.15857071464225,657.6199999999989,1118.529999999994,83556.4
0000026d--2363789071--27,C_QUANTIZED,599,6,5,5,5,5,0,5,0,187,19,428,5,8,146.2934456304199,815.425,1356.820000000001,103592.7
0000026d--2363789071--28,C_QUANTIZED,599,9,4,4,2,4,2,4,0,179,54,541,5,10,152.8589333333335,849.690000000001,1269.3490000000008,156588.8
0000026d--2363789071--29,C_QUANTIZED,599,13,9,14,10,16,6,12,1,467,49,492,11,16,148.46016666666685,846.2,1279.644000000001,113158.1
0000026d--2363789071--3,C_QUANTIZED,599,28,13,20,14,23,13,17,2,569,78,505,22,44,164.64319092122804,877.4849999999998,1785.881,111796.2
0000026d--2363789071--30,C_QUANTIZED,600,4,2,2,2,2,0,2,0,568,40,444,3,12,155.51481666666606,879.7100000000002,1374.4060000000002,124987.6
0000026d--2363789071--31,C_QUANTIZED,600,0,0,0,0,0,0,0,0,0,15,384,0,8,119.52406604402948,671.175,1006.770000000001,56308.9
0000026d--2363789071--32,C_QUANTIZED,600,6,1,1,0,1,1,1,0,1,16,321,1,8,114.07978670221601,616.6,908.9,59539.6
0000026d--2363789071--33,C_QUANTIZED,600,4,3,3,3,3,0,3,0,428,30,518,3,6,137.58075383589048,729.0249999999999,1187.9300000000028,109871.4
0000026d--2363789071--34,C_QUANTIZED,600,3,2,2,2,2,0,2,0,2,8,443,2,10,164.4902016330618,845.2,1561.2,139035.7
0000026d--2363789071--35,C_QUANTIZED,600,1,1,1,1,1,0,1,0,1,3,197,1,4,129.79101067378252,705.5249999999999,995.9650000000001,61687.5
0000026d--2363789071--36,C_QUANTIZED,600,3,3,3,2,3,1,3,0,4,20,316,3,8,134.5611064822531,640.8,931.9,141406.0
0000026d--2363789071--37,C_QUANTIZED,600,13,6,9,5,9,4,6,1,536,35,598,6,12,160.6695499999998,910.6150000000001,1391.288000000002,123691.8
0000026d--2363789071--38,C_QUANTIZED,600,5,4,4,4,4,0,4,0,454,33,330,4,8,119.27016841754177,590.4199999999998,968.0919999999999,76207.0
0000026d--2363789071--39,C_QUANTIZED,600,4,1,1,0,1,1,1,0,231,45,433,1,16,111.67118333333339,618.405,883.1740000000017,79658.5
0000026d--2363789071--4,C_QUANTIZED,599,9,5,6,6,6,0,6,0,160,53,440,6,20,139.90599500416266,853.48,1211.556,60547.5
0000026d--2363789071--40,C_QUANTIZED,600,5,2,2,0,2,2,2,0,2,13,369,3,8,132.48622644655666,718.8999999999999,1029.6439999999998,127309.6
0000026d--2363789071--41,C_QUANTIZED,600,2,0,0,0,0,0,0,0,0,9,284,0,4,122.11736666666665,642.0300000000001,939.7200000000005,81161.9
0000026d--2363789071--42,C_QUANTIZED,600,10,8,8,8,8,0,8,0,361,59,482,8,12,136.07359119706572,738.9249999999995,1488.8949999999984,59329.6
0000026d--2363789071--43,C_QUANTIZED,600,2,1,1,1,1,0,1,0,65,59,472,1,8,138.36431901431888,788.9000000000001,1096.0549999999996,98823.9
0000026d--2363789071--44,C_QUANTIZED,600,3,0,0,0,0,0,0,0,0,5,297,0,6,121.0674434087882,608.8649999999999,988.3700000000084,88769.2
0000026d--2363789071--45,C_QUANTIZED,600,7,5,5,2,5,3,5,0,199,51,421,6,14,129.26471176274586,725.6850000000001,1087.8839999999998,60975.8
0000026d--2363789071--46,C_QUANTIZED,600,12,7,7,7,7,0,7,0,54,76,546,7,22,154.16045659056837,924.5,1307.6,79327.5
0000026d--2363789071--47,C_QUANTIZED,600,7,3,3,1,3,2,3,0,227,26,408,4,14,120.3186209193871,648.8399999999998,1010.2980000000008,49874.6
0000026d--2363789071--48,C_QUANTIZED,600,13,8,8,7,8,1,8,0,333,30,385,9,16,123.74190698449704,628.8199999999998,1122.427999999997,55592.9
0000026d--2363789071--49,C_QUANTIZED,600,32,11,14,11,14,4,12,1,510,79,536,16,30,149.8881833333333,795.9250000000001,1480.0030000000002,100676.3
0000026d--2363789071--5,C_QUANTIZED,599,16,8,8,7,8,1,8,0,482,70,515,13,18,138.86487252124633,752.5,1425.8,82831.8
0000026d--2363789071--50,C_QUANTIZED,600,11,10,20,6,24,18,10,1,262,52,490,8,20,146.45024178756057,792.3,1435.4159999999997,82031.7
0000026d--2363789071--51,C_QUANTIZED,599,4,1,1,1,1,0,1,0,89,15,515,1,8,156.44236412137388,923.8199999999997,1451.6869999999992,108279.1
0000026d--2363789071--52,C_QUANTIZED,599,4,3,3,3,3,0,3,0,200,19,355,3,8,121.91102375376396,643.9449999999999,955.1909999999992,99667.5
0000026d--2363789071--53,C_QUANTIZED,599,0,0,0,0,0,0,0,0,0,1,351,0,6,96.34194032338729,457.7799999999996,729.9559999999987,79305.7
0000026d--2363789071--54,C_QUANTIZED,599,12,7,5,5,7,0,7,0,141,58,456,6,10,137.28068690891004,735.0699999999997,1309.373999999999,87496.2
0000026d--2363789071--55,C_QUANTIZED,599,7,3,3,3,3,0,3,0,65,26,360,3,8,122.23781036493921,648.8,1059.5,80499.5
0000026d--2363789071--56,C_QUANTIZED,599,6,2,2,2,2,0,2,0,428,39,570,3,12,139.61071131101124,770.8699999999998,1275.963999999997,108267.8
0000026d--2363789071--57,C_QUANTIZED,600,18,7,7,5,7,2,7,0,499,71,504,7,16,158.34523492169262,889.3799999999999,1521.2869999999996,99401.0
0000026d--2363789071--58,C_QUANTIZED,600,4,2,2,2,2,0,2,0,386,37,463,2,10,176.6872248165437,1017.9250000000001,1713.4100000000021,95881.0
0000026d--2363789071--59,C_QUANTIZED,600,0,0,0,0,0,0,0,0,0,9,351,0,6,134.08734789131486,714.8799999999995,1267.033999999997,93555.0
0000026d--2363789071--6,C_QUANTIZED,599,4,3,3,3,3,0,3,0,574,55,478,3,14,157.06311229590122,859.9,1344.554999999999,133640.1
0000026d--2363789071--60,C_QUANTIZED,600,1,0,0,0,0,0,0,0,0,1,297,0,2,163.04141094062655,940.8249999999999,1430.4600000000012,125559.4
0000026d--2363789071--61,C_QUANTIZED,600,10,3,3,3,3,0,3,0,160,38,391,3,18,153.4860569715143,784.0,1247.6239999999984,150461.3
0000026d--2363789071--62,C_QUANTIZED,600,14,7,7,5,7,2,7,0,346,25,428,8,10,136.92308718119656,788.2999999999989,1224.3759999999982,76951.9
0000026d--2363789071--63,C_QUANTIZED,600,7,2,2,2,2,0,2,0,226,27,384,2,6,166.09231410470198,935.1449999999999,1327.1899999999991,152808.2
0000026d--2363789071--64,C_QUANTIZED,600,2,1,1,1,1,0,1,0,101,3,244,1,4,127.51345993669825,694.3499999999995,1167.321999999996,110320.8
0000026d--2363789071--65,C_QUANTIZED,600,2,2,2,1,2,1,2,0,2,5,267,2,4,125.73815635939336,702.51,928.8599999999985,104668.9
0000026d--2363789071--66,C_QUANTIZED,600,18,15,14,14,15,1,15,0,454,53,413,16,14,155.55594067655434,930.4,1365.0,122405.6
0000026d--2363789071--67,C_QUANTIZED,600,14,5,9,6,10,4,7,1,348,43,332,7,16,154.94354274287656,846.0,1283.5,137127.8
0000026d--2363789071--68,C_QUANTIZED,600,4,3,3,3,3,0,3,0,93,12,274,4,12,131.04448149383134,730.5949999999996,1212.5729999999976,58727.6
0000026d--2363789071--69,C_QUANTIZED,600,2,0,0,0,0,0,0,0,0,3,322,0,6,120.87352107982005,666.4,1027.5,53441.5
0000026d--2363789071--7,C_QUANTIZED,600,16,8,7,5,8,2,8,0,282,47,681,7,14,174.0000834585212,1042.9,1693.6300000000035,119306.7
0000026d--2363789071--70,C_QUANTIZED,600,6,3,3,3,3,0,3,0,197,61,450,4,20,122.92003333333354,683.5650000000003,1135.5190000000005,64449.4
0000026d--2363789071--71,C_QUANTIZED,600,10,6,6,4,6,2,6,0,544,49,524,6,6,157.47067155474068,834.9,1544.4,138251.1
0000026d--2363789071--72,C_QUANTIZED,600,7,2,2,2,2,0,2,0,343,17,447,2,8,128.7731711381432,633.8,1257.8,130504.7
0000026d--2363789071--73,C_QUANTIZED,600,9,3,3,3,3,0,3,0,123,34,467,3,8,125.30408401400224,670.8599999999985,1191.8339999999992,78690.0
0000026d--2363789071--74,C_QUANTIZED,600,1,0,0,0,0,0,0,0,0,22,293,0,8,94.9257752584194,545.3449999999998,822.4719999999993,2885.7
0000026d--2363789071--75,C_QUANTIZED,600,1,1,1,1,1,0,1,0,95,24,377,1,8,151.2214071357114,900.7949999999995,1564.7,67122.1
0000026d--2363789071--76,C_QUANTIZED,600,11,7,8,5,9,4,8,0,468,32,385,6,10,103.25955992665435,572.3099999999995,968.5599999999986,52402.3
0000026d--2363789071--77,C_QUANTIZED,599,4,3,3,1,3,2,3,0,4,34,284,4,10,117.61389259506305,530.15,912.105,132101.8
0000026d--2363789071--78,C_QUANTIZED,599,3,2,2,2,2,0,2,0,85,44,485,3,16,130.4090863621212,736.9999999999985,1057.3099999999981,86752.3
0000026d--2363789071--79,C_QUANTIZED,599,1,1,1,1,1,0,1,0,215,18,307,1,6,116.62531265632741,553.0999999999999,799.7079999999999,93224.1
0000026d--2363789071--8,C_QUANTIZED,600,9,3,3,2,3,1,3,0,498,48,539,3,14,155.53870429120065,950.8199999999986,1555.683999999998,58761.2
0000026d--2363789071--80,C_QUANTIZED,600,14,8,8,7,8,1,8,0,333,28,350,10,12,113.11738333333302,589.105,893.6010000000001,62502.1
0000026d--2363789071--81,C_QUANTIZED,600,5,2,2,1,2,1,2,0,330,43,314,2,14,129.47247125479063,621.0,1014.6,89274.3
0000026d--2363789071--82,C_QUANTIZED,599,2,0,0,0,0,0,0,0,0,2,284,0,2,117.61463821273752,619.2899999999997,851.8959999999992,80204.7
0000026d--2363789071--83,C_QUANTIZED,599,4,3,3,3,3,0,3,0,201,20,366,4,8,112.07199266911057,613.1499999999999,863.4869999999997,60374.1
0000026d--2363789071--84,C_QUANTIZED,599,3,1,1,1,1,0,1,0,4,7,254,1,4,98.08459873459883,472.27500000000003,664.4749999999999,63741.3
0000026d--2363789071--85,C_QUANTIZED,600,1,0,0,0,0,0,0,0,0,9,276,0,6,102.9341105929377,468.38999999999925,835.7670000000003,99906.5
0000026d--2363789071--86,C_QUANTIZED,600,1,0,0,0,0,0,0,0,0,8,379,0,8,132.69118480253272,741.6,1055.5,78783.1
0000026d--2363789071--87,C_QUANTIZED,600,3,2,2,2,2,0,2,0,508,28,352,2,12,122.8161752457105,655.3899999999999,987.2339999999964,101896.2
0000026d--2363789071--88,C_QUANTIZED,600,3,1,1,1,1,0,1,0,47,23,379,1,6,134.2433072178696,762.2699999999991,1028.269999999996,80334.2
0000026d--2363789071--89,C_QUANTIZED,600,7,3,3,2,3,1,3,0,232,38,423,4,10,125.64649341995651,674.7499999999998,1080.5179999999982,93610.9
0000026d--2363789071--9,C_QUANTIZED,600,4,2,2,2,2,0,2,0,2,61,608,2,20,138.3035749916861,746.4149999999995,1169.531,104273.3
0000026d--2363789071--90,C_QUANTIZED,600,13,5,5,5,5,0,5,0,359,65,531,8,20,150.17829638273074,881.0299999999999,1388.7619999999986,73865.9
0000026d--2363789071--91,C_QUANTIZED,600,8,6,6,5,6,1,6,0,591,43,555,6,14,130.87141666666636,763.84,1204.6340000000007,70413.8
0000026d--2363789071--92,C_QUANTIZED,600,1,0,0,0,0,0,0,0,0,18,472,0,10,156.76676671669185,910.92,1352.1479999999997,120062.5
0000026d--2363789071--93,C_QUANTIZED,600,5,3,3,3,3,0,3,0,130,9,471,3,8,155.84899966655559,894.1349999999996,1463.2219999999957,101507.5
0000026d--2363789071--94,C_QUANTIZED,600,16,7,7,7,7,0,7,0,493,26,588,8,16,163.09163054351464,1032.6799999999996,1769.4089999999999,95856.8
0000026d--2363789071--95,C_QUANTIZED,600,43,12,20,15,20,12,13,1,540,131,752,29,48,188.90381539486825,1204.1449999999993,2100.553999999997,119080.3
0000026d--2363789071--96,C_QUANTIZED,600,25,6,6,5,6,1,6,0,359,103,682,9,36,191.79481580263442,1163.369999999999,2157.485999999998,122834.9
0000026d--2363789071--97,C_QUANTIZED,600,5,1,1,1,1,0,1,0,1,30,364,1,16,153.77791298549826,733.41,1464.406,144175.3
0000026d--2363789071--98,C_QUANTIZED,600,52,18,36,12,38,26,19,2,486,200,684,23,52,321.56457152384127,2272.839999999997,3936.2349999999988,143284.1
0000026d--2363789071--99,C_QUANTIZED,600,33,13,21,13,22,11,14,1,310,59,568,18,42,162.11403099483454,1055.4,1562.9,86196.6
00000273--d384c0a41a--0,C_QUANTIZED,618,5,0,0,0,0,0,0,0,0,13,335,0,10,133.19400615583996,679.8599999999997,1145.7519999999997,129289.2
00000273--d384c0a41a--1,C_QUANTIZED,600,13,6,6,5,6,1,6,0,481,38,482,6,10,133.8406604402937,694.55,1243.765000000001,113216.2
00000273--d384c0a41a--10,C_QUANTIZED,599,3,1,1,1,1,0,1,0,1,3,181,1,2,132.09461346633475,606.9200000000003,1063.2799999999957,109198.4
00000273--d384c0a41a--11,C_QUANTIZED,600,5,3,3,3,3,0,3,0,226,1,224,3,4,102.76332778702152,630.8300000000002,932.3189999999998,2764.4
00000273--d384c0a41a--12,C_QUANTIZED,600,1,0,0,0,0,0,0,0,0,7,257,0,4,134.3550408265293,684.0,1028.8,124826.3
00000273--d384c0a41a--13,C_QUANTIZED,600,12,3,3,2,3,1,3,0,160,44,329,6,14,136.52279240253227,667.7499999999998,1674.1509999999967,49211.4
00000273--d384c0a41a--14,C_QUANTIZED,600,9,3,3,2,3,1,3,0,439,11,332,4,18,124.90579395558557,613.119999999998,1509.3439999999982,55931.7
00000273--d384c0a41a--15,C_QUANTIZED,600,0,0,0,0,0,0,0,0,0,25,291,0,6,136.62103419516257,714.7700000000004,1119.8920000000035,126143.9
00000273--d384c0a41a--16,C_QUANTIZED,600,2,0,0,0,0,0,0,0,0,17,395,0,6,139.52891445722878,825.0199999999998,1394.0359999999998,61992.8
00000273--d384c0a41a--17,C_QUANTIZED,600,15,3,3,2,3,1,3,0,125,37,347,3,18,156.00783072309235,830.2749999999999,1349.8999999999978,136038.6
00000273--d384c0a41a--18,C_QUANTIZED,600,6,3,3,2,3,1,3,0,367,12,408,3,10,149.58077114841282,874.8799999999999,1294.824,134621.8
00000273--d384c0a41a--19,C_QUANTIZED,600,7,3,3,3,3,0,3,0,237,33,511,4,16,126.26940410615936,753.0,1143.3400000000017,70923.9
00000273--d384c0a41a--2,C_QUANTIZED,600,3,0,0,0,0,0,0,0,0,8,451,0,4,127.78904452226108,669.4399999999998,1076.3879999999995,125192.2
00000273--d384c0a41a--20,C_QUANTIZED,600,4,1,1,1,1,0,1,0,112,28,459,1,12,118.7592432072013,659.5599999999991,1181.3199999999995,67202.2
00000273--d384c0a41a--21,C_QUANTIZED,600,13,11,14,10,14,8,12,1,545,40,459,14,12,125.15963654551473,643.4499999999996,1089.843999999999,60801.5
00000273--d384c0a41a--22,C_QUANTIZED,600,11,4,4,4,4,0,4,0,454,49,373,4,14,129.68089925062392,662.08,1082.5760000000002,86372.5
00000273--d384c0a41a--23,C_QUANTIZED,600,8,5,7,6,8,2,8,0,465,23,324,9,14,126.49260739260698,568.35,1070.5049999999997,136163.4
00000273--d384c0a41a--24,C_QUANTIZED,600,4,1,1,1,1,0,1,0,23,20,499,1,8,144.21871559633078,785.3800000000001,1318.5800000000013,76824.9
00000273--d384c0a41a--25,C_QUANTIZED,600,3,1,1,1,1,0,1,0,203,11,464,1,6,124.60440366972472,680.2300000000002,963.0460000000015,100156.2
00000273--d384c0a41a--26,C_QUANTIZED,599,16,7,7,7,7,0,7,0,256,79,427,8,20,115.63728728728718,574.2949999999992,973.7899999999979,100737.5
00000273--d384c0a41a--27,C_QUANTIZED,599,5,2,3,3,3,0,3,0,432,72,400,4,10,112.28454864008022,594.9599999999997,964.8079999999997,57716.5
00000273--d384c0a41a--28,C_QUANTIZED,599,19,6,6,5,6,1,6,0,415,55,491,6,10,129.33488992661705,747.1500000000001,1149.0450000000008,56896.7
00000273--d384c0a41a--29,C_QUANTIZED,599,8,0,0,0,0,0,0,0,0,20,315,1,8,111.98561199000861,602.4600000000005,954.2360000000001,48839.2
00000273--d384c0a41a--3,C_QUANTIZED,599,4,2,2,2,2,0,2,0,89,15,422,2,6,141.77802197802217,793.3499999999999,1054.579999999999,100630.2
00000273--d384c0a41a--30,C_QUANTIZED,600,3,2,4,1,4,3,3,0,117,10,356,2,6,115.66692217963654,645.1,1053.6,63256.2
00000273--d384c0a41a--31,C_QUANTIZED,600,11,5,5,2,5,3,5,0,513,52,503,5,18,137.8897653519721,796.8399999999995,1191.3680000000004,85098.5
00000273--d384c0a41a--32,C_QUANTIZED,599,12,5,5,5,5,0,5,0,382,47,585,5,10,138.32050000000032,745.9,1254.7190000000005,120698.8
00000273--d384c0a41a--33,C_QUANTIZED,600,6,5,5,5,5,0,5,0,63,22,306,5,6,129.90786535577345,612.9,927.4,111277.3
00000273--d384c0a41a--34,C_QUANTIZED,599,2,1,1,1,1,0,1,0,49,15,261,1,6,96.61015169194864,447.0499999999997,704.8319999999992,70533.9
00000273--d384c0a41a--35,C_QUANTIZED,600,25,2,2,1,2,1,2,0,3,54,441,2,14,139.8534244292615,705.5,1486.3,88884.4
00000273--d384c0a41a--36,C_QUANTIZED,600,6,5,5,5,5,0,5,0,395,23,449,5,8,118.05671666666667,556.81,844.5320000000007,82425.4
00000273--d384c0a41a--37,C_QUANTIZED,600,12,8,8,7,8,2,8,0,316,59,391,8,18,121.82501249791743,591.4,967.9,113841.8
00000273--d384c0a41a--38,C_QUANTIZED,600,3,1,1,1,1,0,1,0,1,44,404,1,10,108.81534232883575,547.9899999999996,847.7239999999983,73506.3
00000273--d384c0a41a--39,C_QUANTIZED,600,0,0,0,0,0,0,0,0,0,4,321,0,6,107.94562572904482,633.8,1000.9,3184.7
00000273--d384c0a41a--4,C_QUANTIZED,599,9,2,2,1,2,1,2,0,2,15,458,2,8,137.4968656218739,713.3049999999997,1047.1409999999987,143471.9
00000273--d384c0a41a--40,C_QUANTIZED,600,9,5,5,4,5,1,5,0,341,21,311,6,10,123.10036660556565,575.0,1051.3,126068.0
00000273--d384c0a41a--41,C_QUANTIZED,600,6,3,3,3,3,0,3,0,100,25,397,3,6,130.9949008498587,707.7,958.3,113641.5
00000273--d384c0a41a--42,C_QUANTIZED,561,46,19,21,14,21,7,20,0,461,40,412,24,32,172.23789492367777,1052.1849999999981,1677.8780000000017,98648.8
00000273--d384c0a41a--5,C_QUANTIZED,600,5,2,2,2,2,0,2,0,195,72,385,2,36,143.85487418763486,764.1,1427.4,100500.0
00000273--d384c0a41a--6,C_QUANTIZED,600,3,1,1,1,1,0,1,0,273,9,399,1,6,132.76564427404537,774.6699999999996,1151.0319999999992,92099.2
00000273--d384c0a41a--7,C_QUANTIZED,599,7,4,4,3,4,1,4,0,48,22,267,4,12,137.87169999999986,707.0200000000004,1221.941000000001,125513.5
00000273--d384c0a41a--8,C_QUANTIZED,599,13,5,5,4,5,1,5,0,191,61,316,5,26,144.0586971009661,695.8449999999995,1335.6969999999976,118394.2
00000273--d384c0a41a--9,C_QUANTIZED,600,7,0,0,0,0,0,0,0,0,23,356,0,18,152.6450183884989,750.56,1362.5789999999984,148259.5
00000274--d3bbe6ddcd--19,C_QUANTIZED,599,22,11,10,7,11,4,11,0,399,54,402,15,16,129.8160193365564,661.2699999999996,1151.525999999997,117530.9
00000274--d3bbe6ddcd--33,C_QUANTIZED,600,3,0,0,0,0,0,0,0,0,9,396,0,14,137.292312823078,817.7199999999999,1246.86,54908.6
00000274--d3bbe6ddcd--34,C_QUANTIZED,600,11,3,3,2,3,1,3,0,51,36,453,4,16,152.02947350883028,912.3699999999999,1785.798999999998,60989.3
0000027f--cb2a133365--10,C_QUANTIZED,600,22,13,13,13,13,0,13,0,13,4,92,15,12,97.19189729909952,530.115,686.7149999999999,2528.9
0000027f--cb2a133365--11,C_QUANTIZED,600,37,16,16,15,16,3,16,0,456,122,655,19,34,175.62889036987664,1093.4249999999997,1729.0459999999987,119228.9
0000027f--cb2a133365--12,C_QUANTIZED,600,18,11,11,5,11,8,11,0,569,37,306,18,24,144.71736956159347,728.51,1852.5619999999985,54404.0
0000027f--cb2a133365--13,C_QUANTIZED,600,0,0,0,0,0,0,0,0,0,5,166,0,8,128.35332666333247,677.9799999999999,947.9919999999996,112108.7
0000027f--cb2a133365--14,C_QUANTIZED,600,12,6,6,6,6,0,6,0,514,50,548,7,22,177.94196666666696,1053.3700000000001,1614.281000000002,138353.9
0000027f--cb2a133365--15,C_QUANTIZED,600,7,3,4,2,4,2,3,0,153,25,396,4,20,147.840446815605,881.5899999999998,1433.3109999999992,83112.4
0000027f--cb2a133365--16,C_QUANTIZED,600,17,8,8,7,8,1,8,0,537,106,512,10,42,177.41045000000025,809.7700000000003,2535.1400000000076,117874.3
0000027f--cb2a133365--17,C_QUANTIZED,600,2,1,1,1,1,0,1,0,1,10,243,1,14,96.3872709096968,421.2349999999998,1011.4789999999996,48335.7
0000027f--cb2a133365--18,C_QUANTIZED,600,42,13,13,12,13,1,13,0,566,62,771,17,22,239.32698333333266,1613.9150000000002,2282.8140000000003,130877.5
0000027f--cb2a133365--19,C_QUANTIZED,600,60,13,17,10,17,10,13,1,529,48,842,16,34,282.17211201866934,1889.9499999999991,2428.779999999998,175430.4
0000027f--cb2a133365--2,C_QUANTIZED,599,21,6,6,5,6,1,6,0,522,26,383,9,28,123.41066666666659,692.1400000000002,1278.8300000000006,70071.0
0000027f--cb2a133365--20,C_QUANTIZED,600,47,12,14,12,16,4,16,0,528,114,765,25,34,188.12695898632958,1232.8649999999996,1832.6639999999977,97353.6
0000027f--cb2a133365--21,C_QUANTIZED,600,32,19,51,44,78,38,21,2,526,111,667,32,24,226.17947008831862,1562.2,2131.2,98647.5
0000027f--cb2a133365--22,C_QUANTIZED,599,51,26,45,33,48,24,31,2,582,55,404,37,30,201.61247082360867,1280.1399999999987,2318.5049999999965,98296.9
0000027f--cb2a133365--23,C_QUANTIZED,600,0,0,0,0,0,0,0,0,0,3,62,2,14,137.63956666666647,868.9300000000001,1078.8250000000005,91966.9
0000027f--cb2a133365--24,C_QUANTIZED,599,9,6,6,6,6,0,6,0,10,1,82,7,18,137.19253457757057,863.7,1067.7,52127.9
0000027f--cb2a133365--25,C_QUANTIZED,599,35,11,30,11,30,25,12,1,503,81,558,24,34,180.41017175254257,1073.92,2115.932,71387.5
0000027f--cb2a133365--26,C_QUANTIZED,600,25,17,28,28,28,11,18,1,540,44,336,27,36,172.09781666666692,1064.3049999999998,1684.3210000000004,89705.2
0000027f--cb2a133365--27,C_QUANTIZED,599,21,11,11,9,11,2,11,0,104,27,267,23,40,140.32080693564546,836.1549999999986,1316.4469999999985,63904.5
0000027f--cb2a133365--3,C_QUANTIZED,600,6,0,0,0,0,0,0,0,0,13,237,0,18,130.39578403599424,716.7,999.9,97636.8
0000027f--cb2a133365--4,C_QUANTIZED,600,33,9,51,24,84,81,17,5,118,34,404,19,50,144.8491751374769,777.2,1637.2,80449.2
0000027f--cb2a133365--5,C_QUANTIZED,600,7,2,2,2,2,0,2,0,2,17,341,6,30,134.78928154692423,713.2099999999989,1205.2479999999941,104643.7
0000027f--cb2a133365--6,C_QUANTIZED,600,26,7,6,6,7,2,7,0,513,89,517,6,46,177.8902182969499,952.8,2510.0,80632.5
0000027f--cb2a133365--7,C_QUANTIZED,600,7,3,3,2,3,1,3,0,551,19,273,4,28,135.61113333333327,619.1050000000007,1372.1080000000002,128071.3
0000027f--cb2a133365--8,C_QUANTIZED,600,10,5,5,3,5,2,5,0,432,152,594,10,46,224.70376792264153,1517.729999999999,2875.7039999999984,84972.6
0000027f--cb2a133365--9,C_QUANTIZED,600,31,14,14,14,14,0,14,0,14,2,130,18,20,124.888087304232,612.7449999999997,815.0919999999999,123057.8
00000280--91181081d4--10,C_QUANTIZED,600,7,5,5,5,5,0,5,0,211,72,538,6,22,136.55465910985214,750.089999999999,1275.7299999999968,73352.4
00000280--91181081d4--11,C_QUANTIZED,600,19,8,8,8,8,0,8,0,422,77,629,8,36,182.40913181136457,1092.4,1782.3,139503.5
00000280--91181081d4--12,C_QUANTIZED,600,8,0,0,0,0,0,0,0,0,28,441,0,28,156.09861689718403,863.5,1534.5,108386.4
00000280--91181081d4--13,C_QUANTIZED,600,2,1,1,1,1,0,1,0,80,20,346,1,6,136.10498333333305,699.4100000000003,1045.3170000000002,151438.7
00000280--91181081d4--14,C_QUANTIZED,600,26,15,12,11,17,4,17,0,457,69,526,16,40,175.60944842526243,890.5,2140.0,140818.4
00000280--91181081d4--15,C_QUANTIZED,599,15,7,7,6,7,1,7,0,261,71,639,9,30,160.09866533199818,939.2699999999999,1613.2559999999999,104862.6
00000280--91181081d4--16,C_QUANTIZED,600,13,2,3,3,3,0,3,0,561,35,540,3,10,140.74069631850708,721.0199999999994,1293.2839999999997,143208.0
00000280--91181081d4--17,C_QUANTIZED,600,20,11,33,14,38,25,14,4,339,88,757,13,34,164.8223074358119,967.4049999999991,1738.627999999998,99367.0
00000280--91181081d4--18,C_QUANTIZED,600,10,5,5,4,5,1,5,0,317,14,309,8,36,123.24197098549264,643.66,951.7359999999999,105955.3
00000280--91181081d4--19,C_QUANTIZED,600,16,4,9,2,9,7,4,1,406,62,462,6,12,128.97220926357943,779.0399999999998,1211.2709999999993,4297.0
00000280--91181081d4--20,C_QUANTIZED,600,11,5,5,4,5,1,5,0,419,21,445,5,10,141.6972666666665,766.3850000000002,1122.4560000000013,124806.9
00000280--91181081d4--21,C_QUANTIZED,600,13,6,6,5,6,1,6,0,385,78,637,6,18,166.83229409803258,1016.6499999999996,1631.6009999999983,112370.6
00000280--91181081d4--22,C_QUANTIZED,600,5,2,2,2,2,0,2,0,106,22,494,2,8,116.72028671445257,609.5299999999999,1114.1179999999972,62505.0
00000280--91181081d4--23,C_QUANTIZED,600,9,4,4,4,4,0,4,0,311,51,610,5,14,134.2753333333332,805.4900000000002,1231.0030000000002,60388.4
00000280--91181081d4--24,C_QUANTIZED,600,38,12,14,12,14,2,14,0,458,150,736,17,48,174.60008338892604,1060.45,2023.77000000001,59824.4
00000280--91181081d4--25,C_QUANTIZED,600,58,23,41,30,41,24,26,3,588,129,793,36,48,186.908998500251,1075.8,2096.0,112358.2
00000280--91181081d4--29,C_QUANTIZED,599,20,11,11,11,11,1,11,0,592,63,350,13,28,145.49545000000023,845.5350000000001,1409.5120000000002,102310.9
00000280--91181081d4--30,C_QUANTIZED,599,33,11,12,8,12,4,12,0,589,244,920,15,50,261.25759293215515,1579.8499999999997,2584.235999999999,172270.5
00000280--91181081d4--31,C_QUANTIZED,600,46,11,13,10,13,4,13,0,507,168,793,13,38,164.75160806532202,1007.5,1747.1,55069.8
00000280--91181081d4--32,C_QUANTIZED,599,10,5,5,5,5,0,5,0,541,26,375,9,16,137.09384794931677,785.93,1304.0449999999971,83324.2
00000280--91181081d4--33,C_QUANTIZED,600,50,7,7,7,7,0,7,0,376,255,777,7,46,258.5608999999998,1626.8600000000001,3205.1830000000105,124696.8
00000280--91181081d4--34,C_QUANTIZED,600,15,5,5,4,5,1,5,0,438,28,385,5,20,136.82263710618435,703.7699999999996,1109.1879999999933,130247.5
00000280--91181081d4--35,C_QUANTIZED,600,34,18,21,14,23,11,19,1,532,129,637,23,38,196.13186666666627,1348.740000000001,2274.128,70157.0
00000280--91181081d4--36,C_QUANTIZED,600,19,7,7,6,7,1,7,0,324,183,790,9,46,213.13846025662352,1365.9,2161.9,146482.3
00000280--91181081d4--37,C_QUANTIZED,600,22,12,17,15,17,6,13,1,448,37,372,15,34,179.29923294980844,942.4999999999993,1844.508,152935.2
00000280--91181081d4--38,C_QUANTIZED,600,22,9,10,8,11,7,9,1,527,40,480,8,22,175.37373333333312,1121.4400000000005,1743.0120000000002,85352.8
00000280--91181081d4--39,C_QUANTIZED,600,35,19,22,20,23,3,21,1,556,70,565,25,38,176.29575070821582,1024.1,1815.7,97007.5
00000280--91181081d4--4,C_QUANTIZED,600,29,17,17,14,17,3,17,0,545,94,686,18,34,184.36298950174992,1255.8,1904.1,65701.6
00000280--91181081d4--40,C_QUANTIZED,600,20,4,5,5,5,0,5,0,361,97,594,6,50,179.6522636484686,1047.1749999999972,2310.8820000000023,54026.6
00000280--91181081d4--41,C_QUANTIZED,600,37,14,54,34,63,52,18,5,521,63,466,27,36,168.82329564349934,1026.3849999999984,1672.009,103752.1
00000280--91181081d4--42,C_QUANTIZED,600,23,15,25,12,26,13,17,2,397,43,455,17,18,143.0661981258364,886.05,1322.4,82665.0
00000280--91181081d4--43,C_QUANTIZED,600,35,11,30,27,30,23,13,1,415,61,602,24,40,161.7947150430749,1077.675,1791.4199999999996,59365.9
00000280--91181081d4--44,C_QUANTIZED,600,74,20,23,21,25,7,23,0,592,73,731,34,44,164.6183380610716,1063.1399999999999,1974.4439999999997,57009.8
00000280--91181081d4--5,C_QUANTIZED,599,36,17,18,16,18,3,18,0,537,86,763,31,34,221.14819939980006,1635.5249999999987,2202.4749999999995,97776.7
00000280--91181081d4--6,C_QUANTIZED,600,27,10,10,10,10,1,10,0,577,89,614,15,46,180.93758333333273,1064.015,2019.3270000000005,116382.0
00000280--91181081d4--7,C_QUANTIZED,600,26,7,14,7,16,9,8,1,499,118,679,8,30,161.91116666666636,1002.9150000000012,1879.0780000000018,90610.8
00000280--91181081d4--8,C_QUANTIZED,600,19,8,9,8,9,1,9,0,510,69,584,10,16,127.6017836306049,676.91,1160.9039999999975,83278.0
00000280--91181081d4--9,C_QUANTIZED,600,3,2,2,1,2,1,2,0,2,9,493,2,10,143.0364,747.3250000000008,1061.2150000000004,114364.3
00000283--b395338ef9--0,C_QUANTIZED,620,46,21,23,21,23,3,23,0,439,101,621,31,44,190.3848925513008,1160.06,2185.4919999999997,116921.7
00000283--b395338ef9--1,C_QUANTIZED,600,29,6,6,3,6,3,6,0,339,31,707,19,28,179.60443407234544,1373.849999999998,2071.513999999995,73462.9
00000283--b395338ef9--10,C_QUANTIZED,600,24,12,12,11,12,1,12,0,440,120,505,13,16,155.17313656828452,874.1199999999993,1477.252,88778.3
00000283--b395338ef9--11,C_QUANTIZED,600,6,4,4,3,4,1,4,0,324,38,403,4,10,141.1239960006668,755.7,1015.9,136238.9
00000283--b395338ef9--12,C_QUANTIZED,600,28,6,6,5,6,1,6,0,461,139,686,7,26,183.51423807935973,1084.23,2028.9529999999986,110199.0
00000283--b395338ef9--13,C_QUANTIZED,600,11,6,6,6,6,0,6,0,311,28,569,6,14,164.56373333333306,923.0000000000003,1729.7030000000002,103356.3
00000283--b395338ef9--14,C_QUANTIZED,600,6,2,3,3,3,0,3,0,182,25,624,3,8,146.80741543076175,846.1,1147.1,106960.7
00000283--b395338ef9--15,C_QUANTIZED,600,10,4,4,4,4,0,4,0,267,29,444,4,6,150.56566094349085,831.179999999999,1171.9299999999994,135089.3
00000283--b395338ef9--16,C_QUANTIZED,600,13,4,4,4,4,0,4,0,144,11,354,5,8,134.70526578903483,581.5,1737.6,104543.5
00000283--b395338ef9--17,C_QUANTIZED,599,8,4,4,4,4,0,4,0,327,34,506,4,12,141.02166666666665,818.9650000000001,1247.3150000000003,103400.8
00000283--b395338ef9--18,C_QUANTIZED,599,3,1,1,1,1,0,1,0,376,32,436,3,14,147.25968656218683,760.8449999999999,1235.8889999999985,142887.0
00000283--b395338ef9--19,C_QUANTIZED,600,8,2,2,2,2,0,2,0,116,38,425,2,12,143.35794470353034,795.1549999999999,1085.8790000000001,132726.9
00000283--b395338ef9--2,C_QUANTIZED,600,28,8,8,7,8,1,8,0,437,36,728,14,38,225.74388333333323,1606.61,2234.6480000000006,95890.8
00000283--b395338ef9--20,C_QUANTIZED,599,20,12,12,7,12,5,12,0,417,53,472,16,32,144.63807461692204,751.4249999999997,1185.6410000000012,124915.0
00000283--b395338ef9--21,C_QUANTIZED,600,6,2,2,1,2,1,2,0,20,46,453,2,10,131.90686209193902,678.4849999999999,1058.1,126146.1
00000283--b395338ef9--22,C_QUANTIZED,600,20,15,15,10,15,5,15,0,510,36,389,22,24,112.2932011331444,612.5,1151.7,3021.5
00000283--b395338ef9--23,C_QUANTIZED,599,23,11,11,11,11,1,11,0,337,81,427,13,24,112.94258333333326,615.9300000000001,1067.2300000000007,49930.7
00000283--b395338ef9--24,C_QUANTIZED,599,15,9,10,10,10,2,10,0,355,154,573,10,28,146.46743876020653,818.0,1290.2,112596.2
00000283--b395338ef9--25,C_QUANTIZED,600,43,22,43,32,61,30,24,2,394,135,651,29,42,153.0848166666668,926.1750000000003,1782.402000000002,54128.3
00000283--b395338ef9--26,C_QUANTIZED,600,39,18,21,19,22,7,20,1,521,127,826,24,46,207.01093333333264,1281.2550000000003,2675.5910000000063,166113.5
00000283--b395338ef9--27,C_QUANTIZED,600,36,11,12,11,12,1,12,0,590,93,666,17,26,170.67256414556485,1070.9999999999995,2043.2220000000016,78927.1
00000283--b395338ef9--28,C_QUANTIZED,600,10,5,5,4,5,1,5,0,391,107,494,7,18,130.54889148191356,759.2099999999989,1325.083999999998,50023.0
00000283--b395338ef9--29,C_QUANTIZED,600,10,7,7,7,7,0,7,0,138,45,442,8,14,157.17011972065228,883.7749999999986,1193.5159999999992,143520.3
00000283--b395338ef9--3,C_QUANTIZED,600,19,4,4,4,4,0,4,0,181,56,416,5,26,156.26931666666658,866.5550000000002,1611.047000000001,145861.7
00000283--b395338ef9--30,C_QUANTIZED,600,31,15,14,12,15,2,15,0,588,54,531,17,24,155.15005840146833,929.3399999999992,1523.9199999999998,83084.2
00000283--b395338ef9--31,C_QUANTIZED,600,50,11,20,17,20,9,12,2,473,127,607,16,20,161.42519973368815,824.6999999999994,1725.765,153978.9
00000283--b395338ef9--32,C_QUANTIZED,600,57,34,27,18,35,18,35,0,584,104,528,41,40,150.5964517741129,780.0499999999995,2077.3619999999664,86061.0
00000283--b395338ef9--33,C_QUANTIZED,600,4,1,1,1,1,0,1,0,34,14,353,2,6,122.68914819136475,641.2299999999999,916.0059999999999,80327.7
00000283--b395338ef9--34,C_QUANTIZED,600,4,4,4,3,4,1,4,0,60,13,456,4,8,151.69751625270857,830.8599999999996,1300.711999999995,101383.9
00000283--b395338ef9--35,C_QUANTIZED,600,4,3,3,3,3,0,3,0,363,3,432,3,4,141.1020180120079,794.8,1034.7300000000014,98601.3
00000283--b395338ef9--36,C_QUANTIZED,600,31,17,17,17,17,0,17,0,367,51,481,17,12,128.16614974153725,607.2599999999996,1391.8,60561.1
00000283--b395338ef9--37,C_QUANTIZED,600,17,10,10,10,10,0,10,0,427,47,614,10,16,135.50660455830965,862.0999999999999,1234.9199999999992,57802.2
00000283--b395338ef9--38,C_QUANTIZED,600,18,1,1,1,1,0,1,0,356,84,592,3,16,167.83016824920938,931.6799999999988,1829.8459999999989,69055.8
00000283--b395338ef9--39,C_QUANTIZED,600,3,1,2,2,2,0,2,0,298,22,451,2,8,119.51491169610121,638.7599999999998,995.4479999999988,105394.6
00000283--b395338ef9--4,C_QUANTIZED,600,4,4,4,3,4,1,4,0,4,0,113,4,4,109.45699999999991,602.7050000000002,809.2160000000003,53714.3
00000283--b395338ef9--40,C_QUANTIZED,600,0,0,0,0,0,0,0,0,0,11,533,1,10,156.49540229885025,890.1599999999999,1397.7719999999995,101831.7
00000283--b395338ef9--41,C_QUANTIZED,600,12,1,1,0,1,1,1,0,1,37,436,1,22,133.69213333333386,690.1150000000001,1558.9540000000031,78825.8
00000283--b395338ef9--42,C_QUANTIZED,600,3,0,0,0,0,0,0,0,0,8,256,0,6,127.13720426524492,676.9549999999998,882.1929999999999,113977.3
00000283--b395338ef9--43,C_QUANTIZED,600,12,7,6,5,7,2,7,0,56,59,435,7,16,125.21442852382559,668.2949999999998,1306.508999999998,97043.3
00000283--b395338ef9--44,C_QUANTIZED,600,27,8,13,7,13,6,8,1,63,171,543,15,54,195.30319999999938,1000.905,2755.8820000000082,90282.9
00000283--b395338ef9--45,C_QUANTIZED,599,29,14,22,12,22,10,14,1,523,107,645,19,46,200.75424095983888,1301.1,2052.0,121741.8
00000283--b395338ef9--46,C_QUANTIZED,600,10,6,26,26,26,20,7,1,337,10,144,11,34,173.41216058637414,1186.5399999999997,1511.9399999999987,74212.0
00000283--b395338ef9--47,C_QUANTIZED,599,52,9,21,15,27,15,14,2,395,63,626,24,44,169.9768205299116,962.4,1956.7,78882.7
00000283--b395338ef9--48,C_QUANTIZED,599,36,17,21,15,23,7,19,2,586,40,346,29,48,125.37157614128604,568.8849999999999,1264.177999999995,110339.0
00000283--b395338ef9--49,C_QUANTIZED,28,0,0,0,0,0,0,0,0,0,0,5,0,6,53.082026143790856,249.04999999999998,375.31999999999914,682.1
00000283--b395338ef9--5,C_QUANTIZED,600,2,0,0,0,0,0,0,0,0,20,314,1,34,155.63877959319734,829.7449999999999,1431.398999999999,140106.6
00000283--b395338ef9--6,C_QUANTIZED,600,25,10,10,7,10,3,10,0,560,52,508,13,30,170.50766538910224,1045.7,1709.0,147715.4
00000283--b395338ef9--7,C_QUANTIZED,600,1,1,1,1,1,0,1,0,1,23,415,3,10,143.0598333333335,819.2400000000002,1409.398000000002,89495.9
00000283--b395338ef9--8,C_QUANTIZED,600,29,15,15,10,16,7,16,0,333,107,647,32,36,174.84819136522708,1087.1399999999996,1907.7759999999957,81742.7
00000283--b395338ef9--9,C_QUANTIZED,600,5,1,6,1,6,5,3,1,539,9,266,3,12,122.58361939676723,609.6,957.3,84598.0
00000285--27dca1de75--10,C_QUANTIZED,599,25,19,18,13,19,6,19,0,536,64,450,31,24,153.85012502083623,825.1199999999999,1424.3699999999935,106204.5
00000285--27dca1de75--11,C_QUANTIZED,599,12,5,5,5,5,0,5,0,106,25,422,8,14,141.51918653108848,735.959999999999,1244.2719999999958,133355.7
00000285--27dca1de75--12,C_QUANTIZED,600,6,4,5,4,5,1,5,0,113,50,491,4,16,121.02332944509249,727.1,1266.7,4629.0
00000285--27dca1de75--13,C_QUANTIZED,600,40,15,26,14,33,19,16,2,439,86,612,22,40,202.03547257876284,1233.1599999999996,2368.8579999999893,130818.1
00000285--27dca1de75--14,C_QUANTIZED,600,5,3,3,2,3,1,3,0,151,31,252,4,10,89.42807134522418,427.91999999999985,716.2719999999983,60349.0
00000285--27dca1de75--15,C_QUANTIZED,600,15,9,10,8,10,2,10,0,448,61,392,10,14,132.40013335555886,700.7299999999992,1034.4659999999985,113572.6
00000285--27dca1de75--16,C_QUANTIZED,600,12,4,4,3,4,1,4,0,487,62,452,4,16,126.03853333333323,720.4300000000001,1063.9120000000003,58474.0
00000285--27dca1de75--17,C_QUANTIZED,600,13,4,4,4,4,0,4,0,222,88,465,4,12,151.82381666666626,775.1300000000001,1457.1260000000004,114897.6
00000285--27dca1de75--18,C_QUANTIZED,600,14,7,7,7,7,0,7,0,315,75,410,7,18,144.64549241792977,754.4,1297.5,115938.6
00000285--27dca1de75--19,C_QUANTIZED,600,54,37,38,23,48,30,41,2,495,93,724,44,40,153.67677677677648,827.5599999999991,1845.254999999995,53311.6
00000285--27dca1de75--2,C_QUANTIZED,600,48,18,18,15,18,3,18,0,576,327,696,26,50,228.83654999999996,1510.51,3221.8720000000035,70645.6
00000285--27dca1de75--20,C_QUANTIZED,600,33,27,23,18,27,10,27,0,203,67,656,28,30,141.50085028342858,798.6449999999999,1241.068999999997,80202.4
00000285--27dca1de75--21,C_QUANTIZED,600,13,10,10,7,10,3,10,0,596,41,419,15,20,119.06412137379134,605.9549999999994,937.8329999999997,75029.0
00000285--27dca1de75--22,C_QUANTIZED,600,5,2,2,2,2,0,2,0,386,31,356,3,10,120.80886666666655,566.005,861.245000000001,139697.0
00000285--27dca1de75--23,C_QUANTIZED,600,24,14,14,13,14,1,14,0,371,133,482,17,22,131.15456362425016,652.2799999999996,1119.2040000000006,120650.1
00000285--27dca1de75--24,C_QUANTIZED,600,16,9,9,8,9,1,9,0,345,78,393,10,14,112.70191602799068,580.59,959.0559999999991,74160.5
00000285--27dca1de75--25,C_QUANTIZED,600,27,23,20,13,24,12,24,0,503,33,262,35,48,133.06741629185402,512.3399999999995,1387.173999999993,154382.1
00000285--27dca1de75--26,C_QUANTIZED,600,21,14,14,9,14,5,14,0,280,82,441,23,28,130.43431666666692,767.9100000000003,1334.0300000000007,65790.5
00000285--27dca1de75--27,C_QUANTIZED,599,30,17,17,12,17,8,17,0,403,62,549,26,28,143.49110592938032,869.7049999999994,1429.7160000000006,79675.7
00000285--27dca1de75--28,C_QUANTIZED,599,44,15,15,13,15,4,15,0,573,113,701,22,38,174.5402199266914,1145.0649999999996,1864.0779999999995,92683.4
00000285--27dca1de75--29,C_QUANTIZED,600,48,21,33,20,33,13,25,2,481,202,768,32,48,238.94362818590625,1521.4699999999998,2435.313999999985,142036.1
00000285--27dca1de75--3,C_QUANTIZED,599,14,10,10,10,10,0,10,0,344,45,538,10,16,153.26217702950456,917.2999999999995,1301.9339999999993,103960.1
00000285--27dca1de75--30,C_QUANTIZED,600,88,33,64,51,74,43,41,8,502,50,669,49,32,189.10441519493557,1199.5449999999996,1955.2529999999988,92309.8
00000285--27dca1de75--31,C_QUANTIZED,599,64,29,91,77,107,82,34,4,587,39,726,42,34,220.12836666666718,1449.9,2281.078000000004,95941.6
00000285--27dca1de75--32,C_QUANTIZED,599,84,30,30,27,31,5,31,0,521,69,762,47,50,167.8684999999999,1094.635,1749.0270000000005,71451.2
00000285--27dca1de75--33,C_QUANTIZED,599,21,2,3,3,4,1,4,0,522,16,233,4,30,191.60316666666628,1300.7150000000001,1978.7050000000002,66105.6
00000285--27dca1de75--34,C_QUANTIZED,189,0,0,0,0,0,0,0,0,0,0,45,0,10,166.7513061650993,1176.5949999999998,1407.8759999999995,3751.3
00000285--27dca1de75--4,C_QUANTIZED,599,4,2,2,1,2,1,2,0,48,14,411,3,16,154.80126645559156,922.5,1329.8,121265.1
00000285--27dca1de75--5,C_QUANTIZED,599,7,2,2,2,2,0,2,0,73,20,621,2,12,186.14143738535978,1138.6999999999994,1762.924,129568.8
00000285--27dca1de75--6,C_QUANTIZED,599,4,0,0,0,0,0,0,0,0,19,486,1,12,162.83466155385136,873.0449999999998,1637.039999999998,115508.9
00000285--27dca1de75--7,C_QUANTIZED,599,6,2,2,2,2,0,2,0,2,30,504,2,10,154.95085028342777,889.5849999999994,1452.1779999999992,116674.2
00000285--27dca1de75--8,C_QUANTIZED,600,6,4,4,4,4,0,4,0,298,12,454,4,10,148.77416666666673,883.6750000000003,1196.9070000000002,94400.6
00000285--27dca1de75--9,C_QUANTIZED,600,20,10,10,7,10,4,10,0,465,60,591,13,26,162.42600433405562,933.3699999999995,1826.4259999999995,81133.7
00000286--de6bd2c087--11,C_QUANTIZED,600,17,4,4,3,4,1,4,0,501,141,586,5,40,175.89403333333348,1024.6150000000005,2097.3810000000017,82854.7
00000286--de6bd2c087--12,C_QUANTIZED,600,6,2,2,2,2,0,2,0,422,27,367,2,12,121.01986335610742,504.8,1384.1,80723.4
00000286--de6bd2c087--13,C_QUANTIZED,600,19,13,13,11,13,2,13,0,420,55,490,15,22,139.72036666666702,715.930000000001,1183.5240000000006,135141.4
00000286--de6bd2c087--14,C_QUANTIZED,600,14,9,9,8,9,1,9,0,274,72,451,11,14,150.13609861735821,801.8299999999997,1490.9379999999965,135088.2
00000286--de6bd2c087--15,C_QUANTIZED,600,23,15,15,8,15,7,15,0,536,55,372,19,38,122.0750836680051,534.2,1019.4499999999999,132923.7
00000286--de6bd2c087--16,C_QUANTIZED,600,89,62,49,37,62,27,62,0,595,110,532,83,62,155.91501916986186,645.3099999999988,2143.9139999999975,127455.5
00000286--de6bd2c087--17,C_QUANTIZED,600,17,13,10,7,13,4,13,0,408,39,445,12,22,137.38778575004147,654.0599999999997,1255.7959999999998,135593.1
00000286--de6bd2c087--18,C_QUANTIZED,600,10,4,4,3,4,1,4,0,254,63,630,4,8,115.27258037647836,591.8499999999998,947.359999999997,103441.3
00000286--de6bd2c087--19,C_QUANTIZED,600,38,25,27,17,30,15,26,1,566,67,604,29,54,170.2580806397869,941.2949999999998,1730.4189999999983,107450.7
00000286--de6bd2c087--20,C_QUANTIZED,599,6,5,5,4,5,1,5,0,274,29,385,5,10,131.1567189063017,640.7449999999999,911.2359999999998,110435.4
00000286--de6bd2c087--21,C_QUANTIZED,599,3,1,1,1,1,0,1,0,1,34,294,1,6,100.91243333333344,502.70500000000044,761.4120000000001,48616.5
00000286--de6bd2c087--22,C_QUANTIZED,600,1,0,0,0,0,0,0,0,0,10,332,0,4,92.65145857642956,451.9299999999998,674.0279999999993,50094.9
00000286--de6bd2c087--23,C_QUANTIZED,600,2,2,2,2,2,0,2,0,44,3,377,2,4,119.59733422192646,565.1299999999999,1144.7759999999994,104871.5
00000286--de6bd2c087--24,C_QUANTIZED,599,21,9,9,9,9,0,9,0,124,61,523,11,38,143.07525050100205,746.219999999999,1491.6400000000008,117014.0
00000286--de6bd2c087--25,C_QUANTIZED,599,17,8,8,8,8,0,8,0,414,53,451,10,14,127.82708298547368,698.2199999999999,1086.9959999999994,60456.5
00000286--de6bd2c087--26,C_QUANTIZED,599,29,16,16,16,16,0,16,0,557,71,474,17,16,128.4712308205472,678.5,1291.8500000000063,66066.6
00000286--de6bd2c087--27,C_QUANTIZED,599,60,41,54,34,71,40,46,4,515,111,522,55,52,161.56211087065097,921.3599999999999,1626.2919999999972,120837.9
00000286--de6bd2c087--28,C_QUANTIZED,600,3,1,1,1,1,0,1,0,365,32,542,1,10,146.75949008498546,812.7,1262.6,123139.4
00000286--de6bd2c087--29,C_QUANTIZED,599,10,5,5,3,5,2,5,0,241,66,573,5,22,160.05032397408223,974.8199999999998,1474.3259999999987,80082.1
00000286--de6bd2c087--30,C_QUANTIZED,600,0,0,0,0,0,0,0,0,0,13,456,0,6,128.45980016652797,768.4600000000003,1122.0,74270.3
00000286--de6bd2c087--31,C_QUANTIZED,600,11,4,4,4,4,0,4,0,451,40,650,4,12,171.41299566811148,1058.9699999999998,1783.268999999999,88335.2
00000286--de6bd2c087--32,C_QUANTIZED,600,2,0,0,0,0,0,0,0,0,28,437,1,6,142.09234744915008,710.7649999999996,1219.5449999999996,141651.1
00000286--de6bd2c087--33,C_QUANTIZED,600,1,1,1,1,1,0,1,0,399,11,434,1,8,138.63168333333334,790.7200000000005,1230.9490000000012,81205.6
00000286--de6bd2c087--34,C_QUANTIZED,600,21,12,12,10,12,4,12,0,310,33,506,14,30,148.1853524412595,833.1,1274.1,125062.2
0000028b--ca855432c0--10,C_QUANTIZED,600,19,7,7,7,7,0,7,0,407,60,549,8,10,149.23733755414852,899.1800000000001,1324.0739999999994,60605.2
0000028b--ca855432c0--11,C_QUANTIZED,599,19,6,6,5,6,1,6,0,287,63,617,8,18,168.3841500000001,932.5850000000003,1586.2330000000009,126412.4
0000028b--ca855432c0--24,C_QUANTIZED,600,22,18,17,16,18,2,18,0,331,61,456,27,26,146.88266799733876,744.5450000000001,1481.7810000000009,92894.8
0000028b--ca855432c0--25,C_QUANTIZED,600,10,2,2,2,2,0,2,0,273,67,523,3,36,158.28955348217218,901.059999999999,1710.5519999999945,84727.0
0000028b--ca855432c0--33,C_QUANTIZED,599,8,4,4,3,4,1,4,0,105,34,379,4,12,115.83787525016682,590.425,962.5000000000007,98724.2
0000028b--ca855432c0--57,C_QUANTIZED,599,50,19,20,17,21,3,21,0,544,321,1084,22,26,172.15174195699296,1135.2799999999984,1816.3139999999996,82617.1
0000028b--ca855432c0--58,C_QUANTIZED,600,41,18,21,15,21,6,18,1,533,223,961,21,22,155.20151717239088,977.0399999999994,1547.2329999999972,95083.7
0000028b--ca855432c0--78,C_QUANTIZED,600,13,4,4,3,4,1,4,0,147,40,394,8,30,147.49521739130455,786.4250000000001,1666.5540000000003,63536.6
0000028f--bc6e81a93a--32,C_QUANTIZED,600,53,24,23,17,24,6,24,0,420,171,660,25,18,140.08585455150592,865.8199999999996,1409.4040000000002,53594.3
0000028f--bc6e81a93a--35,C_QUANTIZED,600,28,7,7,6,7,1,7,0,223,74,574,7,16,139.6569400367461,757.9599999999998,1598.750000000001,58939.5
0000028f--bc6e81a93a--36,C_QUANTIZED,599,57,27,27,24,30,5,29,0,579,163,800,29,22,185.56338451268417,1166.8799999999999,1713.558000000001,124642.6
0000028f--bc6e81a93a--37,C_QUANTIZED,600,50,21,27,14,29,14,21,2,506,218,714,30,26,181.50517011340855,1156.8500000000001,1761.3850000000002,120305.9
0000028f--bc6e81a93a--38,C_QUANTIZED,600,44,16,21,13,21,9,17,1,577,194,769,23,18,165.06137873754156,992.41,1686.5480000000002,120577.1
00000292--6d6fbf4d88--17,C_QUANTIZED,600,8,5,17,9,22,13,7,2,417,40,564,9,14,139.338916666667,818.0600000000002,1176.1250000000005,85072.8
00000294--307ed6c5e3--0,C_QUANTIZED,615,51,19,21,19,22,2,22,0,573,101,679,29,32,194.4680084745766,1202.2,1905.6649999999947,118185.8
00000294--307ed6c5e3--1,C_QUANTIZED,600,41,17,18,17,18,2,18,0,577,37,374,27,58,175.35261841227438,1157.9250000000002,1917.1350000000011,72163.0
00000294--307ed6c5e3--10,C_QUANTIZED,599,24,8,8,7,8,4,8,0,288,112,685,9,24,182.52399133044406,1153.1649999999995,1946.6329999999996,118709.3
00000294--307ed6c5e3--11,C_QUANTIZED,599,5,4,4,3,4,1,4,0,144,78,652,5,20,168.44472587901987,968.9,1982.8,79902.7
00000294--307ed6c5e3--12,C_QUANTIZED,599,9,6,6,5,6,1,6,0,338,26,523,6,18,150.4261920640217,817.1349999999996,1307.3479999999995,134004.7
00000294--307ed6c5e3--13,C_QUANTIZED,599,14,6,6,6,6,0,6,0,312,93,726,6,16,197.19959999999978,1221.4,2153.557000000001,135738.2
00000294--307ed6c5e3--14,C_QUANTIZED,600,7,5,5,5,5,2,5,0,355,23,610,6,8,164.03483333333324,958.4350000000004,1588.7480000000012,104500.9
00000294--307ed6c5e3--15,C_QUANTIZED,600,15,3,3,3,3,0,3,0,367,73,836,3,16,172.11128709569846,1012.8149999999999,1571.7599999999995,144669.4
00000294--307ed6c5e3--16,C_QUANTIZED,599,20,6,7,7,7,2,7,0,117,94,781,13,24,176.91927630481882,954.5199999999988,2222.872,95951.3
00000294--307ed6c5e3--17,C_QUANTIZED,600,23,12,13,9,14,7,14,0,590,211,786,25,52,244.24532577903696,1657.3,2919.0,160304.0
00000294--307ed6c5e3--18,C_QUANTIZED,600,29,8,13,9,16,7,11,2,589,232,860,14,58,268.10568902235514,1840.959999999998,3407.226999999989,113897.0
00000294--307ed6c5e3--19,C_QUANTIZED,600,41,16,18,12,19,11,17,1,385,307,900,23,62,239.84676774408442,1578.3249999999998,3037.7939999999953,132682.2
00000294--307ed6c5e3--2,C_QUANTIZED,600,26,9,37,21,50,44,20,3,557,31,449,24,34,153.3558073654393,964.8,1793.8,56512.9
00000294--307ed6c5e3--20,C_QUANTIZED,600,33,19,20,16,20,4,20,0,592,187,841,28,52,203.6874396135276,1247.1699999999994,2180.957999999999,109132.1
00000294--307ed6c5e3--21,C_QUANTIZED,600,26,12,12,12,12,0,12,0,548,46,562,12,18,164.63593671940055,1032.98,1640.0880000000002,69321.5
00000294--307ed6c5e3--22,C_QUANTIZED,600,4,1,1,1,1,0,1,0,1,6,150,2,18,106.53086152307912,506.7,1070.5,55261.0
00000294--307ed6c5e3--23,C_QUANTIZED,600,0,0,0,0,0,0,0,0,0,2,86,0,4,127.6088151974671,637.1,782.3,124696.4
00000294--307ed6c5e3--24,C_QUANTIZED,600,23,8,10,8,10,2,9,0,226,58,431,14,32,178.15923704814247,820.1999999999992,2195.349999999999,136948.8
00000294--307ed6c5e3--25,C_QUANTIZED,600,6,0,0,0,0,0,0,0,0,36,278,6,26,132.88162720906962,679.3049999999997,1203.0449999999971,114528.2
00000294--307ed6c5e3--26,C_QUANTIZED,600,17,7,7,4,7,3,7,0,47,16,160,10,20,121.26363939343493,663.6,1037.9,70673.2
00000294--307ed6c5e3--27,C_QUANTIZED,600,14,4,4,4,4,0,4,0,165,0,63,13,30,124.51971666666623,742.9550000000005,987.2100000000003,89771.2
00000294--307ed6c5e3--28,C_QUANTIZED,600,52,15,21,13,21,8,17,1,382,79,572,22,36,172.37078820196658,1077.5,1921.8,85186.7
00000294--307ed6c5e3--3,C_QUANTIZED,600,8,1,1,1,1,0,1,0,135,22,364,3,28,159.11954310488602,887.5999999999999,1550.7199999999998,137814.8
00000294--307ed6c5e3--4,C_QUANTIZED,600,27,3,4,4,4,0,4,0,422,225,823,5,48,217.1517931609675,1502.2000000000003,2962.6400000000017,85759.4
00000294--307ed6c5e3--5,C_QUANTIZED,600,14,4,5,5,5,0,5,0,547,124,644,5,32,168.5594531510507,1002.6949999999995,1585.7129999999959,145409.8
00000294--307ed6c5e3--6,C_QUANTIZED,600,16,10,10,8,10,2,10,0,485,88,649,11,18,126.0351166666665,727.505,1155.3860000000018,71867.0
00000294--307ed6c5e3--7,C_QUANTIZED,600,24,7,7,7,7,1,7,0,437,82,774,7,12,125.08523333333342,699.1500000000002,1118.941000000001,62958.0
00000294--307ed6c5e3--8,C_QUANTIZED,599,15,4,5,4,5,1,5,0,536,117,606,5,24,143.09764921640567,703.0499999999996,1221.1959999999965,136822.1
00000294--307ed6c5e3--9,C_QUANTIZED,599,14,5,5,4,5,1,5,0,593,61,555,5,18,146.11558333333355,773.7150000000001,1237.8600000000013,97306.2
00000299--4e4dc57170--0,C_QUANTIZED,620,30,8,9,8,9,1,9,0,385,55,623,16,36,154.2390279347647,970.3799999999995,1504.572,84030.7
00000299--4e4dc57170--1,C_QUANTIZED,600,26,11,13,9,15,7,12,1,445,42,474,17,22,154.63617872624286,878.1449999999999,1787.8499999999963,59121.6
00000299--4e4dc57170--10,C_QUANTIZED,600,15,3,8,2,8,6,4,1,488,104,716,7,36,182.47732044659253,1055.8,2007.5,105397.3
00000299--4e4dc57170--11,C_QUANTIZED,600,26,1,1,1,1,0,1,0,129,196,648,6,50,180.07386231038535,978.8499999999959,2413.0119999999924,96998.6
00000299--4e4dc57170--12,C_QUANTIZED,600,10,4,4,4,4,0,4,0,407,75,709,4,20,171.17850716427847,1036.7,1740.6879999999999,69423.7
00000299--4e4dc57170--13,C_QUANTIZED,599,42,12,19,11,19,10,12,1,576,165,746,15,22,152.25516838946294,879.0099999999995,1764.4689999999994,76485.1
00000299--4e4dc57170--14,C_QUANTIZED,599,44,37,37,25,52,30,39,2,441,62,588,43,48,138.83507748708584,778.7,1645.0,53580.2
00000299--4e4dc57170--15,C_QUANTIZED,599,10,5,5,4,5,1,5,0,516,27,440,5,10,160.7408568094682,828.6199999999999,1743.1279999999922,120197.1
00000299--4e4dc57170--16,C_QUANTIZED,599,27,12,14,11,15,5,13,1,486,84,685,17,28,157.2876146024339,875.2899999999996,1536.823999999997,123449.8
00000299--4e4dc57170--17,C_QUANTIZED,600,18,9,10,10,11,1,10,0,277,28,516,11,38,146.6625853739796,793.2199999999997,1614.2199999999962,80667.5
00000299--4e4dc57170--18,C_QUANTIZED,599,16,8,13,7,13,15,8,1,258,114,631,10,34,141.89257962314477,813.6999999999991,1409.5,77674.1
00000299--4e4dc57170--19,C_QUANTIZED,600,21,10,10,8,10,2,10,0,532,82,603,12,16,158.48153641059878,866.7,1287.3,132148.4
00000299--4e4dc57170--2,C_QUANTIZED,600,5,0,0,0,0,0,0,0,0,43,246,3,38,136.52422070345054,653.7899999999996,1448.9299999999994,113850.2
00000299--4e4dc57170--20,C_QUANTIZED,600,14,7,7,5,7,2,7,0,401,105,617,10,14,138.19244999999955,833.2350000000002,1235.7110000000005,96440.6
00000299--4e4dc57170--21,C_QUANTIZED,600,22,4,5,4,5,1,5,0,514,117,602,7,42,190.84113333333354,1277.4350000000004,2164.920000000003,78534.3
00000299--4e4dc57170--22,C_QUANTIZED,600,6,2,2,2,2,0,2,0,31,33,382,2,26,184.05507246376777,1108.579999999998,1668.667999999995,138200.0
00000299--4e4dc57170--23,C_QUANTIZED,600,9,4,4,4,4,0,4,0,534,18,362,5,22,163.37582069655102,922.2,1606.2,94125.3
00000299--4e4dc57170--24,C_QUANTIZED,600,14,2,2,2,2,0,2,0,550,122,601,2,42,229.0757959659947,1528.8499999999997,2778.6279999999924,147983.9
00000299--4e4dc57170--25,C_QUANTIZED,600,13,3,3,3,3,0,3,0,434,145,724,5,30,167.66768333333317,985.605,1542.9490000000012,105016.8
00000299--4e4dc57170--26,C_QUANTIZED,600,18,8,8,6,8,2,8,0,214,117,611,8,24,185.58431666666704,1177.1049999999998,1686.3710000000015,145078.1
00000299--4e4dc57170--27,C_QUANTIZED,600,20,9,9,8,9,1,9,0,547,237,724,14,42,250.26907817969663,1825.3599999999997,3105.0179999999996,139530.2
00000299--4e4dc57170--3,C_QUANTIZED,600,26,10,10,9,10,3,10,0,552,58,639,11,22,174.67675387435486,1059.9,1741.6,122617.1
00000299--4e4dc57170--4,C_QUANTIZED,600,18,5,5,5,5,0,5,0,571,68,463,6,48,186.0034505750958,1060.6999999999978,2363.589999999998,108061.8
00000299--4e4dc57170--5,C_QUANTIZED,600,0,0,0,0,0,0,0,0,0,1,128,0,10,113.27407901316907,616.3499999999992,778.1339999999992,72018.3
00000299--4e4dc57170--6,C_QUANTIZED,600,32,12,16,12,19,9,14,1,319,161,573,14,48,185.7518913514412,932.4,2670.6,125515.7
00000299--4e4dc57170--7,C_QUANTIZED,600,33,16,18,16,18,2,18,0,547,225,913,19,46,279.6468822940985,1866.729999999997,2928.4609999999875,163264.1
00000299--4e4dc57170--8,C_QUANTIZED,600,18,7,7,7,7,0,7,0,499,67,636,10,42,151.87138097617876,924.3799999999993,1712.5259999999985,67833.0
00000299--4e4dc57170--9,C_QUANTIZED,599,29,12,12,10,12,2,12,0,570,104,668,15,32,160.00428333333377,773.8850000000008,2077.4280000000067,55448.8
0000029b--52f66a3abc--0,C_QUANTIZED,616,28,15,15,13,15,2,15,0,420,63,509,18,36,159.98184775536782,773.9249999999998,1884.9899999999993,127911.2
0000029b--52f66a3abc--1,C_QUANTIZED,599,9,5,5,4,5,1,5,0,290,37,506,5,18,149.49689896632245,1029.0899999999997,1547.8009999999983,72919.0
0000029b--52f66a3abc--10,C_QUANTIZED,600,4,2,2,1,2,1,2,0,349,38,539,3,10,118.78030328278648,690.2,1039.8,53399.1
0000029b--52f66a3abc--11,C_QUANTIZED,600,4,0,0,0,0,0,0,0,0,93,522,0,18,159.85740956826146,883.6599999999996,1398.3279999999993,126896.8
0000029b--52f66a3abc--12,C_QUANTIZED,600,5,1,1,1,1,0,1,0,446,33,282,2,38,144.05850975162582,528.9,1561.719999999997,149689.6
0000029b--52f66a3abc--13,C_QUANTIZED,600,24,8,19,17,24,14,12,2,467,28,543,10,22,135.03549408431937,832.2,1265.0,66310.6
0000029b--52f66a3abc--14,C_QUANTIZED,600,18,9,8,6,9,2,9,0,411,51,703,9,18,166.32547515838596,935.9699999999993,1965.5309999999904,84394.5
0000029b--52f66a3abc--15,C_QUANTIZED,600,22,15,15,13,15,2,15,0,597,60,523,16,24,175.19516666666667,1136.8800000000008,1821.9250000000006,84715.1
0000029b--52f66a3abc--16,C_QUANTIZED,600,6,4,4,4,4,0,4,0,375,101,507,5,14,170.1320166666661,946.4600000000002,1682.2080000000003,146589.7
0000029b--52f66a3abc--17,C_QUANTIZED,600,17,6,6,6,6,0,6,0,331,77,787,8,16,176.84687447908013,1079.3099999999988,1874.927999999997,98027.0
0000029b--52f66a3abc--18,C_QUANTIZED,600,12,2,2,2,2,0,2,0,79,39,831,2,16,151.17195467422084,954.6,1621.8,47196.1
0000029b--52f66a3abc--19,C_QUANTIZED,600,46,26,40,22,42,23,31,1,498,163,908,54,62,217.5153884628215,1434.2449999999992,2438.8129999999956,133144.9
0000029b--52f66a3abc--2,C_QUANTIZED,599,1,0,0,0,0,0,0,0,0,2,66,0,4,99.59296432144063,503.70999999999947,636.1389999999998,54347.1
0000029b--52f66a3abc--20,C_QUANTIZED,600,9,5,17,10,25,15,7,2,298,122,745,8,44,205.52248333333316,1404.12,2198.038000000001,112590.4
0000029b--52f66a3abc--21,C_QUANTIZED,600,29,19,20,15,25,25,20,1,509,159,746,24,48,255.08608565239155,1511.9,2999.3,144973.9
0000029b--52f66a3abc--22,C_QUANTIZED,599,54,15,15,14,15,3,15,0,576,317,918,31,50,234.36325271059206,1578.8300000000002,2774.8160000000053,113048.8
0000029b--52f66a3abc--23,C_QUANTIZED,600,17,3,3,3,3,0,3,0,489,18,410,3,28,172.5807666666671,1234.825,1911.4100000000003,69438.5
0000029b--52f66a3abc--24,C_QUANTIZED,599,38,25,24,20,25,4,25,0,454,131,761,28,38,191.25964005998995,1121.5,2079.5,112819.5
0000029b--52f66a3abc--25,C_QUANTIZED,599,24,9,9,9,9,0,9,0,469,29,594,9,38,205.68226075358467,1315.729999999999,2119.6729999999948,98247.2
0000029b--52f66a3abc--26,C_QUANTIZED,599,42,14,20,14,20,13,14,1,435,168,743,22,56,214.53767294549107,1455.379999999997,2747.219999999995,74380.5
0000029b--52f66a3abc--27,C_QUANTIZED,599,32,11,13,10,13,3,12,0,518,104,622,12,34,190.84916666666678,1407.3850000000014,2350.417000000001,56252.6
0000029b--52f66a3abc--28,C_QUANTIZED,600,19,6,6,5,6,1,6,0,338,122,634,7,44,209.19980000000027,1351.770000000001,2236.3220000000006,130242.0
0000029b--52f66a3abc--29,C_QUANTIZED,599,28,19,17,16,19,2,19,0,474,36,363,21,34,139.4123041013665,755.9599999999998,1357.4139999999989,102380.4
0000029b--52f66a3abc--3,C_QUANTIZED,600,0,0,0,0,0,0,0,0,0,1,72,0,2,96.64945000000004,363.3750000000003,611.1230000000006,120372.3
0000029b--52f66a3abc--30,C_QUANTIZED,600,16,9,10,9,10,1,10,0,469,25,323,15,26,136.26906666666636,656.2350000000002,1316.0110000000002,113852.7
0000029b--52f66a3abc--4,C_QUANTIZED,600,48,15,20,12,20,10,16,1,517,185,748,27,50,205.13532844281443,1400.804999999999,2360.5609999999906,82969.4
0000029b--52f66a3abc--5,C_QUANTIZED,600,13,1,1,1,1,0,1,0,1,181,774,1,40,223.01618554980772,1370.0799999999983,2750.3199999999993,132137.2
0000029b--52f66a3abc--6,C_QUANTIZED,600,11,1,1,0,1,1,1,0,1,114,548,1,26,146.08429738289692,899.569999999998,1241.335999999999,74439.9
0000029b--52f66a3abc--7,C_QUANTIZED,600,6,2,2,2,2,0,2,0,204,61,536,2,14,140.14383014154885,793.7,1157.0800000000002,102963.6
0000029b--52f66a3abc--8,C_QUANTIZED,600,18,4,5,5,5,0,5,0,394,152,806,6,24,170.1327836081965,972.8599999999984,1573.1799999999973,136128.2
0000029b--52f66a3abc--9,C_QUANTIZED,600,12,7,6,4,7,3,7,0,94,91,610,7,16,167.59233588803744,935.2549999999998,1325.8619999999992,141698.0
000002a2--b53d86b8b1--10,C_QUANTIZED,599,17,12,18,13,21,8,13,2,546,53,265,14,34,134.9752750916973,578.2499999999997,1456.0009999999882,111648.9
000002a2--b53d86b8b1--11,C_QUANTIZED,600,14,8,9,9,9,0,9,0,58,41,231,14,56,126.55711906744372,549.44,1593.924000000001,63291.7
000002a2--b53d86b8b1--12,C_QUANTIZED,600,88,32,65,44,98,84,48,9,568,221,637,69,68,172.9652101400937,1071.3999999999999,2269.3650000000007,105866.8
000002a2--b53d86b8b1--13,C_QUANTIZED,600,32,12,27,17,31,21,19,2,324,35,314,21,86,159.27565173796776,785.7049999999994,1800.3010000000017,149385.2
000002a2--b53d86b8b1--14,C_QUANTIZED,600,20,7,7,6,7,1,7,0,579,21,361,9,26,194.9401462279825,1372.8499999999997,1956.483,103201.3
000002a2--b53d86b8b1--15,C_QUANTIZED,600,44,9,9,8,9,1,9,0,413,25,535,18,36,221.12635529607988,1522.6500000000005,2330.890000000001,120769.1
000002a2--b53d86b8b1--17,C_QUANTIZED,600,3,0,0,0,0,0,0,0,0,15,299,0,20,160.39921692769045,700.1899999999995,1718.3399999999988,144096.7
000002a2--b53d86b8b1--18,C_QUANTIZED,599,10,3,3,3,3,0,3,0,56,2,154,3,8,118.0736043992668,622.5,829.2,83205.4
000002a2--b53d86b8b1--19,C_QUANTIZED,600,13,6,7,7,7,1,7,0,409,5,343,8,16,130.2672718187873,768.5249999999997,1128.595000000001,56481.5
000002a2--b53d86b8b1--20,C_QUANTIZED,599,4,1,1,1,1,0,1,0,379,4,172,2,14,98.16135378459478,514.115,751.6419999999997,50085.0
000002a2--b53d86b8b1--21,C_QUANTIZED,599,5,1,9,1,9,8,3,1,562,8,214,2,16,133.6618833333334,649.805,926.0390000000009,133810.9
000002a2--b53d86b8b1--22,C_QUANTIZED,599,13,5,5,4,5,1,5,0,394,9,222,5,14,133.50648225295848,651.0,1228.4,115502.4
000002a2--b53d86b8b1--23,C_QUANTIZED,599,4,1,1,1,1,0,1,0,4,2,86,1,14,106.03703333333324,566.8,746.2080000000002,55050.7
000002a2--b53d86b8b1--24,C_QUANTIZED,600,3,1,1,1,1,0,1,0,214,9,277,2,10,134.24379270121682,738.9,1048.9,120701.3
000002a2--b53d86b8b1--25,C_QUANTIZED,599,2,1,1,1,1,0,1,0,3,8,314,1,10,126.7748791465246,720.9299999999998,934.1759999999982,94661.6
000002a2--b53d86b8b1--27,C_QUANTIZED,600,48,14,44,31,60,36,19,5,429,74,598,24,46,159.83021666666716,1061.82,1527.9050000000002,76566.1
000002a2--b53d86b8b1--28,C_QUANTIZED,600,13,5,5,5,5,0,5,0,347,5,289,6,30,131.60903483913944,737.5399999999997,1086.9679999999985,78722.3
000002a2--b53d86b8b1--9,C_QUANTIZED,600,36,21,23,20,26,10,23,1,426,154,808,33,54,193.62069368017413,1227.76,2131.5159999999996,77744.8
00000243--a4d9c0a5dd--0,D_STABLE_CORE,621,41,6,6,5,6,3,6,0,272,64,506,6,40,167.40901758348133,1044.6499999999987,1910.447999999999,66387.3
00000245--2c15eb5d45--12,D_STABLE_CORE,600,8,0,0,0,0,0,0,0,0,39,426,0,10,120.50848050649834,659.1800000000001,1041.3729999999994,68083.1
00000245--2c15eb5d45--19,D_STABLE_CORE,600,34,0,0,0,0,0,0,0,0,133,864,0,36,194.85192467922073,1387.4,2162.5,82384.3
00000245--2c15eb5d45--21,D_STABLE_CORE,600,46,0,0,0,0,0,0,0,0,170,812,0,50,228.70054981672791,1422.34,2591.3519999999994,104204.2
00000245--2c15eb5d45--32,D_STABLE_CORE,600,14,1,2,2,2,0,1,0,156,27,341,2,30,121.94829252040618,710.67,1210.2279999999985,52960.4
00000245--2c15eb5d45--7,D_STABLE_CORE,600,26,2,2,2,2,0,2,0,543,172,758,2,30,162.19776629438277,1013.8799999999995,1601.8739999999982,63280.4
00000247--b657952782--0,D_STABLE_CORE,619,109,10,15,12,15,8,11,2,486,111,912,13,50,209.26457189014528,1439.1149999999975,2181.4129999999973,68667.6
00000247--b657952782--1,D_STABLE_CORE,600,98,15,52,32,62,44,19,6,558,137,874,23,48,193.0140190031677,1343.689999999998,2155.113999999978,68177.0
00000247--b657952782--10,D_STABLE_CORE,600,8,0,0,0,0,0,0,0,0,4,224,0,18,135.14238079359725,692.1299999999999,1021.0469999999987,82780.2
00000247--b657952782--11,D_STABLE_CORE,600,17,10,10,10,10,0,10,0,496,8,189,10,38,117.98498833722061,635.0399999999998,907.2659999999993,80992.5
00000247--b657952782--12,D_STABLE_CORE,600,21,11,11,11,11,0,11,0,469,41,382,11,42,138.78507835945325,811.9449999999991,1243.9889999999982,76000.9
00000247--b657952782--13,D_STABLE_CORE,600,8,0,0,0,0,0,0,0,0,76,656,0,30,193.8078026008665,1284.645,2021.9089999999946,75280.7
00000247--b657952782--14,D_STABLE_CORE,600,29,0,0,0,0,0,0,0,0,37,568,0,20,176.93593203398228,1247.089999999999,1796.7059999999979,91286.6
00000247--b657952782--15,D_STABLE_CORE,600,17,1,1,1,1,0,1,0,1,53,661,1,28,161.00438552609666,971.3,1655.5959999999998,84707.5
00000247--b657952782--16,D_STABLE_CORE,600,3,0,0,0,0,0,0,0,0,36,541,0,16,157.99098333333305,970.6650000000003,1511.2640000000015,75675.4
00000247--b657952782--17,D_STABLE_CORE,600,11,0,0,0,0,0,0,0,0,115,602,0,40,185.95200000000034,1186.6550000000007,2173.739000000001,96295.1
00000247--b657952782--18,D_STABLE_CORE,600,17,0,0,0,0,0,0,0,0,60,756,0,12,149.6807134522423,883.0299999999993,1365.183999999998,110699.2
00000247--b657952782--19,D_STABLE_CORE,600,25,1,1,1,1,0,1,0,1,61,813,1,14,160.10786797799653,956.669999999999,1445.0019999999977,108120.9
00000247--b657952782--2,D_STABLE_CORE,599,64,4,4,4,4,0,4,0,552,77,759,4,26,177.56731154102712,1138.125,1761.2900000000036,104568.5
00000247--b657952782--20,D_STABLE_CORE,600,18,0,0,0,0,0,0,0,0,99,618,0,22,152.9548333333336,887.0300000000004,1365.6620000000014,89125.6
00000247--b657952782--21,D_STABLE_CORE,600,15,1,1,1,1,0,1,0,208,62,515,1,14,161.0077807397534,844.0749999999999,1702.896,109428.1
00000247--b657952782--22,D_STABLE_CORE,600,45,3,3,3,3,1,3,0,310,78,674,3,32,145.8379126375462,858.1549999999994,1407.6659999999995,103064.8
00000247--b657952782--23,D_STABLE_CORE,600,18,1,1,1,1,0,1,0,85,35,467,1,32,128.97475420763234,518.6,1426.7,108826.5
00000247--b657952782--24,D_STABLE_CORE,600,28,1,1,1,1,0,1,0,5,250,734,1,48,224.6520833333329,1503.1650000000018,2622.0930000000044,114659.5
00000247--b657952782--25,D_STABLE_CORE,600,34,0,0,0,0,0,0,0,0,293,753,0,42,235.4416736122694,1532.209999999997,2897.0559999999964,117743.0
00000247--b657952782--26,D_STABLE_CORE,600,21,0,0,0,0,0,0,0,0,196,834,0,44,212.29978329721555,1383.5899999999995,2519.585999999998,120820.8
00000247--b657952782--27,D_STABLE_CORE,600,42,1,1,1,1,0,1,0,210,248,754,1,48,233.00121646392267,1495.1,3190.5,105855.3
00000247--b657952782--28,D_STABLE_CORE,600,18,1,1,1,1,0,1,0,347,179,738,1,22,172.13142714238046,1071.03,1624.571999999989,123738.7
00000247--b657952782--29,D_STABLE_CORE,600,9,0,0,0,0,0,0,0,0,136,687,0,24,166.26017330444958,1005.8,1695.2,124703.2
00000247--b657952782--3,D_STABLE_CORE,600,19,0,0,0,0,0,0,0,0,33,293,0,22,138.19177078127566,554.219999999999,1778.4939999999933,121854.9
00000247--b657952782--30,D_STABLE_CORE,599,8,0,0,0,0,0,0,0,0,57,497,0,24,141.4695398466159,738.4049999999997,1187.510999999999,118124.2
00000247--b657952782--31,D_STABLE_CORE,600,20,0,0,0,0,0,0,0,0,139,513,0,54,185.48227257580749,1050.0749999999996,2414.741999999981,106698.8
00000247--b657952782--32,D_STABLE_CORE,599,7,0,0,0,0,0,0,0,0,81,655,0,32,229.41941666666628,1579.62,2686.699000000002,114332.3
00000247--b657952782--33,D_STABLE_CORE,599,18,0,0,0,0,0,0,0,0,34,393,0,30,178.33732711214745,960.9,1994.4,143558.4
00000247--b657952782--34,D_STABLE_CORE,599,2,0,0,0,0,0,0,0,0,5,198,0,26,146.86571666666683,758.345,1102.7060000000004,133589.2
00000247--b657952782--35,D_STABLE_CORE,599,23,3,10,7,10,8,4,1,470,33,417,3,26,142.0339943342771,893.5,1517.7,4665.6
00000247--b657952782--36,D_STABLE_CORE,599,14,1,3,1,3,2,2,0,236,43,416,1,18,156.90148308615258,839.4,1676.1,123322.2
00000247--b657952782--37,D_STABLE_CORE,599,7,0,0,0,0,0,0,0,0,19,237,0,22,131.3644333333331,565.9200000000001,1067.809,144827.2
00000247--b657952782--38,D_STABLE_CORE,599,48,5,5,5,5,0,5,0,353,73,869,5,42,195.673421096484,1175.9,2075.0,145287.5
00000247--b657952782--39,D_STABLE_CORE,585,67,5,6,5,6,2,5,0,347,36,458,6,46,184.90489546149928,1144.9899999999986,1844.0640000000071,143965.8
00000247--b657952782--4,D_STABLE_CORE,599,11,2,2,2,2,0,2,0,2,15,247,2,18,127.27773333333367,739.8,959.0270000000006,62033.5
00000247--b657952782--5,D_STABLE_CORE,599,33,3,4,3,4,1,4,0,327,61,543,3,40,148.95213333333317,931.33,1481.1270000000006,65289.3
00000247--b657952782--6,D_STABLE_CORE,600,47,2,2,2,2,1,2,0,32,79,627,2,44,152.55762372937784,885.2,1899.6,74068.5
00000247--b657952782--7,D_STABLE_CORE,600,30,1,2,1,2,1,2,0,490,46,337,1,14,137.47032838806444,693.2899999999989,1536.8959999999977,55636.7
00000247--b657952782--8,D_STABLE_CORE,599,16,4,34,32,34,28,4,1,349,19,211,8,32,129.12839753209923,774.0999999999996,1138.828,50366.8
00000247--b657952782--9,D_STABLE_CORE,600,16,10,25,17,25,14,12,4,420,11,145,15,30,135.98132289236963,778.7249999999997,1130.0119999999981,63143.4
00000250--8354d55131--0,D_STABLE_CORE,621,88,11,14,12,14,3,11,1,270,66,451,13,46,144.6018445968004,661.225,2186.125,52492.8
00000250--8354d55131--1,D_STABLE_CORE,599,91,5,14,10,14,5,6,2,345,92,927,10,40,159.02075152335814,1005.3799999999987,1943.1720000000003,57666.4
00000250--8354d55131--2,D_STABLE_CORE,377,1,0,0,0,0,0,0,0,0,1,73,0,8,70.7113162753891,353.35,522.0699999999997,1365.8
00000252--d191bee66c--0,D_STABLE_CORE,617,70,7,11,11,11,1,7,2,187,47,371,11,46,146.66325894322298,616.8699999999977,1744.0599999999977,87145.1
00000252--d191bee66c--1,D_STABLE_CORE,600,47,1,1,1,1,0,1,0,427,36,439,1,38,125.44290726817016,595.6200000000001,1285.6239999999993,77473.5
00000252--d191bee66c--2,D_STABLE_CORE,333,1,0,0,0,0,0,0,0,0,3,86,0,10,83.02208643815199,424.85999999999996,630.484,2810.2
00000254--0ac259250e--0,D_STABLE_CORE,620,71,9,51,42,64,63,18,9,205,51,490,18,44,138.2986334797466,661.7099999999996,1696.5659999999993,84820.1
00000254--0ac259250e--1,D_STABLE_CORE,600,97,14,28,24,31,16,17,2,561,87,839,17,40,199.28287878787813,1406.7400000000002,1988.6189999999974,86075.7
00000254--0ac259250e--10,D_STABLE_CORE,599,10,1,1,1,1,0,1,0,177,29,400,1,26,149.52832302290602,813.2,1522.0399999999997,82339.6
00000254--0ac259250e--11,D_STABLE_CORE,599,40,4,31,22,39,26,7,3,580,81,920,11,44,228.6666666666666,1451.95,2233.25,116708.2
00000254--0ac259250e--12,D_STABLE_CORE,600,51,3,35,13,36,33,8,3,455,104,763,3,54,197.41201206232213,1312.8199999999938,2094.2559999999985,90693.0
00000254--0ac259250e--13,D_STABLE_CORE,600,8,6,44,44,44,39,8,1,567,1,122,6,18,127.55570738210263,698.6,882.9,91749.1
00000254--0ac259250e--14,D_STABLE_CORE,600,15,1,1,1,1,0,1,0,1,36,411,1,26,161.83937322887124,886.7,1692.8779999999958,108110.6
00000254--0ac259250e--15,D_STABLE_CORE,600,6,0,0,0,0,0,0,0,0,26,276,0,32,164.93398899816592,931.2999999999995,1651.6159999999713,103075.9
00000254--0ac259250e--16,D_STABLE_CORE,600,10,2,2,2,2,0,2,0,427,4,225,2,22,152.37035988004027,941.9849999999999,1173.6219999999985,88790.0
00000254--0ac259250e--17,D_STABLE_CORE,600,30,0,0,0,0,0,0,0,0,69,515,0,44,201.9479493670886,1304.3400000000006,2235.0480000000025,114326.1
00000254--0ac259250e--18,D_STABLE_CORE,600,30,1,1,1,1,0,1,0,1,25,598,1,22,188.16695579649695,1308.9500000000003,1847.950000000001,92858.6
00000254--0ac259250e--19,D_STABLE_CORE,600,33,2,2,2,2,0,2,0,278,165,656,2,64,211.323487482615,1216.7449999999997,2738.78699999999,103497.2
00000254--0ac259250e--2,D_STABLE_CORE,599,120,18,37,31,43,22,20,6,460,101,831,24,56,221.54352131587746,1526.2249999999995,2309.3330000000037,115057.3
00000254--0ac259250e--20,D_STABLE_CORE,600,47,1,2,2,2,0,1,0,270,96,851,2,34,257.9334058577403,1552.33,2321.146,186691.5
00000254--0ac259250e--21,D_STABLE_CORE,599,112,2,15,12,18,15,6,4,508,40,903,2,24,267.9712703473732,1759.3699999999997,2302.528000000001,175680.2
00000254--0ac259250e--22,D_STABLE_CORE,600,32,0,0,0,0,0,0,0,0,68,689,0,36,218.4130208333336,1405.4999999999995,2132.8889999999988,136727.6
00000254--0ac259250e--23,D_STABLE_CORE,600,55,1,1,1,1,1,1,0,1,100,583,1,38,193.1020518907918,1089.2199999999991,2165.811999999998,127196.3
00000254--0ac259250e--24,D_STABLE_CORE,600,50,3,5,5,5,0,3,1,445,82,688,5,32,204.99996626180862,1250.104999999997,2365.469999999996,118657.2
00000254--0ac259250e--25,D_STABLE_CORE,600,52,14,225,14,228,216,13,2,583,46,461,15,40,230.28162414540628,1653.4999999999998,2293.012,129544.3
00000254--0ac259250e--26,D_STABLE_CORE,600,58,6,6,6,6,1,6,0,151,96,641,6,46,169.3681415929203,1072.6599999999976,1854.0039999999997,110077.5
00000254--0ac259250e--27,D_STABLE_CORE,600,74,3,5,5,5,3,3,1,5,23,804,4,24,188.68335003339982,1230.029999999999,1729.3020000000006,139991.3
00000254--0ac259250e--28,D_STABLE_CORE,600,74,6,6,6,6,0,6,0,353,38,688,6,26,198.118049757889,1300.1799999999985,1788.3599999999997,130851.9
00000254--0ac259250e--29,D_STABLE_CORE,600,51,3,4,4,4,0,3,0,148,147,638,4,52,225.41052999825007,1392.8199999999997,2790.792000000001,134505.5
00000254--0ac259250e--3,D_STABLE_CORE,599,73,8,12,11,12,3,8,1,577,49,684,12,44,193.52683743512512,1269.4199999999996,1960.867999999999,153547.8
00000254--0ac259250e--30,D_STABLE_CORE,599,30,5,30,29,61,61,11,6,406,116,602,6,66,200.21273680649537,1202.8299999999997,2005.092000000001,129002.1
00000254--0ac259250e--31,D_STABLE_CORE,600,2,0,0,0,0,0,0,0,0,1,162,0,8,143.08078653557772,744.9,975.2,136703.5
00000254--0ac259250e--32,D_STABLE_CORE,600,1,0,0,0,0,0,0,0,0,2,170,0,14,135.59090151641357,709.3,947.5,127580.7
00000254--0ac259250e--33,D_STABLE_CORE,600,26,0,0,0,0,0,0,0,0,57,526,0,22,180.50909242854797,1034.57,1692.9160000000004,146577.9
00000254--0ac259250e--34,D_STABLE_CORE,600,46,6,35,18,72,60,17,8,536,79,606,7,34,163.72808951235785,1035.2349999999992,1611.213,66534.7
00000254--0ac259250e--35,D_STABLE_CORE,600,47,4,101,83,177,99,15,10,506,30,448,9,40,161.0261036789293,966.0550000000005,1803.0150000000003,64670.5
00000254--0ac259250e--36,D_STABLE_CORE,600,16,0,0,0,0,0,0,0,0,14,205,0,20,116.30216630561563,602.7,986.8,67296.4
00000254--0ac259250e--37,D_STABLE_CORE,600,90,12,68,53,100,89,16,6,561,90,806,12,46,190.56648148148162,1338.9650000000004,2027.2669999999985,65804.2
00000254--0ac259250e--38,D_STABLE_CORE,600,128,20,29,22,29,20,22,1,521,85,743,26,58,225.10571184995806,1618.8400000000001,2478.903999999997,66236.9
00000254--0ac259250e--39,D_STABLE_CORE,600,43,2,2,2,2,0,2,0,2,30,364,2,30,149.23832305384167,955.2199999999999,1376.802,67135.1
00000254--0ac259250e--4,D_STABLE_CORE,600,27,0,0,0,0,0,0,0,0,30,392,0,24,147.166783216783,875.575,1589.5349999999994,58334.9
00000254--0ac259250e--40,D_STABLE_CORE,600,105,14,22,21,22,7,15,1,376,77,738,21,60,196.98590717299464,1370.2,2173.448000000004,80300.9
00000254--0ac259250e--41,D_STABLE_CORE,600,55,4,10,9,10,1,5,1,400,58,662,9,42,160.0008858432227,1038.37,1767.3560000000011,63628.0
00000254--0ac259250e--42,D_STABLE_CORE,152,34,2,15,12,20,17,10,3,56,25,121,3,44,167.22705882352938,1079.5849999999994,2143.3350000000014,3693.4
00000254--0ac259250e--5,D_STABLE_CORE,599,42,1,13,11,13,13,2,1,13,75,674,7,24,174.15017584994115,1158.9,1757.5900000000013,96633.3
00000254--0ac259250e--6,D_STABLE_CORE,599,24,1,1,1,1,0,1,0,143,38,282,1,42,141.50579391891895,685.415,1816.1010000000128,75389.2
00000254--0ac259250e--7,D_STABLE_CORE,599,0,0,0,0,0,0,0,0,0,0,72,0,2,97.19004004003996,539.1,682.4069999999999,2291.8
00000254--0ac259250e--8,D_STABLE_CORE,600,38,3,3,3,3,1,3,0,9,87,605,3,30,178.45441471571937,1046.8250000000007,1986.7930000000001,86381.7
00000254--0ac259250e--9,D_STABLE_CORE,600,29,0,0,0,0,0,0,0,0,22,170,0,32,131.66993649732635,583.2349999999993,1384.229,92404.9
00000255--d1d0ee73c5--21,D_STABLE_CORE,599,6,0,0,0,0,0,0,0,0,4,197,0,10,119.21463333333348,633.2200000000001,928.4620000000012,83347.6
00000255--d1d0ee73c5--22,D_STABLE_CORE,599,5,0,0,0,0,0,0,0,0,28,302,0,20,138.91982253473952,648.24,1675.9559999999992,88157.4
00000255--d1d0ee73c5--23,D_STABLE_CORE,599,10,1,1,1,1,0,1,0,76,38,276,1,32,146.9542341740434,775.3699999999999,1531.6920000000075,103738.6
00000255--d1d0ee73c5--24,D_STABLE_CORE,600,16,0,0,0,0,0,0,0,0,44,404,0,28,145.19702042182846,842.4249999999992,1420.0159999999996,117256.0
00000255--d1d0ee73c5--25,D_STABLE_CORE,599,16,0,0,0,0,0,0,0,0,21,183,0,20,128.40153307782023,573.0,1303.2,100487.6
00000255--d1d0ee73c5--26,D_STABLE_CORE,599,0,0,0,0,0,0,0,0,0,0,23,0,4,89.47113333333327,501.5,615.301,3057.6
00000255--d1d0ee73c5--27,D_STABLE_CORE,600,17,2,12,5,12,10,6,2,268,54,390,2,34,146.21246648793564,756.6149999999996,1645.0229999999997,107589.1
00000255--d1d0ee73c5--28,D_STABLE_CORE,599,19,0,0,0,0,0,0,0,0,79,580,0,22,162.76816892004726,907.5,1514.760000000001,103609.7
00000255--d1d0ee73c5--29,D_STABLE_CORE,600,7,0,0,0,0,0,0,0,0,42,531,0,14,157.85375000000025,970.0900000000006,1473.6190000000004,106806.9
00000255--d1d0ee73c5--30,D_STABLE_CORE,600,29,2,4,4,4,0,2,0,380,166,848,4,40,198.99838380401454,1297.7249999999995,2258.995999999998,105989.0
00000255--d1d0ee73c5--31,D_STABLE_CORE,600,15,0,0,0,0,0,0,0,0,37,423,0,26,153.2383664606644,715.3199999999997,1823.0220000000008,113053.8
00000255--d1d0ee73c5--32,D_STABLE_CORE,600,9,0,0,0,0,0,0,0,0,21,334,0,10,142.5622999999996,722.4,1315.103,113050.1
00000255--d1d0ee73c5--33,D_STABLE_CORE,600,22,1,1,1,1,0,1,0,160,74,460,1,30,182.82097071129732,1094.8200000000002,1820.6840000000018,145815.5
00000255--d1d0ee73c5--34,D_STABLE_CORE,600,35,0,0,0,0,0,0,0,0,30,597,0,32,189.74348841087217,1237.9599999999996,1804.8919999999998,127081.0
00000255--d1d0ee73c5--35,D_STABLE_CORE,600,56,5,6,6,6,0,5,0,447,93,592,6,52,196.30567399697802,1160.74,2010.9359999999951,119544.8
00000255--d1d0ee73c5--36,D_STABLE_CORE,600,11,1,2,2,2,4,1,0,570,2,220,2,20,159.79873354440932,913.3,1379.7,124719.2
00000255--d1d0ee73c5--37,D_STABLE_CORE,600,34,1,1,1,1,0,1,0,192,32,479,1,30,187.94816483149742,1069.3349999999987,1793.1329999999994,139993.2
00000255--d1d0ee73c5--38,D_STABLE_CORE,600,52,8,11,11,11,1,8,1,452,67,718,11,36,208.090989635573,1315.3899999999996,2046.1669999999963,150637.4
00000255--d1d0ee73c5--39,D_STABLE_CORE,600,104,8,9,8,9,1,8,0,514,118,864,9,44,212.14997487857954,1346.0500000000002,2298.120000000001,128290.1
00000255--d1d0ee73c5--40,D_STABLE_CORE,420,30,2,2,2,2,0,2,0,241,27,321,2,34,118.21767508337285,679.2949999999995,1176.4579999999953,3482.6
00000257--d1cacb63a0--0,D_STABLE_CORE,619,82,9,17,17,17,6,9,2,489,84,580,17,50,161.3911255060728,805.5799999999974,2238.418000000001,59947.6
00000257--d1cacb63a0--1,D_STABLE_CORE,600,59,8,93,38,97,91,11,3,530,38,555,9,36,175.78743123853974,1065.229999999999,1670.3339999999992,119876.6
00000257--d1cacb63a0--10,D_STABLE_CORE,599,2,0,0,0,0,0,0,0,0,12,190,0,20,122.19715000000014,550.7100000000002,869.8110000000003,132305.9
00000257--d1cacb63a0--11,D_STABLE_CORE,600,11,5,27,12,34,22,9,4,77,41,234,5,34,145.61071666666672,572.8300000000006,1843.0990000000063,130867.1
00000257--d1cacb63a0--12,D_STABLE_CORE,599,32,1,1,1,1,1,1,0,1,104,639,1,38,229.44694796530962,1390.6,2607.9600000000037,152263.5
00000257--d1cacb63a0--13,D_STABLE_CORE,600,29,2,2,1,2,2,2,0,2,55,539,2,22,159.28902784725614,959.7399999999997,1726.56,60071.1
00000257--d1cacb63a0--14,D_STABLE_CORE,599,63,8,33,32,69,46,12,3,485,318,875,8,60,244.437652159413,1695.179999999998,2893.2839999999997,123778.6
00000257--d1cacb63a0--15,D_STABLE_CORE,600,43,4,10,10,10,2,4,2,98,56,486,10,28,143.6290069976673,928.314999999999,1436.8179999999961,63109.4
00000257--d1cacb63a0--16,D_STABLE_CORE,600,47,9,54,37,63,60,19,7,589,77,473,11,54,235.79381666666666,1907.0200000000007,2430.255000000001,90705.8
00000257--d1cacb63a0--17,D_STABLE_CORE,600,27,5,5,5,5,0,5,0,230,25,491,5,28,181.4876687218798,1311.6,1771.4,76709.4
00000257--d1cacb63a0--18,D_STABLE_CORE,600,19,1,3,3,3,0,1,1,530,40,661,3,28,196.87212868811514,1409.9299999999987,1884.1679999999983,64650.2
00000257--d1cacb63a0--19,D_STABLE_CORE,600,15,1,1,1,1,0,1,0,408,28,344,1,18,142.29881627209062,803.3449999999991,1486.509,65468.5
00000257--d1cacb63a0--2,D_STABLE_CORE,600,38,2,2,2,2,0,2,0,267,70,534,2,40,170.38431405234226,959.3099999999995,2041.9419999999966,81330.8
00000257--d1cacb63a0--20,D_STABLE_CORE,600,6,0,0,0,0,0,0,0,0,5,171,0,12,110.12150949683416,579.155,800.4329999999985,76422.1
00000257--d1cacb63a0--21,D_STABLE_CORE,600,19,2,2,2,2,0,2,0,326,54,481,2,38,140.9071345224204,785.7199999999993,1417.3059999999998,66827.4
00000257--d1cacb63a0--22,D_STABLE_CORE,600,55,1,1,1,1,0,1,0,82,276,745,1,56,241.07592872751715,1598.8799999999922,3278.85599999997,80600.6
00000257--d1cacb63a0--23,D_STABLE_CORE,600,34,2,2,2,2,0,2,0,321,32,524,2,30,173.23708333333312,1146.8700000000008,1744.0640000000014,103540.2
00000257--d1cacb63a0--24,D_STABLE_CORE,600,25,1,1,1,1,0,1,0,58,70,669,1,36,171.15898333333348,1068.1900000000014,1736.0710000000015,84087.4
00000257--d1cacb63a0--25,D_STABLE_CORE,600,44,4,8,6,8,5,6,0,581,243,832,4,52,255.8992321816051,1652.2,2635.2000000000116,116676.4
00000257--d1cacb63a0--26,D_STABLE_CORE,600,37,1,9,5,9,9,3,2,9,88,598,1,36,175.5583027675891,1130.215,2073.4509999999996,80063.0
00000257--d1cacb63a0--27,D_STABLE_CORE,600,43,3,5,5,5,0,3,0,425,50,432,5,42,180.18057362014378,1122.6999999999996,2046.4679999999998,103018.2
00000257--d1cacb63a0--28,D_STABLE_CORE,600,62,5,5,5,5,0,5,0,490,259,921,5,66,243.79961653884604,1654.2549999999994,2530.713999999994,120880.8
00000257--d1cacb63a0--29,D_STABLE_CORE,599,53,7,9,7,9,2,8,0,410,92,605,7,58,211.35414512093416,1434.0700000000008,2583.2520000000054,100156.6
00000257--d1cacb63a0--3,D_STABLE_CORE,600,14,0,0,0,0,0,0,0,0,100,454,0,36,180.5509418236375,990.9299999999981,2247.2119999999973,77034.5
00000257--d1cacb63a0--30,D_STABLE_CORE,600,89,14,24,16,24,13,18,1,523,96,830,15,46,202.96264377396145,1331.8199999999986,2223.0059999999976,123165.4
00000257--d1cacb63a0--31,D_STABLE_CORE,431,12,2,2,1,2,1,2,0,86,8,107,2,26,127.75765765765739,560.979999999999,1068.3320000000008,96475.8
00000257--d1cacb63a0--4,D_STABLE_CORE,600,24,1,1,1,1,0,1,0,110,111,511,1,44,165.3158193032173,744.51,2241.8199999999997,85444.8
00000257--d1cacb63a0--5,D_STABLE_CORE,600,29,1,1,1,1,0,1,0,336,61,579,1,36,179.84943333333285,1194.8400000000006,1960.1150000000002,111272.8
00000257--d1cacb63a0--6,D_STABLE_CORE,599,42,3,37,15,37,39,4,2,455,58,495,6,46,208.4431405234205,1384.5499999999997,2143.5259999999994,123615.8
00000257--d1cacb63a0--7,D_STABLE_CORE,599,58,2,2,2,2,0,2,0,307,244,744,2,60,226.61145000000016,1602.610000000001,2615.797000000002,127452.3
00000257--d1cacb63a0--8,D_STABLE_CORE,599,42,6,67,31,82,56,9,4,560,39,747,14,28,274.5563021006994,1875.0349999999996,2483.776999999998,154679.8
00000257--d1cacb63a0--9,D_STABLE_CORE,599,31,3,3,3,3,0,3,0,334,74,658,3,30,202.4331444759208,1336.4,2032.9,120726.8
00000259--f920fb6ddd--0,D_STABLE_CORE,622,119,16,59,45,81,69,28,7,622,67,816,20,52,199.55211857580213,1253.3400000000001,2092.7059999999965,94637.3
00000259--f920fb6ddd--1,D_STABLE_CORE,600,36,8,17,8,17,9,9,1,39,34,353,8,40,207.0069219194117,1277.7,1914.499999999999,163505.8
00000259--f920fb6ddd--10,D_STABLE_CORE,600,24,0,0,0,0,0,0,0,0,122,792,0,42,223.45533333333222,1551.595000000001,2482.5950000000084,135893.7
00000259--f920fb6ddd--11,D_STABLE_CORE,600,17,0,0,0,0,0,0,0,0,32,412,0,30,158.5879499999999,812.9250000000004,1707.8390000000006,129411.2
00000259--f920fb6ddd--12,D_STABLE_CORE,600,7,1,1,1,1,0,1,0,31,16,190,1,38,100.15200799866695,452.9,1150.9,3237.7
00000259--f920fb6ddd--13,D_STABLE_CORE,600,42,3,3,3,3,0,3,0,416,176,902,3,50,219.23399999999953,1417.3650000000002,2546.896000000002,149915.7
00000259--f920fb6ddd--14,D_STABLE_CORE,600,11,0,0,0,0,0,0,0,0,91,510,0,36,193.68220593135558,1074.4799999999996,2182.4899999999975,142012.7
00000259--f920fb6ddd--15,D_STABLE_CORE,600,21,0,0,0,0,0,0,0,0,120,642,0,30,222.38731666666743,1238.32,2708.276000000006,160215.0
00000259--f920fb6ddd--16,D_STABLE_CORE,599,8,0,0,0,0,0,0,0,0,33,437,0,18,191.93743333333285,1180.02,1887.946000000001,128492.6
00000259--f920fb6ddd--17,D_STABLE_CORE,600,19,0,0,0,0,0,0,0,0,53,546,0,24,160.90183333333323,959.1350000000002,1889.5240000000006,63644.4
00000259--f920fb6ddd--18,D_STABLE_CORE,600,23,0,0,0,0,0,0,0,0,53,848,0,20,228.21998333333318,1580.02,2117.036000000001,156871.0
00000259--f920fb6ddd--19,D_STABLE_CORE,599,73,1,3,3,3,0,1,1,61,440,1005,3,52,299.59818303050463,1918.349999999998,3509.087999999998,172969.8
00000259--f920fb6ddd--2,D_STABLE_CORE,600,37,14,17,17,17,2,14,1,550,16,246,17,32,178.10083028894084,1259.355,1822.5059999999999,59238.8
00000259--f920fb6ddd--20,D_STABLE_CORE,600,89,0,0,0,0,0,0,0,0,146,833,0,54,232.82182969505158,1453.8,2553.1,145422.4
00000259--f920fb6ddd--21,D_STABLE_CORE,599,15,0,0,0,0,0,0,0,0,74,567,0,26,187.9882647107851,1177.1699999999994,2238.0499999999965,75304.8
00000259--f920fb6ddd--22,D_STABLE_CORE,599,7,0,0,0,0,0,0,0,0,34,464,0,24,156.43085514252402,900.4099999999983,1510.549999999994,121405.6
00000259--f920fb6ddd--23,D_STABLE_CORE,599,56,3,2,2,3,0,3,0,505,113,725,2,58,183.61214999999976,1105.69,2212.1029999999996,61704.6
00000259--f920fb6ddd--24,D_STABLE_CORE,599,15,0,0,0,0,0,0,0,0,23,551,0,22,149.0477833333335,806.1250000000005,1537.104,82455.7
00000259--f920fb6ddd--25,D_STABLE_CORE,600,36,0,0,0,0,0,0,0,0,140,677,0,40,161.382969505083,909.9,1773.2,79102.6
00000259--f920fb6ddd--26,D_STABLE_CORE,598,20,0,0,0,0,0,0,0,0,74,655,0,14,135.90041673612308,754.4599999999997,1103.206,62230.1
00000259--f920fb6ddd--27,D_STABLE_CORE,599,25,1,1,1,1,0,1,0,173,70,659,1,12,127.06510000000037,750.8850000000002,1228.505,59229.7
00000259--f920fb6ddd--28,D_STABLE_CORE,600,11,0,0,0,0,0,0,0,0,58,730,0,16,155.52304999999984,939.7100000000002,1429.3810000000017,83726.2
00000259--f920fb6ddd--29,D_STABLE_CORE,600,8,0,0,0,0,0,0,0,0,73,631,0,16,132.8054157640393,742.7,1319.4,80630.9
00000259--f920fb6ddd--3,D_STABLE_CORE,600,37,5,5,5,5,1,5,0,530,48,702,5,28,148.4059753661784,970.9749999999981,1585.742000000003,59316.3
00000259--f920fb6ddd--30,D_STABLE_CORE,600,4,0,0,0,0,0,0,0,0,43,313,0,10,134.27571666666643,789.0900000000004,1180.0110000000002,64054.0
00000259--f920fb6ddd--31,D_STABLE_CORE,600,6,0,0,0,0,0,0,0,0,23,247,0,22,134.0865977662942,681.1999999999995,1211.702,103644.0
00000259--f920fb6ddd--32,D_STABLE_CORE,600,3,0,0,0,0,0,0,0,0,35,330,0,34,187.45508163945408,1203.9199999999996,1713.2919999999997,120906.7
00000259--f920fb6ddd--33,D_STABLE_CORE,600,5,0,0,0,0,0,0,0,0,26,323,0,28,144.07212868811533,802.8099999999998,1393.4659999999985,90818.1
00000259--f920fb6ddd--34,D_STABLE_CORE,600,5,0,0,0,0,0,0,0,0,46,472,0,36,156.09171528588118,971.5699999999996,1563.843999999999,85570.1
00000259--f920fb6ddd--35,D_STABLE_CORE,600,9,0,0,0,0,0,0,0,0,71,481,0,42,177.86633894351,1124.9,1878.6,111214.4
00000259--f920fb6ddd--36,D_STABLE_CORE,600,38,3,3,3,3,0,3,0,28,27,318,3,32,134.86882813802302,536.7599999999998,1735.573999999996,87192.5
00000259--f920fb6ddd--37,D_STABLE_CORE,600,24,0,0,0,0,0,0,0,0,26,327,0,28,135.4913152192034,669.469999999999,1215.3059999999998,104021.9
00000259--f920fb6ddd--38,D_STABLE_CORE,600,24,1,1,1,1,0,1,0,286,25,491,1,14,147.96101384025354,923.7999999999997,1460.264,77895.0
00000259--f920fb6ddd--39,D_STABLE_CORE,600,0,0,0,0,0,0,0,0,0,0,59,0,4,82.75254209034829,404.5499999999997,559.4059999999998,2042.4
00000259--f920fb6ddd--4,D_STABLE_CORE,600,33,4,4,4,4,0,4,0,550,67,493,4,44,176.83649257467061,1143.9999999999986,1735.02,109933.5
00000259--f920fb6ddd--40,D_STABLE_CORE,600,31,3,5,5,5,0,3,1,320,48,581,5,44,145.28956492748858,771.719999999996,1630.2099999999928,99112.4
00000259--f920fb6ddd--41,D_STABLE_CORE,600,80,7,40,11,40,37,11,3,424,75,816,12,40,166.80321720286736,988.7099999999994,1768.7379999999944,108628.6
00000259--f920fb6ddd--42,D_STABLE_CORE,66,2,0,0,0,0,0,0,0,0,2,31,0,28,102.5500727802039,717.2699999999996,1156.4699999999998,1757.7
00000259--f920fb6ddd--5,D_STABLE_CORE,600,38,5,5,4,5,4,5,0,297,57,669,5,26,159.4297549591596,874.2499999999998,1717.867999999996,103924.1
00000259--f920fb6ddd--6,D_STABLE_CORE,600,10,1,1,1,1,1,1,0,1,25,496,1,20,172.0668833333334,1074.2,1737.329000000003,103055.7
00000259--f920fb6ddd--7,D_STABLE_CORE,600,11,0,0,0,0,0,0,0,0,50,276,0,40,156.6122959013663,580.5399999999998,2143.995,122758.5
00000259--f920fb6ddd--8,D_STABLE_CORE,600,0,0,0,0,0,0,0,0,0,0,57,0,4,95.3728833333331,538.51,693.3120000000002,2468.7
00000259--f920fb6ddd--9,D_STABLE_CORE,600,30,0,0,0,0,0,0,0,0,192,703,0,46,221.18043659389983,1404.4,2860.4,110561.9
0000025b--22177da8d7--0,D_STABLE_CORE,620,95,14,30,28,37,19,17,3,494,88,651,19,50,183.05233160621762,1046.525,2178.7749999999996,131064.6
0000025b--22177da8d7--1,D_STABLE_CORE,600,0,0,0,0,0,0,0,0,0,6,151,0,28,133.19120293235633,676.5,946.3859999999996,133725.2
0000025b--22177da8d7--2,D_STABLE_CORE,600,1,1,1,1,1,1,1,0,1,2,118,1,10,130.84393131043737,671.8,844.1329999999998,123483.5
0000025b--22177da8d7--3,D_STABLE_CORE,600,19,2,9,6,9,11,3,1,456,18,309,2,26,131.4254042340388,631.1,1136.4179999999997,110554.6
0000025c--0795289e2c--1,D_STABLE_CORE,600,29,1,1,1,1,0,1,0,534,63,642,1,24,184.63525587597874,1204.34,1667.406,122789.3
0000025c--0795289e2c--2,D_STABLE_CORE,600,62,2,2,2,2,0,2,0,544,400,878,2,52,251.32599999999985,1633.0400000000002,3128.4900000000107,137708.6
0000025c--0795289e2c--3,D_STABLE_CORE,600,17,0,0,0,0,0,0,0,0,196,808,0,44,224.50441887610515,1571.8199999999997,2791.6079999999997,63464.2
0000025c--0795289e2c--4,D_STABLE_CORE,600,13,0,0,0,0,0,0,0,0,89,674,0,38,139.38113018836466,822.2899999999984,1297.287999999998,66557.8
0000025c--0795289e2c--5,D_STABLE_CORE,600,6,0,0,0,0,0,0,0,0,65,621,0,14,138.15164945018347,833.3799999999999,1155.0679999999993,68349.1
0000025c--0795289e2c--6,D_STABLE_CORE,599,9,1,3,3,5,2,3,0,20,106,697,1,20,161.66497080900757,940.2300000000001,1400.162000000003,147066.4
0000025c--0795289e2c--7,D_STABLE_CORE,600,7,0,0,0,0,0,0,0,0,92,638,0,18,135.12908818136358,894.7799999999996,1345.4459999999895,3705.6
0000025c--0795289e2c--8,D_STABLE_CORE,600,7,0,0,0,0,0,0,0,0,84,653,0,20,167.4764205965672,907.4,1783.8,127361.5
0000025d--70dff69b9d--0,D_STABLE_CORE,621,19,0,0,0,0,0,0,0,0,53,700,0,18,172.87340975137178,906.9699999999999,1823.724999999995,142817.6
0000025d--70dff69b9d--1,D_STABLE_CORE,600,16,0,0,0,0,0,0,0,0,81,451,0,30,132.23264179354186,759.26,1228.5519999999995,83729.8
0000025d--70dff69b9d--10,D_STABLE_CORE,600,12,1,1,0,1,1,1,0,1,67,370,1,38,162.9368631368632,898.225,1837.5449999999953,78563.5
0000025d--70dff69b9d--11,D_STABLE_CORE,600,0,0,0,0,0,0,0,0,0,0,94,0,6,112.21206180428625,582.1199999999999,791.8639999999999,85123.5
0000025d--70dff69b9d--15,D_STABLE_CORE,600,9,1,1,1,1,0,1,0,7,21,284,1,24,145.5677177177176,807.1749999999997,1689.8039999999949,65189.8
0000025d--70dff69b9d--18,D_STABLE_CORE,599,35,3,3,3,3,0,3,0,451,70,586,3,48,191.46127042347433,1343.1649999999995,1971.4289999999987,63210.0
0000025d--70dff69b9d--19,D_STABLE_CORE,599,19,2,5,3,5,2,3,0,127,33,394,3,22,136.55402298850598,862.399999999999,1470.759999999999,57535.5
0000025d--70dff69b9d--2,D_STABLE_CORE,600,13,0,0,0,0,0,0,0,0,52,527,0,20,137.7658973933256,752.2399999999969,1483.409999999999,62321.3
0000025d--70dff69b9d--20,D_STABLE_CORE,600,16,2,16,9,26,18,5,4,546,34,210,6,46,126.71441201000906,511.50000000000017,1099.7100000000073,107989.5
0000025d--70dff69b9d--21,D_STABLE_CORE,600,0,0,0,0,0,0,0,0,0,2,59,0,2,101.4200767050195,385.52,591.6719999999999,100166.5
0000025d--70dff69b9d--22,D_STABLE_CORE,600,16,1,1,1,1,1,1,0,1,13,399,1,16,143.8142738174554,710.17,1482.282,104304.5
0000025d--70dff69b9d--23,D_STABLE_CORE,600,57,7,63,25,103,86,16,7,575,93,762,8,40,188.9246668887408,1230.989999999999,1958.3200000000065,77032.9
0000025d--70dff69b9d--3,D_STABLE_CORE,600,18,0,0,0,0,0,0,0,0,78,918,0,24,137.25659560293127,807.4,1410.1520000000005,61427.3
0000025d--70dff69b9d--4,D_STABLE_CORE,600,21,0,0,0,0,0,0,0,0,75,795,0,34,170.7131188531421,1032.9,1918.8299999999945,85943.2
0000025d--70dff69b9d--5,D_STABLE_CORE,600,48,0,0,0,0,0,0,0,0,160,879,0,50,215.528045325779,1414.3,2471.3,89642.7
0000025d--70dff69b9d--6,D_STABLE_CORE,600,23,0,0,0,0,0,0,0,0,112,740,0,32,165.720343791723,1078.9,1832.209,85363.7
0000025d--70dff69b9d--7,D_STABLE_CORE,600,51,2,4,1,4,3,2,1,279,228,831,4,40,228.93667889296424,1502.8099999999995,2648.110999999999,127281.7
0000025d--70dff69b9d--8,D_STABLE_CORE,599,58,1,1,1,1,0,1,0,146,157,925,1,30,204.04762460410063,1376.7599999999982,2152.6279999999992,120485.2
0000025d--70dff69b9d--9,D_STABLE_CORE,599,13,1,1,1,1,0,1,0,297,17,370,1,38,142.2577089577086,766.575,1223.7699999999998,83880.1
00000261--4ff9c41127--0,D_STABLE_CORE,616,51,1,1,1,1,0,1,0,83,69,560,1,40,178.34477709079067,1049.5749999999998,1956.9500000000003,116772.5
00000261--4ff9c41127--1,D_STABLE_CORE,599,38,0,0,0,0,0,0,0,0,50,625,0,30,196.2599333333337,1258.7550000000003,1984.831000000003,115296.0
00000261--4ff9c41127--10,D_STABLE_CORE,600,47,2,15,2,15,13,3,1,158,62,745,2,38,192.3616269378218,1367.9399999999998,1944.1099999999997,109984.5
00000261--4ff9c41127--11,D_STABLE_CORE,600,34,0,0,0,0,0,0,0,0,49,451,0,30,147.91569379586383,928.4749999999999,1401.640000000001,98406.2
00000261--4ff9c41127--12,D_STABLE_CORE,600,35,1,1,1,1,0,1,0,380,195,760,1,60,197.87169056352104,1188.7949999999987,2488.186999999999,108678.8
00000261--4ff9c41127--13,D_STABLE_CORE,600,38,3,3,3,3,1,3,0,457,383,861,3,36,198.6441906984494,1288.4799999999998,2214.908,106542.2
00000261--4ff9c41127--14,D_STABLE_CORE,600,40,1,3,3,3,0,1,1,204,234,891,3,28,177.10959999999955,1053.8600000000006,1780.3180000000002,138821.0
00000261--4ff9c41127--15,D_STABLE_CORE,600,28,0,0,0,0,0,0,0,0,279,778,0,46,218.3269724770644,1133.1000000000004,3147.91200000001,144163.0
00000261--4ff9c41127--16,D_STABLE_CORE,600,49,0,0,0,0,0,0,0,0,299,830,0,42,220.79009009008843,1408.0449999999964,2419.528999999998,135391.0
00000261--4ff9c41127--17,D_STABLE_CORE,600,39,2,35,2,35,34,4,1,354,224,846,2,32,190.33168943685394,1180.0249999999994,1951.2499999999989,137861.7
00000261--4ff9c41127--18,D_STABLE_CORE,599,90,2,2,2,2,2,2,0,2,222,822,2,60,204.10407073740373,1277.959999999996,2309.138999999989,123861.1
00000261--4ff9c41127--19,D_STABLE_CORE,600,61,3,5,5,5,0,3,1,411,222,823,5,52,226.2800233450064,1423.04,2797.2839999999983,140598.5
00000261--4ff9c41127--2,D_STABLE_CORE,599,39,1,2,2,2,0,1,0,193,114,689,2,28,184.14339999999976,1185.0700000000002,1994.2350000000008,127908.7
00000261--4ff9c41127--20,D_STABLE_CORE,600,34,0,0,0,0,0,0,0,0,181,751,0,40,181.9563354451487,1055.4699999999993,1751.8979999999985,125815.4
00000261--4ff9c41127--21,D_STABLE_CORE,599,35,1,1,1,1,0,1,0,480,216,698,1,32,165.09844948316132,1050.239999999998,1883.5229999999963,47645.5
00000261--4ff9c41127--22,D_STABLE_CORE,600,26,1,1,1,1,1,1,0,1,259,790,1,56,191.62118234804333,1219.64,2361.380000000001,70844.4
00000261--4ff9c41127--23,D_STABLE_CORE,600,17,1,1,1,1,0,1,0,1,147,715,1,32,156.06134020618543,824.4249999999992,1613.0139999999988,128567.7
00000261--4ff9c41127--24,D_STABLE_CORE,600,23,1,9,4,9,6,2,2,545,83,522,4,38,148.7323784143902,872.7799999999996,1557.0910000000001,60239.2
00000261--4ff9c41127--25,D_STABLE_CORE,599,21,1,4,1,4,3,2,1,18,39,557,1,18,171.67171885409718,958.6599999999992,1576.7400000000005,150624.3
00000261--4ff9c41127--26,D_STABLE_CORE,599,56,8,11,11,11,2,8,1,575,60,565,11,42,192.62171885409686,1143.9099999999996,2053.253000000004,143741.4
00000261--4ff9c41127--27,D_STABLE_CORE,599,86,3,4,4,4,0,3,0,205,95,833,4,34,196.87022162972906,1197.5,2128.5,156707.4
00000261--4ff9c41127--28,D_STABLE_CORE,444,98,7,14,13,14,9,7,1,338,60,350,9,30,146.94296594982066,1036.2699999999988,1691.4069999999967,3171.9
00000261--4ff9c41127--3,D_STABLE_CORE,600,28,1,2,2,3,2,3,0,11,40,502,1,28,145.81009831694666,800.5,1694.9,95636.8
00000261--4ff9c41127--4,D_STABLE_CORE,600,35,6,14,5,14,9,7,1,76,34,523,6,20,188.3031994667556,1353.4,1835.8,91310.9
00000261--4ff9c41127--5,D_STABLE_CORE,600,50,6,6,6,6,1,6,0,85,10,449,6,14,175.0376229371563,1238.9799999999998,1689.1599999999985,70296.3
00000261--4ff9c41127--6,D_STABLE_CORE,600,38,5,7,5,7,2,6,0,261,60,530,5,28,148.82582472509128,968.8749999999999,1487.260999999999,57827.1
00000261--4ff9c41127--7,D_STABLE_CORE,600,20,0,0,0,0,0,0,0,0,41,516,0,20,156.83937927582176,987.8199999999994,1633.608,63293.5
00000261--4ff9c41127--8,D_STABLE_CORE,600,72,1,1,1,1,1,1,0,1,200,837,1,42,191.00861953984634,1261.1199999999997,2130.6209999999996,66019.7
00000261--4ff9c41127--9,D_STABLE_CORE,600,36,4,6,3,6,3,5,0,174,113,738,4,42,191.59878333333359,1215.825,2231.397000000002,67844.3
00000264--31b802e87a--1,D_STABLE_CORE,600,47,1,1,0,1,1,1,0,1,51,577,1,44,119.79766822118572,611.3549999999999,1353.1850000000027,63203.4
00000264--31b802e87a--10,D_STABLE_CORE,599,13,0,0,0,0,0,0,0,0,45,620,0,12,140.45610203401108,831.9849999999993,1221.4569999999997,89494.6
00000264--31b802e87a--11,D_STABLE_CORE,600,11,0,0,0,0,0,0,0,0,101,701,0,20,147.03956007332079,859.3,1375.1,98780.7
00000264--31b802e87a--12,D_STABLE_CORE,600,19,1,6,6,6,0,1,1,81,131,672,6,26,147.34351450483487,804.7049999999997,1424.8659999999968,114778.5
00000264--31b802e87a--13,D_STABLE_CORE,600,8,0,0,0,0,0,0,0,0,47,506,0,8,107.18158333333334,577.4250000000004,948.948000000001,70831.4
00000264--31b802e87a--14,D_STABLE_CORE,600,20,0,0,0,0,0,0,0,0,44,372,0,26,125.39348333333326,695.1650000000003,1167.1570000000013,75885.6
00000264--31b802e87a--15,D_STABLE_CORE,600,17,1,1,1,2,1,2,0,583,25,490,1,32,147.2701950325057,795.3699999999985,1391.2659999999985,93569.0
00000264--31b802e87a--16,D_STABLE_CORE,600,8,0,0,0,0,0,0,0,0,56,487,0,16,133.49749958326336,735.6899999999989,1387.0579999999916,81358.8
00000264--31b802e87a--17,D_STABLE_CORE,600,6,0,0,0,0,0,0,0,0,70,571,0,28,188.59366666666625,1321.6050000000005,1912.6020000000021,86600.2
00000264--31b802e87a--18,D_STABLE_CORE,600,10,0,0,0,0,0,0,0,0,35,552,0,12,161.18016666666668,866.3650000000007,1898.6030000000023,123570.1
00000264--31b802e87a--19,D_STABLE_CORE,600,6,0,0,0,0,0,0,0,0,111,820,0,16,159.3956847717425,941.1800000000001,1674.1659999999995,81789.1
00000264--31b802e87a--2,D_STABLE_CORE,600,14,3,3,3,3,0,3,0,3,6,244,3,24,139.71144046627805,767.6800000000001,1136.1360000000004,128813.3
00000264--31b802e87a--20,D_STABLE_CORE,600,10,1,1,1,1,0,1,0,68,33,726,1,18,160.6512914514247,922.4,1411.2,132146.0
00000264--31b802e87a--21,D_STABLE_CORE,600,50,0,0,0,0,0,0,0,0,182,901,0,58,185.72354118039405,1244.679999999999,2052.9789999999953,93863.0
00000264--31b802e87a--22,D_STABLE_CORE,600,26,0,0,0,0,0,0,0,0,309,782,0,58,308.3301616397271,2170.2,3818.4,144807.8
00000264--31b802e87a--23,D_STABLE_CORE,600,21,0,0,0,0,0,0,0,0,172,840,0,42,227.33037320893018,1545.9099999999996,2650.9869999999996,111327.4
00000264--31b802e87a--24,D_STABLE_CORE,600,40,0,0,0,0,0,0,0,0,160,891,0,42,205.86050350116733,1308.8449999999984,2496.2359999999994,119611.2
00000264--31b802e87a--25,D_STABLE_CORE,600,26,2,2,2,2,1,2,0,113,38,493,2,20,154.79373542152638,865.8899999999996,1411.4719999999973,129436.4
00000264--31b802e87a--26,D_STABLE_CORE,600,6,0,0,0,0,0,0,0,0,27,311,0,24,142.39603201067038,748.4749999999998,1187.1,132630.4
00000264--31b802e87a--27,D_STABLE_CORE,600,20,0,0,0,0,0,0,0,0,0,90,0,14,124.1296783869359,596.8,789.1,149608.5
00000264--31b802e87a--28,D_STABLE_CORE,600,24,5,6,6,6,2,5,0,78,16,194,6,20,142.32822862856153,743.8,1072.1,139481.1
00000264--31b802e87a--29,D_STABLE_CORE,600,21,1,14,3,14,14,2,2,14,101,581,1,36,204.73432810936998,1314.83,2558.940999999996,112988.1
00000264--31b802e87a--3,D_STABLE_CORE,599,24,2,2,2,2,0,2,0,94,14,296,2,22,145.96745078411698,762.1,1096.6599999999976,125155.8
00000264--31b802e87a--30,D_STABLE_CORE,600,21,1,1,1,1,0,1,0,1,48,514,1,22,173.8587470843051,1019.9749999999999,1679.8089999999982,130491.0
00000264--31b802e87a--31,D_STABLE_CORE,599,48,5,6,6,6,3,5,0,124,70,599,6,28,172.0338889814966,1049.4399999999998,1785.9819999999982,118138.9
00000264--31b802e87a--32,D_STABLE_CORE,600,66,8,17,10,19,8,9,2,546,38,725,10,32,214.76604434072325,1490.5899999999986,2015.545999999999,132049.2
00000264--31b802e87a--33,D_STABLE_CORE,599,35,0,0,0,0,0,0,0,0,17,888,0,24,236.58275287451988,1609.3,2032.0,105648.2
00000264--31b802e87a--34,D_STABLE_CORE,600,24,3,14,9,14,13,4,1,228,111,642,3,58,204.70859713428771,1362.685,2530.366999999997,63055.1
00000264--31b802e87a--35,D_STABLE_CORE,599,20,4,13,9,16,7,6,3,381,45,315,13,38,135.4272545424236,732.6399999999992,1364.6739999999982,59568.3
00000264--31b802e87a--36,D_STABLE_CORE,599,4,0,0,0,0,0,0,0,0,3,96,0,10,93.48583333333339,535.5300000000001,733.5350000000008,3044.3
00000264--31b802e87a--37,D_STABLE_CORE,599,5,0,0,0,0,0,0,0,0,10,232,0,14,136.079240253249,654.3899999999999,1145.8990000000001,143376.7
00000264--31b802e87a--38,D_STABLE_CORE,599,64,3,4,4,4,0,3,0,293,118,714,4,30,194.7407765372436,1205.7,2128.9,123746.4
00000264--31b802e87a--39,D_STABLE_CORE,599,78,13,41,34,45,26,17,5,564,91,780,30,34,184.85696666666632,1241.0500000000002,1843.5170000000003,84666.2
00000264--31b802e87a--4,D_STABLE_CORE,599,17,1,1,1,1,1,1,0,1,40,400,1,22,133.05746915638605,726.8,1275.9139999999989,55829.5
00000264--31b802e87a--40,D_STABLE_CORE,600,95,9,14,13,14,1,9,1,565,72,678,14,44,175.99141809698338,1080.8,1893.8,86293.8
00000264--31b802e87a--41,D_STABLE_CORE,396,5,0,0,0,0,0,0,0,0,8,125,0,14,80.9708803611736,443.24,699.3679999999998,2330.8
00000264--31b802e87a--5,D_STABLE_CORE,599,24,3,5,5,5,0,3,1,173,34,577,5,28,176.9040659890018,1040.6,1530.8,147859.1
00000264--31b802e87a--6,D_STABLE_CORE,600,15,2,12,7,12,10,4,2,64,21,421,2,36,149.54050316561143,856.17,1344.0919999999999,64584.5
00000264--31b802e87a--7,D_STABLE_CORE,599,15,0,0,0,0,0,0,0,0,100,456,0,50,172.69808269423166,852.9649999999996,2268.9699999999975,68683.5
00000264--31b802e87a--8,D_STABLE_CORE,599,36,0,0,0,0,0,0,0,0,302,866,0,50,279.6578166666666,1719.0000000000007,3485.6030000000023,144591.6
00000264--31b802e87a--9,D_STABLE_CORE,599,12,0,0,0,0,0,0,0,0,109,719,0,28,158.09730000000002,967.805,1509.2540000000013,84541.4
00000266--f9c40304ea--0,D_STABLE_CORE,621,96,11,40,22,61,43,19,8,440,79,592,12,44,158.34985483871023,944.6749999999945,1766.4390000000028,67616.6
00000266--f9c40304ea--1,D_STABLE_CORE,600,60,10,32,31,32,20,13,3,576,82,745,15,50,186.63187197866293,1236.1599999999996,1808.9459999999942,120756.0
00000266--f9c40304ea--10,D_STABLE_CORE,599,46,17,36,36,36,0,17,4,565,79,671,36,36,196.5277018012009,1318.9499999999998,1928.0550000000007,104539.7
00000266--f9c40304ea--11,D_STABLE_CORE,600,70,1,2,1,2,1,2,0,72,304,832,1,66,231.72283950617307,1432.7249999999992,3793.8499999999985,74742.9
00000266--f9c40304ea--12,D_STABLE_CORE,600,44,1,1,1,1,0,1,0,427,158,843,1,46,176.41843026162337,1162.6,2053.4,54926.3
00000266--f9c40304ea--13,D_STABLE_CORE,600,8,0,0,0,0,0,0,0,0,49,492,0,24,135.07296216036048,774.6299999999998,1393.0539999999987,69636.1
00000266--f9c40304ea--14,D_STABLE_CORE,600,61,1,4,3,4,3,1,1,76,197,844,4,52,212.83390622392756,1333.0,2564.047999999998,104035.7
00000266--f9c40304ea--15,D_STABLE_CORE,600,20,0,0,0,0,0,0,0,0,76,686,0,42,182.9696166666673,1107.1350000000004,2033.286000000002,95319.2
00000266--f9c40304ea--16,D_STABLE_CORE,600,24,2,2,2,2,0,2,0,579,30,428,2,38,205.72655885295038,1459.4099999999994,1968.4989999999991,122303.3
00000266--f9c40304ea--17,D_STABLE_CORE,600,24,1,1,1,1,0,1,0,204,165,672,1,58,248.62760460076694,1873.939999999997,2741.7479999999987,130824.0
00000266--f9c40304ea--18,D_STABLE_CORE,600,52,6,15,15,15,9,7,2,492,38,435,11,44,243.31243756243697,1867.225,2434.48,139722.9
00000266--f9c40304ea--19,D_STABLE_CORE,600,36,5,6,6,6,2,5,0,27,98,634,6,32,170.76286856571704,1119.08,1905.8919999999976,90434.6
00000266--f9c40304ea--2,D_STABLE_CORE,600,75,7,27,20,35,33,11,5,585,77,656,13,38,174.2321904127832,1082.4299999999998,1867.803000000002,86675.7
00000266--f9c40304ea--20,D_STABLE_CORE,600,43,3,13,8,19,17,7,3,588,13,528,4,30,253.73076153974222,1752.9,2278.1,139767.2
00000266--f9c40304ea--21,D_STABLE_CORE,600,123,13,43,36,49,30,16,8,563,101,674,29,48,195.1470088318607,1277.5,2127.0,104834.2
00000266--f9c40304ea--22,D_STABLE_CORE,600,55,4,5,5,5,4,3,0,474,36,304,4,44,106.39471666666675,507.35500000000025,1387.2540000000056,4157.0
00000266--f9c40304ea--23,D_STABLE_CORE,594,2,0,0,0,0,0,0,0,0,0,62,0,6,123.70925272879958,572.52,751.86,150358.2
00000266--f9c40304ea--3,D_STABLE_CORE,600,48,4,23,4,27,25,6,3,435,77,803,4,34,205.4808198633559,1349.3,2050.0,146943.9
00000266--f9c40304ea--4,D_STABLE_CORE,599,61,4,12,4,12,9,5,1,88,26,518,4,16,185.8486085652382,1183.5,1812.9,137956.8
00000266--f9c40304ea--5,D_STABLE_CORE,600,38,9,18,18,18,5,11,1,467,22,393,14,26,187.96623354989168,1236.9299999999998,1696.1059999999957,103701.8
00000266--f9c40304ea--6,D_STABLE_CORE,599,30,4,5,5,5,1,4,0,489,59,464,5,48,186.78070702017752,1194.9599999999996,1863.792,140957.3
00000266--f9c40304ea--7,D_STABLE_CORE,600,53,7,9,6,9,3,7,1,353,72,723,9,32,176.562635348992,1117.719999999999,1728.5479999999923,126562.2
00000266--f9c40304ea--8,D_STABLE_CORE,599,43,3,3,3,3,0,3,0,352,90,598,3,26,173.65932966483297,1070.6399999999999,1796.2559999999996,113317.6
00000266--f9c40304ea--9,D_STABLE_CORE,600,22,8,15,15,15,0,8,3,363,21,578,15,34,162.62710000000024,974.325,1691.4210000000005,113024.5
00000267--5bcd0e5bb8--0,D_STABLE_CORE,622,45,5,10,10,10,1,5,2,136,36,359,10,40,138.14175257731955,748.895,1486.690000000001,62141.7
00000267--5bcd0e5bb8--1,D_STABLE_CORE,600,51,3,6,6,6,0,3,0,409,118,689,6,34,184.46594468510534,1075.36,2016.9339999999963,125104.3
00000267--5bcd0e5bb8--10,D_STABLE_CORE,600,44,4,4,4,4,2,4,0,303,101,623,4,56,218.54698333333263,1520.110000000001,2311.353000000008,128482.6
00000267--5bcd0e5bb8--11,D_STABLE_CORE,600,28,0,0,0,0,0,0,0,0,155,642,0,44,166.32123333333305,941.6900000000004,1933.0030000000002,52701.2
00000267--5bcd0e5bb8--12,D_STABLE_CORE,600,10,0,0,0,0,0,0,0,0,5,388,0,14,106.56785595198392,592.2349999999997,903.8119999999999,61312.9
00000267--5bcd0e5bb8--13,D_STABLE_CORE,600,80,5,23,12,26,22,10,1,444,171,850,5,76,199.31658048373643,1248.69,2137.470000000004,154071.8
00000267--5bcd0e5bb8--14,D_STABLE_CORE,600,57,10,14,10,14,4,12,0,589,95,629,10,52,172.04334055675895,1101.5099999999989,1826.8279999999993,81090.5
00000267--5bcd0e5bb8--15,D_STABLE_CORE,599,30,4,62,33,90,91,8,4,543,47,467,10,32,164.1142738035684,1103.46,1571.848,67101.7
00000267--5bcd0e5bb8--16,D_STABLE_CORE,600,58,9,10,10,11,1,11,0,565,32,437,9,40,210.72354215261652,1500.655,1949.9889999999998,142322.9
00000267--5bcd0e5bb8--17,D_STABLE_CORE,599,98,13,37,25,43,29,21,5,296,101,588,18,40,190.08495501499561,1150.8499999999995,1878.057999999999,147043.2
00000267--5bcd0e5bb8--18,D_STABLE_CORE,599,160,18,45,37,55,41,24,7,589,100,811,30,52,210.11427619523545,1514.9899999999996,2555.969999999997,86884.4
00000267--5bcd0e5bb8--19,D_STABLE_CORE,343,45,9,17,9,19,12,11,2,303,32,181,11,46,121.36517599538415,777.0500000000001,1391.2599999999986,3202.1
00000267--5bcd0e5bb8--2,D_STABLE_CORE,600,118,13,27,25,27,2,13,4,432,40,582,27,32,215.08907213060172,1672.58,2286.0859999999975,76132.0
00000267--5bcd0e5bb8--3,D_STABLE_CORE,600,86,7,25,20,25,18,10,3,272,127,699,15,54,212.26401066844377,1449.9299999999976,2173.9079999999976,91679.2
00000267--5bcd0e5bb8--4,D_STABLE_CORE,600,30,5,28,22,37,25,7,4,590,96,604,11,66,201.28400533155676,1424.4049999999984,2460.152999999999,101542.3
00000267--5bcd0e5bb8--5,D_STABLE_CORE,600,29,1,1,1,1,0,1,0,1,123,780,1,30,215.81410235039192,1451.3399999999954,2457.2479999999823,101583.6
00000267--5bcd0e5bb8--6,D_STABLE_CORE,600,9,0,0,0,0,0,0,0,0,104,607,0,20,139.5724500000002,836.7000000000007,1419.1870000000083,55253.1
00000267--5bcd0e5bb8--7,D_STABLE_CORE,600,10,0,0,0,0,0,0,0,0,99,735,0,26,166.85138333333344,1028.02,1925.4250000000006,60937.8
00000267--5bcd0e5bb8--8,D_STABLE_CORE,600,49,1,1,0,1,1,1,0,1,102,803,1,56,245.15251582805715,1804.099999999999,2535.7879999999977,111511.8
00000267--5bcd0e5bb8--9,D_STABLE_CORE,600,41,4,21,11,32,29,6,4,532,31,766,6,52,235.04627437906296,1653.039999999997,2150.0699999999983,110709.4
00000269--4014745f93--0,D_STABLE_CORE,620,44,8,33,14,35,27,12,4,604,25,350,9,42,152.00174362285986,885.9449999999996,1493.9159999999943,85649.5
00000269--4014745f93--1,D_STABLE_CORE,600,6,2,2,2,2,0,2,0,424,11,100,2,32,114.01832443257686,709.745,977.5890000000003,2425.0
00000269--4014745f93--10,D_STABLE_CORE,600,13,1,1,1,1,0,1,0,146,68,637,1,14,153.78436927178808,871.8,1279.8,111739.2
00000269--4014745f93--11,D_STABLE_CORE,600,23,0,0,0,0,0,0,0,0,89,779,0,28,185.74600000000015,1121.815,1853.2090000000003,124240.8
00000269--4014745f93--12,D_STABLE_CORE,600,27,0,0,0,0,0,0,0,0,110,591,0,26,146.2902134044682,805.8599999999999,1491.6079999999968,113792.0
00000269--4014745f93--13,D_STABLE_CORE,600,20,0,0,0,0,0,0,0,0,46,561,0,18,160.27265455757325,949.2,1690.8,94188.0
00000269--4014745f93--14,D_STABLE_CORE,600,34,2,2,2,2,0,2,0,517,96,711,2,46,155.79210263245523,929.8799999999999,1550.5789999999931,75824.2
00000269--4014745f93--15,D_STABLE_CORE,600,24,0,0,0,0,0,0,0,0,66,522,0,36,136.82708472314914,651.55,1452.825,104759.4
00000269--4014745f93--16,D_STABLE_CORE,600,21,0,0,0,0,0,0,0,0,86,605,0,22,141.7895982663779,776.5999999999995,1270.5299999999993,128542.7
00000269--4014745f93--17,D_STABLE_CORE,600,13,0,0,0,0,0,0,0,0,90,636,0,16,156.13690000000017,899.4450000000002,1299.4140000000004,103584.3
00000269--4014745f93--18,D_STABLE_CORE,600,19,1,1,1,1,0,1,0,281,97,711,1,24,157.09603267211224,980.5799999999973,1495.5179999999996,111629.0
00000269--4014745f93--19,D_STABLE_CORE,600,21,1,1,1,1,0,1,0,129,111,770,1,22,170.40044992501248,1020.8,1486.7,141341.3
00000269--4014745f93--2,D_STABLE_CORE,599,19,0,0,0,0,0,0,0,0,81,455,0,54,177.0411342785654,1036.8200000000002,1826.7020000000005,142080.5
00000269--4014745f93--20,D_STABLE_CORE,600,10,0,0,0,0,0,0,0,0,81,680,0,20,160.80245040840148,922.2699999999996,1455.3179999999995,113503.8
00000269--4014745f93--21,D_STABLE_CORE,600,8,0,0,0,0,0,0,0,0,90,519,0,18,133.16039339889983,756.669999999999,1160.987999999998,86796.9
00000269--4014745f93--22,D_STABLE_CORE,600,37,0,0,0,0,0,0,0,0,323,876,0,44,206.32199633394436,1300.3,2302.6,110571.2
00000269--4014745f93--23,D_STABLE_CORE,600,14,0,0,0,0,0,0,0,0,9,154,0,20,84.3209736578857,377.5349999999997,785.9439999999987,2881.4
00000269--4014745f93--24,D_STABLE_CORE,600,37,2,2,2,2,0,2,0,7,28,432,2,28,165.40186635560764,926.4,1814.8,127405.5
00000269--4014745f93--25,D_STABLE_CORE,600,16,1,1,0,1,1,1,0,1,36,515,1,20,168.84660889851767,972.0,1551.9,140564.6
00000269--4014745f93--26,D_STABLE_CORE,600,66,4,4,4,5,1,4,0,532,87,808,4,42,190.92245374229034,1240.2099999999998,2019.3699999999983,123682.3
00000269--4014745f93--27,D_STABLE_CORE,600,86,6,6,6,6,0,6,0,470,47,474,6,48,160.75784035994053,1069.1,1610.4,51076.1
00000269--4014745f93--3,D_STABLE_CORE,599,62,2,2,2,2,0,2,0,232,139,913,2,46,197.56750041687476,1371.8,2224.587999999999,74726.8
00000269--4014745f93--4,D_STABLE_CORE,599,36,11,16,16,17,0,11,1,430,28,665,16,22,163.99474562135083,999.3200000000002,1598.8900000000006,105438.6
00000269--4014745f93--5,D_STABLE_CORE,599,70,26,41,41,41,0,26,4,561,16,577,41,34,163.5061040693796,1100.1,1555.1350000000004,62282.4
00000269--4014745f93--6,D_STABLE_CORE,599,51,0,0,0,0,0,0,0,0,190,799,0,70,238.7932834580215,1348.9700000000007,3597.6999999999834,146935.5
00000269--4014745f93--7,D_STABLE_CORE,600,51,3,5,5,5,0,3,1,529,149,898,5,56,214.43455575929286,1288.829999999998,2471.4179999999947,146998.3
00000269--4014745f93--8,D_STABLE_CORE,599,7,0,0,0,0,0,0,0,0,66,560,0,28,161.24678118745777,917.1000000000001,2050.730000000002,65344.5
00000269--4014745f93--9,D_STABLE_CORE,600,19,0,0,0,0,0,0,0,0,132,614,0,26,153.6982508745627,863.3599999999998,1604.3339999999941,89858.3
0000026a--171a0a1f5c--0,D_STABLE_CORE,620,42,5,33,16,34,31,8,2,431,39,515,9,30,159.42009685229982,828.4799999999982,1418.4299999999998,149118.0
0000026a--171a0a1f5c--1,D_STABLE_CORE,600,18,4,5,5,5,0,4,0,444,6,95,5,10,129.09415194935,710.2649999999998,912.2749999999994,90034.8
0000026a--171a0a1f5c--10,D_STABLE_CORE,599,43,0,0,0,0,0,0,0,0,489,1001,0,46,263.734813084112,1984.2549999999987,3476.419000000006,79880.9
0000026a--171a0a1f5c--11,D_STABLE_CORE,599,20,0,0,0,0,0,0,0,0,145,654,0,34,173.69976654994161,996.5599999999997,1554.0079999999996,146122.7
0000026a--171a0a1f5c--12,D_STABLE_CORE,600,8,0,0,0,0,0,0,0,0,41,568,0,12,162.0531787084933,1018.3199999999999,1682.499999999999,57478.4
0000026a--171a0a1f5c--13,D_STABLE_CORE,600,24,0,0,0,0,0,0,0,0,91,780,0,20,154.5291833333335,938.6350000000002,1478.104,68010.5
0000026a--171a0a1f5c--14,D_STABLE_CORE,600,19,0,0,0,0,0,0,0,0,90,668,0,22,148.96101751459568,932.8100000000002,1330.6340000000016,95576.4
0000026a--171a0a1f5c--15,D_STABLE_CORE,600,8,1,1,1,1,0,1,0,385,56,531,1,16,139.30309587217022,729.4849999999997,1102.5900000000008,113091.4
0000026a--171a0a1f5c--16,D_STABLE_CORE,600,13,0,0,0,0,0,0,0,0,101,654,0,28,185.21984021304922,1155.2449999999988,2000.3210000000029,91441.9
0000026a--171a0a1f5c--17,D_STABLE_CORE,600,6,0,0,0,0,0,0,0,0,13,253,0,10,98.96463434949209,522.2399999999998,893.5859999999997,48871.0
0000026a--171a0a1f5c--18,D_STABLE_CORE,600,0,0,0,0,0,0,0,0,0,3,145,0,8,108.94848383872039,635.3899999999999,852.0239999999984,61920.7
0000026a--171a0a1f5c--19,D_STABLE_CORE,600,21,0,0,0,0,0,0,0,0,33,499,0,26,145.06229590136655,855.2899999999998,1425.2489999999968,86421.1
0000026a--171a0a1f5c--2,D_STABLE_CORE,600,37,3,27,4,29,25,4,1,300,47,472,7,30,175.13520493168966,1139.099999999999,1796.626999999996,89415.0
0000026a--171a0a1f5c--20,D_STABLE_CORE,600,15,0,0,0,0,0,0,0,0,53,598,0,16,147.65090060039998,804.5999999999999,1665.6350000000004,81663.3
0000026a--171a0a1f5c--21,D_STABLE_CORE,600,9,0,0,0,0,0,0,0,0,52,539,0,14,167.02744085304903,1041.2649999999999,1547.259999999999,104629.0
0000026a--171a0a1f5c--22,D_STABLE_CORE,600,1,0,0,0,0,0,0,0,0,13,565,0,6,153.33700616769502,869.4499999999991,1277.6219999999994,117076.2
0000026a--171a0a1f5c--23,D_STABLE_CORE,600,7,0,0,0,0,0,0,0,0,109,770,0,12,161.92727878686847,982.7,1462.9,68011.1
0000026a--171a0a1f5c--24,D_STABLE_CORE,600,20,0,0,0,0,0,0,0,0,60,775,0,32,164.94044325945654,949.8,1694.9,126447.5
0000026a--171a0a1f5c--25,D_STABLE_CORE,600,33,0,0,0,0,0,0,0,0,170,828,0,50,215.29204999999982,1415.2150000000001,2419.268000000003,101143.4
0000026a--171a0a1f5c--26,D_STABLE_CORE,600,14,0,0,0,0,0,0,0,0,187,813,0,42,240.85965672388053,1510.5,2803.8,151862.2
0000026a--171a0a1f5c--27,D_STABLE_CORE,600,28,0,0,0,0,0,0,0,0,173,791,0,56,244.8620373457823,1551.4399999999994,3113.9349999999936,115126.2
0000026a--171a0a1f5c--28,D_STABLE_CORE,600,63,5,5,5,5,0,5,0,440,318,734,5,60,256.06403201600693,1683.8999999999992,2850.2439999999992,146580.4
0000026a--171a0a1f5c--29,D_STABLE_CORE,600,38,0,0,0,0,0,0,0,0,24,554,0,28,255.677450000001,1674.8350000000005,2157.542000000001,161765.0
0000026a--171a0a1f5c--3,D_STABLE_CORE,600,33,0,0,0,0,0,0,0,0,43,902,0,22,176.51223537256274,1116.1099999999994,1685.8659999999961,95174.7
0000026a--171a0a1f5c--30,D_STABLE_CORE,600,32,1,2,1,2,1,2,0,129,108,794,1,30,170.86510581569678,946.6,1846.3,140703.4
0000026a--171a0a1f5c--31,D_STABLE_CORE,599,13,0,0,0,0,0,0,0,0,33,559,0,36,299.54595765961056,2015.9699999999998,2426.235999999999,193618.2
0000026a--171a0a1f5c--32,D_STABLE_CORE,599,21,0,0,0,0,0,0,0,0,86,616,0,50,223.3478666666666,1552.4700000000005,2499.3120000000004,122441.0
0000026a--171a0a1f5c--33,D_STABLE_CORE,599,31,1,1,1,1,0,1,0,133,193,729,1,44,247.80265044173976,1788.61,3045.645999999999,146253.6
0000026a--171a0a1f5c--34,D_STABLE_CORE,349,32,0,0,0,0,0,0,0,0,69,523,0,38,230.3061027533344,1535.4099999999992,2254.703999999997,120644.6
0000026a--171a0a1f5c--4,D_STABLE_CORE,600,10,0,0,0,0,0,0,0,0,13,440,0,6,174.47649999999982,1171.325,1516.9210000000005,108728.7
0000026a--171a0a1f5c--5,D_STABLE_CORE,599,0,0,0,0,0,0,0,0,0,0,95,0,4,94.52976666666675,501.2250000000001,767.9130000000002,4510.5
0000026a--171a0a1f5c--6,D_STABLE_CORE,600,5,1,1,1,1,0,1,0,1,1,188,1,8,108.65079973342239,478.4799999999999,739.1849999999997,142094.9
0000026a--171a0a1f5c--7,D_STABLE_CORE,599,26,3,24,14,26,27,6,2,402,45,362,3,38,132.6251041840304,713.0699999999996,1366.0219999999995,62296.4
0000026a--171a0a1f5c--8,D_STABLE_CORE,599,2,0,0,0,0,0,0,0,0,1,109,0,8,91.91711666666654,489.705,691.6010000000001,2930.4
0000026a--171a0a1f5c--9,D_STABLE_CORE,599,4,1,1,1,1,0,1,0,1,24,280,1,28,113.1953158859811,567.1199999999999,1223.4359999999967,55229.5
0000026b--4dfb361eee--0,D_STABLE_CORE,621,68,5,6,6,6,0,5,0,530,86,797,6,46,206.27489924230218,1346.8799999999999,2040.5619999999992,137082.1
0000026b--4dfb361eee--1,D_STABLE_CORE,600,72,4,5,5,5,1,4,0,325,59,628,5,32,211.27671164417808,1434.2999999999997,2084.7699999999995,143550.7
0000026b--4dfb361eee--10,D_STABLE_CORE,600,56,9,11,11,12,2,9,1,349,46,614,11,40,179.51046492251328,1180.4,1693.9,71561.1
0000026b--4dfb361eee--11,D_STABLE_CORE,596,33,4,6,6,6,0,4,1,581,41,499,6,32,148.96529077540131,636.5149999999988,1421.3820000000003,157205.9
0000026b--4dfb361eee--2,D_STABLE_CORE,600,30,0,0,0,0,0,0,0,0,39,720,0,26,200.51417611741158,1289.975,2076.1250000000005,105765.2
0000026b--4dfb361eee--3,D_STABLE_CORE,600,27,0,0,0,0,0,0,0,0,28,794,0,24,227.91218130311688,1593.0,2166.5,100078.9
0000026b--4dfb361eee--4,D_STABLE_CORE,600,33,1,2,2,2,0,1,0,2,95,646,2,52,204.1710166666663,1284.31,2290.715,131993.4
0000026b--4dfb361eee--5,D_STABLE_CORE,600,27,0,0,0,0,0,0,0,0,53,387,0,36,137.02581666666643,760.1050000000004,1538.0130000000004,81297.9
0000026b--4dfb361eee--6,D_STABLE_CORE,600,9,0,0,0,0,0,0,0,0,1,107,0,10,114.40968333333315,624.3850000000002,888.2060000000001,76446.7
0000026b--4dfb361eee--7,D_STABLE_CORE,600,8,0,0,0,0,0,0,0,0,6,195,0,12,115.36400599900013,658.7,905.7,58327.0
0000026b--4dfb361eee--8,D_STABLE_CORE,600,35,1,1,1,1,0,1,0,92,98,551,1,30,175.11303116147263,977.5,1971.0,76376.1
0000026b--4dfb361eee--9,D_STABLE_CORE,600,65,5,5,5,5,1,5,0,240,70,754,5,50,185.8168528088015,1257.93,1874.8259999999993,61132.0
0000026d--2363789071--0,D_STABLE_CORE,617,8,0,0,0,0,0,0,0,0,7,165,0,16,125.84149005542828,643.9049999999997,956.9180000000003,87167.6
0000026d--2363789071--1,D_STABLE_CORE,600,5,0,0,0,0,0,0,0,0,64,492,0,36,162.9720285524568,934.034999999994,1773.539999999999,96780.9
0000026d--2363789071--10,D_STABLE_CORE,600,9,0,0,0,0,0,0,0,0,11,407,0,8,129.22805142761712,600.9599999999997,1196.9799999999987,108655.9
0000026d--2363789071--11,D_STABLE_CORE,600,4,0,0,0,0,0,0,0,0,13,488,0,6,157.6699634308506,860.3499999999999,2260.8250000000007,61885.1
0000026d--2363789071--12,D_STABLE_CORE,600,3,0,0,0,0,0,0,0,0,17,505,0,8,142.44140169801904,827.7899999999998,1282.131999999999,90838.5
0000026d--2363789071--13,D_STABLE_CORE,600,3,0,0,0,0,0,0,0,0,33,467,0,6,140.71840480560604,792.9,1081.408,104833.1
0000026d--2363789071--14,D_STABLE_CORE,600,8,0,0,0,0,0,0,0,0,42,491,0,18,137.38225483655756,763.7,1239.21,80810.3
0000026d--2363789071--15,D_STABLE_CORE,600,10,0,0,0,0,0,0,0,0,23,463,0,20,138.05175116744448,805.7750000000001,1348.6149999999998,87808.7
0000026d--2363789071--16,D_STABLE_CORE,600,10,0,0,0,0,0,0,0,0,32,456,0,16,126.23257828114626,746.4849999999999,1001.2880000000001,81247.0
0000026d--2363789071--17,D_STABLE_CORE,600,4,0,0,0,0,0,0,0,0,23,421,0,6,135.56737175216554,729.8799999999995,1113.8530000000037,117665.0
0000026d--2363789071--18,D_STABLE_CORE,600,3,0,0,0,0,0,0,0,0,29,410,0,16,129.26971666666668,623.825,1044.7310000000027,130388.2
0000026d--2363789071--19,D_STABLE_CORE,600,19,0,0,0,0,0,0,0,0,103,509,0,18,125.04692140830998,708.9799999999992,1144.332,67962.8
0000026d--2363789071--2,D_STABLE_CORE,599,6,0,0,0,0,0,0,0,0,55,628,0,22,165.85971666666683,1010.2200000000001,1734.4970000000021,98560.2
0000026d--2363789071--20,D_STABLE_CORE,600,8,0,0,0,0,0,0,0,0,61,476,0,12,128.75496081374047,638.7399999999996,1203.8679999999993,127430.8
0000026d--2363789071--21,D_STABLE_CORE,600,51,0,0,0,0,0,0,0,0,62,654,0,42,174.91603206412822,862.0649999999999,2093.184000000002,113921.5
0000026d--2363789071--22,D_STABLE_CORE,599,6,0,0,0,0,0,0,0,0,44,693,0,20,152.42945296864553,862.2250000000001,1306.5,107733.9
0000026d--2363789071--23,D_STABLE_CORE,600,16,1,1,1,1,0,1,0,1,34,675,1,14,145.86400797607158,773.6299999999999,1250.678999999999,122618.4
0000026d--2363789071--24,D_STABLE_CORE,599,3,0,0,0,0,0,0,0,0,28,619,0,8,149.3714166666668,686.5900000000004,1691.0800000000017,137868.3
0000026d--2363789071--25,D_STABLE_CORE,600,4,0,0,0,0,0,0,0,0,63,483,0,12,149.0363636363632,790.725,1239.9299999999973,153757.7
0000026d--2363789071--26,D_STABLE_CORE,599,5,0,0,0,0,0,0,0,0,14,485,0,4,135.19705147426336,724.5899999999992,1184.5219999999983,93847.9
0000026d--2363789071--27,D_STABLE_CORE,599,6,0,0,0,0,0,0,0,0,19,428,0,8,158.85798865910616,860.725,1448.6800000000012,124457.5
0000026d--2363789071--28,D_STABLE_CORE,599,9,0,0,0,0,0,0,0,0,55,541,0,10,144.9284000000001,803.9850000000002,1243.3700000000015,135291.4
0000026d--2363789071--29,D_STABLE_CORE,599,13,0,0,0,0,0,0,0,0,50,492,0,16,135.6390166666667,744.01,1212.7530000000013,126977.2
0000026d--2363789071--3,D_STABLE_CORE,599,28,1,1,1,1,0,1,0,440,75,505,1,44,148.90826101468588,782.245,1480.4740000000056,123095.1
0000026d--2363789071--30,D_STABLE_CORE,600,4,0,0,0,0,0,0,0,0,40,445,0,12,166.9581833333335,951.2250000000001,1449.3310000000006,137437.5
0000026d--2363789071--31,D_STABLE_CORE,600,0,0,0,0,0,0,0,0,0,15,384,0,8,113.3944296197468,643.625,974.4750000000003,52549.5
0000026d--2363789071--32,D_STABLE_CORE,600,6,0,0,0,0,0,0,0,0,16,321,0,8,113.97140476587242,592.4,854.2,59249.5
0000026d--2363789071--33,D_STABLE_CORE,600,4,0,0,0,0,0,0,0,0,30,519,0,6,153.20473649099392,811.9749999999999,1329.5450000000014,129539.9
0000026d--2363789071--34,D_STABLE_CORE,600,3,0,0,0,0,0,0,0,0,8,443,0,10,165.533311114814,813.0,1656.7,137639.0
0000026d--2363789071--35,D_STABLE_CORE,600,1,0,0,0,0,0,0,0,0,3,197,0,4,120.37131420947273,648.125,1003.2900000000011,63640.7
0000026d--2363789071--36,D_STABLE_CORE,600,3,0,0,0,0,0,0,0,0,21,316,0,8,129.21586402266288,624.5,873.2,133308.9
0000026d--2363789071--37,D_STABLE_CORE,600,13,0,0,0,0,0,0,0,0,36,599,0,12,167.10196666666715,918.9350000000001,1497.5100000000002,144321.3
0000026d--2363789071--38,D_STABLE_CORE,600,5,1,1,1,1,0,1,0,58,32,331,1,8,112.29463064865796,575.2599999999998,841.8,82590.3
0000026d--2363789071--39,D_STABLE_CORE,600,4,0,0,0,0,0,0,0,0,45,433,0,16,120.00721666666664,676.9250000000001,996.8960000000021,72029.0
0000026d--2363789071--4,D_STABLE_CORE,599,9,0,0,0,0,0,0,0,0,53,440,0,20,145.54611157368876,893.3800000000003,1348.8400000000001,62326.1
0000026d--2363789071--40,D_STABLE_CORE,600,5,0,0,0,0,0,0,0,0,13,369,0,8,145.31935967984012,779.3599999999998,1147.9799999999998,132303.3
0000026d--2363789071--41,D_STABLE_CORE,600,2,0,0,0,0,0,0,0,0,9,284,0,4,123.19403333333271,634.1250000000001,928.2030000000001,82578.5
0000026d--2363789071--42,D_STABLE_CORE,600,10,2,2,2,2,0,2,0,360,58,482,2,12,131.63989663221054,758.5649999999996,1255.3639999999978,57159.2
0000026d--2363789071--43,D_STABLE_CORE,600,2,0,0,0,0,0,0,0,0,59,472,0,8,131.72409257409228,757.75,1035.59,84753.7
0000026d--2363789071--44,D_STABLE_CORE,600,3,0,0,0,0,0,0,0,0,5,297,0,6,122.03477030625879,561.1499999999996,1001.276000000001,107050.0
0000026d--2363789071--45,D_STABLE_CORE,600,7,0,0,0,0,0,0,0,0,51,422,0,14,123.38873708763805,682.1599999999994,1074.7749999999994,60502.6
0000026d--2363789071--46,D_STABLE_CORE,600,12,0,0,0,0,0,0,0,0,75,546,0,22,132.2138976837189,751.1,1227.1,81019.8
0000026d--2363789071--47,D_STABLE_CORE,600,7,0,0,0,0,0,0,0,0,29,409,0,14,118.04836775483048,606.2399999999997,1075.5530000000015,62853.9
0000026d--2363789071--48,D_STABLE_CORE,600,13,0,0,0,0,0,0,0,0,30,388,0,16,115.32112018669757,600.9799999999996,978.0079999999998,54878.9
0000026d--2363789071--49,D_STABLE_CORE,600,32,1,1,1,1,0,1,0,182,77,539,1,30,155.32751666666707,823.0200000000001,1664.8630000000012,98393.7
0000026d--2363789071--5,D_STABLE_CORE,599,16,0,0,0,0,0,0,0,0,66,516,0,18,145.49768371938046,856.5,1433.4,83013.0
0000026d--2363789071--50,D_STABLE_CORE,600,11,0,0,0,0,0,0,0,0,49,490,0,20,134.3392863098213,726.819999999999,1310.144,71263.0
0000026d--2363789071--51,D_STABLE_CORE,599,4,0,0,0,0,0,0,0,0,15,515,0,8,161.6029176392131,952.1399999999994,1494.7030000000002,109948.0
0000026d--2363789071--52,D_STABLE_CORE,599,4,0,0,0,0,0,0,0,0,17,355,0,8,133.4066075610565,685.9449999999999,1077.5149999999999,122167.6
0000026d--2363789071--53,D_STABLE_CORE,599,0,0,0,0,0,0,0,0,0,1,351,0,6,102.6419736622772,514.3399999999993,719.9459999999989,71512.5
0000026d--2363789071--54,D_STABLE_CORE,599,12,0,0,0,0,0,0,0,0,58,456,0,10,139.07723577235794,675.6899999999998,1410.7839999999985,108169.9
0000026d--2363789071--55,D_STABLE_CORE,599,7,0,0,0,0,0,0,0,0,26,360,0,8,122.84810864855879,646.7,1028.4,90738.9
0000026d--2363789071--56,D_STABLE_CORE,599,6,0,0,0,0,0,0,0,0,39,571,0,12,141.1011994003001,801.0099999999982,1192.9399999999987,117081.2
0000026d--2363789071--57,D_STABLE_CORE,600,18,0,0,0,0,0,0,0,0,71,507,0,16,160.12695768077342,845.3649999999996,1563.6379999999988,96147.9
0000026d--2363789071--58,D_STABLE_CORE,600,4,0,0,0,0,0,0,0,0,37,464,0,10,174.59174449633096,1048.175,1629.83,110658.8
0000026d--2363789071--59,D_STABLE_CORE,600,0,0,0,0,0,0,0,0,0,9,351,0,6,140.1620436739458,771.9399999999991,1263.9379999999992,102742.1
0000026d--2363789071--6,D_STABLE_CORE,599,4,0,0,0,0,0,0,0,0,54,480,0,14,149.95981339553472,825.7849999999999,1215.686,132074.8
0000026d--2363789071--60,D_STABLE_CORE,600,1,0,0,0,0,0,0,0,0,1,297,0,2,150.45798865910623,835.825,1359.4350000000004,123637.7
0000026d--2363789071--61,D_STABLE_CORE,600,10,0,0,0,0,0,0,0,0,38,392,0,18,143.53418290854606,740.8799999999995,1165.0639999999992,126778.2
0000026d--2363789071--62,D_STABLE_CORE,600,14,0,0,0,0,0,0,0,0,25,428,0,10,154.56742790465086,886.7699999999991,1364.9259999999995,96707.3
0000026d--2363789071--63,D_STABLE_CORE,600,7,0,0,0,0,0,0,0,0,24,385,0,6,142.12207402467496,757.9399999999994,1140.2989999999993,148209.7
0000026d--2363789071--64,D_STABLE_CORE,600,2,0,0,0,0,0,0,0,0,3,244,0,4,116.02195568882219,774.9399999999998,1185.4219999999982,3342.8
0000026d--2363789071--65,D_STABLE_CORE,600,2,0,0,0,0,0,0,0,0,5,267,0,4,130.9937822970491,709.6099999999999,1138.2259999999994,127745.3
0000026d--2363789071--66,D_STABLE_CORE,600,18,0,0,0,0,0,0,0,0,50,415,0,14,167.0748375270781,944.8,1461.8,127173.0
0000026d--2363789071--67,D_STABLE_CORE,600,14,1,1,1,1,0,1,0,348,44,331,1,16,162.11084819196773,831.5,1585.3,143192.3
0000026d--2363789071--68,D_STABLE_CORE,600,4,0,0,0,0,0,0,0,0,10,274,0,12,115.88384461487163,614.0,1068.2779999999996,55479.1
0000026d--2363789071--69,D_STABLE_CORE,600,2,0,0,0,0,0,0,0,0,3,322,0,6,122.72167972004678,707.3,994.4,63352.5
0000026d--2363789071--7,D_STABLE_CORE,600,16,0,0,0,0,0,0,0,0,43,684,0,14,167.4345852111498,975.55,1766.5300000000032,122328.7
0000026d--2363789071--70,D_STABLE_CORE,600,6,0,0,0,0,0,0,0,0,61,451,0,20,136.84413333333322,747.5750000000003,1303.9170000000024,62171.9
0000026d--2363789071--71,D_STABLE_CORE,600,10,0,0,0,0,0,0,0,0,49,525,0,6,166.60463256123978,898.3,1564.3,142920.9
0000026d--2363789071--72,D_STABLE_CORE,600,7,0,0,0,0,0,0,0,0,17,447,0,8,147.28745209131793,739.9,1401.5,134685.4
0000026d--2363789071--73,D_STABLE_CORE,600,9,0,0,0,0,0,0,0,0,34,467,0,8,138.06927821303572,783.5699999999996,1333.269999999996,74610.7
0000026d--2363789071--74,D_STABLE_CORE,600,1,0,0,0,0,0,0,0,0,22,293,0,8,124.65493497832587,578.4899999999998,893.303,140964.9
0000026d--2363789071--75,D_STABLE_CORE,600,1,0,0,0,0,0,0,0,0,23,378,0,8,152.5986828942981,916.2749999999999,1483.713999999999,88615.9
0000026d--2363789071--76,D_STABLE_CORE,600,11,0,0,0,0,0,0,0,0,32,386,0,10,122.7481580263375,676.01,1255.0499999999988,60121.1
0000026d--2363789071--77,D_STABLE_CORE,599,4,0,0,0,0,0,0,0,0,34,284,0,10,123.97831887925285,571.025,977.4050000000009,134500.9
0000026d--2363789071--78,D_STABLE_CORE,599,3,0,0,0,0,0,0,0,0,43,485,0,16,140.96033677892675,823.2149999999999,1359.9289999999987,82875.1
0000026d--2363789071--79,D_STABLE_CORE,599,1,1,1,1,1,0,1,0,215,18,307,1,6,109.10603635150899,503.19999999999993,771.3,102400.1
0000026d--2363789071--8,D_STABLE_CORE,600,9,0,0,0,0,0,0,0,0,48,540,0,14,141.3612623142427,861.5599999999988,1385.679999999999,65538.2
0000026d--2363789071--80,D_STABLE_CORE,600,14,1,9,4,9,7,2,2,591,26,351,4,12,118.48679999999989,622.6,962.1390000000009,54127.0
0000026d--2363789071--81,D_STABLE_CORE,600,5,0,0,0,0,0,0,0,0,41,315,0,14,112.76445592401252,525.7,804.8,99371.5
0000026d--2363789071--82,D_STABLE_CORE,599,2,0,0,0,0,0,0,0,0,2,284,0,2,111.72212404134709,589.93,814.3269999999998,80120.3
0000026d--2363789071--83,D_STABLE_CORE,599,4,0,0,0,0,0,0,0,0,20,366,0,8,108.40363212262608,567.9799999999999,834.4909999999998,60642.0
0000026d--2363789071--84,D_STABLE_CORE,599,3,0,0,0,0,0,0,0,0,5,254,0,4,94.45133200133209,455.07499999999993,637.56,65916.9
0000026d--2363789071--85,D_STABLE_CORE,600,1,0,0,0,0,0,0,0,0,9,276,0,6,111.87851432378453,544.8099999999996,863.4700000000003,106464.9
0000026d--2363789071--86,D_STABLE_CORE,600,1,0,0,0,0,0,0,0,0,8,379,0,8,125.32484585902331,674.3,1057.8,86602.0
0000026d--2363789071--87,D_STABLE_CORE,600,3,0,0,0,0,0,0,0,0,28,353,0,12,126.83443278360802,639.4799999999997,1031.1459999999988,113471.5
0000026d--2363789071--88,D_STABLE_CORE,600,3,0,0,0,0,0,0,0,0,23,379,0,6,126.17907984664133,700.3199999999998,994.0179999999948,81070.4
0000026d--2363789071--89,D_STABLE_CORE,600,7,0,0,0,0,0,0,0,0,37,424,0,10,134.65910378144264,747.2299999999993,1106.6879999999996,100417.5
0000026d--2363789071--9,D_STABLE_CORE,600,4,0,0,0,0,0,0,0,0,61,608,0,20,154.71913867642124,847.2749999999986,1186.761,131840.6
0000026d--2363789071--90,D_STABLE_CORE,600,13,0,0,0,0,0,0,0,0,64,535,0,20,148.81151858643136,870.6099999999979,1395.9159999999997,82308.5
0000026d--2363789071--91,D_STABLE_CORE,600,8,0,0,0,0,0,0,0,0,43,556,0,14,141.80043333333302,857.7250000000001,1337.8150000000003,75477.3
0000026d--2363789071--92,D_STABLE_CORE,600,1,0,0,0,0,0,0,0,0,18,472,0,10,162.46561614140344,932.4199999999996,1374.728,128673.2
0000026d--2363789071--93,D_STABLE_CORE,600,5,0,0,0,0,0,0,0,0,6,471,0,8,166.3784761587198,955.53,1554.483999999994,102100.1
0000026d--2363789071--94,D_STABLE_CORE,600,16,0,0,0,0,0,0,0,0,26,589,0,16,181.54573191063682,1101.1,1942.0999999999974,112185.1
0000026d--2363789071--95,D_STABLE_CORE,600,43,1,1,1,1,1,1,0,1,132,754,1,48,182.46036321226268,1234.1299999999999,2081.888,130352.8
0000026d--2363789071--96,D_STABLE_CORE,600,25,3,3,3,3,0,3,0,349,103,682,3,36,177.82100350058394,1062.0,2045.9619999999938,100322.9
0000026d--2363789071--97,D_STABLE_CORE,600,5,0,0,0,0,0,0,0,0,30,364,0,16,140.17116186031024,691.2299999999999,1363.6479999999942,128987.0
0000026d--2363789071--98,D_STABLE_CORE,600,52,1,1,1,1,0,1,0,14,200,688,1,52,317.75091697232415,2271.454999999999,3624.2499999999986,143746.2
0000026d--2363789071--99,D_STABLE_CORE,600,33,1,1,1,1,0,1,0,1,59,569,1,42,153.30198300283305,942.0,1469.0,104928.7
00000273--d384c0a41a--0,D_STABLE_CORE,618,5,0,0,0,0,0,0,0,0,13,335,0,10,124.70220314271842,746.9399999999999,1187.9439999999993,17519.6
00000273--d384c0a41a--1,D_STABLE_CORE,600,13,0,0,0,0,0,0,0,0,38,484,0,10,141.4457471647769,739.8249999999999,1227.8500000000008,114240.9
00000273--d384c0a41a--10,D_STABLE_CORE,599,3,0,0,0,0,0,0,0,0,3,181,0,2,130.98290939318375,604.7500000000002,965.3839999999985,137663.7
00000273--d384c0a41a--11,D_STABLE_CORE,600,5,0,0,0,0,0,0,0,0,1,225,0,4,134.84246256239572,704.4100000000004,993.091,139356.9
00000273--d384c0a41a--12,D_STABLE_CORE,600,1,0,0,0,0,0,0,0,0,7,257,0,4,126.67817030494916,650.2,1017.5,102417.5
00000273--d384c0a41a--13,D_STABLE_CORE,600,12,0,0,0,0,0,0,0,0,46,330,0,14,135.4086637787401,644.1949999999995,1584.1459999999965,62349.7
00000273--d384c0a41a--14,D_STABLE_CORE,600,9,0,0,0,0,0,0,0,0,11,333,0,18,137.34862247453685,729.9799999999998,1537.211999999999,58327.5
00000273--d384c0a41a--15,D_STABLE_CORE,600,0,0,0,0,0,0,0,0,0,25,291,0,6,123.85297748123475,639.9200000000003,1037.9040000000034,114296.0
00000273--d384c0a41a--16,D_STABLE_CORE,600,2,0,0,0,0,0,0,0,0,17,395,0,6,138.6210772052699,800.7199999999993,1446.5439999999999,65613.7
00000273--d384c0a41a--17,D_STABLE_CORE,600,15,0,0,0,0,0,0,0,0,37,347,0,18,142.06932689103564,785.1299999999999,1081.686,137005.5
00000273--d384c0a41a--18,D_STABLE_CORE,600,6,0,0,0,0,0,0,0,0,12,408,0,10,154.06636197440548,854.7199999999996,1294.7640000000013,141225.5
00000273--d384c0a41a--19,D_STABLE_CORE,600,7,0,0,0,0,0,0,0,0,32,511,0,16,135.01221832749138,810.05,1166.1300000000065,80458.9
00000273--d384c0a41a--2,D_STABLE_CORE,600,3,0,0,0,0,0,0,0,0,8,451,0,4,128.0382191095544,662.24,1081.868,134740.1
00000273--d384c0a41a--20,D_STABLE_CORE,600,4,0,0,0,0,0,0,0,0,27,459,0,12,147.10916819469946,822.7099999999983,1385.831999999997,86062.4
00000273--d384c0a41a--21,D_STABLE_CORE,600,13,0,0,0,0,0,0,0,0,39,463,0,12,106.88006002000665,583.23,951.7989999999992,53862.1
00000273--d384c0a41a--22,D_STABLE_CORE,600,11,0,0,0,0,0,0,0,0,49,374,0,14,130.90536219816855,671.4200000000005,1120.212,85246.2
00000273--d384c0a41a--23,D_STABLE_CORE,600,8,2,2,1,2,1,2,0,453,25,325,2,14,149.35689310689304,735.25,1208.0399999999995,153171.0
00000273--d384c0a41a--24,D_STABLE_CORE,600,4,0,0,0,0,0,0,0,0,20,499,0,8,133.6735446205171,714.2400000000001,1212.8720000000005,84643.9
00000273--d384c0a41a--25,D_STABLE_CORE,600,3,0,0,0,0,0,0,0,0,11,465,0,6,129.10216847372826,682.3200000000002,969.7840000000007,105186.1
00000273--d384c0a41a--26,D_STABLE_CORE,599,16,0,0,0,0,0,0,0,0,76,428,0,20,137.1330997664332,673.5399999999987,1205.3039999999978,108815.8
00000273--d384c0a41a--27,D_STABLE_CORE,599,5,0,0,0,0,0,0,0,0,68,400,0,10,105.1270649090604,540.4399999999999,971.8199999999997,63662.8
00000273--d384c0a41a--28,D_STABLE_CORE,599,19,0,0,0,0,0,0,0,0,51,493,0,10,127.65890593729212,732.8999999999999,1134.7900000000016,64643.0
00000273--d384c0a41a--29,D_STABLE_CORE,599,8,0,0,0,0,0,0,0,0,20,315,0,8,116.49228975853453,615.6000000000001,982.7000000000003,59676.4
00000273--d384c0a41a--3,D_STABLE_CORE,599,4,0,0,0,0,0,0,0,0,15,422,0,6,134.50582750582728,756.625,1060.1999999999996,92727.0
00000273--d384c0a41a--30,D_STABLE_CORE,600,3,0,0,0,0,0,0,0,0,9,356,0,6,114.6143976003997,618.1,1219.2,54422.6
00000273--d384c0a41a--31,D_STABLE_CORE,600,11,0,0,0,0,0,0,0,0,54,502,0,18,146.88662006989483,825.7799999999991,1307.3440000000003,101712.1
00000273--d384c0a41a--32,D_STABLE_CORE,599,12,0,0,0,0,0,0,0,0,47,586,0,10,134.80993333333333,748.9450000000004,1100.7220000000007,116121.1
00000273--d384c0a41a--33,D_STABLE_CORE,600,6,0,0,0,0,0,0,0,0,22,306,0,6,121.39183469421783,547.2,886.9,121771.5
00000273--d384c0a41a--34,D_STABLE_CORE,599,2,0,0,0,0,0,0,0,0,15,261,0,6,113.17571261876941,538.2399999999999,802.585999999998,75503.7
00000273--d384c0a41a--35,D_STABLE_CORE,600,25,0,0,0,0,0,0,0,0,54,441,0,14,145.44694217630376,760.8,1338.3,90993.6
00000273--d384c0a41a--36,D_STABLE_CORE,600,6,0,0,0,0,0,0,0,0,22,450,0,8,118.78968333333343,549.415,898.9280000000006,82683.1
00000273--d384c0a41a--37,D_STABLE_CORE,600,12,2,2,2,2,1,2,0,191,58,392,2,18,113.15457423762717,548.2,841.3,118620.8
00000273--d384c0a41a--38,D_STABLE_CORE,600,3,0,0,0,0,0,0,0,0,44,404,0,10,98.84259536898203,504.1799999999999,776.9759999999973,73769.3
00000273--d384c0a41a--39,D_STABLE_CORE,600,0,0,0,0,0,0,0,0,0,4,321,0,6,104.23352774537538,598.2,985.6,2722.4
00000273--d384c0a41a--4,D_STABLE_CORE,599,9,0,0,0,0,0,0,0,0,15,458,0,8,140.68676225408493,752.5499999999996,1139.3539999999994,122935.5
00000273--d384c0a41a--40,D_STABLE_CORE,600,9,0,0,0,0,0,0,0,0,21,313,0,10,127.99300116647245,663.0,1037.1,105620.7
00000273--d384c0a41a--41,D_STABLE_CORE,600,6,0,0,0,0,0,0,0,0,25,397,0,6,117.05514080986514,573.5,869.1,136181.5
00000273--d384c0a41a--42,D_STABLE_CORE,561,46,5,8,7,8,1,5,1,271,40,415,8,32,172.78249911253144,1015.635,1633.6360000000016,105482.3
00000273--d384c0a41a--5,D_STABLE_CORE,600,5,0,0,0,0,0,0,0,0,72,385,0,36,152.8683719380103,775.5,1508.3,104396.0
00000273--d384c0a41a--6,D_STABLE_CORE,600,3,0,0,0,0,0,0,0,0,8,400,0,6,124.44930821803621,730.5199999999999,1082.3079999999998,86858.6
00000273--d384c0a41a--7,D_STABLE_CORE,599,7,0,0,0,0,0,0,0,0,22,266,0,12,142.93053333333322,720.4750000000003,1096.5260000000005,140949.6
00000273--d384c0a41a--8,D_STABLE_CORE,599,13,0,0,0,0,0,0,0,0,60,316,0,26,153.7982339220259,762.4049999999996,1495.3619999999992,121483.7
00000273--d384c0a41a--9,D_STABLE_CORE,600,7,0,0,0,0,0,0,0,0,23,356,0,18,156.26603142761627,774.0549999999998,1506.5659999999955,127730.3
00000274--d3bbe6ddcd--19,D_STABLE_CORE,599,22,1,1,1,1,0,1,0,1,52,403,1,16,123.33615602600449,611.91,1193.627999999997,116619.8
00000274--d3bbe6ddcd--33,D_STABLE_CORE,600,3,0,0,0,0,0,0,0,0,9,396,0,14,118.6213606803401,717.16,999.324,61713.4
00000274--d3bbe6ddcd--34,D_STABLE_CORE,600,11,0,0,0,0,0,0,0,0,36,454,0,16,150.55546484505186,968.4499999999995,1602.0879999999997,66530.5
0000027f--cb2a133365--10,D_STABLE_CORE,600,22,5,5,5,5,0,5,0,5,4,92,5,12,115.98534511503833,540.415,688.3239999999997,123230.1
0000027f--cb2a133365--11,D_STABLE_CORE,600,37,3,3,3,3,1,3,0,53,124,657,3,34,196.65918027324196,1236.8749999999995,2132.1329999999984,119412.9
0000027f--cb2a133365--12,D_STABLE_CORE,600,18,0,0,0,0,0,0,0,0,38,306,0,24,147.98843140523434,704.0899999999995,1840.1239999999948,72525.2
0000027f--cb2a133365--13,D_STABLE_CORE,600,0,0,0,0,0,0,0,0,0,5,166,0,8,130.20785392696334,646.64,1027.9119999999998,144361.7
0000027f--cb2a133365--14,D_STABLE_CORE,600,12,2,3,3,3,0,2,0,459,50,549,3,22,182.59024999999997,1090.0,1586.8170000000002,140644.7
0000027f--cb2a133365--15,D_STABLE_CORE,600,7,1,1,1,1,0,1,0,151,25,396,1,20,149.13637879293123,914.015,1370.8439999999937,83286.5
0000027f--cb2a133365--16,D_STABLE_CORE,600,17,0,0,0,0,0,0,0,0,105,514,0,42,168.4534333333339,809.8300000000006,2256.5150000000067,134409.3
0000027f--cb2a133365--17,D_STABLE_CORE,600,2,0,0,0,0,0,0,0,0,10,243,0,14,104.8101299566811,479.69499999999994,899.2899999999997,64049.8
0000027f--cb2a133365--18,D_STABLE_CORE,600,42,4,13,13,13,0,4,2,199,63,769,13,22,246.0820833333331,1588.0650000000003,2355.7920000000017,149543.5
0000027f--cb2a133365--19,D_STABLE_CORE,600,60,3,7,7,7,4,4,1,530,45,843,5,34,283.5680946824475,1865.609999999999,2366.767999999996,175432.6
0000027f--cb2a133365--2,D_STABLE_CORE,599,21,2,4,1,4,3,2,1,522,26,384,4,28,123.37206666666629,615.6600000000003,1218.807,80135.4
0000027f--cb2a133365--20,D_STABLE_CORE,600,47,5,10,9,10,2,5,2,551,110,761,10,34,186.20498499499823,1247.4299999999992,1927.716999999999,74527.8
0000027f--cb2a133365--21,D_STABLE_CORE,600,32,4,4,4,4,0,4,0,245,109,667,4,24,197.97515414097677,1208.3,1948.1,93736.9
0000027f--cb2a133365--22,D_STABLE_CORE,599,51,11,65,36,84,57,18,4,582,55,402,13,30,186.71683894631525,1108.3449999999998,2145.752999999996,106440.7
0000027f--cb2a133365--23,D_STABLE_CORE,600,0,0,0,0,0,0,0,0,0,3,62,0,14,137.75436666666673,846.8600000000001,1119.901,82679.6
0000027f--cb2a133365--24,D_STABLE_CORE,599,9,0,0,0,0,0,0,0,0,1,82,0,18,121.71016497250488,681.2,987.5,68670.9
0000027f--cb2a133365--25,D_STABLE_CORE,599,35,2,5,4,5,2,3,1,110,78,558,4,34,184.73853593463423,1125.48,2108.7639999999997,64408.2
0000027f--cb2a133365--26,D_STABLE_CORE,600,25,2,2,2,2,0,2,0,2,44,343,2,36,174.2013666666663,1085.3950000000002,1646.045000000001,109913.7
0000027f--cb2a133365--27,D_STABLE_CORE,599,21,2,3,1,3,2,2,0,66,27,268,3,40,135.9837445815276,823.0849999999986,1294.4749999999995,62323.7
0000027f--cb2a133365--3,D_STABLE_CORE,600,6,0,0,0,0,0,0,0,0,13,237,0,18,126.77718713547726,705.8,942.0,109727.8
0000027f--cb2a133365--4,D_STABLE_CORE,600,33,3,33,15,66,62,11,4,112,34,404,3,50,133.81443092817833,656.3,1538.3,91091.2
0000027f--cb2a133365--5,D_STABLE_CORE,600,7,2,13,7,13,11,5,2,512,17,341,4,30,137.6977329554921,728.4299999999993,1232.8559999999964,118076.7
0000027f--cb2a133365--6,D_STABLE_CORE,600,26,1,1,1,1,1,1,0,1,86,519,1,46,158.94430928178645,905.5,2094.7,84874.9
0000027f--cb2a133365--7,D_STABLE_CORE,600,7,0,0,0,0,0,0,0,0,18,274,0,28,139.4921666666666,666.2200000000001,1350.8810000000017,111864.4
0000027f--cb2a133365--8,D_STABLE_CORE,600,10,0,0,0,0,0,0,0,0,152,594,0,46,233.0593197732572,1528.9849999999992,2895.3629999999994,91497.8
0000027f--cb2a133365--9,D_STABLE_CORE,600,31,14,14,14,14,0,14,0,14,2,130,14,20,103.78975341552814,619.49,838.2939999999999,3762.6
00000280--91181081d4--10,D_STABLE_CORE,600,7,0,0,0,0,0,0,0,0,72,538,0,22,144.53563927321215,812.2399999999999,1350.7759999999982,87582.1
00000280--91181081d4--11,D_STABLE_CORE,600,19,4,9,9,9,0,4,2,416,75,626,9,36,183.33646058990155,1026.3,2089.6,131956.0
00000280--91181081d4--12,D_STABLE_CORE,600,8,0,0,0,0,0,0,0,0,28,441,0,28,147.29288451924685,824.3,1356.6,112130.6
00000280--91181081d4--13,D_STABLE_CORE,600,2,0,0,0,0,0,0,0,0,20,346,0,6,132.53505000000004,711.6150000000005,994.687000000002,130551.3
00000280--91181081d4--14,D_STABLE_CORE,600,26,1,2,2,2,0,1,0,451,68,527,2,40,185.4620396600568,1009.4,2096.8,139464.8
00000280--91181081d4--15,D_STABLE_CORE,599,15,0,0,0,0,0,0,0,0,71,639,0,30,166.2436269602941,970.7049999999998,1658.3369999999975,109254.7
00000280--91181081d4--16,D_STABLE_CORE,600,13,0,0,0,0,0,0,0,0,35,539,0,10,149.73003498250932,811.5199999999998,1270.9859999999996,138630.1
00000280--91181081d4--17,D_STABLE_CORE,600,20,0,0,0,0,0,0,0,0,87,759,0,34,183.9717572524173,1125.7399999999986,2086.2389999999996,93170.2
00000280--91181081d4--18,D_STABLE_CORE,600,10,0,0,0,0,0,0,0,0,14,309,0,36,132.49936634984167,707.12,993.2919999999997,107301.8
00000280--91181081d4--19,D_STABLE_CORE,600,16,0,0,0,0,0,0,0,0,66,463,0,12,137.0947017660778,716.2949999999998,1103.193,134639.4
00000280--91181081d4--20,D_STABLE_CORE,600,11,0,0,0,0,0,0,0,0,21,446,0,10,136.2872833333331,712.4250000000001,1014.548000000001,126211.7
00000280--91181081d4--21,D_STABLE_CORE,600,13,0,0,0,0,0,0,0,0,75,638,0,18,168.09958319439798,970.1249999999994,1564.8329999999921,141146.6
00000280--91181081d4--22,D_STABLE_CORE,600,5,0,0,0,0,0,0,0,0,22,494,0,8,140.3033338889819,807.6399999999998,1226.4439999999965,64539.8
00000280--91181081d4--23,D_STABLE_CORE,600,9,1,1,1,1,0,1,0,186,49,611,1,14,139.2418666666669,823.9600000000005,1237.543000000001,63690.9
00000280--91181081d4--24,D_STABLE_CORE,600,38,0,0,0,0,0,0,0,0,149,737,0,48,177.4656771180789,1105.475,1852.4,68528.8
00000280--91181081d4--25,D_STABLE_CORE,600,58,3,21,15,21,20,6,3,264,127,797,3,48,168.94930844859235,1044.2,1951.7,102937.4
00000280--91181081d4--29,D_STABLE_CORE,599,20,2,2,2,2,1,2,0,116,62,352,2,28,172.75011666666657,979.4850000000002,1975.2750000000017,101411.9
00000280--91181081d4--30,D_STABLE_CORE,599,33,0,0,0,0,0,0,0,0,245,918,0,50,256.2371228538099,1584.3799999999997,2491.2499999999986,200597.2
00000280--91181081d4--31,D_STABLE_CORE,600,46,0,0,0,0,0,0,0,0,167,793,0,38,168.3734877520417,995.5,2021.7,62845.0
00000280--91181081d4--32,D_STABLE_CORE,599,10,0,0,0,0,0,0,0,0,26,376,0,16,140.4732744248081,771.5349999999996,1387.2060000000001,84298.8
00000280--91181081d4--33,D_STABLE_CORE,600,50,0,0,0,0,0,0,0,0,254,779,0,46,282.6676000000001,1800.0500000000009,3384.8790000000017,133448.7
00000280--91181081d4--34,D_STABLE_CORE,600,15,0,0,0,0,0,0,0,0,28,387,0,20,143.883913985664,662.8999999999994,1509.6319999999898,139238.5
00000280--91181081d4--35,D_STABLE_CORE,600,34,4,4,3,4,1,4,0,532,130,637,4,38,201.75838333333277,1311.7600000000002,2293.323000000001,90435.0
00000280--91181081d4--36,D_STABLE_CORE,600,19,0,0,0,0,0,0,0,0,183,792,0,46,213.38056990501605,1286.8,2160.8,160839.3
00000280--91181081d4--37,D_STABLE_CORE,600,22,6,11,10,11,5,7,1,327,38,371,6,34,149.74578956144737,827.4,1405.0919999999999,127129.8
00000280--91181081d4--38,D_STABLE_CORE,600,22,0,0,0,0,0,0,0,0,40,480,0,22,158.77723333333333,992.41,1655.2500000000011,100291.0
00000280--91181081d4--39,D_STABLE_CORE,600,35,1,1,1,1,0,1,0,389,68,566,1,38,169.96992167971933,947.6,1738.7,103173.0
00000280--91181081d4--4,D_STABLE_CORE,600,29,5,6,6,6,0,5,0,546,97,685,6,34,186.4952841193137,1286.5,2059.2,65585.4
00000280--91181081d4--40,D_STABLE_CORE,600,20,0,0,0,0,0,0,0,0,95,595,0,50,188.9870838881485,1115.2949999999992,2424.152000000002,69277.3
00000280--91181081d4--41,D_STABLE_CORE,600,37,2,2,2,2,1,2,0,53,64,468,2,36,163.76900565347532,986.135,1780.5889999999995,109472.0
00000280--91181081d4--42,D_STABLE_CORE,600,23,4,12,4,12,8,6,1,349,43,459,4,18,158.28335006693413,940.1500000000001,1572.475,106922.5
00000280--91181081d4--43,D_STABLE_CORE,600,35,3,4,3,4,2,4,0,168,60,603,3,40,175.6548045062953,1142.25,1971.2799999999938,67118.4
00000280--91181081d4--44,D_STABLE_CORE,600,74,6,12,10,14,6,11,0,588,65,736,9,44,172.46008676789617,1118.34,1872.9080000000001,63378.5
00000280--91181081d4--5,D_STABLE_CORE,599,36,3,12,12,12,9,3,1,364,86,763,6,34,220.50271757252403,1591.6549999999993,2144.774999999999,94147.2
00000280--91181081d4--6,D_STABLE_CORE,600,27,3,3,3,3,1,3,0,576,89,615,3,46,182.88664999999963,1005.4600000000005,2117.5680000000016,131567.5
00000280--91181081d4--7,D_STABLE_CORE,600,26,0,0,0,0,0,0,0,0,119,679,0,30,169.12878333333342,1022.3600000000001,1973.1310000000005,82692.2
00000280--91181081d4--8,D_STABLE_CORE,600,19,0,0,0,0,0,0,0,0,67,586,0,16,125.754909151525,684.4899999999996,1104.9259999999995,67279.1
00000280--91181081d4--9,D_STABLE_CORE,600,3,0,0,0,0,0,0,0,0,9,493,0,10,130.07846666666632,681.1350000000004,1010.8960000000021,117582.7
00000283--b395338ef9--0,D_STABLE_CORE,620,46,5,14,10,18,9,6,2,423,97,624,12,44,201.84558086928422,1210.9599999999991,2232.9639999999995,131576.6
00000283--b395338ef9--1,D_STABLE_CORE,600,29,1,1,1,1,0,1,0,339,31,707,1,28,183.5502250375066,1262.9699999999975,2022.0139999999974,91532.5
00000283--b395338ef9--10,D_STABLE_CORE,600,24,0,0,0,0,0,0,0,0,118,506,0,16,146.764098716025,892.1399999999999,1345.22,76714.5
00000283--b395338ef9--11,D_STABLE_CORE,600,6,0,0,0,0,0,0,0,0,36,404,0,10,131.80594900849874,645.9,984.2,144425.1
00000283--b395338ef9--12,D_STABLE_CORE,600,28,0,0,0,0,0,0,0,0,140,689,0,26,184.25576858952928,1046.8299999999992,1990.0169999999991,118933.0
00000283--b395338ef9--13,D_STABLE_CORE,600,11,0,0,0,0,0,0,0,0,28,571,0,14,158.70615000000026,918.8700000000001,1569.5560000000012,104407.0
00000283--b395338ef9--14,D_STABLE_CORE,600,6,0,0,0,0,0,0,0,0,26,623,0,8,136.0830361606406,750.0,1186.7,105057.3
00000283--b395338ef9--15,D_STABLE_CORE,600,10,0,0,0,0,0,0,0,0,28,444,0,6,143.84802467077844,772.91,1091.1939999999977,155519.2
00000283--b395338ef9--16,D_STABLE_CORE,600,13,0,0,0,0,0,0,0,0,11,355,0,8,149.07245459090095,626.3,1856.0,105869.4
00000283--b395338ef9--17,D_STABLE_CORE,599,8,0,0,0,0,0,0,0,0,33,506,0,12,153.41140000000027,834.9600000000005,1402.6260000000004,111327.7
00000283--b395338ef9--18,D_STABLE_CORE,599,3,0,0,0,0,0,0,0,0,32,437,0,14,153.78101033677882,839.8599999999991,1259.9779999999994,140136.6
00000283--b395338ef9--19,D_STABLE_CORE,600,8,0,0,0,0,0,0,0,0,38,426,0,12,132.34202198534325,693.7699999999987,995.2790000000001,138341.1
00000283--b395338ef9--2,D_STABLE_CORE,600,28,3,3,3,3,0,3,0,413,35,728,3,38,247.99395000000123,1819.2850000000005,2306.354000000001,108020.0
00000283--b395338ef9--20,D_STABLE_CORE,599,20,0,0,0,0,0,0,0,0,51,473,0,32,145.44015656229143,775.7849999999999,1267.8790000000001,114703.4
00000283--b395338ef9--21,D_STABLE_CORE,600,6,0,0,0,0,0,0,0,0,46,453,0,10,133.4680046635574,664.8949999999996,999.994,132525.8
00000283--b395338ef9--22,D_STABLE_CORE,600,20,0,0,0,0,0,0,0,0,37,390,0,24,133.11051491418138,588.4,1176.8,123092.9
00000283--b395338ef9--23,D_STABLE_CORE,599,23,1,2,2,2,0,1,0,40,79,429,2,24,103.06419999999991,582.415,858.246000000001,51341.9
00000283--b395338ef9--24,D_STABLE_CORE,599,15,0,0,0,0,0,0,0,0,153,574,0,28,167.73507748708525,943.8,1440.2,130782.8
00000283--b395338ef9--25,D_STABLE_CORE,600,43,2,5,5,5,4,2,1,303,127,655,5,42,171.27383333333313,1063.825,1910.7190000000005,69502.5
00000283--b395338ef9--26,D_STABLE_CORE,600,39,2,5,5,6,5,4,1,55,127,827,2,46,213.68536666666708,1319.7800000000004,2724.7190000000023,140282.1
00000283--b395338ef9--27,D_STABLE_CORE,600,36,2,2,2,2,0,1,0,16,88,668,2,26,180.11849740063732,1156.3799999999997,2031.3560000000007,93503.7
00000283--b395338ef9--28,D_STABLE_CORE,600,10,0,0,0,0,0,0,0,0,107,495,0,18,122.76844474079037,733.1599999999996,1148.383999999991,57193.9
00000283--b395338ef9--29,D_STABLE_CORE,600,10,0,0,0,0,0,0,0,0,45,442,0,14,120.11938809444612,813.5849999999994,1148.6309999999999,3156.0
00000283--b395338ef9--3,D_STABLE_CORE,600,19,0,0,0,0,0,0,0,0,56,416,0,26,156.37931666666685,825.9100000000003,1608.2010000000002,141344.1
00000283--b395338ef9--30,D_STABLE_CORE,600,31,1,1,1,1,0,1,0,1,53,532,1,24,153.68967128316348,871.2999999999996,1557.4879999999996,90103.5
00000283--b395338ef9--31,D_STABLE_CORE,600,50,2,7,7,7,6,1,1,166,126,608,2,20,167.97941078561962,864.3149999999996,1858.9720000000002,120623.9
00000283--b395338ef9--32,D_STABLE_CORE,600,57,1,2,2,2,0,1,0,243,103,529,2,40,149.6016325170747,845.1,1455.9439999999988,82489.7
00000283--b395338ef9--33,D_STABLE_CORE,600,4,0,0,0,0,0,0,0,0,14,354,0,6,112.55344224037358,556.8399999999997,897.3639999999984,89551.2
00000283--b395338ef9--34,D_STABLE_CORE,600,4,0,0,0,0,0,0,0,0,13,456,0,8,162.8740123353893,889.6699999999996,1449.8139999999948,106785.7
00000283--b395338ef9--35,D_STABLE_CORE,600,4,0,0,0,0,0,0,0,0,3,432,0,4,141.27458305536985,776.05,1122.7350000000001,102822.4
00000283--b395338ef9--36,D_STABLE_CORE,600,31,0,0,0,0,0,0,0,0,49,485,0,12,142.7738702684677,739.7599999999993,1465.452,67088.6
00000283--b395338ef9--37,D_STABLE_CORE,600,17,0,0,0,0,0,0,0,0,47,615,0,16,129.045965729496,786.8,1242.9599999999975,57182.7
00000283--b395338ef9--38,D_STABLE_CORE,600,18,0,0,0,0,0,0,0,0,82,593,0,16,166.46933200066644,964.7399999999993,1928.373999999995,75240.4
00000283--b395338ef9--39,D_STABLE_CORE,600,3,0,0,0,0,0,0,0,0,22,450,0,8,133.82200933022364,730.895,1124.699,101250.8
00000283--b395338ef9--4,D_STABLE_CORE,600,4,0,0,0,0,0,0,0,0,0,113,0,4,110.18471666666683,610.6,803.2250000000006,53951.7
00000283--b395338ef9--40,D_STABLE_CORE,600,0,0,0,0,0,0,0,0,0,11,533,0,10,151.46969848409174,842.4799999999997,1408.4179999999983,107992.3
00000283--b395338ef9--41,D_STABLE_CORE,600,12,0,0,0,0,0,0,0,0,37,436,0,22,148.0839666666665,801.7550000000003,1600.8110000000027,85933.8
00000283--b395338ef9--42,D_STABLE_CORE,600,3,0,0,0,0,0,0,0,0,8,256,0,6,135.56672775741387,695.085,1068.3469999999988,128860.7
00000283--b395338ef9--43,D_STABLE_CORE,600,12,0,0,0,0,0,0,0,0,59,436,0,16,153.00736421192917,789.9299999999994,1484.3679999999993,125691.7
00000283--b395338ef9--44,D_STABLE_CORE,600,27,0,0,0,0,0,0,0,0,171,544,0,54,185.67340000000024,930.4050000000003,2732.24900000001,83392.1
00000283--b395338ef9--45,D_STABLE_CORE,599,29,4,4,4,4,0,4,0,136,109,647,4,46,204.0244125979011,1339.7,2133.6,124319.0
00000283--b395338ef9--46,D_STABLE_CORE,600,10,4,24,24,24,20,5,1,337,10,144,4,34,150.0098783941366,908.6399999999998,1359.298,82945.1
00000283--b395338ef9--47,D_STABLE_CORE,599,52,4,24,18,30,19,8,4,582,63,625,13,44,181.50638226962178,1063.1,2049.5,88436.1
00000283--b395338ef9--48,D_STABLE_CORE,599,36,9,18,13,18,7,9,3,554,35,345,14,48,131.40729756747768,544.8499999999995,1599.807999999996,108192.6
00000283--b395338ef9--49,D_STABLE_CORE,28,0,0,0,0,0,0,0,0,0,0,5,0,6,87.56078431372545,409.475,571.594999999999,825.1
00000283--b395338ef9--5,D_STABLE_CORE,600,2,0,0,0,0,0,0,0,0,20,314,0,34,128.11263754584843,784.415,1420.3779999999992,3523.2
00000283--b395338ef9--6,D_STABLE_CORE,600,25,2,8,7,8,2,2,2,571,47,510,7,30,154.8503082819532,912.1,1493.8,122023.1
00000283--b395338ef9--7,D_STABLE_CORE,600,1,0,0,0,0,0,0,0,0,23,415,0,10,150.6581833333335,854.9700000000003,1462.9130000000002,113203.5
00000283--b395338ef9--8,D_STABLE_CORE,600,29,2,2,2,2,0,2,0,61,104,648,2,36,175.08364727454608,1076.9399999999953,1901.3759999999959,106207.5
00000283--b395338ef9--9,D_STABLE_CORE,600,5,0,0,0,0,0,0,0,0,9,265,0,12,131.70806532244595,652.1,928.8,103840.5
00000285--27dca1de75--10,D_STABLE_CORE,599,25,0,0,0,0,0,0,0,0,61,453,0,24,152.16447741290207,803.2299999999992,1463.3619999999867,111537.4
00000285--27dca1de75--11,D_STABLE_CORE,599,12,0,0,0,0,0,0,0,0,24,423,0,14,150.11235205867652,804.0,1188.4319999999993,128952.1
00000285--27dca1de75--12,D_STABLE_CORE,600,6,1,2,1,2,1,2,0,94,50,492,1,16,154.81009831694743,786.9,1287.6,141229.9
00000285--27dca1de75--13,D_STABLE_CORE,600,40,0,0,0,0,0,0,0,0,88,613,0,40,193.857126187698,1176.61,2266.887999999993,126046.8
00000285--27dca1de75--14,D_STABLE_CORE,600,5,0,0,0,0,0,0,0,0,31,253,0,10,107.19654942490448,531.9299999999998,826.8939999999977,63001.8
00000285--27dca1de75--15,D_STABLE_CORE,600,15,0,0,0,0,0,0,0,0,63,393,0,14,130.26902817136187,724.6899999999995,1080.243999999999,103417.8
00000285--27dca1de75--16,D_STABLE_CORE,600,12,0,0,0,0,0,0,0,0,62,454,0,16,122.13454999999954,729.7850000000004,1078.8110000000001,62141.6
00000285--27dca1de75--17,D_STABLE_CORE,600,13,0,0,0,0,0,0,0,0,87,465,0,12,146.17618333333292,801.3050000000005,1349.6370000000009,109581.4
00000285--27dca1de75--18,D_STABLE_CORE,600,14,0,0,0,0,0,0,0,0,75,411,0,18,141.01503082819545,710.8,1304.9,124748.4
00000285--27dca1de75--19,D_STABLE_CORE,600,54,0,0,0,0,0,0,0,0,93,725,0,40,147.0633800467132,824.1499999999994,1813.2979999999966,56435.9
00000285--27dca1de75--2,D_STABLE_CORE,600,48,0,0,0,0,0,0,0,0,326,699,0,50,233.2304166666658,1423.5350000000012,3430.5820000000044,81594.7
00000285--27dca1de75--20,D_STABLE_CORE,600,33,0,0,0,0,0,0,0,0,66,659,0,30,155.1308936312098,887.6,1394.8709999999987,85530.3
00000285--27dca1de75--21,D_STABLE_CORE,600,13,0,0,0,0,0,0,0,0,41,420,0,20,108.92109036345464,544.0899999999998,895.4639999999978,69236.9
00000285--27dca1de75--22,D_STABLE_CORE,600,5,0,0,0,0,0,0,0,0,28,356,0,10,97.82020000000006,520.4300000000001,914.6140000000004,2531.9
00000285--27dca1de75--23,D_STABLE_CORE,600,24,0,0,0,0,0,0,0,0,131,484,0,22,138.19805129913382,667.5999999999989,1213.5540000000046,132182.2
00000285--27dca1de75--24,D_STABLE_CORE,600,16,0,0,0,0,0,0,0,0,73,393,0,14,118.04528490503151,603.3899999999999,987.6879999999998,79460.5
00000285--27dca1de75--25,D_STABLE_CORE,600,27,0,0,0,0,0,0,0,0,30,266,0,48,113.6560219890052,509.21999999999974,981.359999999997,127399.6
00000285--27dca1de75--26,D_STABLE_CORE,600,21,0,0,0,0,0,0,0,0,82,441,0,28,115.65511666666629,637.4800000000002,1215.5130000000004,61731.5
00000285--27dca1de75--27,D_STABLE_CORE,599,30,1,1,1,1,1,1,0,1,64,552,1,28,144.88719187208562,868.5399999999987,1525.5700000000002,80977.6
00000285--27dca1de75--28,D_STABLE_CORE,599,44,2,6,6,6,0,2,1,524,112,702,6,38,199.47467510829685,1309.2849999999999,2075.0979999999995,104592.7
00000285--27dca1de75--29,D_STABLE_CORE,600,48,5,7,5,7,2,6,0,441,200,770,5,48,258.1028319173747,1688.1199999999983,2760.403999999972,145604.4
00000285--27dca1de75--3,D_STABLE_CORE,599,14,0,0,0,0,0,0,0,0,45,541,0,16,148.67556259376582,867.7599999999998,1240.0179999999996,101516.5
00000285--27dca1de75--30,D_STABLE_CORE,600,88,11,28,21,30,25,13,2,494,51,673,13,32,185.96636121292929,1215.044999999999,2016.6319999999987,73494.8
00000285--27dca1de75--31,D_STABLE_CORE,599,64,5,6,5,6,2,5,0,448,35,733,6,34,229.78200000000015,1552.2550000000003,2169.612,110039.8
00000285--27dca1de75--32,D_STABLE_CORE,599,84,7,7,6,7,3,7,0,510,66,770,7,50,172.8526833333333,1128.855,1863.9130000000002,64453.2
00000285--27dca1de75--33,D_STABLE_CORE,599,21,1,1,1,1,0,1,0,455,16,233,1,30,190.20710000000048,1250.61,1922.9720000000016,79065.6
00000285--27dca1de75--34,D_STABLE_CORE,189,0,0,0,0,0,0,0,0,0,0,45,0,10,186.86076280041814,1121.175,1353.9979999999973,74058.4
00000285--27dca1de75--4,D_STABLE_CORE,599,4,0,0,0,0,0,0,0,0,14,411,0,16,150.76988835194132,867.3,1301.3,121788.9
00000285--27dca1de75--5,D_STABLE_CORE,599,7,0,0,0,0,0,0,0,0,20,621,0,12,179.99296314824085,1093.9999999999993,1721.8319999999999,113911.4
00000285--27dca1de75--6,D_STABLE_CORE,599,4,0,0,0,0,0,0,0,0,19,486,0,12,160.897482494165,867.5849999999994,1541.0079999999991,128271.9
00000285--27dca1de75--7,D_STABLE_CORE,599,6,0,0,0,0,0,0,0,0,30,504,0,10,163.1708069356455,948.115,1500.9069999999958,124504.1
00000285--27dca1de75--8,D_STABLE_CORE,600,6,0,0,0,0,0,0,0,0,10,456,0,10,161.21473333333327,910.405,1407.0550000000012,105034.0
00000285--27dca1de75--9,D_STABLE_CORE,600,20,1,1,1,1,1,1,0,1,59,592,1,26,171.727454575763,953.2899999999996,1948.3879999999956,89118.6
00000286--de6bd2c087--11,D_STABLE_CORE,600,17,1,1,1,1,0,1,0,19,141,587,1,40,172.2452499999998,1012.4950000000003,2117.655000000001,77867.6
00000286--de6bd2c087--12,D_STABLE_CORE,600,6,1,1,1,1,0,1,0,422,27,367,1,12,124.70989835027483,520.1,1289.1,93609.8
00000286--de6bd2c087--13,D_STABLE_CORE,600,19,0,0,0,0,0,0,0,0,56,492,0,22,140.4686333333333,682.6200000000001,1157.039000000001,148440.9
00000286--de6bd2c087--14,D_STABLE_CORE,600,14,1,1,1,1,0,1,0,36,68,452,1,14,155.83368315842065,842.79,1506.6999999999978,138348.1
00000286--de6bd2c087--15,D_STABLE_CORE,600,23,0,0,0,0,0,0,0,0,49,377,0,38,129.8870481927713,601.1,1050.4750000000001,129878.4
00000286--de6bd2c087--16,D_STABLE_CORE,600,89,0,0,0,0,0,0,0,0,106,537,0,62,185.70535089181445,821.0699999999985,2477.605999999993,136471.3
00000286--de6bd2c087--17,D_STABLE_CORE,600,17,0,0,0,0,0,0,0,0,39,448,0,22,135.13881194727196,642.5799999999994,1231.5599999999995,138012.7
00000286--de6bd2c087--18,D_STABLE_CORE,600,10,0,0,0,0,0,0,0,0,61,630,0,8,139.4588205897047,757.1299999999998,1129.1839999999997,100322.4
00000286--de6bd2c087--19,D_STABLE_CORE,600,38,0,0,0,0,0,0,0,0,63,606,0,54,173.45233255581496,955.3499999999991,1858.1339999999961,109900.0
00000286--de6bd2c087--20,D_STABLE_CORE,599,6,0,0,0,0,0,0,0,0,31,384,0,10,120.94824941647218,583.1449999999999,893.5779999999993,102509.8
00000286--de6bd2c087--21,D_STABLE_CORE,599,3,0,0,0,0,0,0,0,0,34,294,0,6,106.34631666666644,528.7250000000001,753.1120000000003,59484.5
00000286--de6bd2c087--22,D_STABLE_CORE,600,1,0,0,0,0,0,0,0,0,10,332,0,4,105.99868311385265,516.4299999999998,708.102,62452.4
00000286--de6bd2c087--23,D_STABLE_CORE,600,2,0,0,0,0,0,0,0,0,3,377,0,4,133.08855381539513,576.2399999999997,1312.7899999999977,131736.8
00000286--de6bd2c087--24,D_STABLE_CORE,599,21,0,0,0,0,0,0,0,0,61,523,0,38,155.2193052772209,815.1949999999993,1487.6450000000007,142359.1
00000286--de6bd2c087--25,D_STABLE_CORE,599,17,0,0,0,0,0,0,0,0,52,451,0,14,119.07627316747327,654.5399999999993,1121.068,53063.3
00000286--de6bd2c087--26,D_STABLE_CORE,599,29,0,0,0,0,0,0,0,0,68,479,0,16,124.37118078719139,652.6,1386.71,57983.5
00000286--de6bd2c087--27,D_STABLE_CORE,599,60,0,0,0,0,0,0,0,0,107,527,0,52,172.24591310138203,873.1699999999998,2070.0579999999854,126181.2
00000286--de6bd2c087--28,D_STABLE_CORE,600,3,0,0,0,0,0,0,0,0,32,543,0,10,140.93856023996045,783.2,1189.6,135622.5
00000286--de6bd2c087--29,D_STABLE_CORE,599,10,0,0,0,0,0,0,0,0,68,574,0,22,155.72171457052653,951.8199999999978,1457.1119999999996,82735.9
00000286--de6bd2c087--30,D_STABLE_CORE,600,0,0,0,0,0,0,0,0,0,13,456,0,6,137.1910241465443,792.7600000000001,1232.66,74250.9
00000286--de6bd2c087--31,D_STABLE_CORE,600,11,0,0,0,0,0,0,0,0,39,652,0,12,165.41966011329507,958.1349999999993,1692.3229999999983,84996.7
00000286--de6bd2c087--32,D_STABLE_CORE,600,2,0,0,0,0,0,0,0,0,28,437,0,6,153.81818939646513,818.3099999999995,1296.8449999999996,139647.1
00000286--de6bd2c087--33,D_STABLE_CORE,600,1,0,0,0,0,0,0,0,0,11,435,0,8,127.34345000000019,661.6050000000004,1375.2020000000002,65354.9
00000286--de6bd2c087--34,D_STABLE_CORE,600,21,2,2,2,2,0,2,0,287,35,506,2,30,151.80963172804502,839.9,1257.0,141630.4
0000028b--ca855432c0--10,D_STABLE_CORE,600,19,0,0,0,0,0,0,0,0,58,551,0,10,151.30161612795715,908.19,1313.9729999999972,61615.2
0000028b--ca855432c0--11,D_STABLE_CORE,599,19,0,0,0,0,0,0,0,0,60,619,0,18,163.12578333333346,894.5450000000002,1668.9720000000016,115857.4
0000028b--ca855432c0--24,D_STABLE_CORE,600,22,0,0,0,0,0,0,0,0,58,458,0,26,142.48690951430447,696.9399999999998,1349.7570000000005,101238.4
0000028b--ca855432c0--25,D_STABLE_CORE,600,10,0,0,0,0,0,0,0,0,66,524,0,36,170.48037320893079,939.8949999999996,1710.9639999999993,100326.9
0000028b--ca855432c0--33,D_STABLE_CORE,599,8,1,3,3,3,0,1,1,229,36,378,3,12,136.3277518345566,710.65,1036.5100000000004,106001.7
0000028b--ca855432c0--57,D_STABLE_CORE,599,50,2,7,7,7,4,2,1,413,314,1087,3,26,206.33467244540745,1355.4799999999998,1980.155999999994,117475.0
0000028b--ca855432c0--58,D_STABLE_CORE,600,41,1,1,1,1,0,1,0,495,213,965,1,22,184.1749583194404,1175.445,1783.5689999999995,81461.8
0000028b--ca855432c0--78,D_STABLE_CORE,600,13,0,0,0,0,0,0,0,0,40,394,0,30,131.7491137123745,772.185000000001,1424.326,68500.4
0000028f--bc6e81a93a--32,D_STABLE_CORE,600,53,0,0,0,0,0,0,0,0,168,661,0,18,140.97610251289763,841.7799999999999,1442.056,59441.2
0000028f--bc6e81a93a--35,D_STABLE_CORE,600,28,0,0,0,0,0,0,0,0,76,576,0,16,139.34521463170256,798.8099999999994,1477.8920000000026,60628.8
0000028f--bc6e81a93a--36,D_STABLE_CORE,599,57,1,2,2,2,0,1,0,85,161,801,2,22,177.88586448598144,1052.845,1724.4020000000055,123476.8
0000028f--bc6e81a93a--37,D_STABLE_CORE,600,50,2,3,3,3,0,2,0,282,216,717,3,26,182.23822548365598,1126.95,1827.985000000001,121648.2
0000028f--bc6e81a93a--38,D_STABLE_CORE,600,44,0,0,0,0,0,0,0,0,193,772,0,18,176.32632890365446,1092.1149999999998,1682.2260000000017,118999.9
00000292--6d6fbf4d88--17,D_STABLE_CORE,600,8,0,0,0,0,0,0,0,0,38,562,0,14,133.97883333333377,820.3500000000001,1167.2020000000002,77592.5
00000294--307ed6c5e3--0,D_STABLE_CORE,615,51,3,3,2,3,1,3,0,183,98,681,3,32,197.2467568448508,1246.3000000000002,2027.2799999999995,112009.1
00000294--307ed6c5e3--1,D_STABLE_CORE,600,41,14,22,21,22,2,14,3,513,33,370,21,58,171.04462975316866,1122.275,1927.595000000001,70287.3
00000294--307ed6c5e3--10,D_STABLE_CORE,599,24,2,2,2,2,0,2,0,119,116,685,2,24,189.56532177392452,1220.0,1851.513999999999,128623.8
00000294--307ed6c5e3--11,D_STABLE_CORE,599,5,1,1,1,1,0,1,0,89,78,652,1,20,163.19731711381436,965.0,1762.4,100701.6
00000294--307ed6c5e3--12,D_STABLE_CORE,599,9,0,0,0,0,0,0,0,0,26,524,0,18,143.83582860953635,796.4649999999996,1271.3019999999992,114767.6
00000294--307ed6c5e3--13,D_STABLE_CORE,599,14,2,2,2,2,0,2,0,220,93,727,2,16,211.04048333333367,1260.4050000000009,2369.581000000002,149340.7
00000294--307ed6c5e3--14,D_STABLE_CORE,600,7,0,0,0,0,0,0,0,0,21,610,0,8,156.94091666666654,954.305,1598.2220000000007,85661.8
00000294--307ed6c5e3--15,D_STABLE_CORE,600,15,0,0,0,0,0,0,0,0,72,836,0,16,163.5594864954982,991.0099999999995,1540.9959999999967,130318.6
00000294--307ed6c5e3--16,D_STABLE_CORE,599,20,1,6,6,6,0,1,1,32,87,783,6,24,188.93985325996405,1079.0799999999992,2091.203999999999,109638.9
00000294--307ed6c5e3--17,D_STABLE_CORE,600,23,0,0,0,0,0,0,0,0,214,787,0,52,208.14680886518914,1350.2,2599.1,119690.2
00000294--307ed6c5e3--18,D_STABLE_CORE,600,29,0,0,0,0,0,0,0,0,234,860,0,58,252.5654487821151,1660.3049999999998,3270.2949999999946,107447.2
00000294--307ed6c5e3--19,D_STABLE_CORE,600,41,1,5,5,5,0,1,1,522,310,900,5,62,248.75831389536796,1781.6899999999994,2853.499,139851.8
00000294--307ed6c5e3--2,D_STABLE_CORE,600,26,2,2,2,2,1,2,0,167,35,446,2,34,148.49258456923855,951.9,1495.6,64806.9
00000294--307ed6c5e3--20,D_STABLE_CORE,600,33,1,1,1,1,0,1,0,152,187,842,1,52,204.51549225387248,1231.4899999999986,2354.629999999994,123759.9
00000294--307ed6c5e3--21,D_STABLE_CORE,600,26,1,1,1,1,0,1,0,94,46,565,1,18,167.76674437968305,1039.4600000000003,1665.284,65914.4
00000294--307ed6c5e3--22,D_STABLE_CORE,600,4,1,1,1,1,0,1,0,1,6,150,1,18,95.53326112314623,447.1,848.6,53552.4
00000294--307ed6c5e3--23,D_STABLE_CORE,600,0,0,0,0,0,0,0,0,0,2,86,0,4,108.57497083819331,503.0,768.4,123693.1
00000294--307ed6c5e3--24,D_STABLE_CORE,600,23,3,22,3,22,19,4,1,103,58,430,3,32,181.5588039313673,913.7799999999999,2278.8359999999966,136639.3
00000294--307ed6c5e3--25,D_STABLE_CORE,600,6,0,0,0,0,0,0,0,0,36,278,0,26,146.5885295098369,759.7349999999997,1115.2989999999993,144894.1
00000294--307ed6c5e3--26,D_STABLE_CORE,600,17,1,2,2,2,0,1,0,398,14,161,2,20,116.22649558406904,661.8,1030.4,63922.7
00000294--307ed6c5e3--27,D_STABLE_CORE,600,14,1,1,1,1,0,1,0,1,0,64,1,30,122.09115000000055,680.7150000000001,911.2070000000002,97299.8
00000294--307ed6c5e3--28,D_STABLE_CORE,600,52,1,6,6,6,6,1,1,6,76,576,3,36,185.29595067488734,1238.9,2038.1,80840.3
00000294--307ed6c5e3--3,D_STABLE_CORE,600,8,0,0,0,0,0,0,0,0,22,365,0,28,160.09359679839912,863.3999999999999,1484.9799999999998,152685.3
00000294--307ed6c5e3--4,D_STABLE_CORE,600,27,0,0,0,0,0,0,0,0,228,823,0,48,224.48940783986617,1550.53,2889.9480000000026,90038.6
00000294--307ed6c5e3--5,D_STABLE_CORE,600,14,0,0,0,0,0,0,0,0,122,647,0,32,168.63752917639135,985.4749999999998,1503.1739999999986,149928.2
00000294--307ed6c5e3--6,D_STABLE_CORE,600,16,0,0,0,0,0,0,0,0,87,653,0,18,135.57775000000052,751.4450000000002,1195.644000000001,83739.1
00000294--307ed6c5e3--7,D_STABLE_CORE,600,24,0,0,0,0,0,0,0,0,76,775,0,12,133.6115833333335,789.4350000000001,1188.5120000000002,60508.5
00000294--307ed6c5e3--8,D_STABLE_CORE,599,15,0,0,0,0,0,0,0,0,116,609,0,24,163.80923641213798,826.5349999999996,1461.2249999999956,137390.6
00000294--307ed6c5e3--9,D_STABLE_CORE,599,14,0,0,0,0,0,0,0,0,60,556,0,18,146.1699166666669,779.7150000000001,1271.449000000003,104608.3
00000299--4e4dc57170--0,D_STABLE_CORE,620,30,1,1,1,1,0,1,0,370,54,624,1,36,190.21611496851227,1166.1799999999998,1841.9599999999984,110630.2
00000299--4e4dc57170--1,D_STABLE_CORE,600,26,2,2,2,2,0,2,0,471,43,474,2,22,124.34348116038613,724.1899999999983,1443.410999999999,59436.7
00000299--4e4dc57170--10,D_STABLE_CORE,600,15,0,0,0,0,0,0,0,0,103,717,0,36,176.81628061989653,953.9,1996.9,105876.5
00000299--4e4dc57170--11,D_STABLE_CORE,600,26,0,0,0,0,0,0,0,0,195,649,0,50,201.75465910985199,1040.2899999999995,2922.097999999986,108436.8
00000299--4e4dc57170--12,D_STABLE_CORE,600,10,0,0,0,0,0,0,0,0,75,709,0,20,171.81126291236254,1061.68,1686.9849999999974,73671.1
00000299--4e4dc57170--13,D_STABLE_CORE,599,42,0,0,0,0,0,0,0,0,163,752,0,22,160.5272090696898,966.3899999999983,1687.9439999999986,82925.7
00000299--4e4dc57170--14,D_STABLE_CORE,599,44,0,0,0,0,0,0,0,0,62,590,0,48,161.3288285285791,927.8,1854.9,52828.0
00000299--4e4dc57170--15,D_STABLE_CORE,599,10,0,0,0,0,0,0,0,0,27,441,0,10,157.360476746124,880.2599999999998,1647.6459999999965,134454.5
00000299--4e4dc57170--16,D_STABLE_CORE,599,27,1,4,4,4,6,2,0,4,84,688,2,28,154.37949658276355,909.6199999999989,1457.2639999999938,113647.8
00000299--4e4dc57170--17,D_STABLE_CORE,600,18,1,1,1,1,0,1,0,8,26,518,1,38,131.11550891221077,690.3899999999999,1293.9919999999977,68929.0
00000299--4e4dc57170--18,D_STABLE_CORE,599,16,0,0,0,0,0,0,0,0,113,631,0,34,149.32748040687014,940.0199999999996,1456.272,86376.2
00000299--4e4dc57170--19,D_STABLE_CORE,600,21,0,0,0,0,0,0,0,0,75,607,0,16,148.9102316280626,861.3,1234.3,117393.9
00000299--4e4dc57170--2,D_STABLE_CORE,600,5,0,0,0,0,0,0,0,0,43,246,0,38,134.0219203200536,652.7299999999999,1290.491999999998,122470.4
00000299--4e4dc57170--20,D_STABLE_CORE,600,14,0,0,0,0,0,0,0,0,104,618,0,14,155.07903333333334,917.1200000000001,1324.9160000000004,105477.6
00000299--4e4dc57170--21,D_STABLE_CORE,600,22,0,0,0,0,0,0,0,0,115,604,0,42,189.87488333333346,1263.7350000000001,2296.3820000000037,84478.8
00000299--4e4dc57170--22,D_STABLE_CORE,600,6,0,0,0,0,0,0,0,0,33,382,0,26,184.5526570048315,1081.1,1702.3659999999993,139629.3
00000299--4e4dc57170--23,D_STABLE_CORE,600,9,0,0,0,0,0,0,0,0,18,364,0,22,163.81516413931027,925.3,1675.4,92098.9
00000299--4e4dc57170--24,D_STABLE_CORE,600,14,0,0,0,0,0,0,0,0,122,602,0,42,241.21748624770825,1598.9899999999923,2910.611999999995,147920.0
00000299--4e4dc57170--25,D_STABLE_CORE,600,13,0,0,0,0,0,0,0,0,145,725,0,30,146.44938333333317,832.6400000000002,1320.0630000000015,109601.8
00000299--4e4dc57170--26,D_STABLE_CORE,600,18,1,2,2,2,0,1,0,226,121,609,2,24,176.1482500000002,1081.1299999999999,1563.4520000000011,150608.8
00000299--4e4dc57170--27,D_STABLE_CORE,600,20,0,0,0,0,0,0,0,0,236,725,0,42,264.7062010335053,1905.1799999999973,3386.359999999996,145928.6
00000299--4e4dc57170--3,D_STABLE_CORE,600,26,3,5,5,5,2,3,1,10,59,638,5,22,173.990768205299,1031.3,1890.5,104639.3
00000299--4e4dc57170--4,D_STABLE_CORE,600,18,1,1,1,1,0,1,0,500,68,463,1,48,187.55792632105343,1101.2599999999986,2123.1079999999997,107897.9
00000299--4e4dc57170--5,D_STABLE_CORE,600,0,0,0,0,0,0,0,0,0,1,128,0,10,99.59344890815176,603.5499999999997,785.5179999999996,2566.9
00000299--4e4dc57170--6,D_STABLE_CORE,600,32,1,4,4,4,2,1,1,343,159,576,3,48,183.48218630228294,872.2,2917.6,117981.0
00000299--4e4dc57170--7,D_STABLE_CORE,600,33,0,0,0,0,0,0,0,0,226,916,0,46,299.40166722240815,1980.7549999999978,3057.5749999999966,171802.6
00000299--4e4dc57170--8,D_STABLE_CORE,600,18,3,3,3,3,0,3,0,391,67,636,3,42,172.59751790771242,1103.9099999999978,1879.6919999999977,57802.5
00000299--4e4dc57170--9,D_STABLE_CORE,599,29,0,0,0,0,0,0,0,0,105,670,0,32,144.68926666666698,711.9450000000013,1880.945000000001,52305.8
0000029b--52f66a3abc--0,D_STABLE_CORE,616,28,2,2,2,2,0,2,0,93,62,509,2,36,167.57350357839974,782.9349999999986,1926.9829999999997,154159.9
0000029b--52f66a3abc--1,D_STABLE_CORE,599,9,1,1,1,1,0,1,0,398,33,506,1,18,153.8495498499504,1025.9949999999994,1584.8089999999997,84710.1
0000029b--52f66a3abc--10,D_STABLE_CORE,600,4,0,0,0,0,0,0,0,0,40,539,0,10,120.88293617730388,666.6,996.2,63961.1
0000029b--52f66a3abc--11,D_STABLE_CORE,600,4,0,0,0,0,0,0,0,0,93,522,0,18,148.4189864977501,806.1099999999989,1294.5299999999993,112734.4
0000029b--52f66a3abc--12,D_STABLE_CORE,600,5,0,0,0,0,0,0,0,0,33,283,0,38,150.11451908651514,613.2199999999988,1670.3499999999965,142003.8
0000029b--52f66a3abc--13,D_STABLE_CORE,600,24,3,12,10,19,12,6,2,427,26,543,4,22,144.599533411099,890.1,1378.4,79741.6
0000029b--52f66a3abc--14,D_STABLE_CORE,600,18,0,0,0,0,0,0,0,0,51,704,0,18,153.73429476492177,975.2149999999999,1689.8979999999985,85300.0
0000029b--52f66a3abc--15,D_STABLE_CORE,600,22,1,1,1,1,0,1,0,1,56,524,1,24,170.14969999999948,1012.2300000000002,1833.1290000000006,84560.3
0000029b--52f66a3abc--16,D_STABLE_CORE,600,6,0,0,0,0,0,0,0,0,100,509,0,14,162.13480000000052,926.5750000000003,1610.238000000003,134326.0
0000029b--52f66a3abc--17,D_STABLE_CORE,600,17,1,1,1,1,0,1,0,127,75,787,1,16,158.33590598433065,967.91,1606.0399999999968,85499.9
0000029b--52f66a3abc--18,D_STABLE_CORE,600,12,0,0,0,0,0,0,0,0,39,831,0,16,143.64300949841666,897.8,1460.8,63466.7
0000029b--52f66a3abc--19,D_STABLE_CORE,600,46,1,1,1,1,0,1,0,118,165,907,1,62,217.82107369123034,1399.1599999999999,2468.966999999998,132882.9
0000029b--52f66a3abc--2,D_STABLE_CORE,599,1,0,0,0,0,0,0,0,0,2,66,0,4,107.25278426142022,544.2799999999995,706.5839999999993,59631.0
0000029b--52f66a3abc--20,D_STABLE_CORE,600,9,0,0,0,0,0,0,0,0,121,745,0,44,202.23554999999996,1353.115000000001,2015.373000000004,107831.4
0000029b--52f66a3abc--21,D_STABLE_CORE,600,29,0,0,0,0,0,0,0,0,164,745,0,48,262.46405599066856,1655.5,3022.1,152434.0
0000029b--52f66a3abc--22,D_STABLE_CORE,599,54,0,0,0,0,0,0,0,0,313,922,0,50,287.20885738115146,1957.71,3342.226000000001,154784.5
0000029b--52f66a3abc--23,D_STABLE_CORE,600,17,0,0,0,0,0,0,0,0,18,410,0,28,199.79656666666693,1215.31,1734.8039999999999,135124.1
0000029b--52f66a3abc--24,D_STABLE_CORE,599,38,1,2,1,2,1,1,0,151,128,764,2,38,170.0316447258789,959.1,1909.5,116980.2
0000029b--52f66a3abc--25,D_STABLE_CORE,599,24,1,2,2,2,0,1,0,358,26,594,2,38,210.4217405801936,1651.1899999999991,2144.5359999999996,76578.0
0000029b--52f66a3abc--26,D_STABLE_CORE,599,42,2,3,2,3,1,2,0,3,168,748,3,56,242.46051008501408,1754.82,3008.281999999989,79578.8
0000029b--52f66a3abc--27,D_STABLE_CORE,599,32,2,4,2,4,2,3,0,491,103,625,2,34,197.31896666666594,1432.0950000000003,2417.619,64292.5
0000029b--52f66a3abc--28,D_STABLE_CORE,600,19,0,0,0,0,0,0,0,0,121,635,0,44,207.71288333333368,1304.6200000000003,2478.841000000003,132215.8
0000029b--52f66a3abc--29,D_STABLE_CORE,599,28,4,4,4,4,0,4,0,300,34,363,4,34,134.43589529843283,715.3199999999997,1236.6209999999999,107052.8
0000029b--52f66a3abc--3,D_STABLE_CORE,600,0,0,0,0,0,0,0,0,0,1,72,0,2,77.00119999999988,344.0,641.3060000000002,2231.0
0000029b--52f66a3abc--30,D_STABLE_CORE,600,16,3,3,3,3,0,3,0,231,26,324,3,26,145.66243333333313,717.7450000000006,1308.8029999999999,138493.3
0000029b--52f66a3abc--4,D_STABLE_CORE,600,48,1,1,1,1,0,1,0,301,184,749,1,50,205.17805935311833,1402.715,2341.7699999999977,71864.8
0000029b--52f66a3abc--5,D_STABLE_CORE,600,13,0,0,0,0,0,0,0,0,181,774,0,40,218.06761221424986,1222.6599999999996,3112.3399999999956,132703.4
0000029b--52f66a3abc--6,D_STABLE_CORE,600,11,0,0,0,0,0,0,0,0,112,548,0,26,155.84200700116702,959.0899999999995,1392.0179999999996,85508.0
0000029b--52f66a3abc--7,D_STABLE_CORE,600,6,2,2,2,2,0,2,0,204,61,536,2,14,150.89472106577875,857.96,1248.5200000000002,103852.6
0000029b--52f66a3abc--8,D_STABLE_CORE,600,18,1,1,1,1,0,1,0,211,152,807,1,24,186.47184740962808,1099.3299999999997,1724.607999999998,142303.7
0000029b--52f66a3abc--9,D_STABLE_CORE,600,12,0,0,0,0,0,0,0,0,88,611,0,16,163.03258913695393,910.3899999999999,1295.4519999999989,152847.1
000002a2--b53d86b8b1--10,D_STABLE_CORE,599,17,0,0,0,0,0,0,0,0,50,267,0,34,136.47162387462444,565.0799999999996,1567.3819999999976,105178.5
000002a2--b53d86b8b1--11,D_STABLE_CORE,600,14,1,1,1,1,0,1,0,20,39,231,1,56,133.91175686927585,559.26,1890.5840000000007,62044.7
000002a2--b53d86b8b1--12,D_STABLE_CORE,600,88,22,40,31,64,48,34,8,511,215,634,25,68,241.51235823882598,1650.1,3294.4700000000034,115216.3
000002a2--b53d86b8b1--13,D_STABLE_CORE,600,32,7,30,19,35,31,14,5,328,33,314,12,86,179.65456216577542,852.6549999999999,2328.1220000000017,149271.1
000002a2--b53d86b8b1--14,D_STABLE_CORE,600,20,1,3,3,3,0,1,1,98,18,362,3,26,206.77452642073698,1509.8,2079.643999999999,104708.1
000002a2--b53d86b8b1--15,D_STABLE_CORE,600,44,1,1,1,1,0,1,0,246,23,538,1,36,257.99589658048376,1957.0100000000002,2456.742,120201.0
000002a2--b53d86b8b1--17,D_STABLE_CORE,600,3,0,0,0,0,0,0,0,0,15,299,0,20,144.44221926024676,725.8649999999998,1229.192,143040.9
000002a2--b53d86b8b1--18,D_STABLE_CORE,599,10,1,1,1,1,0,1,0,62,4,154,1,8,111.81253124479244,569.2,809.7,69178.2
000002a2--b53d86b8b1--19,D_STABLE_CORE,600,13,1,1,1,1,1,1,0,1,6,345,1,16,122.8790139906726,732.385,1019.7640000000002,56701.9
000002a2--b53d86b8b1--20,D_STABLE_CORE,599,4,0,0,0,0,0,0,0,0,3,173,0,14,113.64759919973318,591.0799999999996,870.3989999999991,53805.4
000002a2--b53d86b8b1--21,D_STABLE_CORE,599,5,0,0,0,0,0,0,0,0,8,213,0,16,121.67934999999959,559.7800000000004,919.5050000000001,116960.7
000002a2--b53d86b8b1--22,D_STABLE_CORE,599,13,1,1,1,1,0,1,0,316,9,223,1,14,144.15560739876722,670.5,1253.9,129166.9
000002a2--b53d86b8b1--23,D_STABLE_CORE,599,4,0,0,0,0,0,0,0,0,1,85,0,14,113.6482333333334,599.4350000000001,762.5060000000001,61488.6
000002a2--b53d86b8b1--24,D_STABLE_CORE,600,3,0,0,0,0,0,0,0,0,9,277,0,10,138.82941176470558,772.7,1145.5,124386.1
000002a2--b53d86b8b1--25,D_STABLE_CORE,599,2,0,0,0,0,0,0,0,0,8,314,0,10,131.42868811468617,763.92,939.3579999999986,94216.2
000002a2--b53d86b8b1--27,D_STABLE_CORE,600,48,8,47,30,63,40,12,5,360,74,597,21,46,148.15410000000017,911.0300000000001,1590.7980000000023,72337.4
000002a2--b53d86b8b1--28,D_STABLE_CORE,600,13,1,4,4,4,0,1,1,304,5,291,4,30,134.2983830638442,759.9299999999998,1130.1459999999988,80719.3
000002a2--b53d86b8b1--9,D_STABLE_CORE,600,36,6,5,4,6,1,6,0,258,155,807,5,54,201.65487743871952,1432.2399999999998,2161.9959999999996,66270.6
00000243--a4d9c0a5dd--0,E_REP_HOLD,621,41,0,0,0,0,0,0,0,269,54,507,0,0,171.5638490079039,1083.21,1772.5599999999986,65648.1
00000245--2c15eb5d45--12,E_REP_HOLD,600,8,0,0,0,0,0,0,0,6,35,426,0,0,116.10474841719395,618.09,1036.0939999999998,66125.8
00000245--2c15eb5d45--19,E_REP_HOLD,600,34,0,0,0,0,0,0,0,253,115,864,0,0,207.58636893851045,1356.6,2105.7,109498.0
00000245--2c15eb5d45--21,E_REP_HOLD,600,46,0,0,0,0,0,0,0,7,164,812,0,0,216.25273242252516,1484.3849999999995,2891.143999999995,61232.9
00000245--2c15eb5d45--32,E_REP_HOLD,600,14,0,0,0,0,0,0,0,5,27,341,0,0,112.95830418124262,637.219999999999,1052.759999999997,63039.6
00000245--2c15eb5d45--7,E_REP_HOLD,600,26,0,0,0,0,0,0,0,296,151,759,0,0,154.7202533755623,961.3199999999998,1635.5079999999998,69332.7
00000247--b657952782--0,E_REP_HOLD,619,109,0,0,0,0,0,0,0,86,88,915,0,0,195.06810985460422,1314.9249999999988,1986.9229999999936,74176.7
00000247--b657952782--1,E_REP_HOLD,600,98,0,0,0,0,0,0,0,309,123,878,0,0,205.33422237039477,1468.7199999999998,2059.3359999999966,86262.2
00000247--b657952782--10,E_REP_HOLD,600,8,0,0,0,0,0,0,0,0,4,224,0,0,130.06712237412484,676.3049999999997,1088.910999999999,90909.6
00000247--b657952782--11,E_REP_HOLD,600,17,0,0,0,0,0,0,0,0,3,194,0,0,139.62540819726746,774.7899999999998,1020.0559999999991,102444.2
00000247--b657952782--12,E_REP_HOLD,600,21,0,0,0,0,0,0,0,15,39,385,0,0,152.62424141380518,863.1599999999999,1307.9299999999998,96768.3
00000247--b657952782--13,E_REP_HOLD,600,8,0,0,0,0,0,0,0,33,73,656,0,0,176.12647549183058,1166.4549999999988,1824.4469999999985,69803.3
00000247--b657952782--14,E_REP_HOLD,600,29,0,0,0,0,0,0,0,112,34,568,0,0,171.50483091787413,1065.3499999999983,1813.1399999999987,87495.0
00000247--b657952782--15,E_REP_HOLD,600,17,0,0,0,0,0,0,0,108,49,661,0,0,155.70580290145023,982.4399999999996,1641.2239999999997,84296.0
00000247--b657952782--16,E_REP_HOLD,600,3,0,0,0,0,0,0,0,9,32,541,0,0,158.9275999999999,958.4450000000002,1510.4800000000018,86988.2
00000247--b657952782--17,E_REP_HOLD,600,11,0,0,0,0,0,0,0,28,113,602,0,0,167.95846666666645,1033.015,1889.3880000000017,79435.6
00000247--b657952782--18,E_REP_HOLD,600,17,0,0,0,0,0,0,0,3,58,756,0,0,154.2902483747292,939.5799999999996,1280.0679999999961,105138.4
00000247--b657952782--19,E_REP_HOLD,600,25,0,0,0,0,0,0,0,7,57,813,0,0,161.4010501750296,990.7799999999996,1434.9359999999992,109219.1
00000247--b657952782--2,E_REP_HOLD,599,64,0,0,0,0,0,0,0,330,66,759,0,0,164.73097064709816,1080.75,1652.3650000000025,91368.1
00000247--b657952782--20,E_REP_HOLD,600,18,0,0,0,0,0,0,0,18,89,618,0,0,153.7923333333333,858.2400000000002,1300.9310000000007,107305.7
00000247--b657952782--21,E_REP_HOLD,600,15,0,0,0,0,0,0,0,9,55,515,0,0,150.64550149950028,778.69,1610.1359999999963,120352.3
00000247--b657952782--22,E_REP_HOLD,600,45,0,0,0,0,0,0,0,312,75,674,0,0,136.2521173724571,759.3799999999995,1321.418,113998.1
00000247--b657952782--23,E_REP_HOLD,600,18,0,0,0,0,0,0,0,65,26,467,0,0,129.75779036827203,562.9,1215.1,111917.8
00000247--b657952782--24,E_REP_HOLD,600,28,0,0,0,0,0,0,0,177,219,734,0,0,230.54760000000024,1581.0200000000007,2674.85500000001,111004.5
00000247--b657952782--25,E_REP_HOLD,600,34,0,0,0,0,0,0,0,291,239,753,0,0,236.6651608601436,1530.4799999999977,2892.0379999999946,134489.1
00000247--b657952782--26,E_REP_HOLD,600,21,0,0,0,0,0,0,0,141,195,834,0,0,216.44237372895577,1342.1999999999985,2469.021999999992,132717.3
00000247--b657952782--27,E_REP_HOLD,600,42,0,0,0,0,0,0,0,50,213,754,0,0,215.27020496583873,1314.3,2542.5,142721.6
00000247--b657952782--28,E_REP_HOLD,600,18,0,0,0,0,0,0,0,0,179,738,0,0,183.45426808936335,1138.594999999998,1740.009,113990.2
00000247--b657952782--29,E_REP_HOLD,600,9,0,0,0,0,0,0,0,128,119,687,0,0,172.29241793034507,954.0,1715.5,125623.4
00000247--b657952782--3,E_REP_HOLD,600,19,0,0,0,0,0,0,0,15,21,293,0,0,146.12400466433516,549.7699999999999,1876.0059999999914,126931.5
00000247--b657952782--30,E_REP_HOLD,599,8,0,0,0,0,0,0,0,4,54,497,0,0,137.6168722907632,679.7599999999999,1192.7030000000002,131270.4
00000247--b657952782--31,E_REP_HOLD,600,20,0,0,0,0,0,0,0,7,139,513,0,0,185.12392535821317,1104.0049999999983,2428.0969999999975,141112.8
00000247--b657952782--32,E_REP_HOLD,599,7,0,0,0,0,0,0,0,397,72,655,0,0,226.81685000000044,1462.6150000000005,2447.6580000000035,164407.0
00000247--b657952782--33,E_REP_HOLD,599,18,0,0,0,0,0,0,0,159,28,393,0,0,172.15875687385397,887.5,1739.2,150095.7
00000247--b657952782--34,E_REP_HOLD,599,2,0,0,0,0,0,0,0,0,5,198,0,0,129.56161666666702,673.105,994.3160000000004,125797.6
00000247--b657952782--35,E_REP_HOLD,599,23,0,0,0,0,0,0,0,3,30,417,0,0,151.80049991668076,833.7,1285.2,158997.2
00000247--b657952782--36,E_REP_HOLD,599,14,0,0,0,0,0,0,0,401,38,415,0,0,144.23602732877862,887.8,1348.6,130884.1
00000247--b657952782--37,E_REP_HOLD,599,7,0,0,0,0,0,0,0,2,17,237,0,0,129.38674999999967,546.0550000000002,933.6110000000024,149905.2
00000247--b657952782--38,E_REP_HOLD,599,48,0,0,0,0,0,0,0,29,64,870,0,0,182.8731211464759,1108.8,1850.2,138449.6
00000247--b657952782--39,E_REP_HOLD,585,67,0,0,0,0,0,0,0,1,37,459,0,0,161.5375148733639,1012.8999999999993,1557.1820000000014,128234.0
00000247--b657952782--4,E_REP_HOLD,599,11,0,0,0,0,0,0,0,12,13,247,0,0,132.26454999999936,760.0400000000002,1001.1030000000002,66266.6
00000247--b657952782--5,E_REP_HOLD,599,33,0,0,0,0,0,0,0,13,52,544,0,0,164.3487666666666,999.6250000000001,1960.9040000000002,65593.6
00000247--b657952782--6,E_REP_HOLD,600,47,0,0,0,0,0,0,0,189,59,627,0,0,150.07985335777389,865.8,1781.9,59683.4
00000247--b657952782--7,E_REP_HOLD,600,30,0,0,0,0,0,0,0,18,36,338,0,0,131.54789131521923,629.1099999999999,1564.101999999988,66119.2
00000247--b657952782--8,E_REP_HOLD,599,16,0,0,0,0,0,0,0,328,17,214,0,0,134.68889444722356,815.56,1286.52,59415.1
00000247--b657952782--9,E_REP_HOLD,600,16,0,0,0,0,0,0,0,0,18,148,0,0,130.80094968343892,761.0399999999998,1079.8309999999963,68574.2
00000250--8354d55131--0,E_REP_HOLD,621,88,0,0,0,0,0,0,0,0,70,457,0,0,163.00016323865515,760.0500000000001,2251.8999999999996,52865.2
00000250--8354d55131--1,E_REP_HOLD,599,91,0,0,0,0,0,0,0,10,91,931,0,0,159.27708192281645,989.9099999999987,1807.748000000001,67211.9
00000250--8354d55131--2,E_REP_HOLD,377,1,0,0,0,0,0,0,0,0,1,73,0,0,74.70474808757602,382.85,550.2099999999998,1423.9
00000252--d191bee66c--0,E_REP_HOLD,617,70,0,0,0,0,0,0,0,42,45,374,0,0,134.90242861831317,549.0549999999993,1832.984,87535.7
00000252--d191bee66c--1,E_REP_HOLD,600,47,0,0,0,0,0,0,0,367,34,439,0,0,126.43209690893954,577.6400000000002,1404.9159999999997,92105.1
00000252--d191bee66c--2,E_REP_HOLD,333,1,0,0,0,0,0,0,0,0,3,86,0,0,78.54518628912086,395.7399999999998,619.274,1739.5
00000254--0ac259250e--0,E_REP_HOLD,620,71,0,0,0,0,0,0,0,3,49,492,0,0,137.78247925817448,621.81,1567.8519999999987,87026.8
00000254--0ac259250e--1,E_REP_HOLD,600,97,0,0,0,0,0,0,0,92,75,840,0,0,199.80420875420936,1348.2150000000001,1982.3229999999985,93953.2
00000254--0ac259250e--10,E_REP_HOLD,599,10,0,0,0,0,0,0,0,12,21,400,0,0,149.92621635178085,804.2,1469.5599999999995,84840.7
00000254--0ac259250e--11,E_REP_HOLD,599,40,0,0,0,0,0,0,0,302,64,923,0,0,211.7777945113782,1444.45,2223.2,103660.4
00000254--0ac259250e--12,E_REP_HOLD,600,51,0,0,0,0,0,0,0,328,93,764,0,0,193.67664600435603,1260.62,1982.5319999999986,111636.6
00000254--0ac259250e--13,E_REP_HOLD,600,8,0,0,0,0,0,0,0,0,3,122,0,0,120.63231128145287,647.9,854.5,100898.8
00000254--0ac259250e--14,E_REP_HOLD,600,15,0,0,0,0,0,0,0,37,27,411,0,0,159.78423070511775,915.5499999999986,1713.509999999995,102340.1
00000254--0ac259250e--15,E_REP_HOLD,600,6,0,0,0,0,0,0,0,377,20,276,0,0,156.3372062010338,887.4099999999983,1531.081999999998,108315.0
00000254--0ac259250e--16,E_REP_HOLD,600,10,0,0,0,0,0,0,0,0,5,225,0,0,148.90194935021648,874.9849999999999,1136.5749999999994,112311.7
00000254--0ac259250e--17,E_REP_HOLD,600,30,0,0,0,0,0,0,0,333,50,515,0,0,198.47105485232117,1236.8200000000004,2302.796000000001,86642.8
00000254--0ac259250e--18,E_REP_HOLD,600,30,0,0,0,0,0,0,0,20,21,598,0,0,193.043319432861,1306.1600000000003,1739.3240000000003,123942.2
00000254--0ac259250e--19,E_REP_HOLD,600,33,0,0,0,0,0,0,0,37,117,656,0,0,172.75584144645333,947.27,2108.5799999999995,103063.0
00000254--0ac259250e--2,E_REP_HOLD,599,120,0,0,0,0,0,0,0,309,91,834,0,0,215.3518462571335,1486.1299999999999,2100.506000000001,113145.7
00000254--0ac259250e--20,E_REP_HOLD,600,47,0,0,0,0,0,0,0,275,82,851,0,0,219.94312970711277,1470.6000000000008,2235.9100000000017,130962.9
00000254--0ac259250e--21,E_REP_HOLD,599,112,0,0,0,0,0,0,0,4,38,903,0,0,262.87427420708246,1728.9399999999998,2248.2480000000005,168413.8
00000254--0ac259250e--22,E_REP_HOLD,600,32,0,0,0,0,0,0,0,183,56,690,0,0,201.6875,1268.145,2074.7,134518.1
00000254--0ac259250e--23,E_REP_HOLD,600,55,0,0,0,0,0,0,0,59,84,583,0,0,188.98287264710854,1020.6399999999992,2340.616,117901.8
00000254--0ac259250e--24,E_REP_HOLD,600,50,0,0,0,0,0,0,0,241,67,689,0,0,216.34033400809673,1359.814999999999,2424.698999999993,125188.2
00000254--0ac259250e--25,E_REP_HOLD,600,52,0,0,0,0,0,0,0,35,41,465,0,0,230.3404202101055,1650.3199999999997,2260.3959999999997,136826.3
00000254--0ac259250e--26,E_REP_HOLD,600,58,0,0,0,0,0,0,0,323,76,641,0,0,166.30065119385566,1022.2999999999978,1894.4679999999996,105609.2
00000254--0ac259250e--27,E_REP_HOLD,600,74,0,0,0,0,0,0,0,0,23,804,0,0,193.09537408149563,1260.1699999999992,1688.2460000000005,137967.7
00000254--0ac259250e--28,E_REP_HOLD,600,74,0,0,0,0,0,0,0,10,36,688,0,0,207.46924361329158,1360.02,1810.856,139604.6
00000254--0ac259250e--29,E_REP_HOLD,600,51,0,0,0,0,0,0,0,21,129,640,0,0,226.71481546265485,1303.9199999999996,3142.5760000000037,140294.5
00000254--0ac259250e--3,E_REP_HOLD,599,73,0,0,0,0,0,0,0,145,45,689,0,0,182.1329650092078,1126.62,1773.3799999999978,150379.5
00000254--0ac259250e--30,E_REP_HOLD,599,30,0,0,0,0,0,0,0,70,91,606,0,0,190.53127537212453,1140.739999999999,1929.5740000000087,158017.2
00000254--0ac259250e--31,E_REP_HOLD,600,2,0,0,0,0,0,0,0,0,1,162,0,0,113.65722379603433,713.3,902.7,3310.4
00000254--0ac259250e--32,E_REP_HOLD,600,1,0,0,0,0,0,0,0,0,2,170,0,0,96.91861356440651,557.2,838.3,3016.5
00000254--0ac259250e--33,E_REP_HOLD,600,26,0,0,0,0,0,0,0,16,49,526,0,0,186.5501253551727,1048.1599999999999,1847.0500000000006,151164.9
00000254--0ac259250e--34,E_REP_HOLD,600,46,0,0,0,0,0,0,0,136,65,608,0,0,151.19023046092144,913.3849999999998,1508.9330000000004,72660.2
00000254--0ac259250e--35,E_REP_HOLD,600,47,0,0,0,0,0,0,0,62,31,446,0,0,161.34451505016716,1072.2650000000003,1702.9920000000002,59203.0
00000254--0ac259250e--36,E_REP_HOLD,600,16,0,0,0,0,0,0,0,5,12,205,0,0,112.33361106482238,577.7,996.0,58384.0
00000254--0ac259250e--37,E_REP_HOLD,600,90,0,0,0,0,0,0,0,236,80,809,0,0,206.83513468013487,1425.535,2128.622999999995,78043.4
00000254--0ac259250e--38,E_REP_HOLD,600,128,0,0,0,0,0,0,0,123,88,743,0,0,227.9852003410054,1579.3200000000004,2410.579999999993,95431.1
00000254--0ac259250e--39,E_REP_HOLD,600,43,0,0,0,0,0,0,0,0,30,364,0,0,145.3319219869979,938.2499999999992,1370.7699999999984,65528.6
00000254--0ac259250e--4,E_REP_HOLD,600,27,0,0,0,0,0,0,0,14,26,392,0,0,154.4412254412258,900.6750000000001,1605.0749999999985,62685.0
00000254--0ac259250e--40,E_REP_HOLD,600,105,0,0,0,0,0,0,0,16,80,741,0,0,160.64094514767876,1046.8200000000002,1846.1800000000007,73683.6
00000254--0ac259250e--41,E_REP_HOLD,600,55,0,0,0,0,0,0,0,116,55,664,0,0,158.53003509944818,990.159999999998,1639.1780000000006,68962.3
00000254--0ac259250e--42,E_REP_HOLD,152,34,0,0,0,0,0,0,0,0,25,121,0,0,128.12816993464043,821.3349999999998,1582.2970000000007,3107.8
00000254--0ac259250e--5,E_REP_HOLD,599,42,0,0,0,0,0,0,0,34,61,674,0,0,180.8470775414503,1200.75,1921.8800000000042,81388.0
00000254--0ac259250e--6,E_REP_HOLD,599,24,0,0,0,0,0,0,0,37,29,282,0,0,147.8896114864868,714.0250000000004,1814.6400000000017,84819.4
00000254--0ac259250e--7,E_REP_HOLD,599,0,0,0,0,0,0,0,0,0,0,72,0,0,90.54310977644307,505.93499999999995,656.6189999999995,2704.0
00000254--0ac259250e--8,E_REP_HOLD,600,38,0,0,0,0,0,0,0,63,73,605,0,0,159.1199331103677,940.005,1800.2640000000004,77971.8
00000254--0ac259250e--9,E_REP_HOLD,600,29,0,0,0,0,0,0,0,360,16,170,0,0,113.72030414438542,521.1549999999999,1170.8970000000004,83435.5
00000255--d1d0ee73c5--21,E_REP_HOLD,599,6,0,0,0,0,0,0,0,0,4,197,0,0,123.58578333333405,622.7150000000001,944.2410000000009,93128.6
00000255--d1d0ee73c5--22,E_REP_HOLD,599,5,0,0,0,0,0,0,0,29,24,302,0,0,143.44704503599496,622.7799999999991,1638.4479999999983,87543.7
00000255--d1d0ee73c5--23,E_REP_HOLD,599,10,0,0,0,0,0,0,0,136,33,276,0,0,146.6186570903626,732.7399999999994,1522.3340000000028,90443.4
00000255--d1d0ee73c5--24,E_REP_HOLD,600,16,0,0,0,0,0,0,0,38,38,404,0,0,139.41886508202248,709.435,1454.049999999993,123973.4
00000255--d1d0ee73c5--25,E_REP_HOLD,599,16,0,0,0,0,0,0,0,15,19,183,0,0,126.73656057323807,530.0,1408.6,103117.4
00000255--d1d0ee73c5--26,E_REP_HOLD,599,0,0,0,0,0,0,0,0,0,0,23,0,0,113.21325000000022,520.105,624.501,100652.1
00000255--d1d0ee73c5--27,E_REP_HOLD,600,17,0,0,0,0,0,0,0,6,46,391,0,0,152.95681970509347,794.4049999999993,1682.8269999999998,113343.6
00000255--d1d0ee73c5--28,E_REP_HOLD,599,19,0,0,0,0,0,0,0,510,67,581,0,0,158.52178267401155,910.4,1579.5900000000004,95204.8
00000255--d1d0ee73c5--29,E_REP_HOLD,600,7,0,0,0,0,0,0,0,57,41,531,0,0,139.73248333333305,838.7100000000005,1290.5350000000008,97793.0
00000255--d1d0ee73c5--30,E_REP_HOLD,600,29,0,0,0,0,0,0,0,341,157,849,0,0,195.21020755359038,1251.4299999999992,2163.0679999999993,115825.3
00000255--d1d0ee73c5--31,E_REP_HOLD,600,15,0,0,0,0,0,0,0,2,33,423,0,0,141.8260230499418,632.2399999999996,1761.3540000000005,131081.1
00000255--d1d0ee73c5--32,E_REP_HOLD,600,9,0,0,0,0,0,0,0,21,19,334,0,0,130.6291999999999,643.0,1144.649000000001,121193.4
00000255--d1d0ee73c5--33,E_REP_HOLD,600,22,0,0,0,0,0,0,0,67,42,460,0,0,165.43034309623442,982.8300000000002,1832.9720000000007,125115.1
00000255--d1d0ee73c5--34,E_REP_HOLD,600,35,0,0,0,0,0,0,0,54,27,597,0,0,176.39019509754803,1091.0599999999997,1945.4879999999994,116731.9
00000255--d1d0ee73c5--35,E_REP_HOLD,600,56,0,0,0,0,0,0,0,49,75,594,0,0,182.48747691791175,1026.9999999999993,2019.6719999999996,107647.1
00000255--d1d0ee73c5--36,E_REP_HOLD,600,11,0,0,0,0,0,0,0,0,2,220,0,0,150.7145975670717,861.6,1224.7,134266.4
00000255--d1d0ee73c5--37,E_REP_HOLD,600,34,0,0,0,0,0,0,0,47,27,479,0,0,165.7113947280618,995.8049999999998,1639.1889999999992,111240.7
00000255--d1d0ee73c5--38,E_REP_HOLD,600,52,0,0,0,0,0,0,0,412,57,721,0,0,198.50275827482403,1230.2999999999997,1860.4359999999863,151975.9
00000255--d1d0ee73c5--39,E_REP_HOLD,600,104,0,0,0,0,0,0,0,374,96,863,0,0,225.89480823982672,1435.75,2497.560000000001,132207.7
00000255--d1d0ee73c5--40,E_REP_HOLD,420,30,0,0,0,0,0,0,0,5,24,322,0,0,131.63053835159596,769.189999999999,1287.744999999992,3217.9
00000257--d1cacb63a0--0,E_REP_HOLD,619,82,0,0,0,0,0,0,0,47,73,582,0,0,143.26272064777325,679.7899999999997,1955.3840000000073,65161.2
00000257--d1cacb63a0--1,E_REP_HOLD,600,59,0,0,0,0,0,0,0,122,27,556,0,0,184.71670278379733,1083.3299999999995,1745.485999999998,146968.1
00000257--d1cacb63a0--10,E_REP_HOLD,599,2,0,0,0,0,0,0,0,0,12,190,0,0,123.86825000000002,544.2150000000001,927.0190000000005,136005.9
00000257--d1cacb63a0--11,E_REP_HOLD,600,11,0,0,0,0,0,0,0,5,37,235,0,0,136.8189333333333,634.915,1992.1310000000071,4491.2
00000257--d1cacb63a0--12,E_REP_HOLD,599,32,0,0,0,0,0,0,0,52,92,639,0,0,225.84216144096024,1430.9,2610.460000000002,156244.4
00000257--d1cacb63a0--13,E_REP_HOLD,600,29,0,0,0,0,0,0,0,206,49,539,0,0,156.02868100717046,954.1399999999996,1663.3559999999998,70635.8
00000257--d1cacb63a0--14,E_REP_HOLD,599,63,0,0,0,0,0,0,0,168,232,875,0,0,226.54410538602662,1534.9199999999996,2664.6199999999985,143846.4
00000257--d1cacb63a0--15,E_REP_HOLD,600,43,0,0,0,0,0,0,0,212,43,487,0,0,141.1113295568147,881.6149999999992,1316.1719999999996,62293.9
00000257--d1cacb63a0--16,E_REP_HOLD,600,47,0,0,0,0,0,0,0,13,75,473,0,0,224.37251666666586,1597.665,2404.005,87691.7
00000257--d1cacb63a0--17,E_REP_HOLD,600,27,0,0,0,0,0,0,0,29,25,491,0,0,177.65122479586742,1297.9,1808.8,71704.4
00000257--d1cacb63a0--18,E_REP_HOLD,600,19,0,0,0,0,0,0,0,348,39,662,0,0,198.09873312218696,1253.539999999997,1769.2979999999952,108997.6
00000257--d1cacb63a0--19,E_REP_HOLD,600,15,0,0,0,0,0,0,0,427,23,346,0,0,143.62892630876905,784.0049999999998,1504.003,64088.1
00000257--d1cacb63a0--2,E_REP_HOLD,600,38,0,0,0,0,0,0,0,448,58,534,0,0,162.76961160193406,945.5799999999984,1844.641999999999,87499.3
00000257--d1cacb63a0--20,E_REP_HOLD,600,6,0,0,0,0,0,0,0,0,5,171,0,0,99.40231589470176,579.7499999999998,839.5909999999999,2541.1
00000257--d1cacb63a0--21,E_REP_HOLD,600,19,0,0,0,0,0,0,0,101,45,481,0,0,147.45077512918803,794.8399999999981,1649.2699999999888,71880.5
00000257--d1cacb63a0--22,E_REP_HOLD,600,55,0,0,0,0,0,0,0,221,194,745,0,0,227.54646159018301,1482.7399999999998,3296.299999999979,67200.0
00000257--d1cacb63a0--23,E_REP_HOLD,600,34,0,0,0,0,0,0,0,0,32,524,0,0,187.20836666666648,1282.6950000000006,2032.0230000000006,94513.4
00000257--d1cacb63a0--24,E_REP_HOLD,600,25,0,0,0,0,0,0,0,80,60,669,0,0,179.27083333333272,1223.9850000000006,1746.8170000000002,96028.8
00000257--d1cacb63a0--25,E_REP_HOLD,600,44,0,0,0,0,0,0,0,119,216,833,0,0,250.8955600066775,1617.75,2633.4600000000046,104925.5
00000257--d1cacb63a0--26,E_REP_HOLD,600,37,0,0,0,0,0,0,0,80,65,598,0,0,181.7120873624535,1107.3899999999999,2062.3149999999973,93626.6
00000257--d1cacb63a0--27,E_REP_HOLD,600,43,0,0,0,0,0,0,0,7,46,434,0,0,172.10673670168407,1045.6999999999998,1906.0639999999987,109024.3
00000257--d1cacb63a0--28,E_REP_HOLD,600,62,0,0,0,0,0,0,0,403,212,921,0,0,224.57397465822007,1626.3949999999973,2756.3419999999996,93427.9
00000257--d1cacb63a0--29,E_REP_HOLD,599,53,0,0,0,0,0,0,0,67,86,608,0,0,207.36753961634687,1333.3800000000006,2371.5760000000123,120271.7
00000257--d1cacb63a0--3,E_REP_HOLD,600,14,0,0,0,0,0,0,0,54,86,454,0,0,175.55267544590788,965.8399999999949,2154.8079999999927,76775.6
00000257--d1cacb63a0--30,E_REP_HOLD,600,89,0,0,0,0,0,0,0,14,88,832,0,0,187.12137022837172,1165.719999999999,2109.997999999998,114229.8
00000257--d1cacb63a0--31,E_REP_HOLD,431,12,0,0,0,0,0,0,0,0,10,107,0,0,97.19986139986142,523.6799999999998,943.104,3295.3
00000257--d1cacb63a0--4,E_REP_HOLD,600,24,0,0,0,0,0,0,0,49,99,511,0,0,160.06964494082354,750.0199999999999,1931.7919999999883,106231.1
00000257--d1cacb63a0--5,E_REP_HOLD,600,29,0,0,0,0,0,0,0,380,49,579,0,0,185.19931666666673,1212.2250000000015,1953.327000000003,112686.9
00000257--d1cacb63a0--6,E_REP_HOLD,599,42,0,0,0,0,0,0,0,57,51,495,0,0,201.5788131355223,1292.539999999996,2180.0319999999992,123343.1
00000257--d1cacb63a0--7,E_REP_HOLD,599,58,0,0,0,0,0,0,0,399,193,744,0,0,215.25356666666568,1467.8600000000008,2525.9110000000005,136228.8
00000257--d1cacb63a0--8,E_REP_HOLD,599,42,0,0,0,0,0,0,0,3,36,748,0,0,266.17679226408853,1797.7799999999995,2320.527999999998,157080.2
00000257--d1cacb63a0--9,E_REP_HOLD,599,31,0,0,0,0,0,0,0,113,70,659,0,0,197.15102482919482,1419.3,1896.2,125069.6
00000259--f920fb6ddd--0,E_REP_HOLD,622,119,0,0,0,0,0,0,0,161,58,825,0,0,184.05571129370077,1143.6599999999999,1930.3719999999967,109939.0
00000259--f920fb6ddd--1,E_REP_HOLD,600,36,0,0,0,0,0,0,0,553,30,352,0,0,188.5704397257976,1172.7,1631.239999999998,153543.6
00000259--f920fb6ddd--10,E_REP_HOLD,600,24,0,0,0,0,0,0,0,329,95,792,0,0,245.9898166666666,1646.0150000000006,2742.705,147122.6
00000259--f920fb6ddd--11,E_REP_HOLD,600,17,0,0,0,0,0,0,0,48,26,412,0,0,143.00018333333324,731.1700000000003,1480.8230000000003,115361.7
00000259--f920fb6ddd--12,E_REP_HOLD,600,7,0,0,0,0,0,0,0,10,14,190,0,0,129.6442426262291,450.6,1175.0,154149.5
00000259--f920fb6ddd--13,E_REP_HOLD,600,42,0,0,0,0,0,0,0,487,136,903,0,0,215.08259999999962,1452.2150000000001,2348.1810000000014,159880.7
00000259--f920fb6ddd--14,E_REP_HOLD,600,11,0,0,0,0,0,0,0,13,85,510,0,0,172.88858713762073,1014.1850000000001,1611.5709999999974,122548.5
00000259--f920fb6ddd--15,E_REP_HOLD,600,21,0,0,0,0,0,0,0,59,99,642,0,0,222.5618666666666,1283.4600000000041,2562.9130000000005,141964.8
00000259--f920fb6ddd--16,E_REP_HOLD,599,8,0,0,0,0,0,0,0,201,31,437,0,0,178.63735000000005,1094.4000000000003,1849.447000000001,103534.8
00000259--f920fb6ddd--17,E_REP_HOLD,600,19,0,0,0,0,0,0,0,32,46,546,0,0,159.8447499999999,936.2800000000004,1847.7480000000012,64846.6
00000259--f920fb6ddd--18,E_REP_HOLD,600,23,0,0,0,0,0,0,0,320,42,848,0,0,210.45326666666688,1449.6,1929.6700000000037,138513.2
00000259--f920fb6ddd--19,E_REP_HOLD,599,73,0,0,0,0,0,0,0,529,291,1005,0,0,294.23257209534916,2067.34,3808.353999999999,181356.1
00000259--f920fb6ddd--2,E_REP_HOLD,600,37,0,0,0,0,0,0,0,0,15,248,0,0,179.72039189638048,1294.175,1673.633,61251.0
00000259--f920fb6ddd--20,E_REP_HOLD,600,89,0,0,0,0,0,0,0,382,143,833,0,0,208.43031161473115,1262.5,2222.0,160009.2
00000259--f920fb6ddd--21,E_REP_HOLD,599,15,0,0,0,0,0,0,0,8,68,567,0,0,182.09258209701608,1112.9199999999992,2112.117999999995,65011.8
00000259--f920fb6ddd--22,E_REP_HOLD,599,7,0,0,0,0,0,0,0,25,31,464,0,0,169.74764127354592,933.2399999999999,1593.7519999999988,149936.9
00000259--f920fb6ddd--23,E_REP_HOLD,599,56,0,0,0,0,0,0,0,67,98,726,0,0,164.5924999999998,1002.2550000000006,1986.373000000004,70626.7
00000259--f920fb6ddd--24,E_REP_HOLD,599,15,0,0,0,0,0,0,0,21,21,551,0,0,158.32864999999984,854.6300000000001,1651.8230000000003,92577.6
00000259--f920fb6ddd--25,E_REP_HOLD,600,36,0,0,0,0,0,0,0,466,135,677,0,0,151.01503082819525,816.4,1620.7,92620.8
00000259--f920fb6ddd--26,E_REP_HOLD,598,20,0,0,0,0,0,0,0,179,64,655,0,0,128.7044007334557,712.5399999999997,1099.1899999999978,63129.8
00000259--f920fb6ddd--27,E_REP_HOLD,599,25,0,0,0,0,0,0,0,93,65,660,0,0,141.50871666666606,849.005,1269.9,65949.1
00000259--f920fb6ddd--28,E_REP_HOLD,600,11,0,0,0,0,0,0,0,297,58,730,0,0,144.56138333333323,860.0500000000002,1272.7600000000014,81359.0
00000259--f920fb6ddd--29,E_REP_HOLD,600,8,0,0,0,0,0,0,0,13,65,631,0,0,139.52824529245095,802.1,1252.9,80711.4
00000259--f920fb6ddd--3,E_REP_HOLD,600,37,0,0,0,0,0,0,0,53,42,703,0,0,164.90054926764304,1047.7399999999993,1784.958,76731.9
00000259--f920fb6ddd--30,E_REP_HOLD,600,4,0,0,0,0,0,0,0,5,39,313,0,0,134.26715000000007,771.2050000000002,1158.1140000000003,73955.5
00000259--f920fb6ddd--31,E_REP_HOLD,600,6,0,0,0,0,0,0,0,0,23,247,0,0,119.50913485580934,588.8199999999998,1155.0079999999998,92349.8
00000259--f920fb6ddd--32,E_REP_HOLD,600,3,0,0,0,0,0,0,0,0,35,330,0,0,170.91186271242904,1078.9949999999994,1702.0749999999994,96277.6
00000259--f920fb6ddd--33,E_REP_HOLD,600,5,0,0,0,0,0,0,0,0,26,323,0,0,138.96061010168347,840.3699999999991,1331.579999999998,82637.9
00000259--f920fb6ddd--34,E_REP_HOLD,600,5,0,0,0,0,0,0,0,23,43,472,0,0,167.2009668278053,1058.679999999999,1606.7959999999953,88765.8
00000259--f920fb6ddd--35,E_REP_HOLD,600,9,0,0,0,0,0,0,0,236,59,481,0,0,171.13294450924826,1125.0,1883.8,107218.5
00000259--f920fb6ddd--36,E_REP_HOLD,600,38,0,0,0,0,0,0,0,75,22,318,0,0,140.24249041506957,548.8099999999989,1782.383999999991,90951.5
00000259--f920fb6ddd--37,E_REP_HOLD,600,24,0,0,0,0,0,0,0,18,24,327,0,0,139.4758626437741,631.1299999999982,1474.7079999999999,112542.1
00000259--f920fb6ddd--38,E_REP_HOLD,600,24,0,0,0,0,0,0,0,11,23,491,0,0,146.00358512589625,870.5599999999998,1368.0319999999997,87068.9
00000259--f920fb6ddd--39,E_REP_HOLD,600,0,0,0,0,0,0,0,0,0,0,59,0,0,78.92770461743636,404.5399999999998,523.5719999999983,2190.4
00000259--f920fb6ddd--4,E_REP_HOLD,600,33,0,0,0,0,0,0,0,136,47,494,0,0,176.66192224261664,1107.4199999999987,1829.6959999999995,106019.3
00000259--f920fb6ddd--40,E_REP_HOLD,600,31,0,0,0,0,0,0,0,46,50,582,0,0,160.33512252042084,961.0299999999999,1713.1619999999984,126363.6
00000259--f920fb6ddd--41,E_REP_HOLD,600,80,0,0,0,0,0,0,0,229,75,818,0,0,166.18616436072725,989.3699999999995,1645.0079999999998,108412.1
00000259--f920fb6ddd--42,E_REP_HOLD,66,2,0,0,0,0,0,0,0,0,2,31,0,0,113.90465793304215,818.219999999999,1131.1219999999996,2451.2
00000259--f920fb6ddd--5,E_REP_HOLD,600,38,0,0,0,0,0,0,0,56,42,668,0,0,160.00405067511247,898.7299999999992,1450.2499999999989,110488.1
00000259--f920fb6ddd--6,E_REP_HOLD,600,10,0,0,0,0,0,0,0,25,25,496,0,0,173.54884999999953,1034.825,1856.611,127101.3
00000259--f920fb6ddd--7,E_REP_HOLD,600,11,0,0,0,0,0,0,0,18,46,276,0,0,161.183122292569,610.8899999999999,2176.1399999999967,128917.3
00000259--f920fb6ddd--8,E_REP_HOLD,600,0,0,0,0,0,0,0,0,0,0,57,0,0,118.18768333333294,566.3700000000001,721.2050000000002,94279.0
00000259--f920fb6ddd--9,E_REP_HOLD,600,30,0,0,0,0,0,0,0,261,156,704,0,0,223.77748708548637,1308.1,2991.2,132383.1
0000025b--22177da8d7--0,E_REP_HOLD,620,95,0,0,0,0,0,0,0,63,76,656,0,0,160.52357512953355,881.4749999999999,1692.025,111299.1
0000025b--22177da8d7--1,E_REP_HOLD,600,0,0,0,0,0,0,0,0,16,4,151,0,0,131.47679106964378,666.5,925.6499999999967,119948.5
0000025b--22177da8d7--2,E_REP_HOLD,600,1,0,0,0,0,0,0,0,0,2,118,0,0,127.19011337112393,637.9449999999999,823.0269999999998,131645.5
0000025b--22177da8d7--3,E_REP_HOLD,600,19,0,0,0,0,0,0,0,4,16,309,0,0,123.30048341390204,593.8099999999998,1025.761999999996,106226.5
0000025c--0795289e2c--1,E_REP_HOLD,600,29,0,0,0,0,0,0,0,453,50,643,0,0,177.94919153192205,1154.33,1626.1119999999996,113114.5
0000025c--0795289e2c--2,E_REP_HOLD,600,62,0,0,0,0,0,0,0,492,275,877,0,0,243.23833333333346,1500.7400000000002,2948.946000000003,136494.2
0000025c--0795289e2c--3,E_REP_HOLD,600,17,0,0,0,0,0,0,0,409,178,808,0,0,218.09256294814045,1509.5599999999995,2618.6599999999994,70025.6
0000025c--0795289e2c--4,E_REP_HOLD,600,13,0,0,0,0,0,0,0,17,80,674,0,0,145.94034005667604,859.4299999999998,1478.7299999999993,71746.3
0000025c--0795289e2c--5,E_REP_HOLD,600,6,0,0,0,0,0,0,0,11,63,621,0,0,123.3093468843717,719.8399999999997,1068.460999999999,67517.6
0000025c--0795289e2c--6,E_REP_HOLD,599,9,0,0,0,0,0,0,0,318,95,698,0,0,149.34692243536276,842.1500000000001,1238.8320000000008,153866.3
0000025c--0795289e2c--7,E_REP_HOLD,600,7,0,0,0,0,0,0,0,6,87,638,0,0,166.14837472912154,947.1499999999992,1462.1559999999893,141314.3
0000025c--0795289e2c--8,E_REP_HOLD,600,7,0,0,0,0,0,0,0,2,82,653,0,0,174.56393934344263,995.9,1734.5,143297.0
0000025d--70dff69b9d--0,E_REP_HOLD,621,19,0,0,0,0,0,0,0,312,46,700,0,0,173.02441072005237,904.7549999999993,1872.795999999999,151915.4
0000025d--70dff69b9d--1,E_REP_HOLD,600,16,0,0,0,0,0,0,0,7,77,451,0,0,148.53958507612535,831.2799999999993,1325.4719999999973,86599.3
0000025d--70dff69b9d--10,E_REP_HOLD,600,12,0,0,0,0,0,0,0,559,54,371,0,0,162.0675324675322,827.9999999999999,2070.2699999999995,88611.9
0000025d--70dff69b9d--11,E_REP_HOLD,600,0,0,0,0,0,0,0,0,0,0,94,0,0,117.99563050340615,584.1,775.7459999999999,82619.3
0000025d--70dff69b9d--15,E_REP_HOLD,600,9,0,0,0,0,0,0,0,47,17,284,0,0,151.61074407741123,829.3149999999995,1572.4409999999982,69059.2
0000025d--70dff69b9d--18,E_REP_HOLD,599,35,0,0,0,0,0,0,0,96,55,586,0,0,190.34501500500127,1320.2,2003.352999999999,64055.0
0000025d--70dff69b9d--19,E_REP_HOLD,599,19,0,0,0,0,0,0,0,18,28,394,0,0,140.10113276694898,828.5499999999998,1477.7759999999973,69420.0
0000025d--70dff69b9d--2,E_REP_HOLD,600,13,0,0,0,0,0,0,0,15,47,527,0,0,122.74066080026559,675.9499999999983,1217.9599999999996,63126.7
0000025d--70dff69b9d--20,E_REP_HOLD,600,16,0,0,0,0,0,0,0,545,26,210,0,0,110.29242702251888,417.6600000000001,933.4580000000018,115340.0
0000025d--70dff69b9d--21,E_REP_HOLD,600,0,0,0,0,0,0,0,0,0,2,59,0,0,84.908987827247,387.9599999999999,623.776,2144.1
0000025d--70dff69b9d--22,E_REP_HOLD,600,16,0,0,0,0,0,0,0,3,13,399,0,0,135.0443704197205,708.559999999999,1148.1280000000008,102709.9
0000025d--70dff69b9d--23,E_REP_HOLD,600,57,0,0,0,0,0,0,0,353,73,762,0,0,196.3349933377747,1288.1099999999997,2013.1820000000002,88484.9
0000025d--70dff69b9d--3,E_REP_HOLD,600,18,0,0,0,0,0,0,0,24,65,918,0,0,140.34686875416384,865.3549999999999,1337.097,64681.8
0000025d--70dff69b9d--4,E_REP_HOLD,600,21,0,0,0,0,0,0,0,12,63,795,0,0,176.19583263877286,991.779999999999,1974.2699999999984,101024.6
0000025d--70dff69b9d--5,E_REP_HOLD,600,48,0,0,0,0,0,0,0,520,150,879,0,0,217.79976670554944,1442.1,2452.8,106142.7
0000025d--70dff69b9d--6,E_REP_HOLD,600,23,0,0,0,0,0,0,0,6,108,740,0,0,175.336849132177,1158.4349999999997,1848.8170000000002,89993.6
0000025d--70dff69b9d--7,E_REP_HOLD,600,51,0,0,0,0,0,0,0,402,163,831,0,0,215.29308102700938,1350.5349999999983,2550.8399999999956,133799.9
0000025d--70dff69b9d--8,E_REP_HOLD,599,58,0,0,0,0,0,0,0,10,148,925,0,0,211.42882147024582,1426.5299999999988,2216.481999999998,123497.4
0000025d--70dff69b9d--9,E_REP_HOLD,599,13,0,0,0,0,0,0,0,10,17,370,0,0,121.66603396603396,660.475,1075.059999999999,87626.0
00000261--4ff9c41127--0,E_REP_HOLD,616,51,0,0,0,0,0,0,0,64,62,561,0,0,191.2918483566548,1157.0,1920.9950000000001,132197.3
00000261--4ff9c41127--1,E_REP_HOLD,599,38,0,0,0,0,0,0,0,330,43,625,0,0,196.6149333333333,1270.7550000000003,1972.306,104241.3
00000261--4ff9c41127--10,E_REP_HOLD,600,47,0,0,0,0,0,0,0,96,58,745,0,0,193.3929821636932,1302.689999999999,1947.5299999999897,112977.7
00000261--4ff9c41127--11,E_REP_HOLD,600,34,0,0,0,0,0,0,0,18,44,451,0,0,162.7348232154772,974.1,1547.8800000000026,110345.7
00000261--4ff9c41127--12,E_REP_HOLD,600,35,0,0,0,0,0,0,0,202,165,761,0,0,213.27572524174775,1273.3449999999984,2784.9509999999946,101588.7
00000261--4ff9c41127--13,E_REP_HOLD,600,38,0,0,0,0,0,0,0,55,365,861,0,0,205.38866477746294,1352.6999999999985,2212.243999999987,119633.9
00000261--4ff9c41127--14,E_REP_HOLD,600,40,0,0,0,0,0,0,0,40,215,891,0,0,173.89676666666728,1068.4350000000004,1592.3820000000017,148476.0
00000261--4ff9c41127--15,E_REP_HOLD,600,28,0,0,0,0,0,0,0,46,224,778,0,0,206.09246038365274,1187.3700000000003,2701.812000000002,148734.5
00000261--4ff9c41127--16,E_REP_HOLD,600,49,0,0,0,0,0,0,0,233,283,830,0,0,224.15240240240269,1395.9199999999994,2511.774999999999,156724.7
00000261--4ff9c41127--17,E_REP_HOLD,600,39,0,0,0,0,0,0,0,305,206,846,0,0,206.32990669776777,1348.985,2097.961999999999,126431.0
00000261--4ff9c41127--18,E_REP_HOLD,599,90,0,0,0,0,0,0,0,83,210,821,0,0,200.21494828161514,1252.264999999999,2358.264999999997,125714.2
00000261--4ff9c41127--19,E_REP_HOLD,600,61,0,0,0,0,0,0,0,112,190,824,0,0,214.05619476404775,1415.6999999999994,2503.0239999999994,131639.6
00000261--4ff9c41127--2,E_REP_HOLD,599,39,0,0,0,0,0,0,0,377,79,690,0,0,194.94599999999906,1318.8100000000004,1937.2230000000006,142311.7
00000261--4ff9c41127--20,E_REP_HOLD,600,34,0,0,0,0,0,0,0,552,165,751,0,0,182.90186728909626,1010.8349999999989,1887.4559999999985,137578.1
00000261--4ff9c41127--21,E_REP_HOLD,599,35,0,0,0,0,0,0,0,79,204,699,0,0,159.72104034678205,992.5649999999996,1739.4709999999984,68762.9
00000261--4ff9c41127--22,E_REP_HOLD,600,26,0,0,0,0,0,0,0,364,228,790,0,0,198.0458451290587,1231.5800000000002,2369.3200000000006,76755.0
00000261--4ff9c41127--23,E_REP_HOLD,600,17,0,0,0,0,0,0,0,37,137,715,0,0,167.04714000665138,923.9899999999992,1503.1409999999996,147746.3
00000261--4ff9c41127--24,E_REP_HOLD,600,23,0,0,0,0,0,0,0,263,70,523,0,0,144.20594603597632,848.8699999999989,1450.986000000001,64589.0
00000261--4ff9c41127--25,E_REP_HOLD,599,21,0,0,0,0,0,0,0,305,29,557,0,0,163.42659893404442,1008.7849999999999,1596.6890000000008,123043.2
00000261--4ff9c41127--26,E_REP_HOLD,599,56,0,0,0,0,0,0,0,8,55,568,0,0,177.60203197868108,1002.174999999997,1937.0730000000055,158748.4
00000261--4ff9c41127--27,E_REP_HOLD,599,86,0,0,0,0,0,0,0,337,85,834,0,0,181.5845692384592,1092.6,2121.9,124369.6
00000261--4ff9c41127--28,E_REP_HOLD,444,98,0,0,0,0,0,0,0,1,56,350,0,0,184.88091397849473,1033.1249999999998,1815.237,133845.5
00000261--4ff9c41127--3,E_REP_HOLD,600,28,0,0,0,0,0,0,0,19,38,502,0,0,139.29903349441716,739.2,1444.4,84706.3
00000261--4ff9c41127--4,E_REP_HOLD,600,35,0,0,0,0,0,0,0,18,33,523,0,0,158.87513747708687,956.7,1658.9,95739.1
00000261--4ff9c41127--5,E_REP_HOLD,600,50,0,0,0,0,0,0,0,13,8,449,0,0,172.30243373895624,1158.329999999998,1649.1619999999962,79139.9
00000261--4ff9c41127--6,E_REP_HOLD,600,38,0,0,0,0,0,0,0,74,55,530,0,0,147.14548483838672,904.9149999999997,1586.5449999999987,62087.3
00000261--4ff9c41127--7,E_REP_HOLD,600,20,0,0,0,0,0,0,0,70,31,516,0,0,142.74496913065232,861.3999999999994,1475.7799999999995,64115.2
00000261--4ff9c41127--8,E_REP_HOLD,600,72,0,0,0,0,0,0,0,454,176,837,0,0,177.5054684894965,1181.8349999999996,1922.8709999999987,65875.2
00000261--4ff9c41127--9,E_REP_HOLD,600,36,0,0,0,0,0,0,0,360,95,738,0,0,193.12116666666694,1187.3650000000002,2260.294000000002,72555.1
00000264--31b802e87a--1,E_REP_HOLD,600,47,0,0,0,0,0,0,0,9,44,577,0,0,130.0644070619584,702.6899999999993,1486.3880000000029,56732.3
00000264--31b802e87a--10,E_REP_HOLD,599,13,0,0,0,0,0,0,0,12,41,620,0,0,152.51037012337525,868.8599999999999,1272.0,111077.5
00000264--31b802e87a--11,E_REP_HOLD,600,11,0,0,0,0,0,0,0,16,93,701,0,0,156.68381936343988,923.5,1356.5,109140.1
00000264--31b802e87a--12,E_REP_HOLD,600,19,0,0,0,0,0,0,0,95,119,672,0,0,147.55043347782572,875.115,1367.9239999999998,98672.2
00000264--31b802e87a--13,E_REP_HOLD,600,8,0,0,0,0,0,0,0,20,40,506,0,0,111.87458333333318,578.6100000000001,937.9340000000007,87056.3
00000264--31b802e87a--14,E_REP_HOLD,600,20,0,0,0,0,0,0,0,16,40,372,0,0,135.88134999999983,715.1200000000001,1402.4340000000027,88135.6
00000264--31b802e87a--15,E_REP_HOLD,600,17,0,0,0,0,0,0,0,4,24,489,0,0,140.66906151025157,811.21,1304.6219999999994,74947.1
00000264--31b802e87a--16,E_REP_HOLD,600,8,0,0,0,0,0,0,0,10,48,487,0,0,147.4063510585092,842.7999999999984,1433.0319999999992,70954.9
00000264--31b802e87a--17,E_REP_HOLD,600,6,0,0,0,0,0,0,0,21,62,571,0,0,196.5105333333339,1295.7200000000003,1970.941000000003,91609.9
00000264--31b802e87a--18,E_REP_HOLD,600,10,0,0,0,0,0,0,0,5,31,552,0,0,167.47988333333328,869.7600000000007,1841.7920000000022,116169.1
00000264--31b802e87a--19,E_REP_HOLD,600,6,0,0,0,0,0,0,0,268,94,820,0,0,150.46564478507136,885.19,1410.4729999999995,96199.1
00000264--31b802e87a--2,E_REP_HOLD,600,14,0,0,0,0,0,0,0,0,6,244,0,0,133.58647793505418,728.7600000000004,1083.1080000000002,121745.9
00000264--31b802e87a--20,E_REP_HOLD,600,10,0,0,0,0,0,0,0,11,27,726,0,0,158.45295784036028,923.4,1432.1,129593.4
00000264--31b802e87a--21,E_REP_HOLD,600,50,0,0,0,0,0,0,0,136,158,901,0,0,199.96705568522856,1221.5249999999994,2349.5729999999953,118856.6
00000264--31b802e87a--22,E_REP_HOLD,600,26,0,0,0,0,0,0,0,73,221,782,0,0,281.60726545575744,2015.1,3708.5,146422.0
00000264--31b802e87a--23,E_REP_HOLD,600,21,0,0,0,0,0,0,0,4,170,840,0,0,207.45371542819095,1416.985,2299.0819999999994,104650.2
00000264--31b802e87a--24,E_REP_HOLD,600,40,0,0,0,0,0,0,0,266,129,891,0,0,200.23076025341803,1395.564999999999,2155.640999999996,108710.0
00000264--31b802e87a--25,E_REP_HOLD,600,26,0,0,0,0,0,0,0,7,34,493,0,0,147.4851382872372,784.99,1382.649999999999,137989.7
00000264--31b802e87a--26,E_REP_HOLD,600,6,0,0,0,0,0,0,0,4,25,311,0,0,124.1398132710902,619.2299999999999,1095.2789999999977,116232.9
00000264--31b802e87a--27,E_REP_HOLD,600,20,0,0,0,0,0,0,0,0,0,90,0,0,95.08623562739567,581.4,744.2,2477.3
00000264--31b802e87a--28,E_REP_HOLD,600,24,0,0,0,0,0,0,0,18,12,194,0,0,122.27315447425454,648.5,864.5,118220.5
00000264--31b802e87a--29,E_REP_HOLD,600,21,0,0,0,0,0,0,0,318,77,581,0,0,193.85620206735618,1258.7949999999996,2256.9539999999965,111750.5
00000264--31b802e87a--3,E_REP_HOLD,599,24,0,0,0,0,0,0,0,0,14,296,0,0,130.2851017684349,685.5399999999997,1058.214,121683.0
00000264--31b802e87a--30,E_REP_HOLD,600,21,0,0,0,0,0,0,0,200,41,514,0,0,175.71637787404165,1123.0099999999993,1724.7879999999975,124657.8
00000264--31b802e87a--31,E_REP_HOLD,599,48,0,0,0,0,0,0,0,231,58,599,0,0,178.4472745457581,1083.11,1667.747999999999,144603.1
00000264--31b802e87a--32,E_REP_HOLD,600,66,0,0,0,0,0,0,0,1,41,726,0,0,232.74925820970117,1598.0299999999988,2142.541999999999,142696.5
00000264--31b802e87a--33,E_REP_HOLD,599,35,0,0,0,0,0,0,0,0,17,888,0,0,247.2184802532915,1655.9,2094.5,117807.9
00000264--31b802e87a--34,E_REP_HOLD,600,24,0,0,0,0,0,0,0,249,90,642,0,0,207.5355714761746,1397.985,2458.5899999999974,65802.3
00000264--31b802e87a--35,E_REP_HOLD,599,20,0,0,0,0,0,0,0,10,44,317,0,0,135.2779629938327,773.6999999999967,1427.7639999999938,52848.2
00000264--31b802e87a--36,E_REP_HOLD,599,4,0,0,0,0,0,0,0,0,3,96,0,0,104.11213333333326,400.51000000000005,666.2660000000014,159430.5
00000264--31b802e87a--37,E_REP_HOLD,599,5,0,0,0,0,0,0,0,1,8,232,0,0,126.30019993335567,602.8899999999996,991.4319999999964,142708.9
00000264--31b802e87a--38,E_REP_HOLD,599,64,0,0,0,0,0,0,0,485,99,715,0,0,199.92784535910732,1284.3,2079.6,141345.1
00000264--31b802e87a--39,E_REP_HOLD,599,78,0,0,0,0,0,0,0,73,80,783,0,0,183.05066666666616,1220.045,1880.1390000000008,89359.0
00000264--31b802e87a--4,E_REP_HOLD,599,17,0,0,0,0,0,0,0,15,33,400,0,0,115.4347282427473,618.8849999999993,1061.948999999998,66856.6
00000264--31b802e87a--40,E_REP_HOLD,600,95,0,0,0,0,0,0,0,4,67,683,0,0,163.99105149141795,949.1,1835.1,92650.5
00000264--31b802e87a--41,E_REP_HOLD,396,5,0,0,0,0,0,0,0,0,8,125,0,0,88.10905442688735,471.89999999999964,766.8859999999994,2209.8
00000264--31b802e87a--5,E_REP_HOLD,599,24,0,0,0,0,0,0,0,109,29,578,0,0,164.29406765539076,941.2,1597.5,151926.5
00000264--31b802e87a--6,E_REP_HOLD,600,15,0,0,0,0,0,0,0,0,22,421,0,0,131.20866377874057,729.0449999999998,1248.4729999999995,62882.5
00000264--31b802e87a--7,E_REP_HOLD,599,15,0,0,0,0,0,0,0,14,100,456,0,0,151.91498832944325,749.9549999999979,2095.237999999999,61407.7
00000264--31b802e87a--8,E_REP_HOLD,599,36,0,0,0,0,0,0,0,85,230,866,0,0,268.6699000000008,1744.7700000000004,3368.255000000001,132820.5
00000264--31b802e87a--9,E_REP_HOLD,599,12,0,0,0,0,0,0,0,1,107,719,0,0,162.2593666666663,963.91,1450.8240000000003,89194.5
00000266--f9c40304ea--0,E_REP_HOLD,621,96,0,0,0,0,0,0,0,32,85,595,0,0,153.24229032258063,1031.6749999999988,1821.1120000000003,62588.7
00000266--f9c40304ea--1,E_REP_HOLD,600,60,0,0,0,0,0,0,0,134,79,747,0,0,192.7712618769791,1276.0299999999995,1863.1519999999987,110828.7
00000266--f9c40304ea--10,E_REP_HOLD,599,46,0,0,0,0,0,0,0,87,72,682,0,0,197.35748832555126,1303.225,1848.2250000000004,122609.4
00000266--f9c40304ea--11,E_REP_HOLD,600,70,0,0,0,0,0,0,0,590,225,831,0,0,241.110844177511,1470.54,4013.641999999997,86682.9
00000266--f9c40304ea--12,E_REP_HOLD,600,44,0,0,0,0,0,0,0,516,136,843,0,0,201.01616397267082,1269.1,2387.3,65283.6
00000266--f9c40304ea--13,E_REP_HOLD,600,8,0,0,0,0,0,0,0,1,47,492,0,0,140.49853308884812,747.8699999999995,1380.8699999999983,93974.3
00000266--f9c40304ea--14,E_REP_HOLD,600,61,0,0,0,0,0,0,0,272,169,845,0,0,225.16344068079496,1413.119999999998,2505.6799999999985,117897.4
00000266--f9c40304ea--15,E_REP_HOLD,600,20,0,0,0,0,0,0,0,11,66,686,0,0,174.75021666666694,1052.6200000000003,1992.990000000002,78866.1
00000266--f9c40304ea--16,E_REP_HOLD,600,24,0,0,0,0,0,0,0,1,28,429,0,0,188.98411137045682,1162.5049999999999,1855.1389999999997,122252.6
00000266--f9c40304ea--17,E_REP_HOLD,600,24,0,0,0,0,0,0,0,351,120,673,0,0,217.69799966661097,1461.1299999999983,2426.733999999999,133425.9
00000266--f9c40304ea--18,E_REP_HOLD,600,52,0,0,0,0,0,0,0,565,36,439,0,0,242.61107226107194,1876.8500000000001,2364.8549999999996,109351.4
00000266--f9c40304ea--19,E_REP_HOLD,600,36,0,0,0,0,0,0,0,486,80,635,0,0,175.59007163085118,1074.839999999999,2002.5719999999972,95203.9
00000266--f9c40304ea--2,E_REP_HOLD,600,75,0,0,0,0,0,0,0,377,63,659,0,0,158.99813581890797,996.0499999999975,1666.3360000000016,95373.7
00000266--f9c40304ea--20,E_REP_HOLD,600,43,0,0,0,0,0,0,0,0,13,527,0,0,257.6209798366932,1746.2,2232.6,143715.4
00000266--f9c40304ea--21,E_REP_HOLD,600,123,0,0,0,0,0,0,0,53,98,678,0,0,186.7846525579066,1264.6,1977.3,92942.3
00000266--f9c40304ea--22,E_REP_HOLD,600,55,0,0,0,0,0,0,0,0,36,305,0,0,101.58501666666697,489.53500000000014,1396.620000000007,4685.1
00000266--f9c40304ea--23,E_REP_HOLD,594,2,0,0,0,0,0,0,0,0,0,62,0,0,91.9653568429891,528.3200000000002,707.398,2432.2
00000266--f9c40304ea--3,E_REP_HOLD,600,48,0,0,0,0,0,0,0,364,68,803,0,0,195.93214464255948,1280.2,1983.7,141636.0
00000266--f9c40304ea--4,E_REP_HOLD,599,61,0,0,0,0,0,0,0,1,24,520,0,0,173.77712047992026,1103.4,1717.1,120435.2
00000266--f9c40304ea--5,E_REP_HOLD,600,38,0,0,0,0,0,0,0,18,20,399,0,0,185.90548059303683,1205.6199999999992,1619.3759999999952,110514.3
00000266--f9c40304ea--6,E_REP_HOLD,599,30,0,0,0,0,0,0,0,57,54,466,0,0,181.0042521260631,1076.6999999999998,1835.536,154755.8
00000266--f9c40304ea--7,E_REP_HOLD,600,53,0,0,0,0,0,0,0,20,61,726,0,0,187.86078627352973,1110.8599999999994,1995.865999999997,131588.9
00000266--f9c40304ea--8,E_REP_HOLD,599,43,0,0,0,0,0,0,0,181,78,599,0,0,173.1919292979821,986.6999999999994,1679.2319999999995,141147.8
00000266--f9c40304ea--9,E_REP_HOLD,600,22,0,0,0,0,0,0,0,1,21,584,0,0,160.97418333333303,989.105,1470.106,131992.6
00000267--5bcd0e5bb8--0,E_REP_HOLD,622,45,0,0,0,0,0,0,0,3,36,359,0,0,140.17103737113396,745.4899999999998,1400.5670000000007,75055.8
00000267--5bcd0e5bb8--1,E_REP_HOLD,600,51,0,0,0,0,0,0,0,136,96,691,0,0,173.7581639453512,1013.9,1864.3990000000001,128523.0
00000267--5bcd0e5bb8--10,E_REP_HOLD,600,44,0,0,0,0,0,0,0,21,85,623,0,0,218.4652000000003,1437.5600000000002,2387.183000000004,149459.3
00000267--5bcd0e5bb8--11,E_REP_HOLD,600,28,0,0,0,0,0,0,0,328,137,642,0,0,180.39129999999986,1007.3150000000005,2187.9140000000007,73825.2
00000267--5bcd0e5bb8--12,E_REP_HOLD,600,10,0,0,0,0,0,0,0,0,5,388,0,0,132.36482160720286,792.2799999999995,1084.5479999999995,61647.6
00000267--5bcd0e5bb8--13,E_REP_HOLD,600,80,0,0,0,0,0,0,0,230,134,853,0,0,220.9922268557134,1488.03,2207.7200000000007,131240.0
00000267--5bcd0e5bb8--14,E_REP_HOLD,600,57,0,0,0,0,0,0,0,53,79,630,0,0,177.09858309718305,1089.709999999999,1940.7519999999988,82332.0
00000267--5bcd0e5bb8--15,E_REP_HOLD,599,30,0,0,0,0,0,0,0,1,44,467,0,0,167.447090211773,1115.1799999999996,1569.5359999999998,65370.6
00000267--5bcd0e5bb8--16,E_REP_HOLD,600,58,0,0,0,0,0,0,0,300,32,440,0,0,181.46239586804336,1156.3799999999997,1762.6829999999998,126788.3
00000267--5bcd0e5bb8--17,E_REP_HOLD,599,98,0,0,0,0,0,0,0,485,97,589,0,0,180.77414195268267,1092.4449999999997,1774.1039999999937,151681.9
00000267--5bcd0e5bb8--18,E_REP_HOLD,599,160,0,0,0,0,0,0,0,2,103,816,0,0,184.53763118440799,1273.2399999999996,2172.9599999999946,87677.0
00000267--5bcd0e5bb8--19,E_REP_HOLD,343,45,0,0,0,0,0,0,0,0,37,181,0,0,163.57862088863254,972.525,1693.9149999999959,80388.1
00000267--5bcd0e5bb8--2,E_REP_HOLD,600,118,0,0,0,0,0,0,0,6,37,588,0,0,243.20011660836263,1792.85,2277.1659999999993,113799.7
00000267--5bcd0e5bb8--3,E_REP_HOLD,600,86,0,0,0,0,0,0,0,448,97,700,0,0,190.8352058676448,1279.7099999999984,2025.8239999999994,87017.0
00000267--5bcd0e5bb8--4,E_REP_HOLD,600,30,0,0,0,0,0,0,0,386,81,608,0,0,193.00671442852337,1133.614999999999,2560.864999999997,93845.3
00000267--5bcd0e5bb8--5,E_REP_HOLD,600,29,0,0,0,0,0,0,0,460,105,780,0,0,196.52503750625104,1174.4799999999973,2271.8759999999957,118875.0
00000267--5bcd0e5bb8--6,E_REP_HOLD,600,9,0,0,0,0,0,0,0,10,101,607,0,0,155.80233333333322,895.1200000000001,1693.9250000000006,85258.4
00000267--5bcd0e5bb8--7,E_REP_HOLD,600,10,0,0,0,0,0,0,0,27,91,735,0,0,174.6877166666668,1051.505,1866.043000000003,71322.8
00000267--5bcd0e5bb8--8,E_REP_HOLD,600,49,0,0,0,0,0,0,0,490,81,803,0,0,228.02759080306507,1610.6549999999993,2520.0959999999995,102408.6
00000267--5bcd0e5bb8--9,E_REP_HOLD,600,41,0,0,0,0,0,0,0,9,27,768,0,0,221.10085014169027,1467.2299999999987,2059.1519999999964,120091.4
00000269--4014745f93--0,E_REP_HOLD,620,44,0,0,0,0,0,0,0,236,25,350,0,0,156.75196964804647,905.7849999999994,1480.728,87856.4
00000269--4014745f93--1,E_REP_HOLD,600,6,0,0,0,0,0,0,0,0,11,102,0,0,95.70440587449923,598.5249999999999,861.6800000000003,2431.2
00000269--4014745f93--10,E_REP_HOLD,600,13,0,0,0,0,0,0,0,6,62,637,0,0,150.43729378436947,857.4,1327.1,90664.8
00000269--4014745f93--11,E_REP_HOLD,600,23,0,0,0,0,0,0,0,29,79,779,0,0,170.6157166666661,1001.9800000000002,1745.143000000001,120579.6
00000269--4014745f93--12,E_REP_HOLD,600,27,0,0,0,0,0,0,0,207,100,591,0,0,166.27739246415467,950.2099999999995,1714.2599999999995,124659.0
00000269--4014745f93--13,E_REP_HOLD,600,20,0,0,0,0,0,0,0,19,44,561,0,0,159.31016497250462,914.4,1793.2,91255.0
00000269--4014745f93--14,E_REP_HOLD,600,34,0,0,0,0,0,0,0,100,85,712,0,0,140.19056981006335,813.2349999999993,1375.1829999999998,79712.1
00000269--4014745f93--15,E_REP_HOLD,600,24,0,0,0,0,0,0,0,6,64,522,0,0,122.44087725150088,569.9,1324.280000000001,104557.3
00000269--4014745f93--16,E_REP_HOLD,600,21,0,0,0,0,0,0,0,29,77,605,0,0,148.91350225037485,845.6599999999996,1234.5119999999974,114608.9
00000269--4014745f93--17,E_REP_HOLD,600,13,0,0,0,0,0,0,0,240,84,637,0,0,145.74149999999992,822.5200000000001,1257.5360000000007,110702.5
00000269--4014745f93--18,E_REP_HOLD,600,19,0,0,0,0,0,0,0,157,86,711,0,0,165.85384230705134,1023.9599999999997,1467.8759999999982,124984.6
00000269--4014745f93--19,E_REP_HOLD,600,21,0,0,0,0,0,0,0,521,105,770,0,0,162.6067822029665,982.2,1405.9,144483.0
00000269--4014745f93--2,E_REP_HOLD,599,19,0,0,0,0,0,0,0,114,69,455,0,0,168.51459549624664,967.4700000000006,1847.2020000000005,124997.7
00000269--4014745f93--20,E_REP_HOLD,600,10,0,0,0,0,0,0,0,0,81,680,0,0,162.02633772295417,979.0599999999964,1484.502,107107.7
00000269--4014745f93--21,E_REP_HOLD,600,8,0,0,0,0,0,0,0,0,90,519,0,0,141.56349391565237,791.1499999999992,1136.8119999999974,106136.3
00000269--4014745f93--22,E_REP_HOLD,600,37,0,0,0,0,0,0,0,421,256,876,0,0,212.12116313947655,1261.1,2361.2,125897.0
00000269--4014745f93--23,E_REP_HOLD,600,14,0,0,0,0,0,0,0,2,7,154,0,0,71.63067689229726,309.8,571.8569999999995,3038.6
00000269--4014745f93--24,E_REP_HOLD,600,37,0,0,0,0,0,0,0,136,25,432,0,0,159.46918846858838,807.7,1852.1,122364.9
00000269--4014745f93--25,E_REP_HOLD,600,16,0,0,0,0,0,0,0,271,24,515,0,0,179.4672054657555,1051.0,1602.9,122104.2
00000269--4014745f93--26,E_REP_HOLD,600,66,0,0,0,0,0,0,0,19,83,808,0,0,186.921503583931,1135.759999999999,1934.5359999999969,137084.4
00000269--4014745f93--27,E_REP_HOLD,600,86,0,0,0,0,0,0,0,3,45,475,0,0,158.28008665222384,1061.4,1589.5,56708.9
00000269--4014745f93--3,E_REP_HOLD,599,62,0,0,0,0,0,0,0,279,115,913,0,0,196.7014674003668,1290.26,2226.732,84438.8
00000269--4014745f93--4,E_REP_HOLD,599,36,0,0,0,0,0,0,0,3,26,671,0,0,154.4324270225187,924.2800000000002,1503.206,109966.5
00000269--4014745f93--5,E_REP_HOLD,599,70,0,0,0,0,0,0,0,0,18,595,0,0,173.94346230820608,1199.625,1596.88,81766.6
00000269--4014745f93--6,E_REP_HOLD,599,51,0,0,0,0,0,0,0,102,168,799,0,0,226.42377389858513,1257.3100000000004,3455.4559999999974,137673.0
00000269--4014745f93--7,E_REP_HOLD,600,51,0,0,0,0,0,0,0,58,123,899,0,0,227.85987664610747,1433.759999999999,2802.839999999992,149218.9
00000269--4014745f93--8,E_REP_HOLD,599,7,0,0,0,0,0,0,0,0,66,560,0,0,159.4071881254172,802.925,2201.1950000000024,69536.9
00000269--4014745f93--9,E_REP_HOLD,600,19,0,0,0,0,0,0,0,187,121,614,0,0,155.59385307346284,880.2399999999998,1622.6179999999981,92649.3
0000026a--171a0a1f5c--0,E_REP_HOLD,620,42,0,0,0,0,0,0,0,14,32,518,0,0,140.1671186440683,734.1099999999988,1061.6139999999991,149064.1
0000026a--171a0a1f5c--1,E_REP_HOLD,600,18,0,0,0,0,0,0,0,0,5,96,0,0,125.72507497500872,669.2749999999999,828.3969999999998,89619.2
0000026a--171a0a1f5c--10,E_REP_HOLD,599,43,0,0,0,0,0,0,0,382,352,1001,0,0,245.23289385847863,1698.4999999999995,3126.311000000001,99583.8
0000026a--171a0a1f5c--11,E_REP_HOLD,599,20,0,0,0,0,0,0,0,231,142,654,0,0,176.11135567783927,996.259999999999,1526.9759999999999,141389.9
0000026a--171a0a1f5c--12,E_REP_HOLD,600,8,0,0,0,0,0,0,0,16,34,568,0,0,154.339546137161,912.3599999999999,1694.832,62752.7
0000026a--171a0a1f5c--13,E_REP_HOLD,600,24,0,0,0,0,0,0,0,16,83,780,0,0,149.51460000000054,917.0400000000002,1362.6380000000008,63184.4
0000026a--171a0a1f5c--14,E_REP_HOLD,600,19,0,0,0,0,0,0,0,270,78,668,0,0,146.65861551292744,911.6000000000001,1353.1200000000028,81007.7
0000026a--171a0a1f5c--15,E_REP_HOLD,600,8,0,0,0,0,0,0,0,13,52,532,0,0,123.50218042609858,637.8599999999999,1053.434000000001,103944.2
0000026a--171a0a1f5c--16,E_REP_HOLD,600,13,0,0,0,0,0,0,0,64,93,654,0,0,169.70096537949405,1045.0349999999994,1910.0200000000011,88198.3
0000026a--171a0a1f5c--17,E_REP_HOLD,600,6,0,0,0,0,0,0,0,3,11,253,0,0,97.13959686823225,480.98999999999995,877.6859999999997,65155.7
0000026a--171a0a1f5c--18,E_REP_HOLD,600,0,0,0,0,0,0,0,0,0,3,145,0,0,111.02870709763394,638.4649999999999,819.697,65117.4
0000026a--171a0a1f5c--19,E_REP_HOLD,600,21,0,0,0,0,0,0,0,288,28,499,0,0,134.2991336221259,742.6850000000001,1343.552999999999,92649.4
0000026a--171a0a1f5c--2,E_REP_HOLD,600,37,0,0,0,0,0,0,0,176,43,474,0,0,160.18183938687113,967.0749999999999,1680.1769999999997,89679.7
0000026a--171a0a1f5c--20,E_REP_HOLD,600,15,0,0,0,0,0,0,0,17,49,598,0,0,143.656771180787,762.4000000000001,1559.920000000004,96440.1
0000026a--171a0a1f5c--21,E_REP_HOLD,600,9,0,0,0,0,0,0,0,10,48,539,0,0,165.81922692435862,1013.7749999999999,1540.2899999999997,98082.7
0000026a--171a0a1f5c--22,E_REP_HOLD,600,1,0,0,0,0,0,0,0,1,11,565,0,0,144.12822137022795,776.149999999998,1207.8239999999994,123924.8
0000026a--171a0a1f5c--23,E_REP_HOLD,600,7,0,0,0,0,0,0,0,15,98,770,0,0,137.18066988835204,807.4,1267.0,74277.7
0000026a--171a0a1f5c--24,E_REP_HOLD,600,20,0,0,0,0,0,0,0,18,47,775,0,0,183.80024995833946,1012.0,2032.8,125495.0
0000026a--171a0a1f5c--25,E_REP_HOLD,600,33,0,0,0,0,0,0,0,528,147,827,0,0,221.8060833333327,1436.82,2491.9050000000025,95063.0
0000026a--171a0a1f5c--26,E_REP_HOLD,600,14,0,0,0,0,0,0,0,582,162,813,0,0,210.29360106648875,1322.5,2427.5,128296.3
0000026a--171a0a1f5c--27,E_REP_HOLD,600,28,0,0,0,0,0,0,0,24,163,791,0,0,222.0476825608535,1397.1899999999998,2803.7279999999982,111004.8
0000026a--171a0a1f5c--28,E_REP_HOLD,600,63,0,0,0,0,0,0,0,346,217,734,0,0,245.0969651492412,1543.6799999999994,2692.6039999999994,150073.6
0000026a--171a0a1f5c--29,E_REP_HOLD,600,38,0,0,0,0,0,0,0,3,20,554,0,0,261.77288333333445,1665.5300000000002,2187.612,187854.5
0000026a--171a0a1f5c--3,E_REP_HOLD,600,33,0,0,0,0,0,0,0,30,33,902,0,0,160.18949824970844,1010.1299999999987,1698.8639999999984,86548.5
0000026a--171a0a1f5c--30,E_REP_HOLD,600,32,0,0,0,0,0,0,0,244,101,794,0,0,179.76813864355955,1021.7,1659.8,147121.5
0000026a--171a0a1f5c--31,E_REP_HOLD,599,13,0,0,0,0,0,0,0,0,33,559,0,0,267.7356726121027,1745.92,2303.387999999991,183429.3
0000026a--171a0a1f5c--32,E_REP_HOLD,599,21,0,0,0,0,0,0,0,50,80,616,0,0,214.86496666666702,1528.145,2446.607,120474.4
0000026a--171a0a1f5c--33,E_REP_HOLD,599,31,0,0,0,0,0,0,0,404,161,729,0,0,229.02125354225686,1531.0199999999995,2904.361999999982,165865.1
0000026a--171a0a1f5c--34,E_REP_HOLD,349,32,0,0,0,0,0,0,0,11,59,523,0,0,229.19517456713046,1516.6499999999983,2398.5119999999997,114901.0
0000026a--171a0a1f5c--4,E_REP_HOLD,600,10,0,0,0,0,0,0,0,545,10,440,0,0,179.99181666666598,1196.7300000000002,1577.8270000000005,121613.3
0000026a--171a0a1f5c--5,E_REP_HOLD,599,0,0,0,0,0,0,0,0,0,0,95,0,0,92.77201666666635,500.21500000000003,660.3230000000004,2412.0
0000026a--171a0a1f5c--6,E_REP_HOLD,600,5,0,0,0,0,0,0,0,0,1,188,0,0,129.69788403865417,616.1899999999995,891.4919999999998,145016.4
0000026a--171a0a1f5c--7,E_REP_HOLD,599,26,0,0,0,0,0,0,0,21,43,364,0,0,146.56736122687096,810.5799999999996,1454.1419999999896,68322.7
0000026a--171a0a1f5c--8,E_REP_HOLD,599,2,0,0,0,0,0,0,0,0,1,109,0,0,104.2365333333336,425.7250000000001,643.5340000000008,125372.8
0000026a--171a0a1f5c--9,E_REP_HOLD,599,4,0,0,0,0,0,0,0,34,21,280,0,0,115.98264710785155,608.0099999999984,1321.7059999999974,54535.3
0000026b--4dfb361eee--0,E_REP_HOLD,621,68,0,0,0,0,0,0,0,314,67,798,0,0,203.66922456875787,1301.1399999999999,2031.807999999996,139283.8
0000026b--4dfb361eee--1,E_REP_HOLD,600,72,0,0,0,0,0,0,0,19,56,629,0,0,210.39735132433853,1426.3699999999992,2077.033999999992,150270.4
0000026b--4dfb361eee--10,E_REP_HOLD,600,56,0,0,0,0,0,0,0,18,38,617,0,0,159.93827695384084,1065.9,1643.5,56401.3
0000026b--4dfb361eee--11,E_REP_HOLD,596,33,0,0,0,0,0,0,0,3,40,501,0,0,143.54087566844865,626.7049999999994,1344.2030000000004,150154.1
0000026b--4dfb361eee--2,E_REP_HOLD,600,30,0,0,0,0,0,0,0,12,37,720,0,0,236.79613075383529,1580.1,2077.62,142594.3
0000026b--4dfb361eee--3,E_REP_HOLD,600,27,0,0,0,0,0,0,0,1,28,794,0,0,250.55942342942907,1768.4,2183.3,116352.8
0000026b--4dfb361eee--4,E_REP_HOLD,600,33,0,0,0,0,0,0,0,25,83,646,0,0,205.2188666666674,1324.2650000000003,2187.2010000000046,135049.2
0000026b--4dfb361eee--5,E_REP_HOLD,600,27,0,0,0,0,0,0,0,130,51,387,0,0,152.96460000000013,759.0350000000001,1790.3850000000018,88583.4
0000026b--4dfb361eee--6,E_REP_HOLD,600,9,0,0,0,0,0,0,0,0,1,107,0,0,124.53601666666678,670.2050000000002,877.6180000000005,96254.8
0000026b--4dfb361eee--7,E_REP_HOLD,600,8,0,0,0,0,0,0,0,0,6,195,0,0,124.75432427928658,690.5,957.1,66898.4
0000026b--4dfb361eee--8,E_REP_HOLD,600,35,0,0,0,0,0,0,0,172,67,552,0,0,167.09496750541555,981.0,1930.8,63559.4
0000026b--4dfb361eee--9,E_REP_HOLD,600,65,0,0,0,0,0,0,0,23,63,755,0,0,181.82647107851272,1183.7299999999998,1801.8459999999989,63642.3
0000026d--2363789071--0,E_REP_HOLD,617,8,0,0,0,0,0,0,0,0,7,165,0,0,131.331431366156,679.6799999999996,995.9010000000001,94304.3
0000026d--2363789071--1,E_REP_HOLD,600,5,0,0,0,0,0,0,0,21,56,492,0,0,151.62528220451554,892.1499999999994,1523.4159999999952,110437.7
0000026d--2363789071--10,E_REP_HOLD,600,9,0,0,0,0,0,0,0,68,8,407,0,0,115.71045249624255,566.419999999999,950.1279999999997,104582.1
0000026d--2363789071--11,E_REP_HOLD,600,4,0,0,0,0,0,0,0,1,11,488,0,0,161.719464760638,903.9499999999999,2052.2900000000027,62623.7
0000026d--2363789071--12,E_REP_HOLD,600,3,0,0,0,0,0,0,0,34,13,505,0,0,136.76124521391733,792.2599999999999,1164.788,85913.4
0000026d--2363789071--13,E_REP_HOLD,600,3,0,0,0,0,0,0,0,21,27,467,0,0,141.18676789587798,755.2799999999994,1098.3159999999996,112446.2
0000026d--2363789071--14,E_REP_HOLD,600,8,0,0,0,0,0,0,0,14,36,491,0,0,143.4263675783851,797.6,1234.5700000000008,91610.9
0000026d--2363789071--15,E_REP_HOLD,600,10,0,0,0,0,0,0,0,1,23,463,0,0,137.85710473649067,824.3249999999999,1248.515000000002,73731.5
0000026d--2363789071--16,E_REP_HOLD,600,10,0,0,0,0,0,0,0,21,28,456,0,0,132.60866089273821,735.1949999999996,1038.9980000000007,102057.7
0000026d--2363789071--17,E_REP_HOLD,600,4,0,0,0,0,0,0,0,0,23,421,0,0,117.53462691538955,636.7399999999997,955.186000000001,98321.4
0000026d--2363789071--18,E_REP_HOLD,600,3,0,0,0,0,0,0,0,10,25,410,0,0,125.02181666666687,651.8600000000001,988.6140000000004,103222.3
0000026d--2363789071--19,E_REP_HOLD,600,19,0,0,0,0,0,0,0,226,85,508,0,0,145.9600700817619,823.7799999999988,1206.7399999999998,90770.0
0000026d--2363789071--2,E_REP_HOLD,599,6,0,0,0,0,0,0,0,16,51,628,0,0,159.8974166666672,975.605,1555.1380000000008,97263.8
0000026d--2363789071--20,E_REP_HOLD,600,8,0,0,0,0,0,0,0,15,53,476,0,0,129.68182424545589,684.18,1028.1799999999998,121809.1
0000026d--2363789071--21,E_REP_HOLD,600,51,0,0,0,0,0,0,0,12,56,654,0,0,175.37211088844373,886.8149999999989,2038.7820000000002,105707.4
0000026d--2363789071--22,E_REP_HOLD,599,6,0,0,0,0,0,0,0,9,38,693,0,0,157.17505003335583,878.8000000000001,1236.9,104675.1
0000026d--2363789071--23,E_REP_HOLD,600,16,0,0,0,0,0,0,0,6,32,675,0,0,144.28637421070138,816.8499999999997,1226.0969999999995,113612.7
0000026d--2363789071--24,E_REP_HOLD,599,3,0,0,0,0,0,0,0,18,28,619,0,0,171.07329999999996,905.7050000000002,1764.580000000004,131822.7
0000026d--2363789071--25,E_REP_HOLD,600,4,0,0,0,0,0,0,0,11,59,483,0,0,129.5556776556774,689.7499999999999,1058.465,120844.4
0000026d--2363789071--26,E_REP_HOLD,599,5,0,0,0,0,0,0,0,6,10,485,0,0,122.49275362318876,648.7399999999998,1117.8699999999994,84746.2
0000026d--2363789071--27,E_REP_HOLD,599,6,0,0,0,0,0,0,0,1,19,428,0,0,160.7200133422279,887.775,1438.450000000002,120740.6
0000026d--2363789071--28,E_REP_HOLD,599,9,0,0,0,0,0,0,0,119,54,541,0,0,133.93806666666626,730.835,1150.8120000000001,123169.8
0000026d--2363789071--29,E_REP_HOLD,599,13,0,0,0,0,0,0,0,0,50,492,0,0,156.07238333333282,845.305,1375.239000000001,139603.5
0000026d--2363789071--3,E_REP_HOLD,599,28,0,0,0,0,0,0,0,400,70,506,0,0,155.8140020026705,839.4449999999997,1670.511000000001,119971.5
0000026d--2363789071--30,E_REP_HOLD,600,4,0,0,0,0,0,0,0,5,36,445,0,0,163.71736666666717,900.4800000000002,1423.132000000005,155317.4
0000026d--2363789071--31,E_REP_HOLD,600,0,0,0,0,0,0,0,0,4,14,384,0,0,114.62671781187437,642.4499999999999,1073.455000000001,60385.1
0000026d--2363789071--32,E_REP_HOLD,600,6,0,0,0,0,0,0,0,0,16,321,0,0,109.87258790201582,554.7,867.6,65591.1
0000026d--2363789071--33,E_REP_HOLD,600,4,0,0,0,0,0,0,0,5,28,519,0,0,140.78625750500328,726.875,1344.8250000000005,102664.2
0000026d--2363789071--34,E_REP_HOLD,600,3,0,0,0,0,0,0,0,202,7,443,0,0,159.5909681719719,810.4,1583.4,146746.7
0000026d--2363789071--35,E_REP_HOLD,600,1,0,0,0,0,0,0,0,49,2,197,0,0,112.45275183455644,594.85,978.215000000001,63433.9
0000026d--2363789071--36,E_REP_HOLD,600,3,0,0,0,0,0,0,0,17,10,316,0,0,114.32209631728027,505.0,813.1,138779.0
0000026d--2363789071--37,E_REP_HOLD,600,13,0,0,0,0,0,0,0,3,34,599,0,0,156.11469999999994,897.4950000000003,1476.2490000000012,128675.1
0000026d--2363789071--38,E_REP_HOLD,600,5,0,0,0,0,0,0,0,2,32,331,0,0,113.49266299816557,556.72,947.12,70657.7
0000026d--2363789071--39,E_REP_HOLD,600,4,0,0,0,0,0,0,0,163,40,433,0,0,137.4025333333332,774.4350000000001,1080.2200000000005,88970.9
0000026d--2363789071--4,E_REP_HOLD,599,9,0,0,0,0,0,0,0,11,45,440,0,0,149.91918401332202,939.6600000000001,1319.376,65911.5
0000026d--2363789071--40,E_REP_HOLD,600,5,0,0,0,0,0,0,0,0,13,369,0,0,134.13820243455018,680.5399999999993,1071.2559999999999,139888.2
0000026d--2363789071--41,E_REP_HOLD,600,2,0,0,0,0,0,0,0,5,7,284,0,0,117.605266666667,604.3,881.4430000000009,88668.4
0000026d--2363789071--42,E_REP_HOLD,600,10,0,0,0,0,0,0,0,16,51,483,0,0,134.77534178059338,765.0999999999985,1368.8419999999994,65486.4
0000026d--2363789071--43,E_REP_HOLD,600,2,0,0,0,0,0,0,0,29,50,472,0,0,139.91704961704917,780.075,1069.5149999999996,113214.3
0000026d--2363789071--44,E_REP_HOLD,600,3,0,0,0,0,0,0,0,0,5,297,0,0,126.91213382157105,619.4199999999997,959.7970000000008,99667.2
0000026d--2363789071--45,E_REP_HOLD,600,7,0,0,0,0,0,0,0,12,50,422,0,0,124.35378207264263,686.9749999999999,1061.3729999999994,62209.6
0000026d--2363789071--46,E_REP_HOLD,600,12,0,0,0,0,0,0,0,4,69,546,0,0,135.864889185136,755.6,1231.1,86938.7
0000026d--2363789071--47,E_REP_HOLD,600,7,0,0,0,0,0,0,0,4,25,409,0,0,120.29213857428346,597.0249999999997,1095.8430000000005,64645.0
0000026d--2363789071--48,E_REP_HOLD,600,13,0,0,0,0,0,0,0,110,26,388,0,0,98.00571761960366,507.5,841.6179999999996,55416.7
0000026d--2363789071--49,E_REP_HOLD,600,32,0,0,0,0,0,0,0,7,70,539,0,0,144.02986666666644,735.6500000000002,1610.104,107552.0
0000026d--2363789071--5,E_REP_HOLD,599,16,0,0,0,0,0,0,0,372,64,516,0,0,144.27743709381718,839.7,1488.9,80506.1
0000026d--2363789071--50,E_REP_HOLD,600,11,0,0,0,0,0,0,0,7,47,490,0,0,140.95899616474904,777.1399999999996,1302.9439999999995,74693.3
0000026d--2363789071--51,E_REP_HOLD,599,4,0,0,0,0,0,0,0,12,11,515,0,0,157.45885295098358,870.8599999999999,1419.8039999999983,125223.1
0000026d--2363789071--52,E_REP_HOLD,599,4,0,0,0,0,0,0,0,12,12,355,0,0,125.89695550351286,649.3199999999997,1018.9689999999998,102608.1
0000026d--2363789071--53,E_REP_HOLD,599,0,0,0,0,0,0,0,0,4,1,351,0,0,106.9256376062678,521.8199999999994,759.5739999999983,88141.9
0000026d--2363789071--54,E_REP_HOLD,599,12,0,0,0,0,0,0,0,21,51,456,0,0,141.077302140368,739.31,1230.7679999999982,108969.6
0000026d--2363789071--55,E_REP_HOLD,599,7,0,0,0,0,0,0,0,24,16,360,0,0,125.46767205465746,675.1,1028.9,85790.6
0000026d--2363789071--56,E_REP_HOLD,599,6,0,0,0,0,0,0,0,34,27,571,0,0,134.28600699650175,749.5299999999999,1182.977999999995,100266.5
0000026d--2363789071--57,E_REP_HOLD,600,18,0,0,0,0,0,0,0,140,68,507,0,0,141.9258080639786,815.49,1434.0869999999998,92118.1
0000026d--2363789071--58,E_REP_HOLD,600,4,0,0,0,0,0,0,0,14,31,464,0,0,161.83585723815892,941.5500000000001,1721.2900000000016,92310.8
0000026d--2363789071--59,E_REP_HOLD,600,0,0,0,0,0,0,0,0,6,3,351,0,0,154.0030838473071,813.1599999999996,1383.2739999999958,114612.3
0000026d--2363789071--6,E_REP_HOLD,599,4,0,0,0,0,0,0,0,18,47,480,0,0,149.39000333222248,808.0649999999999,1280.0959999999998,140676.4
0000026d--2363789071--60,E_REP_HOLD,600,1,0,0,0,0,0,0,0,0,1,297,0,0,164.9494329553033,955.6,1447.6350000000004,118097.0
0000026d--2363789071--61,E_REP_HOLD,600,10,0,0,0,0,0,0,0,11,32,392,0,0,146.28445777111403,741.9199999999997,1310.663999999997,139561.7
0000026d--2363789071--62,E_REP_HOLD,600,14,0,0,0,0,0,0,0,0,25,428,0,0,162.2984330721787,942.6,1367.7759999999957,114544.7
0000026d--2363789071--63,E_REP_HOLD,600,7,0,0,0,0,0,0,0,0,24,385,0,0,147.6729743247748,790.0599999999998,1168.830999999998,139893.6
0000026d--2363789071--64,E_REP_HOLD,600,2,0,0,0,0,0,0,0,0,3,244,0,0,146.5640013326675,845.4,1227.7439999999988,119583.4
0000026d--2363789071--65,E_REP_HOLD,600,2,0,0,0,0,0,0,0,2,5,267,0,0,122.93708951491942,689.4299999999998,974.4779999999981,102924.4
0000026d--2363789071--66,E_REP_HOLD,600,18,0,0,0,0,0,0,0,11,44,415,0,0,152.31804699216792,868.9,1318.9,124583.6
0000026d--2363789071--67,E_REP_HOLD,600,14,0,0,0,0,0,0,0,15,38,332,0,0,155.05994000999797,821.4,1475.6,149081.0
0000026d--2363789071--68,E_REP_HOLD,600,4,0,0,0,0,0,0,0,5,6,274,0,0,122.91817272424134,667.43,1020.3779999999994,63791.8
0000026d--2363789071--69,E_REP_HOLD,600,2,0,0,0,0,0,0,0,0,3,322,0,0,120.61773037827021,664.2,969.8,68925.3
0000026d--2363789071--7,E_REP_HOLD,600,16,0,0,0,0,0,0,0,18,41,684,0,0,179.42144883992646,1017.65,1740.9700000000012,135898.6
0000026d--2363789071--70,E_REP_HOLD,600,6,0,0,0,0,0,0,0,8,59,451,0,0,123.87561666666646,669.2500000000002,1118.4590000000014,66028.6
0000026d--2363789071--71,E_REP_HOLD,600,10,0,0,0,0,0,0,0,220,45,525,0,0,157.4826695550737,794.5,1591.8,148148.0
0000026d--2363789071--72,E_REP_HOLD,600,7,0,0,0,0,0,0,0,36,14,447,0,0,146.12277953674402,711.5,1416.1,148094.3
0000026d--2363789071--73,E_REP_HOLD,600,9,0,0,0,0,0,0,0,8,29,467,0,0,125.62240373395566,653.7799999999996,1270.053999999994,89031.8
0000026d--2363789071--74,E_REP_HOLD,600,1,0,0,0,0,0,0,0,11,16,293,0,0,119.39261420473481,569.0749999999998,824.4959999999991,123435.6
0000026d--2363789071--75,E_REP_HOLD,600,1,0,0,0,0,0,0,0,11,19,378,0,0,154.71642214071397,915.6349999999996,1414.4069999999958,87365.6
0000026d--2363789071--76,E_REP_HOLD,600,11,0,0,0,0,0,0,0,10,24,386,0,0,121.01455242540406,663.2099999999983,1269.1599999999985,55757.2
0000026d--2363789071--77,E_REP_HOLD,599,4,0,0,0,0,0,0,0,8,32,284,0,0,125.70945630420248,607.55,938.1350000000002,126973.4
0000026d--2363789071--78,E_REP_HOLD,599,3,0,0,0,0,0,0,0,13,35,485,0,0,133.8717739246416,760.5449999999998,1277.898999999999,72062.6
0000026d--2363789071--79,E_REP_HOLD,599,1,0,0,0,0,0,0,0,7,14,308,0,0,114.75606136401511,525.74,789.8,111033.5
0000026d--2363789071--8,E_REP_HOLD,600,9,0,0,0,0,0,0,0,9,44,540,0,0,144.0288695942562,815.2799999999995,1397.128,65306.4
0000026d--2363789071--80,E_REP_HOLD,600,14,0,0,0,0,0,0,0,19,19,352,0,0,111.82606666666655,587.7000000000004,882.0240000000006,55586.5
0000026d--2363789071--81,E_REP_HOLD,600,5,0,0,0,0,0,0,0,12,33,315,0,0,122.4381769705046,566.5,987.2,107706.6
0000026d--2363789071--82,E_REP_HOLD,599,2,0,0,0,0,0,0,0,0,2,284,0,0,115.48954651550548,617.6949999999995,859.5349999999988,82090.9
0000026d--2363789071--83,E_REP_HOLD,599,4,0,0,0,0,0,0,0,2,18,366,0,0,99.02282572475823,505.4,804.3889999999997,63547.2
0000026d--2363789071--84,E_REP_HOLD,599,3,0,0,0,0,0,0,0,1,3,254,0,0,93.01215451215438,440.9,653.395,61269.4
0000026d--2363789071--85,E_REP_HOLD,600,1,0,0,0,0,0,0,0,11,9,276,0,0,111.42150233177865,526.8,871.9730000000002,100876.3
0000026d--2363789071--86,E_REP_HOLD,600,1,0,0,0,0,0,0,0,5,6,379,0,0,122.62019663389472,686.5,1046.3,78966.0
0000026d--2363789071--87,E_REP_HOLD,600,3,0,0,0,0,0,0,0,6,24,353,0,0,127.00809595202419,602.4099999999996,1012.6759999999995,150714.8
0000026d--2363789071--88,E_REP_HOLD,600,3,0,0,0,0,0,0,0,1,23,379,0,0,126.28846474412373,677.3099999999995,1003.2499999999989,86794.6
0000026d--2363789071--89,E_REP_HOLD,600,7,0,0,0,0,0,0,0,39,32,424,0,0,115.54489421955665,604.3599999999992,1013.7959999999999,93708.8
0000026d--2363789071--9,E_REP_HOLD,600,4,0,0,0,0,0,0,0,5,59,608,0,0,156.77771865646775,862.4199999999994,1192.135,125174.3
0000026d--2363789071--90,E_REP_HOLD,600,13,0,0,0,0,0,0,0,18,56,535,0,0,151.91716952825453,871.0499999999986,1385.9339999999993,93684.5
0000026d--2363789071--91,E_REP_HOLD,600,8,0,0,0,0,0,0,0,2,43,556,0,0,144.70611666666701,819.0300000000004,1288.4210000000005,91204.0
0000026d--2363789071--92,E_REP_HOLD,600,1,0,0,0,0,0,0,0,0,18,472,0,0,149.52327830581945,818.5999999999997,1384.6759999999997,119793.2
0000026d--2363789071--93,E_REP_HOLD,600,5,0,0,0,0,0,0,0,0,6,471,0,0,157.60935311770578,885.4249999999995,1406.7479999999998,105611.6
0000026d--2363789071--94,E_REP_HOLD,600,16,0,0,0,0,0,0,0,21,24,589,0,0,174.5612704234747,1049.4699999999987,1846.8589999999988,103826.2
0000026d--2363789071--95,E_REP_HOLD,600,43,0,0,0,0,0,0,0,38,118,754,0,0,186.05891369543437,1174.5049999999994,2092.8749999999995,142059.4
0000026d--2363789071--96,E_REP_HOLD,600,25,0,0,0,0,0,0,0,36,70,682,0,0,182.6498583097182,1092.0399999999997,2075.369999999996,114214.5
0000026d--2363789071--97,E_REP_HOLD,600,5,0,0,0,0,0,0,0,25,26,364,0,0,135.58229704950804,693.8199999999994,1127.125999999997,142522.8
0000026d--2363789071--98,E_REP_HOLD,600,52,0,0,0,0,0,0,0,103,170,688,0,0,297.80138379459834,2023.2199999999998,3539.1319999999987,138218.1
0000026d--2363789071--99,E_REP_HOLD,600,33,0,0,0,0,0,0,0,223,52,569,0,0,184.49665055823974,1183.6,1698.8,108975.5
00000273--d384c0a41a--0,E_REP_HOLD,618,5,0,0,0,0,0,0,0,1,13,335,0,0,131.63785841568065,628.1199999999997,951.5759999999989,143543.6
00000273--d384c0a41a--1,E_REP_HOLD,600,13,0,0,0,0,0,0,0,22,28,484,0,0,151.57361574382935,777.275,1337.6250000000005,125694.1
00000273--d384c0a41a--10,E_REP_HOLD,599,3,0,0,0,0,0,0,0,2,1,181,0,0,130.2853532834582,589.09,964.0399999999987,127581.6
00000273--d384c0a41a--11,E_REP_HOLD,600,5,0,0,0,0,0,0,0,0,1,225,0,0,142.14958402662205,732.9549999999999,1012.5469999999998,135324.5
00000273--d384c0a41a--12,E_REP_HOLD,600,1,0,0,0,0,0,0,0,1,5,257,0,0,128.84357607065488,636.4,1055.1,125460.9
00000273--d384c0a41a--13,E_REP_HOLD,600,12,0,0,0,0,0,0,0,12,38,330,0,0,133.24281906031297,567.4749999999999,1740.3649999999993,55699.3
00000273--d384c0a41a--14,E_REP_HOLD,600,9,0,0,0,0,0,0,0,1,11,333,0,0,134.68335281349115,590.8999999999997,1718.2119999999998,67928.7
00000273--d384c0a41a--15,E_REP_HOLD,600,0,0,0,0,0,0,0,0,7,21,291,0,0,139.38989157631343,737.96,1042.2540000000004,114297.6
00000273--d384c0a41a--16,E_REP_HOLD,600,2,0,0,0,0,0,0,0,1,17,395,0,0,144.63371685842947,840.42,1436.8079999999998,65397.7
00000273--d384c0a41a--17,E_REP_HOLD,600,15,0,0,0,0,0,0,0,10,33,347,0,0,155.9090969676775,850.0,1208.7379999999985,145974.4
00000273--d384c0a41a--18,E_REP_HOLD,600,6,0,0,0,0,0,0,0,3,10,408,0,0,159.69270400531792,881.1399999999999,1331.6280000000006,130617.8
00000273--d384c0a41a--19,E_REP_HOLD,600,7,0,0,0,0,0,0,0,17,29,511,0,0,142.0532298447666,812.4000000000001,1235.6000000000004,94492.9
00000273--d384c0a41a--2,E_REP_HOLD,600,3,0,0,0,0,0,0,0,156,6,451,0,0,125.41250625312651,612.14,1113.384,147410.0
00000273--d384c0a41a--20,E_REP_HOLD,600,4,0,0,0,0,0,0,0,9,25,459,0,0,141.22307051175173,774.1,1292.177999999998,89327.5
00000273--d384c0a41a--21,E_REP_HOLD,600,13,0,0,0,0,0,0,0,11,36,463,0,0,121.80500166722231,660.7199999999997,1052.5519999999979,65305.3
00000273--d384c0a41a--22,E_REP_HOLD,600,11,0,0,0,0,0,0,0,189,41,374,0,0,118.65781848459645,547.1,1203.2240000000008,89500.0
00000273--d384c0a41a--23,E_REP_HOLD,600,8,0,0,0,0,0,0,0,3,23,326,0,0,126.70241425241417,609.4,1037.5199999999995,126721.9
00000273--d384c0a41a--24,E_REP_HOLD,600,4,0,0,0,0,0,0,0,0,20,499,0,0,127.0208673894913,704.09,1053.3600000000044,77305.7
00000273--d384c0a41a--25,E_REP_HOLD,600,3,0,0,0,0,0,0,0,16,7,465,0,0,123.8212844036695,649.95,941.3420000000002,95056.6
00000273--d384c0a41a--26,E_REP_HOLD,599,16,0,0,0,0,0,0,0,12,63,428,0,0,124.12789456122772,610.1449999999996,1104.4070000000002,108525.3
00000273--d384c0a41a--27,E_REP_HOLD,599,5,0,0,0,0,0,0,0,18,52,400,0,0,116.2612381111292,586.4399999999999,1002.4719999999995,66393.1
00000273--d384c0a41a--28,E_REP_HOLD,599,19,0,0,0,0,0,0,0,13,40,493,0,0,123.4004836557706,705.175,1088.5150000000012,73879.1
00000273--d384c0a41a--29,E_REP_HOLD,599,8,0,0,0,0,0,0,0,0,20,315,0,0,106.96104912572879,559.08,834.3440000000002,66570.0
00000273--d384c0a41a--3,E_REP_HOLD,599,4,0,0,0,0,0,0,0,3,11,422,0,0,129.5443722943727,706.95,1044.9299999999998,109181.1
00000273--d384c0a41a--30,E_REP_HOLD,600,3,0,0,0,0,0,0,0,3,7,356,0,0,102.09770038326926,551.7,951.0,54367.8
00000273--d384c0a41a--31,E_REP_HOLD,600,11,0,0,0,0,0,0,0,5,52,502,0,0,135.61792311532724,740.8999999999994,1217.6040000000007,111691.2
00000273--d384c0a41a--32,E_REP_HOLD,599,12,0,0,0,0,0,0,0,11,39,586,0,0,141.52281666666653,802.1800000000003,1202.0050000000024,125598.9
00000273--d384c0a41a--33,E_REP_HOLD,600,6,0,0,0,0,0,0,0,6,20,306,0,0,111.6697050491587,515.0,820.0,114914.7
00000273--d384c0a41a--34,E_REP_HOLD,599,2,0,0,0,0,0,0,0,4,15,261,0,0,109.8046341056844,521.0399999999997,751.3219999999994,86460.2
00000273--d384c0a41a--35,E_REP_HOLD,600,25,0,0,0,0,0,0,0,415,47,441,0,0,147.37987002166287,769.1,1434.1,82421.7
00000273--d384c0a41a--36,E_REP_HOLD,600,6,0,0,0,0,0,0,0,0,22,450,0,0,121.19833333333287,553.0400000000002,852.802,90642.1
00000273--d384c0a41a--37,E_REP_HOLD,600,12,0,0,0,0,0,0,0,3,57,392,0,0,106.52952841193151,626.8,991.9,2732.9
00000273--d384c0a41a--38,E_REP_HOLD,600,3,0,0,0,0,0,0,0,17,39,404,0,0,107.49143761452588,525.2699999999999,862.6799999999996,85373.5
00000273--d384c0a41a--39,E_REP_HOLD,600,0,0,0,0,0,0,0,0,0,4,321,0,0,128.8448925179133,632.1,945.9,113430.6
00000273--d384c0a41a--4,E_REP_HOLD,599,9,0,0,0,0,0,0,0,10,13,458,0,0,141.55810270090103,771.6449999999999,1136.2419999999997,119660.7
00000273--d384c0a41a--40,E_REP_HOLD,600,9,0,0,0,0,0,0,0,1,19,313,0,0,124.20764872521256,588.9,943.7,121406.7
00000273--d384c0a41a--41,E_REP_HOLD,600,6,0,0,0,0,0,0,0,11,20,397,0,0,125.55799033494428,623.8,881.9,139534.4
00000273--d384c0a41a--42,E_REP_HOLD,561,46,0,0,0,0,0,0,0,7,36,415,0,0,169.57616258430932,1021.8399999999998,1594.3870000000004,105148.6
00000273--d384c0a41a--5,E_REP_HOLD,600,5,0,0,0,0,0,0,0,16,64,385,0,0,146.07715380769832,753.2,1502.8,106948.3
00000273--d384c0a41a--6,E_REP_HOLD,600,3,0,0,0,0,0,0,0,6,6,400,0,0,125.74242373728966,706.2699999999985,1112.8599999999985,92228.0
00000273--d384c0a41a--7,E_REP_HOLD,599,7,0,0,0,0,0,0,0,3,20,266,0,0,116.61303333333335,741.5600000000002,1150.8270000000005,3320.1
00000273--d384c0a41a--8,E_REP_HOLD,599,13,0,0,0,0,0,0,0,144,57,316,0,0,145.0242585804726,692.8799999999999,1395.9819999999954,120959.5
00000273--d384c0a41a--9,E_REP_HOLD,600,7,0,0,0,0,0,0,0,11,19,356,0,0,156.55473085924478,798.3899999999999,1304.0089999999996,144679.4
00000274--d3bbe6ddcd--19,E_REP_HOLD,599,22,0,0,0,0,0,0,0,21,41,403,0,0,120.0178696449405,585.2499999999998,1080.5119999999974,117236.7
00000274--d3bbe6ddcd--33,E_REP_HOLD,600,3,0,0,0,0,0,0,0,10,9,396,0,0,135.28655994664004,820.6999999999999,1167.2519999999997,67018.2
00000274--d3bbe6ddcd--34,E_REP_HOLD,600,11,0,0,0,0,0,0,0,0,36,454,0,0,148.82494168610424,924.6499999999991,1613.4579999999992,65277.6
0000027f--cb2a133365--10,E_REP_HOLD,600,22,0,0,0,0,0,0,0,0,4,92,0,0,97.04136378792933,529.5,682.5209999999998,2209.0
0000027f--cb2a133365--11,E_REP_HOLD,600,37,0,0,0,0,0,0,0,145,108,657,0,0,179.98967010996282,1151.3249999999998,1727.7499999999989,128799.1
0000027f--cb2a133365--12,E_REP_HOLD,600,18,0,0,0,0,0,0,0,475,26,306,0,0,141.60118353058834,734.5099999999994,1677.6119999999974,58602.1
0000027f--cb2a133365--13,E_REP_HOLD,600,0,0,0,0,0,0,0,0,0,5,166,0,0,140.40621977655522,724.06,940.0319999999999,141942.4
0000027f--cb2a133365--14,E_REP_HOLD,600,12,0,0,0,0,0,0,0,12,46,549,0,0,172.08565,1051.515,1609.5180000000005,121231.1
0000027f--cb2a133365--15,E_REP_HOLD,600,7,0,0,0,0,0,0,0,39,19,396,0,0,150.45710236745546,862.1699999999986,1561.2729999999976,72826.8
0000027f--cb2a133365--16,E_REP_HOLD,600,17,0,0,0,0,0,0,0,352,86,514,0,0,179.9924666666667,786.3750000000002,2528.0540000000037,142145.8
0000027f--cb2a133365--17,E_REP_HOLD,600,2,0,0,0,0,0,0,0,9,5,243,0,0,101.3534821726093,452.98499999999996,769.2909999999998,61695.0
0000027f--cb2a133365--18,E_REP_HOLD,600,42,0,0,0,0,0,0,0,36,47,772,0,0,228.86828333333324,1418.33,2197.6270000000004,127074.7
0000027f--cb2a133365--19,E_REP_HOLD,600,60,0,0,0,0,0,0,0,452,44,844,0,0,254.4593932322051,1803.4099999999994,2419.9359999999992,166037.6
0000027f--cb2a133365--2,E_REP_HOLD,599,21,0,0,0,0,0,0,0,25,23,385,0,0,147.7298,817.2050000000002,1409.7550000000012,86675.0
0000027f--cb2a133365--20,E_REP_HOLD,600,47,0,0,0,0,0,0,0,36,82,764,0,0,173.14078026008673,1109.53,1743.5479999999945,93646.5
0000027f--cb2a133365--21,E_REP_HOLD,600,32,0,0,0,0,0,0,0,395,84,668,0,0,197.45267455424118,1428.8,2007.1,69749.7
0000027f--cb2a133365--22,E_REP_HOLD,599,51,0,0,0,0,0,0,0,399,48,405,0,0,190.07454151383777,1182.2449999999992,2058.2329999999974,107939.7
0000027f--cb2a133365--23,E_REP_HOLD,600,0,0,0,0,0,0,0,0,0,3,62,0,0,147.5198666666663,911.2100000000002,1119.543000000001,106597.5
0000027f--cb2a133365--24,E_REP_HOLD,599,9,0,0,0,0,0,0,0,0,1,82,0,0,128.29655057490467,782.9,1031.8,70634.9
0000027f--cb2a133365--25,E_REP_HOLD,599,35,0,0,0,0,0,0,0,49,72,559,0,0,179.09044522261175,1115.3399999999992,1982.8959999999993,68734.7
0000027f--cb2a133365--26,E_REP_HOLD,600,25,0,0,0,0,0,0,0,60,40,343,0,0,162.77983333333358,886.9300000000004,1766.7420000000031,118810.2
0000027f--cb2a133365--27,E_REP_HOLD,599,21,0,0,0,0,0,0,0,15,18,268,0,0,130.02610870290076,705.0049999999998,1226.3449999999996,70760.1
0000027f--cb2a133365--3,E_REP_HOLD,600,6,0,0,0,0,0,0,0,24,12,237,0,0,133.528345275787,757.3,1094.0,92585.9
0000027f--cb2a133365--4,E_REP_HOLD,600,33,0,0,0,0,0,0,0,86,33,405,0,0,147.13274454257564,817.4,1521.7,95471.0
0000027f--cb2a133365--5,E_REP_HOLD,600,7,0,0,0,0,0,0,0,0,17,341,0,0,120.15147524587452,740.7199999999999,1115.043999999999,3153.2
0000027f--cb2a133365--6,E_REP_HOLD,600,26,0,0,0,0,0,0,0,167,75,519,0,0,181.63792701216448,943.5,2275.8,89350.0
0000027f--cb2a133365--7,E_REP_HOLD,600,7,0,0,0,0,0,0,0,0,18,274,0,0,140.7165499999997,679.5350000000004,1205.604,128514.9
0000027f--cb2a133365--8,E_REP_HOLD,600,10,0,0,0,0,0,0,0,21,142,594,0,0,226.05743581193744,1482.1799999999973,2839.839999999998,84284.8
0000027f--cb2a133365--9,E_REP_HOLD,600,31,0,0,0,0,0,0,0,0,2,130,0,0,122.65953015661447,583.4649999999999,806.1849999999997,143266.6
00000280--91181081d4--10,E_REP_HOLD,600,7,0,0,0,0,0,0,0,4,68,538,0,0,130.63015502583764,721.9399999999991,1181.8119999999974,72106.4
00000280--91181081d4--11,E_REP_HOLD,600,19,0,0,0,0,0,0,0,178,62,630,0,0,186.7884185969003,1131.3,1874.9,117654.2
00000280--91181081d4--12,E_REP_HOLD,600,8,0,0,0,0,0,0,0,2,24,441,0,0,140.25547408765212,721.8,1392.2,114404.9
00000280--91181081d4--13,E_REP_HOLD,600,2,0,0,0,0,0,0,0,7,12,346,0,0,134.13598333333317,683.2150000000005,1024.5040000000001,138865.8
00000280--91181081d4--14,E_REP_HOLD,600,26,0,0,0,0,0,0,0,189,60,528,0,0,184.542309615064,977.5,2165.2,145829.5
00000280--91181081d4--15,E_REP_HOLD,599,15,0,0,0,0,0,0,0,14,65,639,0,0,159.6163830497161,955.4899999999992,1506.4679999999992,105808.1
00000280--91181081d4--16,E_REP_HOLD,600,13,0,0,0,0,0,0,0,1,35,539,0,0,166.7699483591539,889.2099999999989,1467.719999999994,154114.0
00000280--91181081d4--17,E_REP_HOLD,600,20,0,0,0,0,0,0,0,155,80,759,0,0,189.23517839279805,1186.8499999999997,2031.1479999999995,103276.5
00000280--91181081d4--18,E_REP_HOLD,600,10,0,0,0,0,0,0,0,0,14,309,0,0,135.08684342171097,677.52,973.908,106199.9
00000280--91181081d4--19,E_REP_HOLD,600,16,0,0,0,0,0,0,0,184,58,463,0,0,140.618693768744,720.095,1164.7089999999978,136043.5
00000280--91181081d4--20,E_REP_HOLD,600,11,0,0,0,0,0,0,0,13,17,446,0,0,139.34184999999977,756.2350000000002,1125.301,110404.9
00000280--91181081d4--21,E_REP_HOLD,600,13,0,0,0,0,0,0,0,29,69,638,0,0,166.5914304768254,980.9349999999997,1673.343999999999,109029.5
00000280--91181081d4--22,E_REP_HOLD,600,5,0,0,0,0,0,0,0,1,22,494,0,0,139.91160193365553,812.1899999999995,1200.9739999999983,67419.8
00000280--91181081d4--23,E_REP_HOLD,600,9,0,0,0,0,0,0,0,17,46,612,0,0,144.06554999999935,871.7050000000002,1213.7170000000006,65828.5
00000280--91181081d4--24,E_REP_HOLD,600,38,0,0,0,0,0,0,0,179,137,737,0,0,171.58397264843225,1039.7749999999999,1886.7900000000004,68672.0
00000280--91181081d4--25,E_REP_HOLD,600,58,0,0,0,0,0,0,0,431,96,797,0,0,183.30301616397279,1105.1,2056.2,114096.4
00000280--91181081d4--29,E_REP_HOLD,599,20,0,0,0,0,0,0,0,11,60,353,0,0,160.14973333333376,901.1100000000001,1706.611,133038.8
00000280--91181081d4--30,E_REP_HOLD,599,33,0,0,0,0,0,0,0,56,209,918,0,0,270.99644940823464,1630.1,2762.9459999999967,189003.2
00000280--91181081d4--31,E_REP_HOLD,600,46,0,0,0,0,0,0,0,226,156,793,0,0,160.19233461089834,942.2,1878.5,68455.3
00000280--91181081d4--32,E_REP_HOLD,599,10,0,0,0,0,0,0,0,7,24,376,0,0,144.5959486495497,813.9899999999998,1264.4659999999994,90968.6
00000280--91181081d4--33,E_REP_HOLD,600,50,0,0,0,0,0,0,0,253,174,779,0,0,236.27678333333245,1552.9900000000005,2794.144000000003,102119.4
00000280--91181081d4--34,E_REP_HOLD,600,15,0,0,0,0,0,0,0,8,26,387,0,0,147.75527587931322,713.4099999999993,1410.6279999999992,146277.1
00000280--91181081d4--35,E_REP_HOLD,600,34,0,0,0,0,0,0,0,61,104,639,0,0,217.9741833333335,1582.3550000000007,2536.5230000000006,87201.8
00000280--91181081d4--36,E_REP_HOLD,600,19,0,0,0,0,0,0,0,46,162,792,0,0,201.56013997667063,1254.4,2149.1,132862.3
00000280--91181081d4--37,E_REP_HOLD,600,22,0,0,0,0,0,0,0,65,36,373,0,0,171.93316658329206,865.0599999999998,1835.3399999999986,154218.1
00000280--91181081d4--38,E_REP_HOLD,600,22,0,0,0,0,0,0,0,185,21,480,0,0,168.57388333333344,1072.0700000000002,1744.376000000004,86871.3
00000280--91181081d4--39,E_REP_HOLD,600,35,0,0,0,0,0,0,0,127,58,568,0,0,173.15767372104614,963.4,1714.8,107365.2
00000280--91181081d4--4,E_REP_HOLD,600,29,0,0,0,0,0,0,0,222,71,685,0,0,202.06830528245288,1268.8,1971.3,105000.5
00000280--91181081d4--40,E_REP_HOLD,600,20,0,0,0,0,0,0,0,138,80,595,0,0,163.91459720372845,993.5349999999994,2122.0460000000003,66176.0
00000280--91181081d4--41,E_REP_HOLD,600,37,0,0,0,0,0,0,0,51,54,468,0,0,168.5646158962426,1015.294999999999,1586.7049999999988,106340.8
00000280--91181081d4--42,E_REP_HOLD,600,23,0,0,0,0,0,0,0,126,39,461,0,0,157.30066934404294,901.05,1463.875,112751.4
00000280--91181081d4--43,E_REP_HOLD,600,35,0,0,0,0,0,0,0,63,54,603,0,0,171.7052849569246,1114.3999999999999,1918.679999999999,72054.4
00000280--91181081d4--44,E_REP_HOLD,600,74,0,0,0,0,0,0,0,375,61,739,0,0,177.35469714667116,1109.9399999999998,1919.7479999999994,68646.9
00000280--91181081d4--5,E_REP_HOLD,599,36,0,0,0,0,0,0,0,203,74,764,0,0,199.5444148049354,1378.674999999997,2067.1629999999996,88762.1
00000280--91181081d4--6,E_REP_HOLD,600,27,0,0,0,0,0,0,0,201,78,617,0,0,167.50406666666703,930.6550000000005,1949.187000000004,125263.1
00000280--91181081d4--7,E_REP_HOLD,600,26,0,0,0,0,0,0,0,397,111,679,0,0,158.80155000000002,842.415,1903.2630000000015,88569.4
00000280--91181081d4--8,E_REP_HOLD,600,19,0,0,0,0,0,0,0,1,65,586,0,0,131.4716119353225,692.9299999999998,1158.4739999999958,87994.3
00000280--91181081d4--9,E_REP_HOLD,600,3,0,0,0,0,0,0,0,0,9,493,0,0,128.04150000000024,629.34,929.6370000000009,135301.6
00000283--b395338ef9--0,E_REP_HOLD,620,46,0,0,0,0,0,0,0,47,81,626,0,0,192.44598481176223,1171.419999999998,2114.6799999999994,130260.6
00000283--b395338ef9--1,E_REP_HOLD,600,29,0,0,0,0,0,0,0,4,29,708,0,0,177.3175862643777,1154.4699999999978,2073.4279999999994,89066.7
00000283--b395338ef9--10,E_REP_HOLD,600,24,0,0,0,0,0,0,0,19,110,506,0,0,150.7226279806575,853.8199999999991,1426.7599999999995,92814.8
00000283--b395338ef9--11,E_REP_HOLD,600,6,0,0,0,0,0,0,0,18,26,404,0,0,128.7211298116985,827.3,1114.8,3751.1
00000283--b395338ef9--12,E_REP_HOLD,600,28,0,0,0,0,0,0,0,55,115,689,0,0,184.3061353784597,1050.745,1935.8149999999948,132472.9
00000283--b395338ef9--13,E_REP_HOLD,600,11,0,0,0,0,0,0,0,14,24,571,0,0,168.15838333333298,964.7100000000007,1757.7330000000009,94811.8
00000283--b395338ef9--14,E_REP_HOLD,600,6,0,0,0,0,0,0,0,9,20,623,0,0,138.76682219630075,751.1,1163.9,112837.6
00000283--b395338ef9--15,E_REP_HOLD,600,10,0,0,0,0,0,0,0,1,26,444,0,0,140.59013168861475,772.5699999999996,1093.7639999999985,130307.8
00000283--b395338ef9--16,E_REP_HOLD,600,13,0,0,0,0,0,0,0,113,10,355,0,0,125.90478253624407,480.9,1485.9,111034.1
00000283--b395338ef9--17,E_REP_HOLD,599,8,0,0,0,0,0,0,0,24,29,506,0,0,139.31400000000016,761.5350000000004,1234.808,111194.6
00000283--b395338ef9--18,E_REP_HOLD,599,3,0,0,0,0,0,0,0,14,28,437,0,0,142.83392797599177,743.2749999999999,1282.5,134735.7
00000283--b395338ef9--19,E_REP_HOLD,600,8,0,0,0,0,0,0,0,14,34,426,0,0,113.45871085942667,717.4699999999999,1021.3670000000002,3423.7
00000283--b395338ef9--2,E_REP_HOLD,600,28,0,0,0,0,0,0,0,5,34,728,0,0,252.56260000000032,1840.2700000000004,2416.434000000003,101236.0
00000283--b395338ef9--20,E_REP_HOLD,599,20,0,0,0,0,0,0,0,22,46,473,0,0,145.5722018654231,768.8349999999994,1166.472000000002,129813.7
00000283--b395338ef9--21,E_REP_HOLD,600,6,0,0,0,0,0,0,0,10,44,453,0,0,126.67573284477015,676.6399999999999,941.8969999999999,101929.0
00000283--b395338ef9--22,E_REP_HOLD,600,20,0,0,0,0,0,0,0,104,32,390,0,0,122.44052657890342,578.6,1038.1,91011.8
00000283--b395338ef9--23,E_REP_HOLD,599,23,0,0,0,0,0,0,0,53,60,430,0,0,119.27174999999963,659.5400000000002,985.3120000000002,65833.8
00000283--b395338ef9--24,E_REP_HOLD,599,15,0,0,0,0,0,0,0,18,139,574,0,0,148.4415597400432,783.0,1308.0,131518.3
00000283--b395338ef9--25,E_REP_HOLD,600,43,0,0,0,0,0,0,0,253,109,656,0,0,162.79338333333294,1020.3450000000009,1792.7120000000004,67600.2
00000283--b395338ef9--26,E_REP_HOLD,600,39,0,0,0,0,0,0,0,251,101,828,0,0,204.76258333333337,1277.950000000001,2483.46000000001,146635.3
00000283--b395338ef9--27,E_REP_HOLD,600,36,0,0,0,0,0,0,0,257,74,668,0,0,156.09907764548046,873.2699999999999,1894.666000000001,100227.9
00000283--b395338ef9--28,E_REP_HOLD,600,10,0,0,0,0,0,0,0,53,84,495,0,0,137.36971161860367,814.089999999999,1317.4399999999991,59112.6
00000283--b395338ef9--29,E_REP_HOLD,600,10,0,0,0,0,0,0,0,18,38,442,0,0,145.01192218157615,783.9149999999995,1139.561,156665.6
00000283--b395338ef9--3,E_REP_HOLD,600,19,0,0,0,0,0,0,0,133,51,416,0,0,154.9537166666659,811.2350000000002,1578.8870000000018,151300.9
00000283--b395338ef9--30,E_REP_HOLD,600,31,0,0,0,0,0,0,0,361,45,532,0,0,135.1380443851166,808.7199999999993,1304.7079999999996,92103.8
00000283--b395338ef9--31,E_REP_HOLD,600,50,0,0,0,0,0,0,0,188,110,607,0,0,180.17217043941437,931.9299999999998,1977.8720000000003,136081.6
00000283--b395338ef9--32,E_REP_HOLD,600,57,0,0,0,0,0,0,0,17,89,529,0,0,152.5296018657333,826.6899999999991,1549.2039999999936,95360.8
00000283--b395338ef9--33,E_REP_HOLD,600,4,0,0,0,0,0,0,0,3,14,354,0,0,116.90896816136046,588.8899999999994,862.8299999999992,82398.7
00000283--b395338ef9--34,E_REP_HOLD,600,4,0,0,0,0,0,0,0,3,11,456,0,0,148.13830638439708,827.3699999999995,1374.8119999999997,98100.6
00000283--b395338ef9--35,E_REP_HOLD,600,4,0,0,0,0,0,0,0,291,2,432,0,0,135.10897264843248,718.7250000000001,1003.1750000000003,100750.4
00000283--b395338ef9--36,E_REP_HOLD,600,31,0,0,0,0,0,0,0,97,42,485,0,0,121.3365182591295,671.2799999999991,1262.9199999999998,61108.4
00000283--b395338ef9--37,E_REP_HOLD,600,17,0,0,0,0,0,0,0,15,37,615,0,0,141.81156213608398,884.1,1172.3099999999988,67794.6
00000283--b395338ef9--38,E_REP_HOLD,600,18,0,0,0,0,0,0,0,10,78,593,0,0,163.22925204064654,961.6699999999988,1845.471999999995,65909.4
00000283--b395338ef9--39,E_REP_HOLD,600,3,0,0,0,0,0,0,0,13,17,450,0,0,132.24950016661114,735.9599999999998,1082.8879999999997,97284.0
00000283--b395338ef9--4,E_REP_HOLD,600,4,0,0,0,0,0,0,0,0,0,113,0,0,103.75974999999988,564.1250000000001,807.8320000000007,65931.9
00000283--b395338ef9--40,E_REP_HOLD,600,0,0,0,0,0,0,0,0,6,11,533,0,0,155.81727469598584,886.1999999999996,1381.1959999999913,110612.6
00000283--b395338ef9--41,E_REP_HOLD,600,12,0,0,0,0,0,0,0,14,35,436,0,0,143.12010000000012,763.5300000000001,1523.043000000001,94247.8
00000283--b395338ef9--42,E_REP_HOLD,600,3,0,0,0,0,0,0,0,5,4,256,0,0,125.99015328223892,677.4999999999997,1008.7969999999999,98416.7
00000283--b395338ef9--43,E_REP_HOLD,600,12,0,0,0,0,0,0,0,3,57,436,0,0,140.6508163945354,713.6800000000001,1395.969999999997,111576.5
00000283--b395338ef9--44,E_REP_HOLD,600,27,0,0,0,0,0,0,0,47,123,544,0,0,181.78293333333292,926.3100000000005,2628.837000000001,87667.5
00000283--b395338ef9--45,E_REP_HOLD,599,29,0,0,0,0,0,0,0,75,93,647,0,0,196.13127812031348,1212.8,2097.3,126742.0
00000283--b395338ef9--46,E_REP_HOLD,600,10,0,0,0,0,0,0,0,0,8,144,0,0,173.7618857238049,1150.62,1488.9679999999994,87934.4
00000283--b395338ef9--47,E_REP_HOLD,599,52,0,0,0,0,0,0,0,250,53,628,0,0,178.85175804032667,1025.5,1955.0,98305.7
00000283--b395338ef9--48,E_REP_HOLD,599,36,0,0,0,0,0,0,0,8,34,349,0,0,122.1852549150278,525.175,1378.1399999999965,106122.8
00000283--b395338ef9--49,E_REP_HOLD,28,0,0,0,0,0,0,0,0,0,0,5,0,0,87.56503267973856,420.87499999999994,504.5649999999999,1096.4
00000283--b395338ef9--5,E_REP_HOLD,600,2,0,0,0,0,0,0,0,8,20,314,0,0,139.55610203401162,713.7299999999992,1218.6469999999988,140580.3
00000283--b395338ef9--6,E_REP_HOLD,600,25,0,0,0,0,0,0,0,323,44,511,0,0,163.7913347775371,963.6,1594.1,135738.1
00000283--b395338ef9--7,E_REP_HOLD,600,1,0,0,0,0,0,0,0,4,21,415,0,0,156.52286666666674,893.5900000000006,1407.4050000000002,113767.1
00000283--b395338ef9--8,E_REP_HOLD,600,29,0,0,0,0,0,0,0,30,90,648,0,0,191.05650941823671,1120.2699999999986,2179.443999999997,108972.5
00000283--b395338ef9--9,E_REP_HOLD,600,5,0,0,0,0,0,0,0,2,6,265,0,0,142.9783369438426,706.9,1026.2,115928.2
00000285--27dca1de75--10,E_REP_HOLD,599,25,0,0,0,0,0,0,0,199,59,453,0,0,160.0146191031839,834.1299999999987,1604.3239999999994,112896.2
00000285--27dca1de75--11,E_REP_HOLD,599,12,0,0,0,0,0,0,0,8,20,423,0,0,155.0175195865981,802.0399999999986,1186.985999999998,146510.8
00000285--27dca1de75--12,E_REP_HOLD,600,6,0,0,0,0,0,0,0,125,42,492,0,0,135.50203299450078,697.7,1070.4,146122.5
00000285--27dca1de75--13,E_REP_HOLD,600,40,0,0,0,0,0,0,0,184,78,613,0,0,193.37906317719643,1173.9299999999967,2216.1919999999955,130994.0
00000285--27dca1de75--14,E_REP_HOLD,600,5,0,0,0,0,0,0,0,13,24,253,0,0,98.76799466577756,459.6299999999999,770.8079999999951,65674.9
00000285--27dca1de75--15,E_REP_HOLD,600,15,0,0,0,0,0,0,0,21,51,393,0,0,133.53325554259038,693.5299999999999,1060.4579999999987,120356.9
00000285--27dca1de75--16,E_REP_HOLD,600,12,0,0,0,0,0,0,0,15,59,454,0,0,121.74504999999994,716.2150000000001,970.142000000001,60482.7
00000285--27dca1de75--17,E_REP_HOLD,600,13,0,0,0,0,0,0,0,16,73,465,0,0,140.13194999999985,745.3199999999999,1357.9740000000018,105793.4
00000285--27dca1de75--18,E_REP_HOLD,600,14,0,0,0,0,0,0,0,11,64,411,0,0,141.41443092817877,740.9,1238.8,130122.3
00000285--27dca1de75--19,E_REP_HOLD,600,54,0,0,0,0,0,0,0,486,88,725,0,0,158.3324157490824,848.5949999999991,1930.5469999999996,67297.0
00000285--27dca1de75--2,E_REP_HOLD,600,48,0,0,0,0,0,0,0,300,234,699,0,0,211.40066666666655,1356.760000000001,2792.7300000000027,59456.4
00000285--27dca1de75--20,E_REP_HOLD,600,33,0,0,0,0,0,0,0,167,64,659,0,0,138.5558686228745,785.2599999999999,1229.9779999999967,84498.8
00000285--27dca1de75--21,E_REP_HOLD,600,13,0,0,0,0,0,0,0,18,33,420,0,0,113.32072357452506,563.53,949.6599999999995,70441.3
00000285--27dca1de75--22,E_REP_HOLD,600,5,0,0,0,0,0,0,0,428,26,357,0,0,96.81470000000004,537.2700000000003,869.0150000000003,2705.7
00000285--27dca1de75--23,E_REP_HOLD,600,24,0,0,0,0,0,0,0,72,116,483,0,0,137.88159560293107,635.4599999999992,1215.5680000000013,146444.1
00000285--27dca1de75--24,E_REP_HOLD,600,16,0,0,0,0,0,0,0,15,61,393,0,0,123.59053648783753,626.6800000000001,1048.711999999998,86898.0
00000285--27dca1de75--25,E_REP_HOLD,600,27,0,0,0,0,0,0,0,1,28,266,0,0,129.16968182575403,511.18999999999994,1413.4459999999988,134633.9
00000285--27dca1de75--26,E_REP_HOLD,600,21,0,0,0,0,0,0,0,30,72,441,0,0,117.40029999999986,658.6000000000004,1140.1230000000028,66248.9
00000285--27dca1de75--27,E_REP_HOLD,599,30,0,0,0,0,0,0,0,137,57,552,0,0,138.12783144570307,814.959999999998,1390.1140000000014,78577.3
00000285--27dca1de75--28,E_REP_HOLD,599,44,0,0,0,0,0,0,0,329,94,704,0,0,196.74725091636114,1224.7249999999997,2003.557999999999,122372.1
00000285--27dca1de75--29,E_REP_HOLD,600,48,0,0,0,0,0,0,0,179,170,772,0,0,226.23226719973295,1554.9999999999993,2621.5899999999974,117311.4
00000285--27dca1de75--3,E_REP_HOLD,599,14,0,0,0,0,0,0,0,8,41,541,0,0,147.23080513418935,859.7599999999991,1226.5299999999993,105722.3
00000285--27dca1de75--30,E_REP_HOLD,600,88,0,0,0,0,0,0,0,291,48,673,0,0,171.56956014661827,1065.3849999999995,1900.857999999999,101410.2
00000285--27dca1de75--31,E_REP_HOLD,599,64,0,0,0,0,0,0,0,0,36,734,0,0,227.01908333333344,1476.7700000000004,2186.8150000000023,103699.5
00000285--27dca1de75--32,E_REP_HOLD,599,84,0,0,0,0,0,0,0,181,61,772,0,0,168.93768333333298,1089.645,1795.1970000000022,72543.8
00000285--27dca1de75--33,E_REP_HOLD,599,21,0,0,0,0,0,0,0,1,14,234,0,0,188.94528333333312,1315.8750000000007,1934.6320000000007,64662.5
00000285--27dca1de75--34,E_REP_HOLD,189,0,0,0,0,0,0,0,0,0,0,45,0,0,167.02857889237174,1171.0499999999997,1445.4119999999991,3037.6
00000285--27dca1de75--4,E_REP_HOLD,599,4,0,0,0,0,0,0,0,94,11,411,0,0,134.36763872687894,680.4,1319.4,124658.4
00000285--27dca1de75--5,E_REP_HOLD,599,7,0,0,0,0,0,0,0,12,13,621,0,0,180.83371685842954,1107.8,1693.219999999999,120164.6
00000285--27dca1de75--6,E_REP_HOLD,599,4,0,0,0,0,0,0,0,0,19,486,0,0,148.59088029343084,789.3449999999999,1548.3239999999973,111501.6
00000285--27dca1de75--7,E_REP_HOLD,599,6,0,0,0,0,0,0,0,15,22,504,0,0,163.67784261420414,946.7049999999983,1502.212,127985.7
00000285--27dca1de75--8,E_REP_HOLD,600,6,0,0,0,0,0,0,0,1,8,456,0,0,150.38803333333348,849.2550000000003,1307.9680000000014,113409.4
00000285--27dca1de75--9,E_REP_HOLD,600,20,0,0,0,0,0,0,0,47,54,592,0,0,164.7990498416405,969.6099999999999,1764.902,86389.5
00000286--de6bd2c087--11,E_REP_HOLD,600,17,0,0,0,0,0,0,0,29,127,587,0,0,172.39038333333377,1004.0400000000002,2083.072000000006,84505.9
00000286--de6bd2c087--12,E_REP_HOLD,600,6,0,0,0,0,0,0,0,7,24,368,0,0,113.59773371104806,486.7,1234.5,86349.2
00000286--de6bd2c087--13,E_REP_HOLD,600,19,0,0,0,0,0,0,0,6,52,492,0,0,126.58824999999996,600.605,1050.0150000000003,144120.7
00000286--de6bd2c087--14,E_REP_HOLD,600,14,0,0,0,0,0,0,0,62,59,452,0,0,152.50759620189928,822.6199999999993,1539.3799999999997,148990.6
00000286--de6bd2c087--15,E_REP_HOLD,600,23,0,0,0,0,0,0,0,59,38,377,0,0,131.94663654618506,557.6750000000001,1258.625,142083.3
00000286--de6bd2c087--16,E_REP_HOLD,600,89,0,0,0,0,0,0,0,439,100,537,0,0,176.54074012335377,767.8199999999998,2694.1719999999864,126289.2
00000286--de6bd2c087--17,E_REP_HOLD,600,17,0,0,0,0,0,0,0,1,37,448,0,0,138.552344401802,698.9599999999991,1144.107999999999,132538.9
00000286--de6bd2c087--18,E_REP_HOLD,600,10,0,0,0,0,0,0,0,23,48,630,0,0,122.52648675662196,645.9299999999997,988.851999999999,103793.7
00000286--de6bd2c087--19,E_REP_HOLD,600,38,0,0,0,0,0,0,0,317,52,606,0,0,176.7867544151949,936.219999999999,1815.7389999999984,122605.2
00000286--de6bd2c087--20,E_REP_HOLD,599,6,0,0,0,0,0,0,0,1,29,384,0,0,134.23684561520506,632.2149999999999,981.2929999999992,112076.4
00000286--de6bd2c087--21,E_REP_HOLD,599,3,0,0,0,0,0,0,0,6,30,294,0,0,92.04121666666694,423.6650000000003,710.1,61780.6
00000286--de6bd2c087--22,E_REP_HOLD,600,1,0,0,0,0,0,0,0,1,8,332,0,0,98.2800800133357,499.14999999999975,716.3039999999999,51181.0
00000286--de6bd2c087--23,E_REP_HOLD,600,2,0,0,0,0,0,0,0,1,3,377,0,0,119.22362545818062,549.8,1049.1709999999996,112079.4
00000286--de6bd2c087--24,E_REP_HOLD,599,21,0,0,0,0,0,0,0,48,52,523,0,0,144.44639278557082,695.1899999999997,1496.0100000000007,142358.1
00000286--de6bd2c087--25,E_REP_HOLD,599,17,0,0,0,0,0,0,0,48,46,451,0,0,127.01840040073489,687.0599999999986,1031.3,71996.7
00000286--de6bd2c087--26,E_REP_HOLD,599,29,0,0,0,0,0,0,0,152,60,479,0,0,137.02985323549024,756.925,1428.0500000000013,68562.4
00000286--de6bd2c087--27,E_REP_HOLD,599,60,0,0,0,0,0,0,0,289,96,527,0,0,163.99334110204762,793.1700000000001,2070.751999999996,137671.4
00000286--de6bd2c087--28,E_REP_HOLD,600,3,0,0,0,0,0,0,0,16,22,543,0,0,156.946808865189,879.5,1276.9,142510.5
00000286--de6bd2c087--29,E_REP_HOLD,599,10,0,0,0,0,0,0,0,20,68,574,0,0,143.23990696128914,844.2299999999992,1276.3559999999998,93183.1
00000286--de6bd2c087--30,E_REP_HOLD,600,0,0,0,0,0,0,0,0,0,13,456,0,0,146.1419650291422,860.2000000000012,1298.54,86760.6
00000286--de6bd2c087--31,E_REP_HOLD,600,11,0,0,0,0,0,0,0,428,26,653,0,0,161.08033988670434,951.9799999999988,1682.3829999999996,99767.7
00000286--de6bd2c087--32,E_REP_HOLD,600,2,0,0,0,0,0,0,0,1,26,437,0,0,151.52580860286764,810.4749999999998,1155.4529999999986,145614.0
00000286--de6bd2c087--33,E_REP_HOLD,600,1,0,0,0,0,0,0,0,5,10,435,0,0,131.42290000000008,738.2550000000003,1180.7140000000004,85832.3
00000286--de6bd2c087--34,E_REP_HOLD,600,21,0,0,0,0,0,0,0,0,35,507,0,0,135.38346942176236,727.5,1153.9,118346.2
0000028b--ca855432c0--10,E_REP_HOLD,600,19,0,0,0,0,0,0,0,18,48,551,0,0,129.35973008996982,771.6099999999998,1176.5799999999995,62447.3
0000028b--ca855432c0--11,E_REP_HOLD,599,19,0,0,0,0,0,0,0,357,54,619,0,0,179.5780333333337,1012.325,1590.050000000001,155605.9
0000028b--ca855432c0--24,E_REP_HOLD,600,22,0,0,0,0,0,0,0,42,54,458,0,0,137.40866600133074,678.0049999999995,1297.6710000000012,90905.0
0000028b--ca855432c0--25,E_REP_HOLD,600,10,0,0,0,0,0,0,0,2,66,524,0,0,162.73993668777106,902.16,1651.5759999999993,107904.6
0000028b--ca855432c0--33,E_REP_HOLD,599,8,0,0,0,0,0,0,0,16,32,379,0,0,107.16886257505034,558.8249999999999,901.3550000000001,86731.6
0000028b--ca855432c0--57,E_REP_HOLD,599,50,0,0,0,0,0,0,0,252,266,1089,0,0,198.67364560760115,1283.7299999999977,1949.1379999999945,105698.5
0000028b--ca855432c0--58,E_REP_HOLD,600,41,0,0,0,0,0,0,0,322,181,966,0,0,178.68217739246404,1112.7499999999995,1765.2099999999957,95465.3
0000028b--ca855432c0--78,E_REP_HOLD,600,13,0,0,0,0,0,0,0,338,37,394,0,0,137.2675250836119,771.31,1464.787,61767.0
0000028f--bc6e81a93a--32,E_REP_HOLD,600,53,0,0,0,0,0,0,0,159,147,661,0,0,130.5899650524213,746.0599999999974,1334.976,62820.2
0000028f--bc6e81a93a--35,E_REP_HOLD,600,28,0,0,0,0,0,0,0,42,69,576,0,0,137.07810255553744,824.3999999999996,1381.9360000000042,61689.0
0000028f--bc6e81a93a--36,E_REP_HOLD,599,57,0,0,0,0,0,0,0,57,131,801,0,0,177.8007676902535,1099.045,1696.1560000000013,109405.2
0000028f--bc6e81a93a--37,E_REP_HOLD,600,50,0,0,0,0,0,0,0,351,198,718,0,0,182.2070547031355,1115.0249999999999,1747.9950000000013,129968.9
0000028f--bc6e81a93a--38,E_REP_HOLD,600,44,0,0,0,0,0,0,0,373,176,772,0,0,172.84471760797362,1030.815,1684.0540000000053,113179.3
00000292--6d6fbf4d88--17,E_REP_HOLD,600,8,0,0,0,0,0,0,0,10,34,562,0,0,126.03405000000012,758.2300000000002,1123.7130000000004,67691.8
00000294--307ed6c5e3--0,E_REP_HOLD,615,51,0,0,0,0,0,0,0,283,85,681,0,0,198.55893089960915,1244.1499999999999,2089.564999999999,115602.5
00000294--307ed6c5e3--1,E_REP_HOLD,600,41,0,0,0,0,0,0,0,25,32,376,0,0,182.21177451634412,1188.125,1950.6149999999998,91097.5
00000294--307ed6c5e3--10,E_REP_HOLD,599,24,0,0,0,0,0,0,0,78,103,685,0,0,179.37147382460864,1094.449999999999,1828.2009999999982,119927.7
00000294--307ed6c5e3--11,E_REP_HOLD,599,5,0,0,0,0,0,0,0,25,62,652,0,0,162.5405432427931,946.2,1907.2,75731.4
00000294--307ed6c5e3--12,E_REP_HOLD,599,9,0,0,0,0,0,0,0,17,23,524,0,0,155.9566522174061,812.915,1364.645999999998,148631.1
00000294--307ed6c5e3--13,E_REP_HOLD,599,14,0,0,0,0,0,0,0,14,81,727,0,0,199.806433333333,1239.2450000000003,2118.296000000002,143367.6
00000294--307ed6c5e3--14,E_REP_HOLD,600,7,0,0,0,0,0,0,0,2,19,610,0,0,175.39888333333303,1043.0650000000003,1683.498000000002,102665.4
00000294--307ed6c5e3--15,E_REP_HOLD,600,15,0,0,0,0,0,0,0,47,63,836,0,0,181.63074358119297,1118.219999999999,1606.8209999999997,152911.7
00000294--307ed6c5e3--16,E_REP_HOLD,599,20,0,0,0,0,0,0,0,27,57,783,0,0,190.18100717025226,1064.1399999999992,2187.919999999999,107635.7
00000294--307ed6c5e3--17,E_REP_HOLD,600,23,0,0,0,0,0,0,0,438,202,787,0,0,243.7098483586073,1623.3,2902.7,132697.8
00000294--307ed6c5e3--18,E_REP_HOLD,600,29,0,0,0,0,0,0,0,6,224,860,0,0,247.60100100100098,1637.235,3396.1539999999995,109068.2
00000294--307ed6c5e3--19,E_REP_HOLD,600,41,0,0,0,0,0,0,0,392,231,901,0,0,232.7396701099649,1508.38,2861.6959999999867,136688.0
00000294--307ed6c5e3--2,E_REP_HOLD,600,26,0,0,0,0,0,0,0,9,31,447,0,0,155.72237960339885,1000.0,1691.2,54296.3
00000294--307ed6c5e3--20,E_REP_HOLD,600,33,0,0,0,0,0,0,0,252,137,843,0,0,211.90764617691198,1288.5099999999995,2347.801999999989,122015.4
00000294--307ed6c5e3--21,E_REP_HOLD,600,26,0,0,0,0,0,0,0,198,38,565,0,0,168.3352039966691,1043.3000000000004,1601.2280000000005,73787.2
00000294--307ed6c5e3--22,E_REP_HOLD,600,4,0,0,0,0,0,0,0,0,6,150,0,0,104.44805865689061,501.2,867.6,67268.5
00000294--307ed6c5e3--23,E_REP_HOLD,600,0,0,0,0,0,0,0,0,0,2,86,0,0,110.34447592068047,533.4,717.4,114843.5
00000294--307ed6c5e3--24,E_REP_HOLD,600,23,0,0,0,0,0,0,0,125,45,431,0,0,190.1603864734306,947.0699999999999,2307.159999999999,135214.7
00000294--307ed6c5e3--25,E_REP_HOLD,600,6,0,0,0,0,0,0,0,2,34,278,0,0,132.04463154384814,717.7299999999999,990.2019999999992,115923.1
00000294--307ed6c5e3--26,E_REP_HOLD,600,17,0,0,0,0,0,0,0,0,14,161,0,0,107.739643392768,559.8,912.7,74492.9
00000294--307ed6c5e3--27,E_REP_HOLD,600,14,0,0,0,0,0,0,0,0,0,64,0,0,114.39815000000006,632.2050000000002,914.904,82516.9
00000294--307ed6c5e3--28,E_REP_HOLD,600,52,0,0,0,0,0,0,0,25,69,576,0,0,163.30639893351062,959.6,2136.8,76185.3
00000294--307ed6c5e3--3,E_REP_HOLD,600,8,0,0,0,0,0,0,0,0,22,365,0,0,162.7831248957811,929.9799999999999,1443.94,159894.8
00000294--307ed6c5e3--4,E_REP_HOLD,600,27,0,0,0,0,0,0,0,87,179,823,0,0,244.90520433694732,1671.1400000000003,3096.4780000000005,104919.0
00000294--307ed6c5e3--5,E_REP_HOLD,600,14,0,0,0,0,0,0,0,15,120,647,0,0,177.3086695565189,1063.2649999999994,1623.3749999999993,148259.7
00000294--307ed6c5e3--6,E_REP_HOLD,600,16,0,0,0,0,0,0,0,28,74,653,0,0,138.52593333333337,749.2600000000003,1249.781000000002,87803.2
00000294--307ed6c5e3--7,E_REP_HOLD,600,24,0,0,0,0,0,0,0,320,70,774,0,0,143.8361499999999,858.9550000000002,1248.4270000000006,71562.4
00000294--307ed6c5e3--8,E_REP_HOLD,599,15,0,0,0,0,0,0,0,125,102,609,0,0,122.7559186395467,713.0,1189.4839999999992,3041.4
00000294--307ed6c5e3--9,E_REP_HOLD,599,14,0,0,0,0,0,0,0,25,57,556,0,0,131.8882666666672,684.4350000000001,1164.808,105962.5
00000299--4e4dc57170--0,E_REP_HOLD,620,30,0,0,0,0,0,0,0,192,51,625,0,0,178.15168738898782,1026.4999999999993,1831.7279999999998,114886.3
00000299--4e4dc57170--1,E_REP_HOLD,600,26,0,0,0,0,0,0,0,34,37,476,0,0,138.62977659219743,850.2,1404.221,64961.3
00000299--4e4dc57170--10,E_REP_HOLD,600,15,0,0,0,0,0,0,0,27,86,717,0,0,165.71178136977161,957.4,1693.8,114508.2
00000299--4e4dc57170--11,E_REP_HOLD,600,26,0,0,0,0,0,0,0,24,155,649,0,0,194.10618436406025,988.3199999999916,2860.849999999999,97923.8
00000299--4e4dc57170--12,E_REP_HOLD,600,10,0,0,0,0,0,0,0,357,69,710,0,0,157.96741086304564,922.6,1719.4589999999992,78180.7
00000299--4e4dc57170--13,E_REP_HOLD,599,42,0,0,0,0,0,0,0,376,148,753,0,0,154.80131710570143,894.6749999999984,1703.4649999999986,87161.0
00000299--4e4dc57170--14,E_REP_HOLD,599,44,0,0,0,0,0,0,0,0,62,590,0,0,154.12894517580418,823.1,1786.2,58662.2
00000299--4e4dc57170--15,E_REP_HOLD,599,10,0,0,0,0,0,0,0,3,25,441,0,0,161.96422737122847,900.6,1541.8319999999992,130487.4
00000299--4e4dc57170--16,E_REP_HOLD,599,27,0,0,0,0,0,0,0,23,75,688,0,0,140.6458243040509,788.6499999999997,1322.155999999994,108619.8
00000299--4e4dc57170--17,E_REP_HOLD,600,18,0,0,0,0,0,0,0,10,21,518,0,0,143.31752457104784,839.4699999999996,1648.8659999999904,78609.7
00000299--4e4dc57170--18,E_REP_HOLD,599,16,0,0,0,0,0,0,0,31,105,631,0,0,143.2064032016011,807.2199999999998,1551.12,90835.0
00000299--4e4dc57170--19,E_REP_HOLD,600,21,0,0,0,0,0,0,0,154,59,607,0,0,158.01934677553726,861.2,1313.8,130424.9
00000299--4e4dc57170--2,E_REP_HOLD,600,5,0,0,0,0,0,0,0,225,31,246,0,0,141.43723953992384,645.1699999999996,1375.4199999999996,123021.3
00000299--4e4dc57170--20,E_REP_HOLD,600,14,0,0,0,0,0,0,0,17,97,618,0,0,151.31570000000036,910.7150000000001,1267.8300000000006,106398.1
00000299--4e4dc57170--21,E_REP_HOLD,600,22,0,0,0,0,0,0,0,126,102,604,0,0,168.42048333333284,1036.6850000000002,2031.671000000006,92882.0
00000299--4e4dc57170--22,E_REP_HOLD,600,6,0,0,0,0,0,0,0,0,33,382,0,0,192.39107113110157,1130.77,1732.1899999999976,147094.0
00000299--4e4dc57170--23,E_REP_HOLD,600,9,0,0,0,0,0,0,0,0,18,364,0,0,160.92534577570433,857.8,1724.0,102898.8
00000299--4e4dc57170--24,E_REP_HOLD,600,14,0,0,0,0,0,0,0,44,113,602,0,0,218.63605600933496,1386.209999999997,2664.0939999999932,155988.6
00000299--4e4dc57170--25,E_REP_HOLD,600,13,0,0,0,0,0,0,0,48,136,725,0,0,157.43768333333387,937.4200000000001,1470.4190000000024,99399.9
00000299--4e4dc57170--26,E_REP_HOLD,600,18,0,0,0,0,0,0,0,28,112,610,0,0,172.9820833333332,1062.8350000000016,1647.8370000000007,146129.4
00000299--4e4dc57170--27,E_REP_HOLD,600,20,0,0,0,0,0,0,0,332,170,725,0,0,249.65539256542812,1739.8999999999994,3213.003999999988,141694.8
00000299--4e4dc57170--3,E_REP_HOLD,600,26,0,0,0,0,0,0,0,270,51,638,0,0,167.21526412264583,1031.3,1546.0,133948.3
00000299--4e4dc57170--4,E_REP_HOLD,600,18,0,0,0,0,0,0,0,54,61,464,0,0,178.75757626271022,1058.7099999999994,2003.9779999999957,101876.9
00000299--4e4dc57170--5,E_REP_HOLD,600,0,0,0,0,0,0,0,0,0,1,128,0,0,111.55387564594119,615.41,781.9239999999994,65294.7
00000299--4e4dc57170--6,E_REP_HOLD,600,32,0,0,0,0,0,0,0,36,127,577,0,0,194.0947342109648,904.9,2715.5,128388.9
00000299--4e4dc57170--7,E_REP_HOLD,600,33,0,0,0,0,0,0,0,553,165,916,0,0,241.5225908636204,1711.019999999999,2741.316999999999,128646.7
00000299--4e4dc57170--8,E_REP_HOLD,600,18,0,0,0,0,0,0,0,37,63,636,0,0,147.50368149258654,845.68,1725.396,66758.7
00000299--4e4dc57170--9,E_REP_HOLD,599,29,0,0,0,0,0,0,0,63,86,670,0,0,155.3832666666672,784.2450000000009,1977.148000000001,77020.8
0000029b--52f66a3abc--0,E_REP_HOLD,616,28,0,0,0,0,0,0,0,226,39,509,0,0,160.231896551724,744.0799999999995,1747.4879999999976,159634.2
0000029b--52f66a3abc--1,E_REP_HOLD,599,9,0,0,0,0,0,0,0,21,33,506,0,0,156.33317772590868,1045.1349999999998,1486.713999999999,82635.5
0000029b--52f66a3abc--10,E_REP_HOLD,600,4,0,0,0,0,0,0,0,5,40,539,0,0,120.03156140643289,666.5,983.4,52979.9
0000029b--52f66a3abc--11,E_REP_HOLD,600,4,0,0,0,0,0,0,0,32,86,522,0,0,146.62008668111324,830.7699999999996,1262.3079999999998,135727.7
0000029b--52f66a3abc--12,E_REP_HOLD,600,5,0,0,0,0,0,0,0,7,31,283,0,0,107.22908818136345,562.9399999999991,1451.8139999999948,3471.2
0000029b--52f66a3abc--13,E_REP_HOLD,600,24,0,0,0,0,0,0,0,14,21,545,0,0,146.5506082319612,899.2,1392.8,89363.2
0000029b--52f66a3abc--14,E_REP_HOLD,600,18,0,0,0,0,0,0,0,4,47,704,0,0,172.43436145381833,1019.7349999999997,1798.8569999999993,91512.9
0000029b--52f66a3abc--15,E_REP_HOLD,600,22,0,0,0,0,0,0,0,8,54,524,0,0,160.4599499999996,918.5050000000012,1781.2150000000004,88912.0
0000029b--52f66a3abc--16,E_REP_HOLD,600,6,0,0,0,0,0,0,0,12,95,509,0,0,156.86763333333366,855.1550000000002,1554.8310000000006,145798.7
0000029b--52f66a3abc--17,E_REP_HOLD,600,17,0,0,0,0,0,0,0,23,61,787,0,0,148.7262877146194,914.8299999999994,1470.6539999999986,85340.4
0000029b--52f66a3abc--18,E_REP_HOLD,600,12,0,0,0,0,0,0,0,5,37,831,0,0,152.5301783036155,964.3,1486.2,68103.0
0000029b--52f66a3abc--19,E_REP_HOLD,600,46,0,0,0,0,0,0,0,67,144,908,0,0,236.03302767589219,1565.8199999999997,2599.9719999999916,154847.0
0000029b--52f66a3abc--2,E_REP_HOLD,599,1,0,0,0,0,0,0,0,0,2,66,0,0,82.41038679559834,390.95999999999987,576.0149999999999,55390.8
0000029b--52f66a3abc--20,E_REP_HOLD,600,9,0,0,0,0,0,0,0,299,109,745,0,0,217.19893333333277,1454.1149999999998,2346.5150000000026,93228.6
0000029b--52f66a3abc--21,E_REP_HOLD,600,29,0,0,0,0,0,0,0,32,150,745,0,0,217.50791534744232,1367.0,2616.0,121665.6
0000029b--52f66a3abc--22,E_REP_HOLD,599,54,0,0,0,0,0,0,0,274,235,922,0,0,263.05592994161697,1905.0400000000006,3142.9260000000013,113267.0
0000029b--52f66a3abc--23,E_REP_HOLD,600,17,0,0,0,0,0,0,0,0,18,410,0,0,198.23783333333313,1097.6200000000003,1852.6080000000002,136939.4
0000029b--52f66a3abc--24,E_REP_HOLD,599,38,0,0,0,0,0,0,0,63,107,765,0,0,172.41339776703933,990.8,1962.5,108806.9
0000029b--52f66a3abc--25,E_REP_HOLD,599,24,0,0,0,0,0,0,0,0,28,595,0,0,203.19659886628884,1253.945,2018.1,111619.7
0000029b--52f66a3abc--26,E_REP_HOLD,599,42,0,0,0,0,0,0,0,92,146,748,0,0,248.2663943990661,1639.9499999999991,2905.567999999996,109675.7
0000029b--52f66a3abc--27,E_REP_HOLD,599,32,0,0,0,0,0,0,0,514,88,625,0,0,197.79098333333366,1374.3250000000012,2250.852000000001,81994.0
0000029b--52f66a3abc--28,E_REP_HOLD,600,19,0,0,0,0,0,0,0,75,96,635,0,0,212.6289833333337,1287.6850000000006,2395.437000000003,143199.2
0000029b--52f66a3abc--29,E_REP_HOLD,599,28,0,0,0,0,0,0,0,34,32,363,0,0,131.33634544848283,675.4749999999998,1323.8419999999994,113755.5
0000029b--52f66a3abc--3,E_REP_HOLD,600,0,0,0,0,0,0,0,0,0,1,72,0,0,78.53936666666665,374.5700000000003,659.644000000001,4394.0
0000029b--52f66a3abc--30,E_REP_HOLD,600,16,0,0,0,0,0,0,0,40,25,325,0,0,107.03826666666666,657.4650000000005,1139.2240000000006,3180.0
0000029b--52f66a3abc--4,E_REP_HOLD,600,48,0,0,0,0,0,0,0,251,150,749,0,0,217.98914638212756,1485.0199999999998,2589.2989999999936,89334.4
0000029b--52f66a3abc--5,E_REP_HOLD,600,13,0,0,0,0,0,0,0,27,165,774,0,0,225.60171867178377,1271.9399999999998,3032.775999999993,134122.9
0000029b--52f66a3abc--6,E_REP_HOLD,600,11,0,0,0,0,0,0,0,6,110,548,0,0,158.77736289381608,943.8399999999997,1369.8339999999992,92259.6
0000029b--52f66a3abc--7,E_REP_HOLD,600,6,0,0,0,0,0,0,0,0,61,536,0,0,141.77147377185665,751.8600000000007,1231.188,99887.9
0000029b--52f66a3abc--8,E_REP_HOLD,600,18,0,0,0,0,0,0,0,16,147,808,0,0,162.39468599033884,868.3499999999995,1495.6699999999994,156320.9
0000029b--52f66a3abc--9,E_REP_HOLD,600,12,0,0,0,0,0,0,0,12,82,611,0,0,145.0634288570477,789.3699999999992,1200.2949999999998,134966.9
000002a2--b53d86b8b1--10,E_REP_HOLD,599,17,0,0,0,0,0,0,0,0,50,267,0,0,138.933894631544,552.2599999999999,1488.209,119814.3
000002a2--b53d86b8b1--11,E_REP_HOLD,600,14,0,0,0,0,0,0,0,63,39,231,0,0,124.99828476269784,557.7800000000009,1717.212000000001,63732.1
000002a2--b53d86b8b1--12,E_REP_HOLD,600,88,0,0,0,0,0,0,0,30,205,639,0,0,166.0221480987329,1046.375,2397.3750000000005,95917.2
000002a2--b53d86b8b1--13,E_REP_HOLD,600,32,0,0,0,0,0,0,0,7,37,316,0,0,165.80803810160467,762.0949999999997,1884.9010000000012,157008.8
000002a2--b53d86b8b1--14,E_REP_HOLD,600,20,0,0,0,0,0,0,0,1,16,362,0,0,193.41746427384544,1209.6249999999986,2012.7779999999996,116460.2
000002a2--b53d86b8b1--15,E_REP_HOLD,600,44,0,0,0,0,0,0,0,5,20,539,0,0,247.43841534612025,1878.4700000000003,2407.972,119638.4
000002a2--b53d86b8b1--17,E_REP_HOLD,600,3,0,0,0,0,0,0,0,10,13,299,0,0,147.10763078973633,746.4049999999996,1425.5509999999988,128444.3
000002a2--b53d86b8b1--18,E_REP_HOLD,599,10,0,0,0,0,0,0,0,0,2,154,0,0,113.14904182636202,555.4,798.3,83492.5
000002a2--b53d86b8b1--19,E_REP_HOLD,600,13,0,0,0,0,0,0,0,0,6,345,0,0,141.6370919387076,851.644999999998,1175.7220000000004,69618.4
000002a2--b53d86b8b1--20,E_REP_HOLD,599,4,0,0,0,0,0,0,0,0,3,173,0,0,111.46228742914322,573.8649999999997,828.0599999999995,62617.9
000002a2--b53d86b8b1--21,E_REP_HOLD,599,5,0,0,0,0,0,0,0,0,8,213,0,0,115.64044999999992,548.0250000000001,800.2100000000003,120648.7
000002a2--b53d86b8b1--22,E_REP_HOLD,599,13,0,0,0,0,0,0,0,0,9,223,0,0,135.34057657057176,651.6,1111.7,114405.0
000002a2--b53d86b8b1--23,E_REP_HOLD,599,4,0,0,0,0,0,0,0,0,1,85,0,0,111.32234999999991,582.7150000000001,754.4150000000003,60917.9
000002a2--b53d86b8b1--24,E_REP_HOLD,600,3,0,0,0,0,0,0,0,10,8,277,0,0,139.8356607232129,789.1,1205.7,127449.5
000002a2--b53d86b8b1--25,E_REP_HOLD,599,2,0,0,0,0,0,0,0,0,8,314,0,0,109.69308218036315,579.7299999999992,858.7219999999995,94611.1
000002a2--b53d86b8b1--27,E_REP_HOLD,600,48,0,0,0,0,0,0,0,326,55,599,0,0,162.81991666666636,1047.8,1751.7070000000003,65765.5
000002a2--b53d86b8b1--28,E_REP_HOLD,600,13,0,0,0,0,0,0,0,0,5,291,0,0,114.53838973162217,645.92,883.8319999999992,82167.5
000002a2--b53d86b8b1--9,E_REP_HOLD,600,36,0,0,0,0,0,0,0,463,132,807,0,0,160.99286309821525,1060.0599999999993,1778.3679999999995,90591.0
