family_id,key,route,segment,raw_pair,parent_member_sets,split_count,rejoin_count,median_split_interval_s,max_split_interval_s,median_rejoin_latency_s,pid_births,representative_retained,boundary_causes,publication_visible,internal_only
00000243--a4d9c0a5dd--0:126|127,00000243--a4d9c0a5dd--0,00000243,0,126|127,126|127,3,2,0.845125319,0.990434957,0.6452184385,1,3,"{""DISTANCE_DIAMETER"":3}",3,0
00000243--a4d9c0a5dd--0:132|188,00000243--a4d9c0a5dd--0,00000243,0,132|188,132|188|190,3,2,1.1998776604999999,1.200223169,0.699153121,1,0,"{""DISTANCE_DIAMETER"":3}",3,0
00000243--a4d9c0a5dd--0:291|293,00000243--a4d9c0a5dd--0,00000243,0,291|293,291|293,2,2,0.299706549,0.299706549,0.1497348455,1,1,"{""DISTANCE_GROWTH"":1,""LATERAL_GROWTH"":1}",2,0
00000243--a4d9c0a5dd--0:74|75,00000243--a4d9c0a5dd--0,00000243,0,74|75,74|75,2,2,1.499587208,1.499587208,0.6504727175,1,1,"{""DISTANCE_DIAMETER"":1,""LATERAL_GROWTH"":1}",2,0
00000243--a4d9c0a5dd--0:93|123,00000243--a4d9c0a5dd--0,00000243,0,93|123,93|123,2,1,0.401552794,0.401552794,0.2994917,2,2,"{""DISTANCE_DIAMETER"":2}",2,0
00000245--2c15eb5d45--19:407|421,00000245--2c15eb5d45--19,00000245,19,407|421,407|421,3,2,1.450220883,2.299737925,0.4002817535,2,3,"{""DISTANCE_DIAMETER"":3}",3,0
00000245--2c15eb5d45--19:433|441,00000245--2c15eb5d45--19,00000245,19,433|441,433|441,2,2,0.399791433,0.399791433,0.3011778125,2,2,"{""DISTANCE_DIAMETER"":2}",2,0
00000245--2c15eb5d45--19:536|538,00000245--2c15eb5d45--19,00000245,19,536|538,536|538;536|538|576,3,2,0.7998718890000001,0.800223519,0.2499353425,2,2,"{""DISTANCE_GROWTH"":1,""LATERAL_GROWTH"":2}",3,0
00000245--2c15eb5d45--19:536|576,00000245--2c15eb5d45--19,00000245,19,536|576,536|576,3,2,0.7002655240000001,1.199758357,0.1496337085,2,2,"{""DISTANCE_DIAMETER"":1,""DISTANCE_GROWTH"":2}",3,0
00000245--2c15eb5d45--19:579|583,00000245--2c15eb5d45--19,00000245,19,579|583,579|583,2,1,0.999463589,0.999463589,0.800416115,0,1,"{""DISTANCE_DIAMETER"":2}",2,0
00000245--2c15eb5d45--21:310|312,00000245--2c15eb5d45--21,00000245,21,310|312,310|312,2,2,0.900331317,0.900331317,0.40041083850000003,2,2,"{""DISTANCE_DIAMETER"":2}",2,0
00000245--2c15eb5d45--21:324|326,00000245--2c15eb5d45--21,00000245,21,324|326,324|326,2,1,1.699326765,1.699326765,1.499645825,1,2,"{""DISTANCE_DIAMETER"":2}",2,0
00000245--2c15eb5d45--21:329|331,00000245--2c15eb5d45--21,00000245,21,329|331,329|331,2,2,1.208615801,1.208615801,1.004159427,1,2,"{""DISTANCE_DIAMETER"":2}",2,0
00000245--2c15eb5d45--21:330|331,00000245--2c15eb5d45--21,00000245,21,330|331,330|331,2,1,2.399443641,2.399443641,1.500371559,1,1,"{""DISTANCE_DIAMETER"":2}",2,0
00000245--2c15eb5d45--21:330|334,00000245--2c15eb5d45--21,00000245,21,330|334,330|334,2,1,1.000997446,1.000997446,0.399490775,0,0,"{""DISTANCE_DIAMETER"":2}",2,0
00000245--2c15eb5d45--7:227|228,00000245--2c15eb5d45--7,00000245,7,227|228,227|228,2,1,0.699686116,0.699686116,0.30019087,1,2,"{""DISTANCE_DIAMETER"":1,""DISTANCE_GROWTH"":1}",2,0
00000245--2c15eb5d45--7:269|273,00000245--2c15eb5d45--7,00000245,7,269|273,269|273;269|273|278,2,1,1.098840639,1.098840639,0.698887445,2,2,"{""DISTANCE_DIAMETER"":1,""DISTANCE_GROWTH"":1}",2,0
00000247--b657952782--0:157|162,00000247--b657952782--0,00000247,0,157|162,157|162,2,1,1.799892898,1.799892898,0.199626522,2,2,"{""LATERAL_DIAMETER"":1,""LATERAL_GROWTH"":1}",2,0
00000247--b657952782--0:15|25,00000247--b657952782--0,00000247,0,15|25,15|25,2,1,0.601607813,0.601607813,0.501067813,1,1,"{""LATERAL_DIAMETER"":2}",2,0
00000247--b657952782--0:280|281,00000247--b657952782--0,00000247,0,280|281,280|281,2,1,0.700217631,0.700217631,0.299683602,2,2,"{""DISTANCE_GROWTH"":1,""LATERAL_DIAMETER"":1}",2,0
00000247--b657952782--0:449|521,00000247--b657952782--0,00000247,0,449|521,449|521,2,2,1.100352584,1.100352584,0.39987240749999997,2,2,"{""DISTANCE_DIAMETER"":2}",2,0
00000247--b657952782--0:456|461,00000247--b657952782--0,00000247,0,456|461,456|461,2,2,3.799620893,3.799620893,0.5498986405,2,2,"{""DISTANCE_DIAMETER"":1,""DISTANCE_GROWTH"":1}",2,0
00000247--b657952782--0:461|475,00000247--b657952782--0,00000247,0,461|475,456|461|475;461|475,2,2,0.299372744,0.299372744,0.1497947725,1,1,"{""LATERAL_GROWTH"":2}",2,0
00000247--b657952782--0:51|64,00000247--b657952782--0,00000247,0,51|64,51|64|102;51|64|66,2,0,2.998540816,2.998540816,,1,0,"{""DISTANCE_GROWTH"":2}",2,0
00000247--b657952782--0:559|570,00000247--b657952782--0,00000247,0,559|570,559|570,2,2,6.499005857,6.499005857,0.1499318895,1,2,"{""DISTANCE_GROWTH"":1,""LATERAL_GROWTH"":1}",2,0
00000247--b657952782--0:595|605,00000247--b657952782--0,00000247,0,595|605,595|605,4,3,0.900013317,0.900634878,0.399987455,3,3,"{""DISTANCE_DIAMETER"":2,""LATERAL_DIAMETER"":1,""LATERAL_GROWTH"":1}",4,0
00000247--b657952782--0:685|699,00000247--b657952782--0,00000247,0,685|699,685|699,3,2,1.2000642285,1.300573118,0.4008310245,3,3,"{""LATERAL_GROWTH"":2,""OTHER_IMMATURE_PAIR"":1}",3,0
00000247--b657952782--0:722|727,00000247--b657952782--0,00000247,0,722|727,722|727;722|727|728,2,1,3.299094882,3.299094882,0.199702414,1,1,"{""DISTANCE_GROWTH"":1,""OTHER_IMMATURE_PAIR"":1}",2,0
00000247--b657952782--0:745|765,00000247--b657952782--0,00000247,0,745|765,745|765;745|765|786,3,2,1.350183632,2.000819186,0.6513148105,3,2,"{""DISTANCE_DIAMETER"":2,""DISTANCE_GROWTH"":1}",3,0
00000247--b657952782--0:748|757,00000247--b657952782--0,00000247,0,748|757,748|757,2,1,3.698115499,3.698115499,1.398287044,0,0,"{""LATERAL_GROWTH"":2}",2,0
00000247--b657952782--0:787|803,00000247--b657952782--0,00000247,0,787|803,787|803,2,2,0.999553571,0.999553571,0.2994697745,2,2,"{""DISTANCE_DIAMETER"":2}",2,0
00000247--b657952782--1:135|163,00000247--b657952782--1,00000247,1,135|163,135|163,2,1,0.998998314,0.998998314,0.49897864,2,2,"{""DISTANCE_DIAMETER"":1,""LATERAL_DIAMETER"":1}",2,0
00000247--b657952782--1:14|52,00000247--b657952782--1,00000247,1,14|52,14|52;14|52|57,2,2,0.600091117,0.600091117,0.35145338800000003,2,2,"{""DISTANCE_DIAMETER"":2}",2,0
00000247--b657952782--1:275|293,00000247--b657952782--1,00000247,1,275|293,275|293,2,1,0.700212393,0.700212393,0.400288244,2,2,"{""LATERAL_DIAMETER"":2}",2,0
00000247--b657952782--1:289|293,00000247--b657952782--1,00000247,1,289|293,289|293,2,2,0.699713236,0.699713236,0.449547552,2,2,"{""DISTANCE_DIAMETER"":2}",2,0
00000247--b657952782--1:311|317,00000247--b657952782--1,00000247,1,311|317,307|311|317,2,2,0.600989474,0.600989474,0.7000503849999999,2,2,"{""DISTANCE_DIAMETER"":2}",2,0
00000247--b657952782--1:427|459,00000247--b657952782--1,00000247,1,427|459,427|459,2,1,6.199922429,6.199922429,3.29964679,1,1,"{""LATERAL_GROWTH"":2}",2,0
00000247--b657952782--1:444|464,00000247--b657952782--1,00000247,1,444|464,444|464,3,2,0.3495405555,0.49972323,0.2501216945,3,3,"{""DISTANCE_DIAMETER"":1,""LATERAL_GROWTH"":2}",3,0
00000247--b657952782--1:459|469,00000247--b657952782--1,00000247,1,459|469,427|459|469;459|469,2,2,3.799200732,3.799200732,1.2509820285,1,0,"{""LATERAL_GROWTH"":2}",2,0
00000247--b657952782--1:469|494,00000247--b657952782--1,00000247,1,469|494,469|494;469|494|513,2,1,3.888530961,3.888530961,2.797974216,0,0,"{""DISTANCE_DIAMETER"":1,""LATERAL_GROWTH"":1}",2,0
00000247--b657952782--1:49|66,00000247--b657952782--1,00000247,1,49|66,49|66;49|66|75,2,1,1.200743238,1.200743238,0.300123639,1,0,"{""LATERAL_DIAMETER"":1,""LATERAL_GROWTH"":1}",2,0
00000247--b657952782--1:527|536,00000247--b657952782--1,00000247,1,527|536,527|536,2,2,0.507735164,0.507735164,0.5444885205000001,2,2,"{""DISTANCE_DIAMETER"":2}",2,0
00000247--b657952782--1:713|723,00000247--b657952782--1,00000247,1,713|723,713|723,2,1,0.999903132,0.999903132,0.800314243,2,2,"{""LATERAL_DIAMETER"":1,""LATERAL_GROWTH"":1}",2,0
00000247--b657952782--1:713|752,00000247--b657952782--1,00000247,1,713|752,713|752,2,1,1.500394214,1.500394214,1.100779282,0,1,"{""DISTANCE_GROWTH"":1,""LATERAL_GROWTH"":1}",2,0
00000247--b657952782--1:724|744,00000247--b657952782--1,00000247,1,724|744,724|744;724|744|754,2,1,2.699942556,2.699942556,0.999406397,2,1,"{""DISTANCE_GROWTH"":1,""LATERAL_GROWTH"":1}",2,0
00000247--b657952782--10:149|172,00000247--b657952782--10,00000247,10,149|172,149|172,2,2,0.201137543,0.201137543,0.100573563,2,2,"{""DISTANCE_GROWTH"":2}",2,0
00000247--b657952782--10:1|3,00000247--b657952782--10,00000247,10,1|3,1|3,4,3,4.3004144,6.399621142,0.100283483,4,4,"{""LATERAL_DIAMETER"":1,""LATERAL_GROWTH"":3}",4,0
00000247--b657952782--11:7|100,00000247--b657952782--11,00000247,11,7|100,1|7|100;1|7|100|108,2,2,3.899596561,3.899596561,0.30009761,2,2,"{""LATERAL_DIAMETER"":2}",2,0
00000247--b657952782--11:7|116,00000247--b657952782--11,00000247,11,7|116,1|7|115|116;1|7|116|118|120;1|7|116|125,3,2,2.350105358,3.30054149,0.6006375255,3,3,"{""LATERAL_DIAMETER"":3}",3,0
00000247--b657952782--11:7|146,00000247--b657952782--11,00000247,11,7|146,1|7|138|146;1|7|138|146|148,2,1,0.499480376,0.499480376,0.300296184,2,2,"{""LATERAL_DIAMETER"":2}",2,0
00000247--b657952782--11:7|29,00000247--b657952782--11,00000247,11,7|29,1|7|29;1|7|29|30,3,2,2.549779538,2.899680429,0.6502163190000001,3,3,"{""LATERAL_DIAMETER"":3}",3,0
00000247--b657952782--11:7|68,00000247--b657952782--11,00000247,11,7|68,1|7|68|71,2,2,2.99935062,2.99935062,0.300267156,2,2,"{""LATERAL_DIAMETER"":2}",2,0
00000247--b657952782--12:7|12,00000247--b657952782--12,00000247,12,7|12,1|3|5|7|12;1|5|7|12;1|5|7|12|26;1|7|12;1|7|12|26,9,6,1.450213902,8.899768998,0.745964962,9,9,"{""DISTANCE_GROWTH"":1,""LATERAL_DIAMETER"":8}",9,0
00000247--b657952782--13:517|530,00000247--b657952782--13,00000247,13,517|530,517|530,2,1,1.298831074,1.298831074,0.998634613,1,2,"{""DISTANCE_DIAMETER"":2}",2,0
00000247--b657952782--14:295|302,00000247--b657952782--14,00000247,14,295|302,295|302,2,1,0.399509846,0.399509846,0.299425772,2,2,"{""LATERAL_DIAMETER"":1,""LATERAL_GROWTH"":1}",2,0
00000247--b657952782--14:315|327,00000247--b657952782--14,00000247,14,315|327,315|327,2,1,1.600392392,1.600392392,1.101576475,2,2,"{""DISTANCE_DIAMETER"":1,""VELOCITY_DIAMETER"":1}",2,0
00000247--b657952782--14:333|345,00000247--b657952782--14,00000247,14,333|345,333|345;333|345|348,2,1,2.099919891,2.099919891,0.099735304,2,2,"{""DISTANCE_GROWTH"":1,""LATERAL_DIAMETER"":1}",2,0
00000247--b657952782--14:333|378,00000247--b657952782--14,00000247,14,333|378,333|378,2,1,1.000339674,1.000339674,0.900289598,1,1,"{""LATERAL_DIAMETER"":2}",2,0
00000247--b657952782--14:333|394,00000247--b657952782--14,00000247,14,333|394,333|394,2,2,0.4996472,0.4996472,0.3001119,1,1,"{""DISTANCE_DIAMETER"":2}",2,0
00000247--b657952782--14:426|428,00000247--b657952782--14,00000247,14,426|428,426|428,2,1,1.900760164,1.900760164,1.302268588,2,2,"{""DISTANCE_GROWTH"":1,""LATERAL_DIAMETER"":1}",2,0
00000247--b657952782--14:430|438,00000247--b657952782--14,00000247,14,430|438,430|438,2,1,0.701305825,0.701305825,0.399960876,2,2,"{""DISTANCE_GROWTH"":2}",2,0
00000247--b657952782--14:96|104,00000247--b657952782--14,00000247,14,96|104,96|104,2,1,2.899697706,2.899697706,0.298236731,1,1,"{""DISTANCE_DIAMETER"":2}",2,0
00000247--b657952782--17:173|174,00000247--b657952782--17,00000247,17,173|174,173|174;173|174|189,2,0,0.400493587,0.400493587,,2,2,"{""DISTANCE_GROWTH"":2}",2,0
00000247--b657952782--18:300|304,00000247--b657952782--18,00000247,18,300|304,300|301|304;300|304|320,2,0,0.698965419,0.698965419,,1,1,"{""DISTANCE_DIAMETER"":1,""LATERAL_DIAMETER"":1}",2,0
00000247--b657952782--18:352|401,00000247--b657952782--18,00000247,18,352|401,352|401,2,2,0.201801704,0.201801704,0.10065415250000001,2,2,"{""DISTANCE_GROWTH"":2}",2,0
00000247--b657952782--18:45|64,00000247--b657952782--18,00000247,18,45|64,45|64,2,1,0.700888339,0.700888339,0.299478421,2,2,"{""DISTANCE_DIAMETER"":2}",2,0
00000247--b657952782--19:161|177,00000247--b657952782--19,00000247,19,161|177,161|177,2,1,0.69970278,0.69970278,0.499635376,1,1,"{""DISTANCE_DIAMETER"":1,""LATERAL_DIAMETER"":1}",2,0
00000247--b657952782--19:372|373,00000247--b657952782--19,00000247,19,372|373,372|373,2,1,0.60157257,0.60157257,0.300399588,2,2,"{""DISTANCE_DIAMETER"":2}",2,0
00000247--b657952782--19:377|382,00000247--b657952782--19,00000247,19,377|382,377|382,2,1,0.501560047,0.501560047,0.199366555,2,2,"{""DISTANCE_GROWTH"":2}",2,0
00000247--b657952782--19:736|737,00000247--b657952782--19,00000247,19,736|737,736|737,2,1,1.899524539,1.899524539,0.699677522,2,2,"{""DISTANCE_GROWTH"":1,""LATERAL_GROWTH"":1}",2,0
00000247--b657952782--2:13|24,00000247--b657952782--2,00000247,2,13|24,13|24;13|24|91,5,4,2.7493112650000002,5.700880725,0.696724747,5,3,"{""LATERAL_DIAMETER"":4,""LATERAL_GROWTH"":1}",5,0
00000247--b657952782--2:237|246,00000247--b657952782--2,00000247,2,237|246,237|246,2,1,0.999935933,0.999935933,0.400012612,2,2,"{""DISTANCE_DIAMETER"":1,""LATERAL_DIAMETER"":1}",2,0
00000247--b657952782--2:275|279,00000247--b657952782--2,00000247,2,275|279,275|279,2,1,0.400222473,0.400222473,0.300280987,2,2,"{""LATERAL_DIAMETER"":1,""OTHER_STATIONARY_MOVING"":1}",2,0
00000247--b657952782--2:325|327,00000247--b657952782--2,00000247,2,325|327,325|327,2,1,0.301595925,0.301595925,0.099641716,2,2,"{""DISTANCE_GROWTH"":2}",2,0
00000247--b657952782--2:327|337,00000247--b657952782--2,00000247,2,327|337,327|337,2,2,2.099527343,2.099527343,0.3509048485,1,1,"{""LATERAL_GROWTH"":2}",2,0
00000247--b657952782--2:340|349,00000247--b657952782--2,00000247,2,340|349,340|349,2,1,1.100694235,1.100694235,0.300990433,2,2,"{""DISTANCE_DIAMETER"":1,""LATERAL_GROWTH"":1}",2,0
00000247--b657952782--2:46|104,00000247--b657952782--2,00000247,2,46|104,46|104,2,2,1.399511675,1.399511675,2.899570935,2,2,"{""LATERAL_DIAMETER"":2}",2,0
00000247--b657952782--2:530|543,00000247--b657952782--2,00000247,2,530|543,530|543,2,1,1.501449887,1.501449887,1.200010908,1,2,"{""DISTANCE_DIAMETER"":2}",2,0
00000247--b657952782--2:56|107,00000247--b657952782--2,00000247,2,56|107,56|107,3,3,1.550307509,2.500289447,2.2005278,2,3,"{""LATERAL_DIAMETER"":3}",3,0
00000247--b657952782--2:78|131,00000247--b657952782--2,00000247,2,78|131,78|131,2,2,1.399284246,1.399284246,0.4951038865,1,2,"{""DISTANCE_GROWTH"":1,""LATERAL_GROWTH"":1}",2,0
00000247--b657952782--20:36|39,00000247--b657952782--20,00000247,20,36|39,36|39,2,1,1.899944979,1.899944979,1.299302514,2,2,"{""DISTANCE_DIAMETER"":2}",2,0
00000247--b657952782--20:462|463,00000247--b657952782--20,00000247,20,462|463,462|463,2,1,0.90066273,0.90066273,0.500190025,2,2,"{""DISTANCE_DIAMETER"":2}",2,0
00000247--b657952782--22:101|102,00000247--b657952782--22,00000247,22,101|102,101|102,3,2,0.5002141210000001,0.600161055,0.25078376199999997,2,2,"{""DISTANCE_DIAMETER"":1,""LATERAL_GROWTH"":2}",3,0
00000247--b657952782--22:122|123,00000247--b657952782--22,00000247,22,122|123,122|123,2,1,0.199983878,0.199983878,0.099440284,1,2,"{""DISTANCE_GROWTH"":2}",2,0
00000247--b657952782--23:298|314,00000247--b657952782--23,00000247,23,298|314,298|314,2,2,0.400176223,0.400176223,0.20026763350000001,2,2,"{""LATERAL_DIAMETER"":1,""LATERAL_GROWTH"":1}",2,0
00000247--b657952782--24:124|136,00000247--b657952782--24,00000247,24,124|136,124|136,2,1,1.299789086,1.299789086,0.500897659,0,1,"{""DISTANCE_GROWTH"":2}",2,0
00000247--b657952782--24:569|574,00000247--b657952782--24,00000247,24,569|574,569|574,2,1,1.402050439,1.402050439,0.700012939,2,2,"{""VELOCITY_DIAMETER"":2}",2,0
00000247--b657952782--25:380|390,00000247--b657952782--25,00000247,25,380|390,380|390,2,1,0.697504347,0.697504347,0.297514849,2,2,"{""LATERAL_DIAMETER"":2}",2,0
00000247--b657952782--25:573|577,00000247--b657952782--25,00000247,25,573|577,573|577,2,1,1.600320683,1.600320683,0.300019026,2,2,"{""DISTANCE_DIAMETER"":1,""LATERAL_DIAMETER"":1}",2,0
00000247--b657952782--26:625|650,00000247--b657952782--26,00000247,26,625|650,625|650,2,2,0.698086174,0.698086174,0.7005268044999999,2,2,"{""DISTANCE_DIAMETER"":1,""DISTANCE_GROWTH"":1}",2,0
00000247--b657952782--3:176|188,00000247--b657952782--3,00000247,3,176|188,176|188,2,2,1.300250929,1.300250929,0.49981099500000004,1,1,"{""LATERAL_GROWTH"":2}",2,0
00000247--b657952782--3:179|185,00000247--b657952782--3,00000247,3,179|185,179|185,2,1,0.599753302,0.599753302,0.402652377,2,2,"{""LATERAL_DIAMETER"":2}",2,0
00000247--b657952782--3:34|40,00000247--b657952782--3,00000247,3,34|40,34|40,3,3,1.349811741,2.299530426,2.199662866,3,3,"{""DISTANCE_DIAMETER"":3}",3,0
00000247--b657952782--3:77|120,00000247--b657952782--3,00000247,3,77|120,77|120,2,1,2.101991763,2.101991763,0.80070648,2,2,"{""LATERAL_DIAMETER"":1,""LATERAL_GROWTH"":1}",2,0
00000247--b657952782--3:77|78,00000247--b657952782--3,00000247,3,77|78,77|78,3,2,3.3490711025,6.198840053,3.1491569935,2,3,"{""DISTANCE_DIAMETER"":2,""LATERAL_GROWTH"":1}",3,0
00000247--b657952782--31:265|278,00000247--b657952782--31,00000247,31,265|278,265|278,2,1,0.499493005,0.499493005,0.399535428,2,2,"{""VELOCITY_DIAMETER"":2}",2,0
00000247--b657952782--31:2|4,00000247--b657952782--31,00000247,31,2|4,2|4,2,1,0.39908069,0.39908069,0.19931101,2,2,"{""DISTANCE_GROWTH"":2}",2,0
00000247--b657952782--31:407|408,00000247--b657952782--31,00000247,31,407|408,407|408,2,1,2.200767935,2.200767935,2.099952357,1,1,"{""DISTANCE_DIAMETER"":2}",2,0
00000247--b657952782--31:78|80,00000247--b657952782--31,00000247,31,78|80,78|80,2,2,1.299568971,1.299568971,0.2966738845,2,2,"{""DISTANCE_DIAMETER"":2}",2,0
00000247--b657952782--33:200|210,00000247--b657952782--33,00000247,33,200|210,200|210,3,3,1.1001386655,1.400607052,0.799887332,3,3,"{""DISTANCE_DIAMETER"":3}",3,0
00000247--b657952782--33:225|231,00000247--b657952782--33,00000247,33,225|231,225|231,2,2,0.701182449,0.701182449,0.349336458,2,2,"{""DISTANCE_DIAMETER"":2}",2,0
00000247--b657952782--33:245|277,00000247--b657952782--33,00000247,33,245|277,245|277,2,2,0.299308752,0.299308752,0.24976930549999998,2,2,"{""LATERAL_GROWTH"":2}",2,0
00000247--b657952782--35:109|113,00000247--b657952782--35,00000247,35,109|113,109|113;109|113|118,2,1,0.500587631,0.500587631,0.200090615,2,2,"{""DISTANCE_DIAMETER"":1,""LATERAL_GROWTH"":1}",2,0
00000247--b657952782--35:121|122,00000247--b657952782--35,00000247,35,121|122,121|122,2,1,1.300552524,1.300552524,0.500902143,2,2,"{""DISTANCE_DIAMETER"":2}",2,0
00000247--b657952782--35:217|219,00000247--b657952782--35,00000247,35,217|219,217|219,2,1,0.300942521,0.300942521,0.100371352,1,1,"{""DISTANCE_GROWTH"":1,""LATERAL_DIAMETER"":1}",2,0
00000247--b657952782--35:5|7,00000247--b657952782--35,00000247,35,5|7,5|7;5|7|35,2,2,4.308871025,4.308871025,0.099091505,2,2,"{""LATERAL_GROWTH"":2}",2,0
00000247--b657952782--36:60|68,00000247--b657952782--36,00000247,36,60|68,60|68,2,1,1.000856092,1.000856092,0.100798314,2,2,"{""LATERAL_DIAMETER"":1,""LATERAL_GROWTH"":1}",2,0
00000247--b657952782--37:164|168,00000247--b657952782--37,00000247,37,164|168,164|168,2,2,0.400194422,0.400194422,0.3497824095,2,2,"{""LATERAL_GROWTH"":2}",2,0
00000247--b657952782--38:30|66,00000247--b657952782--38,00000247,38,30|66,30|66,2,1,0.799512869,0.799512869,0.300115304,2,2,"{""DISTANCE_DIAMETER"":2}",2,0
00000247--b657952782--38:460|470,00000247--b657952782--38,00000247,38,460|470,460|470,2,1,3.69795553,3.69795553,0.298014227,1,2,"{""LATERAL_GROWTH"":2}",2,0
00000247--b657952782--38:683|690,00000247--b657952782--38,00000247,38,683|690,683|690,2,1,1.501142518,1.501142518,1.300514245,1,1,"{""LATERAL_DIAMETER"":1,""LATERAL_GROWTH"":1}",2,0
00000247--b657952782--39:150|161,00000247--b657952782--39,00000247,39,150|161,150|161,2,2,0.901129379,0.901129379,0.5501112925,2,2,"{""LATERAL_DIAMETER"":2}",2,0
00000247--b657952782--39:171|176,00000247--b657952782--39,00000247,39,171|176,171|176,2,2,0.30292941,0.30292941,1.4500995824999998,1,2,"{""LATERAL_DIAMETER"":1,""LATERAL_GROWTH"":1}",2,0
00000247--b657952782--39:171|179,00000247--b657952782--39,00000247,39,171|179,171|179,2,2,3.700667412,3.700667412,1.3498788505000001,1,1,"{""LATERAL_GROWTH"":2}",2,0
00000247--b657952782--39:238|288,00000247--b657952782--39,00000247,39,238|288,238|254|288;238|254|288|304,2,1,2.399613292,2.399613292,2.299895273,2,2,"{""DISTANCE_GROWTH"":1,""LATERAL_DIAMETER"":1}",2,0
00000247--b657952782--39:254|275,00000247--b657952782--39,00000247,39,254|275,254|275,2,1,0.199500104,0.199500104,0.099893835,2,2,"{""DISTANCE_DIAMETER"":1,""DISTANCE_GROWTH"":1}",2,0
00000247--b657952782--39:5|6,00000247--b657952782--39,00000247,39,5|6,5|6,2,1,0.702063211,0.702063211,0.601993435,2,2,"{""DISTANCE_GROWTH"":1,""LATERAL_GROWTH"":1}",2,0
00000247--b657952782--39:5|8,00000247--b657952782--39,00000247,39,5|8,5|8,2,1,0.498911732,0.498911732,0.399770773,2,2,"{""DISTANCE_GROWTH"":1,""OTHER_STATIONARY_MOVING"":1}",2,0
00000247--b657952782--39:97|107,00000247--b657952782--39,00000247,39,97|107,97|107;97|107|113,2,1,0.600035673,0.600035673,0.500023043,1,1,"{""DISTANCE_GROWTH"":1,""LATERAL_DIAMETER"":1}",2,0
00000247--b657952782--4:40|83,00000247--b657952782--4,00000247,4,40|83,40|83,2,2,2.69910461,2.69910461,4.651072126,2,2,"{""LATERAL_DIAMETER"":2}",2,0
00000247--b657952782--4:83|138,00000247--b657952782--4,00000247,4,83|138,83|138,2,2,3.497450553,3.497450553,0.8987041065,2,2,"{""LATERAL_GROWTH"":2}",2,0
00000247--b657952782--5:256|269,00000247--b657952782--5,00000247,5,256|269,256|269,2,2,2.799146446,2.799146446,0.300723815,2,2,"{""LATERAL_GROWTH"":2}",2,0
00000247--b657952782--5:407|480,00000247--b657952782--5,00000247,5,407|480,407|480,2,2,0.401010085,0.401010085,0.1992359565,2,2,"{""DISTANCE_GROWTH"":1,""LATERAL_GROWTH"":1}",2,0
00000247--b657952782--5:449|474,00000247--b657952782--5,00000247,5,449|474,449|474,2,1,0.498327706,0.498327706,0.398777733,2,2,"{""LATERAL_DIAMETER"":2}",2,0
00000247--b657952782--6:131|132,00000247--b657952782--6,00000247,6,131|132,131|132,3,2,1.2453704810000001,1.289129511,0.6946015205,2,3,"{""DISTANCE_DIAMETER"":1,""LATERAL_DIAMETER"":1,""LATERAL_GROWTH"":1}",3,0
00000247--b657952782--6:216|240,00000247--b657952782--6,00000247,6,216|240,216|240,3,3,0.8501913825,1.001715146,0.299814784,3,3,"{""DISTANCE_DIAMETER"":3}",3,0
00000247--b657952782--6:249|258,00000247--b657952782--6,00000247,6,249|258,249|258,2,2,0.498892717,0.498892717,0.499891346,2,2,"{""DISTANCE_GROWTH"":1,""LATERAL_GROWTH"":1}",2,0
00000247--b657952782--6:414|465,00000247--b657952782--6,00000247,6,414|465,414|465,4,3,0.500970526,9.499845804,0.301889001,3,4,"{""DISTANCE_DIAMETER"":4}",4,0
00000247--b657952782--7:159|161,00000247--b657952782--7,00000247,7,159|161,159|161,3,3,0.7001694555,0.999702109,0.39925142,3,3,"{""LATERAL_DIAMETER"":3}",3,0
00000247--b657952782--7:281|282,00000247--b657952782--7,00000247,7,281|282,281|282,2,2,16.399432076,16.399432076,0.35493652,2,2,"{""LATERAL_DIAMETER"":2}",2,0
00000247--b657952782--7:28|36,00000247--b657952782--7,00000247,7,28|36,28|36,3,2,0.44984043650000005,0.699753507,0.350005964,3,3,"{""LATERAL_DIAMETER"":1,""LATERAL_GROWTH"":2}",3,0
00000247--b657952782--7:90|92,00000247--b657952782--7,00000247,7,90|92,90|91|92;90|92,2,1,0.199715775,0.199715775,0.100202476,1,1,"{""LATERAL_DIAMETER"":1,""LATERAL_GROWTH"":1}",2,0
00000247--b657952782--7:91|92,00000247--b657952782--7,00000247,7,91|92,91|92,2,1,0.701462714,0.701462714,0.400254778,0,1,"{""DISTANCE_DIAMETER"":2}",2,0
00000247--b657952782--7:91|99,00000247--b657952782--7,00000247,7,91|99,91|99,4,4,0.899245227,1.299658746,0.3510068315,2,4,"{""DISTANCE_GROWTH"":2,""LATERAL_DIAMETER"":1,""LATERAL_GROWTH"":1}",4,0
00000247--b657952782--7:92|117,00000247--b657952782--7,00000247,7,92|117,92|117,3,2,0.8000391330000001,1.10087704,0.54935529,2,2,"{""DISTANCE_DIAMETER"":3}",3,0
00000247--b657952782--8:113|127,00000247--b657952782--8,00000247,8,113|127,113|124|127;113|127,2,2,3.099066883,3.099066883,1.9498473645,0,2,"{""LATERAL_DIAMETER"":1,""LATERAL_GROWTH"":1}",2,0
00000247--b657952782--8:124|126,00000247--b657952782--8,00000247,8,124|126,124|126,2,1,2.200025728,2.200025728,0.300792415,2,2,"{""LATERAL_GROWTH"":2}",2,0
00000247--b657952782--8:174|182,00000247--b657952782--8,00000247,8,174|182,174|182,2,1,2.299430972,2.299430972,1.999239993,2,2,"{""DISTANCE_DIAMETER"":1,""DISTANCE_GROWTH"":1}",2,0
00000247--b657952782--9:4|11,00000247--b657952782--9,00000247,9,4|11,4|11,2,2,0.199182317,0.199182317,0.20143640299999999,1,1,"{""LATERAL_GROWTH"":2}",2,0
00000247--b657952782--9:5|11,00000247--b657952782--9,00000247,9,5|11,4|5|10|11;5|10|11,2,2,15.000522199,15.000522199,0.49988215950000003,2,1,"{""LATERAL_DIAMETER"":1,""LATERAL_GROWTH"":1}",2,0
00000247--b657952782--9:66|79,00000247--b657952782--9,00000247,9,66|79,66|79|80,2,1,4.100258683,4.100258683,3.899556006,2,1,"{""DISTANCE_DIAMETER"":2}",2,0
00000250--8354d55131--0:128|145,00000250--8354d55131--0,00000250,0,128|145,128|144|145,2,2,0.199422153,0.199422153,0.20017469799999998,1,2,"{""LATERAL_DIAMETER"":1,""LATERAL_GROWTH"":1}",2,0
00000250--8354d55131--0:129|130,00000250--8354d55131--0,00000250,0,129|130,129|130,2,1,0.600369442,0.600369442,0.300634892,1,2,"{""LATERAL_DIAMETER"":2}",2,0
00000250--8354d55131--0:141|177,00000250--8354d55131--0,00000250,0,141|177,141|177,3,3,1.300270055,1.699619173,0.899398392,2,2,"{""LATERAL_DIAMETER"":1,""LATERAL_GROWTH"":2}",3,0
00000250--8354d55131--0:163|164,00000250--8354d55131--0,00000250,0,163|164,163|164,2,1,1.398498726,1.398498726,0.798028407,1,1,"{""DISTANCE_DIAMETER"":1,""LATERAL_DIAMETER"":1}",2,0
00000250--8354d55131--0:164|175,00000250--8354d55131--0,00000250,0,164|175,164|175,2,1,1.700320751,1.700320751,0.900425827,1,2,"{""DISTANCE_GROWTH"":1,""LATERAL_DIAMETER"":1}",2,0
00000250--8354d55131--0:182|185,00000250--8354d55131--0,00000250,0,182|185,182|185,2,2,0.701600026,0.701600026,1.8996678585,1,1,"{""LATERAL_DIAMETER"":2}",2,0
00000250--8354d55131--0:194|199,00000250--8354d55131--0,00000250,0,194|199,194|199,2,2,0.508978871,0.508978871,0.10007598300000001,0,0,"{""LATERAL_GROWTH"":2}",2,0
00000250--8354d55131--0:194|220,00000250--8354d55131--0,00000250,0,194|220,194|199|220,2,1,4.110091361,4.110091361,4.009819234,2,2,"{""DISTANCE_DIAMETER"":1,""LATERAL_GROWTH"":1}",2,0
00000250--8354d55131--0:199|275,00000250--8354d55131--0,00000250,0,199|275,199|275;199|275|284,2,1,3.700194902,3.700194902,0.600878254,2,2,"{""LATERAL_DIAMETER"":2}",2,0
00000250--8354d55131--0:1|55,00000250--8354d55131--0,00000250,0,1|55,1|55,2,2,0.900463985,0.900463985,0.5000358555,2,2,"{""LATERAL_DIAMETER"":2}",2,0
00000250--8354d55131--0:289|299,00000250--8354d55131--0,00000250,0,289|299,289|299,2,1,1.300086928,1.300086928,1.099535923,2,2,"{""LATERAL_DIAMETER"":2}",2,0
00000250--8354d55131--0:289|312,00000250--8354d55131--0,00000250,0,289|312,289|312,2,1,2.699791637,2.699791637,2.400095639,2,2,"{""LATERAL_DIAMETER"":2}",2,0
00000250--8354d55131--0:85|86,00000250--8354d55131--0,00000250,0,85|86,82|85|86,3,2,1.8046658375,3.208360447,0.704416841,2,2,"{""DISTANCE_DIAMETER"":1,""LATERAL_GROWTH"":2}",3,0
00000250--8354d55131--1:327|355,00000250--8354d55131--1,00000250,1,327|355,327|355,2,1,1.100395579,1.100395579,0.701225671,1,1,"{""DISTANCE_DIAMETER"":1,""LATERAL_GROWTH"":1}",2,0
00000250--8354d55131--1:355|357,00000250--8354d55131--1,00000250,1,355|357,355|357,2,2,0.600045053,0.600045053,0.400016908,1,2,"{""DISTANCE_DIAMETER"":1,""LATERAL_GROWTH"":1}",2,0
00000250--8354d55131--1:445|511,00000250--8354d55131--1,00000250,1,445|511,445|511,2,2,0.200083929,0.200083929,0.1000558185,2,2,"{""DISTANCE_GROWTH"":2}",2,0
00000250--8354d55131--1:623|641,00000250--8354d55131--1,00000250,1,623|641,623|641,2,1,1.200104776,1.200104776,0.79927335,2,2,"{""DISTANCE_DIAMETER"":1,""LATERAL_DIAMETER"":1}",2,0
00000250--8354d55131--1:702|703,00000250--8354d55131--1,00000250,1,702|703,702|703|706,2,1,0.700188224,0.700188224,0.400373161,2,1,"{""LATERAL_DIAMETER"":1,""LATERAL_GROWTH"":1}",2,0
00000250--8354d55131--1:768|772,00000250--8354d55131--1,00000250,1,768|772,768|772,2,1,0.800986496,0.800986496,0.501030837,2,2,"{""LATERAL_DIAMETER"":2}",2,0
00000252--d191bee66c--0:134|147,00000252--d191bee66c--0,00000252,0,134|147,134|147,2,1,0.499631323,0.499631323,0.399354412,1,1,"{""LATERAL_DIAMETER"":1,""LATERAL_GROWTH"":1}",2,0
00000252--d191bee66c--0:1|55,00000252--d191bee66c--0,00000252,0,1|55,1|55|56,2,1,0.800207146,0.800207146,0.400453518,3,1,"{""DISTANCE_GROWTH"":1,""LATERAL_DIAMETER"":1}",2,0
00000252--d191bee66c--0:271|273,00000252--d191bee66c--0,00000252,0,271|273,271|273;271|273|278,2,0,0.500681857,0.500681857,,3,2,"{""DISTANCE_DIAMETER"":1,""LATERAL_DIAMETER"":1}",2,0
00000252--d191bee66c--0:273|283,00000252--d191bee66c--0,00000252,0,273|283,273|283;273|283|294,2,1,1.099442918,1.099442918,0.399411368,1,0,"{""DISTANCE_DIAMETER"":1,""LATERAL_GROWTH"":1}",2,0
00000252--d191bee66c--0:277|280,00000252--d191bee66c--0,00000252,0,277|280,277|280,2,2,1.099471794,1.099471794,0.650030503,1,2,"{""DISTANCE_GROWTH"":2}",2,0
00000252--d191bee66c--0:279|281,00000252--d191bee66c--0,00000252,0,279|281,279|281,3,2,0.34993184600000005,0.3999922,0.200340136,3,3,"{""LATERAL_DIAMETER"":1,""LATERAL_GROWTH"":2}",3,0
00000252--d191bee66c--0:279|284,00000252--d191bee66c--0,00000252,0,279|284,270|279|284;279|284,3,2,0.500084187,0.800387472,0.1000968,2,3,"{""LATERAL_GROWTH"":3}",3,0
00000252--d191bee66c--0:84|85,00000252--d191bee66c--0,00000252,0,84|85,84|85,2,1,1.309381207,1.309381207,0.800783743,2,2,"{""LATERAL_DIAMETER"":1,""LATERAL_GROWTH"":1}",2,0
00000252--d191bee66c--0:87|89,00000252--d191bee66c--0,00000252,0,87|89,87|89,2,2,0.899667352,0.899667352,0.449884216,2,2,"{""DISTANCE_GROWTH"":1,""LATERAL_GROWTH"":1}",2,0
00000252--d191bee66c--1:103|113,00000252--d191bee66c--1,00000252,1,103|113,103|113;103|113|121,2,1,2.799780017,2.799780017,1.69943531,1,2,"{""DISTANCE_DIAMETER"":1,""LATERAL_DIAMETER"":1}",2,0
00000252--d191bee66c--1:118|137,00000252--d191bee66c--1,00000252,1,118|137,118|137,2,2,0.50725079,0.50725079,0.150055135,2,2,"{""LATERAL_GROWTH"":2}",2,0
00000252--d191bee66c--1:240|243,00000252--d191bee66c--1,00000252,1,240|243,240|243,2,1,0.400601123,0.400601123,0.300433725,0,2,"{""DISTANCE_DIAMETER"":1,""LATERAL_GROWTH"":1}",2,0
00000252--d191bee66c--1:242|243,00000252--d191bee66c--1,00000252,1,242|243,242|243,2,1,0.400066635,0.400066635,0.100167398,1,1,"{""LATERAL_GROWTH"":2}",2,0
00000252--d191bee66c--1:32|35,00000252--d191bee66c--1,00000252,1,32|35,32|35,2,1,0.199524578,0.199524578,0.099894041,2,2,"{""DISTANCE_GROWTH"":2}",2,0
00000252--d191bee66c--1:35|56,00000252--d191bee66c--1,00000252,1,35|56,35|56;35|56|61|67,2,0,0.300046591,0.300046591,,1,1,"{""DISTANCE_GROWTH"":2}",2,0
00000254--0ac259250e--0:206|210,00000254--0ac259250e--0,00000254,0,206|210,197|206|210,2,2,0.799430594,0.799430594,0.6004847849999999,2,2,"{""DISTANCE_DIAMETER"":2}",2,0
00000254--0ac259250e--0:218|226,00000254--0ac259250e--0,00000254,0,218|226,218|226|227;218|226|229,2,0,0.999840027,0.999840027,,2,1,"{""DISTANCE_GROWTH"":1,""LATERAL_GROWTH"":1}",2,0
00000254--0ac259250e--0:221|231,00000254--0ac259250e--0,00000254,0,221|231,221|231,2,1,0.199971608,0.199971608,0.099542606,2,2,"{""LATERAL_GROWTH"":2}",2,0
00000254--0ac259250e--0:252|256,00000254--0ac259250e--0,00000254,0,252|256,252|256;252|256|259,2,0,1.998905444,1.998905444,,1,1,"{""DISTANCE_DIAMETER"":1,""LATERAL_DIAMETER"":1}",2,0
00000254--0ac259250e--0:2|10,00000254--0ac259250e--0,00000254,0,2|10,2|10;2|8|10,2,0,8.000192392,8.000192392,,0,2,"{""DISTANCE_DIAMETER"":1,""DISTANCE_GROWTH"":1}",2,0
00000254--0ac259250e--0:340|355,00000254--0ac259250e--0,00000254,0,340|355,340|355,3,2,1.5011032359999998,2.199634158,1.150005017,1,2,"{""DISTANCE_DIAMETER"":3}",3,0
00000254--0ac259250e--0:345|355,00000254--0ac259250e--0,00000254,0,345|355,345|355,2,1,1.599900715,1.599900715,0.299667496,2,2,"{""LATERAL_DIAMETER"":2}",2,0
00000254--0ac259250e--0:92|95,00000254--0ac259250e--0,00000254,0,92|95,92|95,2,2,0.400964067,0.400964067,1.050344569,2,2,"{""LATERAL_GROWTH"":2}",2,0
00000254--0ac259250e--0:95|122,00000254--0ac259250e--0,00000254,0,95|122,95|122,3,2,0.2501255065,0.300733458,0.1000473985,3,3,"{""DISTANCE_DIAMETER"":1,""DISTANCE_GROWTH"":2}",3,0
00000254--0ac259250e--1:145|157,00000254--0ac259250e--1,00000254,1,145|157,145|157;145|157|164,2,2,0.908506306,0.908506306,0.34448295500000004,2,2,"{""DISTANCE_DIAMETER"":2}",2,0
00000254--0ac259250e--1:145|187,00000254--0ac259250e--1,00000254,1,145|187,145|187|188,2,1,1.511853642,1.511853642,1.300476082,1,1,"{""DISTANCE_DIAMETER"":2}",2,0
00000254--0ac259250e--1:190|197,00000254--0ac259250e--1,00000254,1,190|197,190|197,5,4,1.105670297,1.399678985,0.854987691,4,4,"{""DISTANCE_DIAMETER"":3,""LATERAL_DIAMETER"":1,""LATERAL_GROWTH"":1}",5,0
00000254--0ac259250e--1:190|213,00000254--0ac259250e--1,00000254,1,190|213,190|213,2,1,1.700598555,1.700598555,0.500547867,1,2,"{""DISTANCE_DIAMETER"":2}",2,0
00000254--0ac259250e--1:241|246,00000254--0ac259250e--1,00000254,1,241|246,241|246,2,1,0.21079462,0.21079462,0.109722622,1,2,"{""LATERAL_DIAMETER"":1,""LATERAL_GROWTH"":1}",2,0
00000254--0ac259250e--1:242|277,00000254--0ac259250e--1,00000254,1,242|277,242|277,2,1,1.209946942,1.209946942,0.701734239,1,2,"{""DISTANCE_DIAMETER"":1,""LATERAL_GROWTH"":1}",2,0
00000254--0ac259250e--1:244|267,00000254--0ac259250e--1,00000254,1,244|267,244|267;244|267|277,3,2,0.850699204,1.391136363,0.24982593399999997,3,3,"{""LATERAL_DIAMETER"":1,""LATERAL_GROWTH"":2}",3,0
00000254--0ac259250e--1:289|295,00000254--0ac259250e--1,00000254,1,289|295,289|295,2,1,1.299769361,1.299769361,0.808910911,2,2,"{""DISTANCE_GROWTH"":1,""LATERAL_DIAMETER"":1}",2,0
00000254--0ac259250e--1:289|326,00000254--0ac259250e--1,00000254,1,289|326,289|326,2,2,1.490754255,1.490754255,0.3549119955,1,1,"{""LATERAL_GROWTH"":2}",2,0
00000254--0ac259250e--1:388|419,00000254--0ac259250e--1,00000254,1,388|419,388|419;388|419|514;388|419|557,5,3,1.0506396004999998,4.589040877,0.399986245,4,4,"{""DISTANCE_DIAMETER"":5}",5,0
00000254--0ac259250e--1:43|60,00000254--0ac259250e--1,00000254,1,43|60,43|60,2,1,2.099506612,2.099506612,1.89959932,1,2,"{""DISTANCE_GROWTH"":1,""LATERAL_GROWTH"":1}",2,0
00000254--0ac259250e--1:43|71,00000254--0ac259250e--1,00000254,1,43|71,43|71,2,1,1.199434711,1.199434711,0.199907292,1,2,"{""LATERAL_DIAMETER"":1,""LATERAL_GROWTH"":1}",2,0
00000254--0ac259250e--1:450|452,00000254--0ac259250e--1,00000254,1,450|452,450|452,2,2,4.580170076,4.580170076,0.29843135600000004,1,2,"{""LATERAL_GROWTH"":2}",2,0
00000254--0ac259250e--1:62|71,00000254--0ac259250e--1,00000254,1,62|71,62|71,4,3,0.298588148,0.600151323,0.100672915,4,4,"{""DISTANCE_GROWTH"":1,""LATERAL_GROWTH"":3}",4,0
00000254--0ac259250e--1:650|651,00000254--0ac259250e--1,00000254,1,650|651,650|651,2,1,4.200538,4.200538,0.500385844,2,2,"{""DISTANCE_DIAMETER"":2}",2,0
00000254--0ac259250e--10:92|100,00000254--0ac259250e--10,00000254,10,92|100,92|100,3,2,1.399913748,1.401752782,0.8495091545,1,1,"{""DISTANCE_DIAMETER"":1,""DISTANCE_GROWTH"":1,""LATERAL_GROWTH"":1}",3,0
00000254--0ac259250e--11:356|360,00000254--0ac259250e--11,00000254,11,356|360,356|360,3,2,1.4992894965,1.998936932,0.6995561100000001,3,3,"{""DISTANCE_DIAMETER"":3}",3,0
00000254--0ac259250e--11:476|482,00000254--0ac259250e--11,00000254,11,476|482,476|482,3,2,0.5495681575,0.599567246,0.4008076815,2,3,"{""DISTANCE_GROWTH"":2,""LATERAL_DIAMETER"":1}",3,0
00000254--0ac259250e--11:601|616,00000254--0ac259250e--11,00000254,11,601|616,601|616;601|616|657,2,1,2.001709572,2.001709572,0.200198159,3,2,"{""LATERAL_DIAMETER"":1,""LATERAL_GROWTH"":1}",2,0
00000254--0ac259250e--11:616|657,00000254--0ac259250e--11,00000254,11,616|657,616|657,2,2,0.49866446,0.49866446,0.24953383750000002,2,2,"{""LATERAL_GROWTH"":2}",2,0
00000254--0ac259250e--11:616|744,00000254--0ac259250e--11,00000254,11,616|744,616|744,3,3,2.5997990295,3.099969655,0.399817549,3,3,"{""DISTANCE_GROWTH"":1,""LATERAL_DIAMETER"":1,""LATERAL_GROWTH"":1}",3,0
00000254--0ac259250e--11:620|664,00000254--0ac259250e--11,00000254,11,620|664,620|664;620|664|829|840,2,1,13.492857026,13.492857026,11.600782453,1,1,"{""DISTANCE_DIAMETER"":1,""LATERAL_GROWTH"":1}",2,0
00000254--0ac259250e--12:203|204,00000254--0ac259250e--12,00000254,12,203|204,203|204,2,2,0.600326652,0.600326652,0.44943209100000003,2,2,"{""LATERAL_DIAMETER"":2}",2,0
00000254--0ac259250e--12:21|95,00000254--0ac259250e--12,00000254,12,21|95,21|95,2,2,3.290654222,3.290654222,1.3512126595,2,2,"{""LATERAL_DIAMETER"":1,""LATERAL_GROWTH"":1}",2,0
00000254--0ac259250e--12:333|334,00000254--0ac259250e--12,00000254,12,333|334,333|334,2,1,0.200333005,0.200333005,0.099779638,1,2,"{""DISTANCE_GROWTH"":2}",2,0
00000254--0ac259250e--12:440|489,00000254--0ac259250e--12,00000254,12,440|489,440|486|489;440|489,2,1,0.599193859,0.599193859,1.101747225,3,2,"{""DISTANCE_DIAMETER"":2}",2,0
00000254--0ac259250e--12:564|571,00000254--0ac259250e--12,00000254,12,564|571,564|571,2,2,0.699491328,0.699491328,0.4007222375,2,2,"{""DISTANCE_DIAMETER"":2}",2,0
00000254--0ac259250e--12:565|568,00000254--0ac259250e--12,00000254,12,565|568,565|567|568;565|568,2,1,0.199838757,0.199838757,0.100140846,2,2,"{""DISTANCE_GROWTH"":2}",2,0
00000254--0ac259250e--12:582|600,00000254--0ac259250e--12,00000254,12,582|600,582|600,2,1,1.100134287,1.100134287,0.400612333,2,2,"{""DISTANCE_DIAMETER"":2}",2,0
00000254--0ac259250e--12:9|21,00000254--0ac259250e--12,00000254,12,9|21,9|21,4,4,0.999468794,1.899305464,0.49640853650000005,4,4,"{""LATERAL_DIAMETER"":4}",4,0
00000254--0ac259250e--13:30|34,00000254--0ac259250e--13,00000254,13,30|34,30|31|34,3,2,2.8507520955,2.901280471,2.4001236105,3,3,"{""DISTANCE_DIAMETER"":3}",3,0
00000254--0ac259250e--13:30|94,00000254--0ac259250e--13,00000254,13,30|94,30|52|94,2,1,4.30115711,4.30115711,3.900610138,2,2,"{""DISTANCE_DIAMETER"":2}",2,0
00000254--0ac259250e--14:148|165,00000254--0ac259250e--14,00000254,14,148|165,148|165,2,1,1.898861165,1.898861165,1.300786695,1,2,"{""DISTANCE_DIAMETER"":2}",2,0
00000254--0ac259250e--16:39|131,00000254--0ac259250e--16,00000254,16,39|131,39|131,2,1,0.300102,0.300102,0.199876659,2,2,"{""LATERAL_GROWTH"":2}",2,0
00000254--0ac259250e--16:5|70,00000254--0ac259250e--16,00000254,16,5|70,5|69|70;5|70,2,2,11.399720596,11.399720596,5.5997233495000005,2,2,"{""LATERAL_DIAMETER"":1,""OTHER_STATIONARY_MOVING"":1}",2,0
00000254--0ac259250e--17:165|188,00000254--0ac259250e--17,00000254,17,165|188,165|188,2,1,2.000321199,2.000321199,0.400206532,1,2,"{""DISTANCE_DIAMETER"":2}",2,0
00000254--0ac259250e--17:166|202,00000254--0ac259250e--17,00000254,17,166|202,166|202,2,1,1.098146048,1.098146048,0.498310393,0,0,"{""DISTANCE_DIAMETER"":2}",2,0
00000254--0ac259250e--17:166|203,00000254--0ac259250e--17,00000254,17,166|203,166|203,2,2,1.400485544,1.400485544,1.0020460249999998,0,1,"{""DISTANCE_DIAMETER"":2}",2,0
00000254--0ac259250e--17:220|222,00000254--0ac259250e--17,00000254,17,220|222,220|222,2,2,5.197861688,5.197861688,0.3997712645,2,2,"{""DISTANCE_DIAMETER"":2}",2,0
00000254--0ac259250e--17:240|259,00000254--0ac259250e--17,00000254,17,240|259,240|259,2,1,3.099729639,3.099729639,2.801987587,1,2,"{""DISTANCE_DIAMETER"":2}",2,0
00000254--0ac259250e--18:147|154,00000254--0ac259250e--18,00000254,18,147|154,147|154,2,2,4.100203371,4.100203371,0.4498603395,2,2,"{""LATERAL_GROWTH"":2}",2,0
00000254--0ac259250e--18:14|118,00000254--0ac259250e--18,00000254,18,14|118,14|118,4,4,0.300575258,2.500101615,0.150757013,4,4,"{""LATERAL_DIAMETER"":1,""LATERAL_GROWTH"":3}",4,0
00000254--0ac259250e--18:338|383,00000254--0ac259250e--18,00000254,18,338|383,338|383,2,2,0.798221358,0.798221358,0.5487579625,2,2,"{""LATERAL_DIAMETER"":2}",2,0
00000254--0ac259250e--18:8|12,00000254--0ac259250e--18,00000254,18,8|12,8|12,3,3,1.4500192969999999,2.700116101,2.000456388,2,3,"{""LATERAL_DIAMETER"":2,""LATERAL_GROWTH"":1}",3,0
00000254--0ac259250e--19:12|62,00000254--0ac259250e--19,00000254,19,12|62,12|62,2,2,2.000605682,2.000605682,0.4009640835,2,2,"{""LATERAL_DIAMETER"":2}",2,0
00000254--0ac259250e--19:146|151,00000254--0ac259250e--19,00000254,19,146|151,143|146|151,2,2,0.399375648,0.399375648,0.299906341,2,2,"{""DISTANCE_DIAMETER"":2}",2,0
00000254--0ac259250e--19:236|257,00000254--0ac259250e--19,00000254,19,236|257,236|257,2,2,0.400573947,0.400573947,0.145783404,2,1,"{""DISTANCE_GROWTH"":2}",2,0
00000254--0ac259250e--19:256|257,00000254--0ac259250e--19,00000254,19,256|257,256|257,2,1,0.999407172,0.999407172,0.800158866,0,1,"{""DISTANCE_GROWTH"":2}",2,0
00000254--0ac259250e--19:3|9,00000254--0ac259250e--19,00000254,19,3|9,3|9,2,2,7.900633565,7.900633565,0.250356219,2,2,"{""LATERAL_GROWTH"":2}",2,0
00000254--0ac259250e--2:21|25,00000254--0ac259250e--2,00000254,2,21|25,21|25,2,2,2.68952669,2.68952669,1.4452449415,1,2,"{""DISTANCE_DIAMETER"":1,""DISTANCE_GROWTH"":1}",2,0
00000254--0ac259250e--2:229|231,00000254--0ac259250e--2,00000254,2,229|231,229|231,2,2,1.899317345,1.899317345,0.5495234435,1,2,"{""LATERAL_GROWTH"":2}",2,0
00000254--0ac259250e--2:229|266,00000254--0ac259250e--2,00000254,2,229|266,229|231|266;229|266,2,1,0.90026105,0.90026105,0.60172393,1,2,"{""LATERAL_GROWTH"":2}",2,0
00000254--0ac259250e--2:231|298,00000254--0ac259250e--2,00000254,2,231|298,231|266|298,3,2,1.0997525605,1.799198182,0.399501368,2,2,"{""LATERAL_GROWTH"":3}",3,0
00000254--0ac259250e--2:242|247,00000254--0ac259250e--2,00000254,2,242|247,242|243|247,2,1,0.30055619,0.30055619,0.102188878,2,1,"{""LATERAL_DIAMETER"":1,""LATERAL_GROWTH"":1}",2,0
00000254--0ac259250e--2:243|247,00000254--0ac259250e--2,00000254,2,243|247,243|247;243|247|273,3,2,0.7500782385,1.300312862,0.35033082699999996,2,3,"{""DISTANCE_DIAMETER"":1,""LATERAL_GROWTH"":2}",3,0
00000254--0ac259250e--2:247|272,00000254--0ac259250e--2,00000254,2,247|272,247|272,2,2,1.801467378,1.801467378,1.1445179725,0,2,"{""LATERAL_DIAMETER"":2}",2,0
00000254--0ac259250e--2:247|273,00000254--0ac259250e--2,00000254,2,247|273,247|273;247|273|295,3,1,1.5000799175,1.500885956,0.299270659,1,3,"{""LATERAL_DIAMETER"":3}",3,0
00000254--0ac259250e--2:247|295,00000254--0ac259250e--2,00000254,2,247|295,247|272|295;247|273|295,2,1,1.502135913,1.502135913,0.109680992,1,2,"{""LATERAL_GROWTH"":2}",2,0
00000254--0ac259250e--2:273|335,00000254--0ac259250e--2,00000254,2,273|335,273|335,4,4,0.400106578,0.599964601,0.150162273,3,4,"{""LATERAL_GROWTH"":4}",4,0
00000254--0ac259250e--2:287|311,00000254--0ac259250e--2,00000254,2,287|311,287|311,3,3,1.7499464805,2.399706992,0.300123714,3,3,"{""DISTANCE_DIAMETER"":2,""DISTANCE_GROWTH"":1}",3,0
00000254--0ac259250e--2:299|319,00000254--0ac259250e--2,00000254,2,299|319,299|319,2,2,0.600120301,0.600120301,0.6509293615,2,2,"{""DISTANCE_DIAMETER"":1,""LATERAL_DIAMETER"":1}",2,0
00000254--0ac259250e--2:299|338,00000254--0ac259250e--2,00000254,2,299|338,299|338,2,1,0.600146259,0.600146259,0.301625585,2,2,"{""DISTANCE_DIAMETER"":2}",2,0
00000254--0ac259250e--2:41|43,00000254--0ac259250e--2,00000254,2,41|43,41|43,2,1,0.70026684,0.70026684,0.400511084,1,2,"{""LATERAL_DIAMETER"":1,""LATERAL_GROWTH"":1}",2,0
00000254--0ac259250e--2:423|432,00000254--0ac259250e--2,00000254,2,423|432,423|432,2,1,0.999680915,0.999680915,0.301637021,2,2,"{""LATERAL_DIAMETER"":2}",2,0
00000254--0ac259250e--2:43|55,00000254--0ac259250e--2,00000254,2,43|55,43|55,3,2,4.2453251895,6.789865474,0.2997059185,2,2,"{""DISTANCE_GROWTH"":1,""LATERAL_GROWTH"":2}",3,0
00000254--0ac259250e--2:447|473,00000254--0ac259250e--2,00000254,2,447|473,447|473,2,1,1.989998411,1.989998411,0.599987395,1,2,"{""LATERAL_GROWTH"":2}",2,0
00000254--0ac259250e--2:469|472,00000254--0ac259250e--2,00000254,2,469|472,469|472;469|472|474,2,1,0.599847181,0.599847181,0.100606665,2,1,"{""DISTANCE_GROWTH"":2}",2,0
00000254--0ac259250e--2:49|57,00000254--0ac259250e--2,00000254,2,49|57,49|57,2,2,1.298904256,1.298904256,0.299455795,2,2,"{""DISTANCE_DIAMETER"":2}",2,0
00000254--0ac259250e--2:55|105,00000254--0ac259250e--2,00000254,2,55|105,43|55|105,4,3,0.990054671,1.791338491,0.48941735,4,4,"{""DISTANCE_DIAMETER"":4}",4,0
00000254--0ac259250e--2:610|613,00000254--0ac259250e--2,00000254,2,610|613,610|613;610|613|619,4,3,1.199482423,2.288465115,0.300290582,5,2,"{""DISTANCE_DIAMETER"":3,""DISTANCE_GROWTH"":1}",4,0
00000254--0ac259250e--2:610|619,00000254--0ac259250e--2,00000254,2,610|619,610|613|619;610|619,2,2,0.400019026,0.400019026,0.250036753,0,1,"{""DISTANCE_GROWTH"":2}",2,0
00000254--0ac259250e--2:627|632,00000254--0ac259250e--2,00000254,2,627|632,627|632,2,1,1.198260857,1.198260857,0.298155498,2,2,"{""LATERAL_GROWTH"":1,""VELOCITY_DIAMETER"":1}",2,0
00000254--0ac259250e--20:156|175,00000254--0ac259250e--20,00000254,20,156|175,156|175,2,1,2.099548445,2.099548445,0.299842972,2,2,"{""LATERAL_DIAMETER"":1,""VELOCITY_DIAMETER"":1}",2,0
00000254--0ac259250e--20:387|619,00000254--0ac259250e--20,00000254,20,387|619,387|619,2,2,0.399239681,0.399239681,0.9001645659999999,2,2,"{""LATERAL_DIAMETER"":1,""LATERAL_GROWTH"":1}",2,0
00000254--0ac259250e--20:498|601,00000254--0ac259250e--20,00000254,20,498|601,498|601,4,4,3.799365241,4.099719173,3.100183335,4,4,"{""LATERAL_DIAMETER"":4}",4,0
00000254--0ac259250e--20:531|632,00000254--0ac259250e--20,00000254,20,531|632,531|632,2,2,2.699567767,2.699567767,1.3507458475,1,2,"{""LATERAL_DIAMETER"":1,""LATERAL_GROWTH"":1}",2,0
00000254--0ac259250e--20:552|560,00000254--0ac259250e--20,00000254,20,552|560,552|560,2,1,2.199558419,2.199558419,0.199648145,2,2,"{""LATERAL_GROWTH"":2}",2,0
00000254--0ac259250e--20:552|636,00000254--0ac259250e--20,00000254,20,552|636,552|636;552|636|710,4,4,1.600032335,2.50028289,1.200465526,3,2,"{""LATERAL_DIAMETER"":2,""LATERAL_GROWTH"":2}",4,0
00000254--0ac259250e--20:552|710,00000254--0ac259250e--20,00000254,20,552|710,552|710,2,2,0.200228907,0.200228907,0.3999457305,1,2,"{""LATERAL_GROWTH"":2}",2,0
00000254--0ac259250e--20:564|686,00000254--0ac259250e--20,00000254,20,564|686,564|686,2,1,0.200025078,0.200025078,0.100347889,2,2,"{""LATERAL_GROWTH"":2}",2,0
00000254--0ac259250e--20:636|710,00000254--0ac259250e--20,00000254,20,636|710,636|710,2,1,1.500428527,1.500428527,0.501055952,2,2,"{""LATERAL_GROWTH"":2}",2,0
00000254--0ac259250e--20:737|739,00000254--0ac259250e--20,00000254,20,737|739,737|739,2,2,0.599269542,0.599269542,0.500429652,2,2,"{""LATERAL_GROWTH"":2}",2,0
00000254--0ac259250e--21:10|140,00000254--0ac259250e--21,00000254,21,10|140,10|140,12,12,1.800612845,6.699478538,1.205235603,10,12,"{""LATERAL_DIAMETER"":8,""LATERAL_GROWTH"":4}",12,0
00000254--0ac259250e--21:10|605,00000254--0ac259250e--21,00000254,21,10|605,10|605,3,2,1.2451523865,1.998306285,0.298870211,3,3,"{""LATERAL_DIAMETER"":3}",3,0
00000254--0ac259250e--21:12|422,00000254--0ac259250e--21,00000254,21,12|422,12|422,3,2,1.7489782685,2.099906474,0.5495231415,3,3,"{""LATERAL_DIAMETER"":3}",3,0
00000254--0ac259250e--21:12|502,00000254--0ac259250e--21,00000254,21,12|502,12|502,4,3,1.499682384,3.898644377,0.3104245,4,4,"{""LATERAL_DIAMETER"":4}",4,0
00000254--0ac259250e--21:12|693,00000254--0ac259250e--21,00000254,21,12|693,12|693,4,4,1.600043849,2.199674591,0.1497876025,4,4,"{""LATERAL_GROWTH"":4}",4,0
00000254--0ac259250e--21:14|298,00000254--0ac259250e--21,00000254,21,14|298,14|298,7,7,3.350157611,11.290117556,2.602090853,7,7,"{""LATERAL_DIAMETER"":7}",7,0
00000254--0ac259250e--21:14|689,00000254--0ac259250e--21,00000254,21,14|689,14|689,4,4,1.600276658,2.400041024,1.1001888725,4,4,"{""LATERAL_DIAMETER"":4}",4,0
00000254--0ac259250e--21:15|29,00000254--0ac259250e--21,00000254,21,15|29,15|29,3,2,2.6497817935,2.900503664,1.7500587804999999,3,3,"{""LATERAL_DIAMETER"":3}",3,0
00000254--0ac259250e--21:15|306,00000254--0ac259250e--21,00000254,21,15|306,15|306,7,6,2.2499682119999997,2.899646447,0.44984038449999997,7,7,"{""LATERAL_DIAMETER"":5,""LATERAL_GROWTH"":2}",7,0
00000254--0ac259250e--21:185|190,00000254--0ac259250e--21,00000254,21,185|190,185|190;185|190|262,2,1,1.39895956,1.39895956,0.099919707,1,2,"{""LATERAL_DIAMETER"":1,""LATERAL_GROWTH"":1}",2,0
00000254--0ac259250e--21:190|262,00000254--0ac259250e--21,00000254,21,190|262,190|262,2,1,1.298364591,1.298364591,0.498963541,1,1,"{""LATERAL_DIAMETER"":1,""LATERAL_GROWTH"":1}",2,0
00000254--0ac259250e--21:1|14,00000254--0ac259250e--21,00000254,21,1|14,1|14,3,2,3.1998735835,3.699319784,1.2996027745,3,3,"{""LATERAL_DIAMETER"":3}",3,0
00000254--0ac259250e--21:262|276,00000254--0ac259250e--21,00000254,21,262|276,262|276,2,1,2.000221837,2.000221837,1.101849668,1,1,"{""LATERAL_GROWTH"":2}",2,0
00000254--0ac259250e--21:276|297,00000254--0ac259250e--21,00000254,21,276|297,262|276|297;276|297|378,2,0,12.992236613,12.992236613,,2,2,"{""LATERAL_DIAMETER"":2}",2,0
00000254--0ac259250e--21:276|378,00000254--0ac259250e--21,00000254,21,276|378,276|378,2,2,3.490160602,3.490160602,2.9559245635,2,2,"{""LATERAL_DIAMETER"":1,""LATERAL_GROWTH"":1}",2,0
00000254--0ac259250e--21:297|378,00000254--0ac259250e--21,00000254,21,297|378,276|297|378;297|378,3,3,3.3502650185,3.998370431,3.699155806,2,2,"{""LATERAL_DIAMETER"":2,""LATERAL_GROWTH"":1}",3,0
00000254--0ac259250e--21:2|10,00000254--0ac259250e--21,00000254,21,2|10,2|10,4,4,1.499927793,2.299861712,0.699669055,4,4,"{""LATERAL_DIAMETER"":4}",4,0
00000254--0ac259250e--21:378|518,00000254--0ac259250e--21,00000254,21,378|518,378|518,2,2,2.698799949,2.698799949,0.1545767485,2,2,"{""LATERAL_GROWTH"":2}",2,0
00000254--0ac259250e--21:499|537,00000254--0ac259250e--21,00000254,21,499|537,499|537,4,3,1.598775271,2.600412211,0.898391418,4,4,"{""LATERAL_DIAMETER"":2,""LATERAL_GROWTH"":2}",4,0
00000254--0ac259250e--21:646|679,00000254--0ac259250e--21,00000254,21,646|679,646|679,3,2,1.0505119315,1.400815722,0.251225503,3,3,"{""DISTANCE_DIAMETER"":1,""LATERAL_DIAMETER"":1,""LATERAL_GROWTH"":1}",3,0
00000254--0ac259250e--21:92|127,00000254--0ac259250e--21,00000254,21,92|127,92|127,2,1,1.499544667,1.499544667,1.400330677,1,1,"{""DISTANCE_DIAMETER"":1,""LATERAL_GROWTH"":1}",2,0
00000254--0ac259250e--22:14|65,00000254--0ac259250e--22,00000254,22,14|65,14|65,5,4,2.000118218,3.499740507,0.4003768685,4,5,"{""LATERAL_DIAMETER"":5}",5,0
00000254--0ac259250e--22:272|300,00000254--0ac259250e--22,00000254,22,272|300,272|300,3,2,1.099873894,1.699792084,0.4506231055,2,3,"{""DISTANCE_DIAMETER"":3}",3,0
00000254--0ac259250e--22:345|352,00000254--0ac259250e--22,00000254,22,345|352,345|352,2,1,1.101045493,1.101045493,0.900411396,2,2,"{""DISTANCE_DIAMETER"":2}",2,0
00000254--0ac259250e--22:57|131,00000254--0ac259250e--22,00000254,22,57|131,57|131,2,2,0.900481035,0.900481035,0.9002544645,2,2,"{""LATERAL_DIAMETER"":2}",2,0
00000254--0ac259250e--22:585|594,00000254--0ac259250e--22,00000254,22,585|594,585|594,2,1,0.398853044,0.398853044,0.299047092,2,2,"{""DISTANCE_DIAMETER"":2}",2,0
00000254--0ac259250e--23:367|376,00000254--0ac259250e--23,00000254,23,367|376,367|376,3,3,0.6050823329999999,1.00189326,0.309539326,3,3,"{""LATERAL_DIAMETER"":1,""LATERAL_GROWTH"":2}",3,0
00000254--0ac259250e--23:455|461,00000254--0ac259250e--23,00000254,23,455|461,455|461,3,2,0.700049543,0.999594997,0.35485301849999995,2,2,"{""DISTANCE_DIAMETER"":3}",3,0
00000254--0ac259250e--23:464|481,00000254--0ac259250e--23,00000254,23,464|481,464|481,3,3,1.4497672045,2.09941667,0.700212239,3,3,"{""DISTANCE_DIAMETER"":3}",3,0
00000254--0ac259250e--23:500|502,00000254--0ac259250e--23,00000254,23,500|502,500|502,3,3,0.5998502565,0.799820573,0.310363985,3,3,"{""DISTANCE_DIAMETER"":2,""LATERAL_DIAMETER"":1}",3,0
00000254--0ac259250e--23:52|53,00000254--0ac259250e--23,00000254,23,52|53,52|53,3,3,10.6496128765,15.500115555,0.300474776,2,3,"{""LATERAL_GROWTH"":3}",3,0
00000254--0ac259250e--23:59|125,00000254--0ac259250e--23,00000254,23,59|125,59|125,2,2,2.199968478,2.199968478,0.8006030040000001,2,2,"{""LATERAL_DIAMETER"":1,""LATERAL_GROWTH"":1}",2,0
00000254--0ac259250e--23:59|66,00000254--0ac259250e--23,00000254,23,59|66,59|66,3,2,0.9999451300000001,1.600517211,0.850092636,2,2,"{""LATERAL_DIAMETER"":2,""LATERAL_GROWTH"":1}",3,0
00000254--0ac259250e--23:59|95,00000254--0ac259250e--23,00000254,23,59|95,59|95,7,6,1.4042013975,2.700112698,0.553454795,5,6,"{""LATERAL_DIAMETER"":7}",7,0
00000254--0ac259250e--23:96|99,00000254--0ac259250e--23,00000254,23,96|99,96|99,2,1,0.499668253,0.499668253,0.400388932,2,2,"{""DISTANCE_GROWTH"":2}",2,0
00000254--0ac259250e--24:185|201,00000254--0ac259250e--24,00000254,24,185|201,185|193|201;185|201,2,0,2.8996879,2.8996879,,2,2,"{""DISTANCE_DIAMETER"":2}",2,0
00000254--0ac259250e--24:185|222,00000254--0ac259250e--24,00000254,24,185|222,185|222;185|222|235,2,1,1.000531704,1.000531704,0.300510455,2,1,"{""DISTANCE_DIAMETER"":1,""LATERAL_GROWTH"":1}",2,0
00000254--0ac259250e--24:329|399,00000254--0ac259250e--24,00000254,24,329|399,329|399,2,2,0.399869421,0.399869421,0.350496925,2,2,"{""DISTANCE_DIAMETER"":2}",2,0
00000254--0ac259250e--24:3|4,00000254--0ac259250e--24,00000254,24,3|4,3|4,3,2,0.7001918495,0.90049634,0.350590657,3,3,"{""DISTANCE_DIAMETER"":3}",3,0
00000254--0ac259250e--24:470|471,00000254--0ac259250e--24,00000254,24,470|471,470|471,2,2,0.600876519,0.600876519,0.45067524049999996,2,2,"{""DISTANCE_DIAMETER"":2}",2,0
00000254--0ac259250e--24:481|483,00000254--0ac259250e--24,00000254,24,481|483,481|483;481|483|543,7,7,0.8992595305,2.497735712,0.398825345,7,7,"{""DISTANCE_DIAMETER"":3,""LATERAL_GROWTH"":4}",7,0
00000254--0ac259250e--24:526|549,00000254--0ac259250e--24,00000254,24,526|549,526|549,2,1,1.199019593,1.199019593,0.399952574,2,2,"{""DISTANCE_DIAMETER"":1,""LATERAL_GROWTH"":1}",2,0
00000254--0ac259250e--24:569|571,00000254--0ac259250e--24,00000254,24,569|571,569|571;569|571|575,2,1,0.503232589,0.503232589,2.097316034,2,1,"{""DISTANCE_DIAMETER"":1,""LATERAL_DIAMETER"":1}",2,0
00000254--0ac259250e--24:579|588,00000254--0ac259250e--24,00000254,24,579|588,579|588,2,1,1.299755619,1.299755619,0.300068829,2,2,"{""DISTANCE_DIAMETER"":2}",2,0
00000254--0ac259250e--25:16|22,00000254--0ac259250e--25,00000254,25,16|22,2|16|22,2,2,0.499127491,0.499127491,0.599990382,2,2,"{""DISTANCE_DIAMETER"":2}",2,0
00000254--0ac259250e--25:20|34,00000254--0ac259250e--25,00000254,25,20|34,20|34,3,2,2.999465063,4.198823433,0.949818942,0,1,"{""LATERAL_GROWTH"":3}",3,0
00000254--0ac259250e--25:20|50,00000254--0ac259250e--25,00000254,25,20|50,20|34|50;20|50,4,2,0.900594661,5.099537248,0.29980543800000004,4,4,"{""LATERAL_DIAMETER"":2,""LATERAL_GROWTH"":2}",4,0
00000254--0ac259250e--25:233|242,00000254--0ac259250e--25,00000254,25,233|242,233|242,2,1,0.500224704,0.500224704,0.301115024,2,2,"{""DISTANCE_DIAMETER"":2}",2,0
00000254--0ac259250e--25:262|273,00000254--0ac259250e--25,00000254,25,262|273,262|273,2,1,0.400267542,0.400267542,0.300584226,2,2,"{""DISTANCE_DIAMETER"":2}",2,0
00000254--0ac259250e--25:270|272,00000254--0ac259250e--25,00000254,25,270|272,270|272,2,1,1.300020146,1.300020146,1.199712269,2,2,"{""DISTANCE_DIAMETER"":2}",2,0
00000254--0ac259250e--25:2|15,00000254--0ac259250e--25,00000254,25,2|15,2|15|22,2,2,1.800766051,1.800766051,0.500433537,1,2,"{""DISTANCE_DIAMETER"":1,""LATERAL_GROWTH"":1}",2,0
00000254--0ac259250e--25:316|329,00000254--0ac259250e--25,00000254,25,316|329,316|329,2,1,1.100422743,1.100422743,0.800510612,2,2,"{""DISTANCE_DIAMETER"":1,""DISTANCE_GROWTH"":1}",2,0
00000254--0ac259250e--25:35|111,00000254--0ac259250e--25,00000254,25,35|111,35|111,2,2,0.70060138,0.70060138,1.29991881,2,2,"{""DISTANCE_DIAMETER"":2}",2,0
00000254--0ac259250e--25:36|111,00000254--0ac259250e--25,00000254,25,36|111,35|36|111,2,2,3.699877839,3.699877839,0.5500041449999999,2,2,"{""DISTANCE_DIAMETER"":2}",2,0
00000254--0ac259250e--25:50|185,00000254--0ac259250e--25,00000254,25,50|185,50|185,2,2,8.799526222,8.799526222,0.60022465,2,2,"{""LATERAL_DIAMETER"":1,""LATERAL_GROWTH"":1}",2,0
00000254--0ac259250e--26:184|187,00000254--0ac259250e--26,00000254,26,184|187,184|187|188;184|187|195,2,0,2.309657912,2.309657912,,1,2,"{""DISTANCE_DIAMETER"":2}",2,0
00000254--0ac259250e--26:221|233,00000254--0ac259250e--26,00000254,26,221|233,221|233,2,1,3.599513934,3.599513934,1.710502645,1,2,"{""DISTANCE_GROWTH"":1,""LATERAL_DIAMETER"":1}",2,0
00000254--0ac259250e--26:80|85,00000254--0ac259250e--26,00000254,26,80|85,80|85,2,1,2.399305804,2.399305804,1.399989681,1,2,"{""LATERAL_DIAMETER"":1,""LATERAL_GROWTH"":1}",2,0
00000254--0ac259250e--26:87|91,00000254--0ac259250e--26,00000254,26,87|91,87|91,2,2,2.89998336,2.89998336,1.3949458665,1,2,"{""DISTANCE_DIAMETER"":2}",2,0
00000254--0ac259250e--27:10|48,00000254--0ac259250e--27,00000254,27,10|48,10|48,2,1,1.79975464,1.79975464,1.700118593,2,2,"{""LATERAL_DIAMETER"":2}",2,0
00000254--0ac259250e--27:118|222,00000254--0ac259250e--27,00000254,27,118|222,118|222|274|290;118|222|290,2,2,3.000730613,3.000730613,1.3511239805,2,2,"{""DISTANCE_DIAMETER"":2}",2,0
00000254--0ac259250e--27:177|609,00000254--0ac259250e--27,00000254,27,177|609,177|609,2,2,0.800387053,0.800387053,0.9998309810000001,2,2,"{""LATERAL_DIAMETER"":2}",2,0
00000254--0ac259250e--27:1|346,00000254--0ac259250e--27,00000254,27,1|346,1|346,11,11,2.3502155695,7.100310331,0.399308935,11,11,"{""LATERAL_DIAMETER"":7,""LATERAL_GROWTH"":4}",11,0
00000254--0ac259250e--27:1|7,00000254--0ac259250e--27,00000254,27,1|7,1|7,10,9,2.89990994,5.599840192,0.499682384,9,10,"{""LATERAL_DIAMETER"":8,""LATERAL_GROWTH"":2}",10,0
00000254--0ac259250e--27:222|354,00000254--0ac259250e--27,00000254,27,222|354,222|354;222|354|437;222|354|459|476,5,3,1.2500128735,6.499860028,1.300206093,3,4,"{""DISTANCE_DIAMETER"":2,""DISTANCE_GROWTH"":1,""LATERAL_DIAMETER"":1,""LATERAL_GROWTH"":1}",5,0
00000254--0ac259250e--27:297|298,00000254--0ac259250e--27,00000254,27,297|298,297|298,3,3,3.7501657615,6.900408579,3.50006155,3,3,"{""LATERAL_DIAMETER"":2,""LATERAL_GROWTH"":1}",3,0
00000254--0ac259250e--27:561|574,00000254--0ac259250e--27,00000254,27,561|574,561|574,2,2,0.900122345,0.900122345,1.5001550664999999,1,2,"{""DISTANCE_DIAMETER"":1,""DISTANCE_GROWTH"":1}",2,0
00000254--0ac259250e--27:688|692,00000254--0ac259250e--27,00000254,27,688|692,688|692,2,1,0.799409763,0.799409763,0.301620864,2,2,"{""DISTANCE_GROWTH"":1,""LATERAL_GROWTH"":1}",2,0
00000254--0ac259250e--27:6|7,00000254--0ac259250e--27,00000254,27,6|7,6|7,3,2,0.7497694825000001,1.099966956,0.300357216,3,3,"{""LATERAL_DIAMETER"":2,""LATERAL_GROWTH"":1}",3,0
00000254--0ac259250e--28:117|245,00000254--0ac259250e--28,00000254,28,117|245,117|245,4,3,0.80832753,2.700914132,0.499387923,2,4,"{""LATERAL_DIAMETER"":3,""LATERAL_GROWTH"":1}",4,0
00000254--0ac259250e--28:11|117,00000254--0ac259250e--28,00000254,28,11|117,11|117,4,3,1.999304623,7.691461186,1.799666885,4,4,"{""LATERAL_DIAMETER"":3,""LATERAL_GROWTH"":1}",4,0
00000254--0ac259250e--28:11|493,00000254--0ac259250e--28,00000254,28,11|493,11|493,5,4,1.3500477485,3.900140449,1.1994979095,5,5,"{""LATERAL_DIAMETER"":5}",5,0
00000254--0ac259250e--28:245|266,00000254--0ac259250e--28,00000254,28,245|266,245|266,2,1,1.108271977,1.108271977,0.70855656,1,1,"{""LATERAL_GROWTH"":2}",2,0
00000254--0ac259250e--28:245|347,00000254--0ac259250e--28,00000254,28,245|347,245|347,2,1,5.290710733,5.290710733,0.600290992,2,2,"{""LATERAL_GROWTH"":2}",2,0
00000254--0ac259250e--28:245|403,00000254--0ac259250e--28,00000254,28,245|403,245|403,2,1,1.901652701,1.901652701,0.789581339,2,2,"{""LATERAL_DIAMETER"":1,""LATERAL_GROWTH"":1}",2,0
00000254--0ac259250e--28:267|274,00000254--0ac259250e--28,00000254,28,267|274,267|274,3,3,3.2448741219999997,3.29983965,0.79987761,3,3,"{""LATERAL_DIAMETER"":2,""LATERAL_GROWTH"":1}",3,0
00000254--0ac259250e--28:2|11,00000254--0ac259250e--28,00000254,28,2|11,2|11,6,5,2.400730522,9.399184819,2.200138733,6,6,"{""LATERAL_DIAMETER"":6}",6,0
00000254--0ac259250e--28:398|448,00000254--0ac259250e--28,00000254,28,398|448,398|448;398|448|470,2,2,1.199736522,1.199736522,0.849956607,2,1,"{""DISTANCE_DIAMETER"":2}",2,0
00000254--0ac259250e--28:398|470,00000254--0ac259250e--28,00000254,28,398|470,398|448|470;398|470,4,2,2.000572738,2.298375163,1.45065233,4,4,"{""DISTANCE_DIAMETER"":2,""LATERAL_DIAMETER"":1,""LATERAL_GROWTH"":1}",4,0
00000254--0ac259250e--28:3|4,00000254--0ac259250e--28,00000254,28,3|4,3|4,10,9,2.100495579,9.100030295,0.302290437,9,9,"{""LATERAL_DIAMETER"":6,""LATERAL_GROWTH"":4}",10,0
00000254--0ac259250e--28:92|174,00000254--0ac259250e--28,00000254,28,92|174,92|174;92|174|195;92|174|195|209,3,2,4.7510249055000005,7.902283684,0.749660553,3,3,"{""DISTANCE_DIAMETER"":2,""LATERAL_DIAMETER"":1}",3,0
00000254--0ac259250e--28:92|267,00000254--0ac259250e--28,00000254,28,92|267,92|267;92|267|348,3,2,0.8001537955,1.100106616,0.345909229,3,2,"{""DISTANCE_DIAMETER"":3}",3,0
00000254--0ac259250e--29:15|88,00000254--0ac259250e--29,00000254,29,15|88,15|88,2,1,0.300142707,0.300142707,0.199960264,2,2,"{""LATERAL_DIAMETER"":1,""LATERAL_GROWTH"":1}",2,0
00000254--0ac259250e--29:1|7,00000254--0ac259250e--29,00000254,29,1|7,1|7;1|7|27,3,1,2.550172237,3.100958958,0.900185524,3,3,"{""LATERAL_DIAMETER"":3}",3,0
00000254--0ac259250e--29:309|310,00000254--0ac259250e--29,00000254,29,309|310,309|310,2,1,0.700359025,0.700359025,0.300425273,2,2,"{""DISTANCE_DIAMETER"":2}",2,0
00000254--0ac259250e--29:3|10,00000254--0ac259250e--29,00000254,29,3|10,3|10,2,2,9.199473715,9.199473715,4.150042813,2,2,"{""LATERAL_DIAMETER"":1,""LATERAL_GROWTH"":1}",2,0
00000254--0ac259250e--29:4|5,00000254--0ac259250e--29,00000254,29,4|5,4|5,4,3,2.599627974,4.199408613,0.301098187,4,4,"{""LATERAL_DIAMETER"":2,""LATERAL_GROWTH"":2}",4,0
00000254--0ac259250e--29:541|542,00000254--0ac259250e--29,00000254,29,541|542,539|541|542,2,1,0.400065865,0.400065865,0.299656456,2,2,"{""DISTANCE_DIAMETER"":1,""LATERAL_GROWTH"":1}",2,0
00000254--0ac259250e--3:148|151,00000254--0ac259250e--3,00000254,3,148|151,148|151,2,1,1.110274108,1.110274108,0.100243647,2,2,"{""DISTANCE_GROWTH"":1,""VELOCITY_DIAMETER"":1}",2,0
00000254--0ac259250e--3:220|247,00000254--0ac259250e--3,00000254,3,220|247,220|247,2,1,0.299557216,0.299557216,0.099854945,2,2,"{""LATERAL_DIAMETER"":1,""LATERAL_GROWTH"":1}",2,0
00000254--0ac259250e--3:242|245,00000254--0ac259250e--3,00000254,3,242|245,242|245,2,1,2.200175049,2.200175049,0.600124256,1,2,"{""LATERAL_DIAMETER"":1,""LATERAL_GROWTH"":1}",2,0
00000254--0ac259250e--3:253|259,00000254--0ac259250e--3,00000254,3,253|259,253|259,2,2,1.500999436,1.500999436,0.8503812385,2,2,"{""LATERAL_GROWTH"":2}",2,0
00000254--0ac259250e--3:33|50,00000254--0ac259250e--3,00000254,3,33|50,33|50|58,3,2,1.450036071,2.699416299,0.14984782349999998,3,3,"{""DISTANCE_DIAMETER"":1,""LATERAL_GROWTH"":2}",3,0
00000254--0ac259250e--3:33|58,00000254--0ac259250e--3,00000254,3,33|58,33|50|58;33|58,3,3,0.7996938259999999,1.399062044,0.100467714,3,2,"{""LATERAL_DIAMETER"":1,""LATERAL_GROWTH"":2}",3,0
00000254--0ac259250e--3:369|377,00000254--0ac259250e--3,00000254,3,369|377,369|377,2,1,0.199683968,0.199683968,0.100589483,2,2,"{""LATERAL_GROWTH"":2}",2,0
00000254--0ac259250e--3:39|46,00000254--0ac259250e--3,00000254,3,39|46,39|46,2,1,1.200833428,1.200833428,0.199803051,1,1,"{""LATERAL_GROWTH"":2}",2,0
00000254--0ac259250e--3:438|439,00000254--0ac259250e--3,00000254,3,438|439,436|438|439;438|439,2,1,1.199863752,1.199863752,0.800337227,0,2,"{""LATERAL_GROWTH"":2}",2,0
00000254--0ac259250e--3:45|51,00000254--0ac259250e--3,00000254,3,45|51,45|51,3,2,3.005121785,4.710356597,0.649792704,0,3,"{""DISTANCE_DIAMETER"":1,""LATERAL_DIAMETER"":1,""LATERAL_GROWTH"":1}",3,0
00000254--0ac259250e--3:51|57,00000254--0ac259250e--3,00000254,3,51|57,51|57,2,1,4.109474439,4.109474439,3.810311448,1,1,"{""LATERAL_DIAMETER"":1,""LATERAL_GROWTH"":1}",2,0
00000254--0ac259250e--3:564|567,00000254--0ac259250e--3,00000254,3,564|567,564|567,3,2,1.5446361365,2.090028492,0.5501456579999999,3,3,"{""DISTANCE_DIAMETER"":1,""LATERAL_DIAMETER"":1,""LATERAL_GROWTH"":1}",3,0
00000254--0ac259250e--30:111|122,00000254--0ac259250e--30,00000254,30,111|122,111|122,2,1,0.900064437,0.900064437,0.599771997,1,2,"{""DISTANCE_DIAMETER"":1,""DISTANCE_GROWTH"":1}",2,0
00000254--0ac259250e--30:190|227,00000254--0ac259250e--30,00000254,30,190|227,190|227,3,2,1.250282645,1.300622031,0.7998628505,2,2,"{""DISTANCE_DIAMETER"":2,""DISTANCE_GROWTH"":1}",3,0
00000254--0ac259250e--30:207|218,00000254--0ac259250e--30,00000254,30,207|218,207|216|218,2,1,0.499454859,0.499454859,0.299418278,2,1,"{""DISTANCE_DIAMETER"":2}",2,0
00000254--0ac259250e--30:228|229,00000254--0ac259250e--30,00000254,30,228|229,226|228|229,2,1,1.100175164,1.100175164,0.999656109,1,1,"{""DISTANCE_DIAMETER"":2}",2,0
00000254--0ac259250e--33:146|180,00000254--0ac259250e--33,00000254,33,146|180,146|180,2,2,0.399634694,0.399634694,0.3000721405,2,2,"{""DISTANCE_DIAMETER"":2}",2,0
00000254--0ac259250e--33:235|247,00000254--0ac259250e--33,00000254,33,235|247,235|247,3,3,0.8997249005000001,0.999725406,0.700081718,2,3,"{""DISTANCE_DIAMETER"":3}",3,0
00000254--0ac259250e--33:276|277,00000254--0ac259250e--33,00000254,33,276|277,276|277,2,1,1.599558459,1.599558459,0.300168662,2,2,"{""DISTANCE_DIAMETER"":2}",2,0
00000254--0ac259250e--33:291|305,00000254--0ac259250e--33,00000254,33,291|305,291|305,2,1,0.902298826,0.902298826,0.400297669,1,2,"{""DISTANCE_DIAMETER"":1,""LATERAL_GROWTH"":1}",2,0
00000254--0ac259250e--33:296|297,00000254--0ac259250e--33,00000254,33,296|297,296|297,2,1,0.999349305,0.999349305,0.698988883,2,2,"{""DISTANCE_DIAMETER"":2}",2,0
00000254--0ac259250e--33:370|371,00000254--0ac259250e--33,00000254,33,370|371,370|371,2,1,0.400049123,0.400049123,0.300270935,2,2,"{""DISTANCE_DIAMETER"":2}",2,0
00000254--0ac259250e--34:13|33,00000254--0ac259250e--34,00000254,34,13|33,13|33,2,2,3.000337213,3.000337213,0.6001774015000001,1,1,"{""LATERAL_DIAMETER"":1,""LATERAL_GROWTH"":1}",2,0
00000254--0ac259250e--34:141|143,00000254--0ac259250e--34,00000254,34,141|143,141|143,2,1,1.39987143,1.39987143,0.100465643,1,1,"{""LATERAL_DIAMETER"":1,""LATERAL_GROWTH"":1}",2,0
00000254--0ac259250e--34:23|39,00000254--0ac259250e--34,00000254,34,23|39,23|39;23|39|44,2,1,0.700507823,0.700507823,0.300669162,2,1,"{""DISTANCE_DIAMETER"":2}",2,0
00000254--0ac259250e--34:287|289,00000254--0ac259250e--34,00000254,34,287|289,287|289,2,1,1.797183908,1.797183908,0.097629177,1,2,"{""DISTANCE_DIAMETER"":1,""LATERAL_GROWTH"":1}",2,0
00000254--0ac259250e--34:429|434,00000254--0ac259250e--34,00000254,34,429|434,429|434,2,1,1.300251327,1.300251327,0.401965177,2,2,"{""DISTANCE_GROWTH"":1,""LATERAL_GROWTH"":1}",2,0
00000254--0ac259250e--34:512|521,00000254--0ac259250e--34,00000254,34,512|521,512|521,2,1,0.400156995,0.400156995,0.299080088,2,2,"{""LATERAL_DIAMETER"":2}",2,0
00000254--0ac259250e--35:11|13,00000254--0ac259250e--35,00000254,35,11|13,4|6|11|13,2,1,0.799424169,0.799424169,0.699580656,2,2,"{""LATERAL_DIAMETER"":2}",2,0
00000254--0ac259250e--35:122|172,00000254--0ac259250e--35,00000254,35,122|172,122|172,2,1,2.300315365,2.300315365,0.299575917,2,2,"{""DISTANCE_DIAMETER"":2}",2,0
00000254--0ac259250e--35:163|199,00000254--0ac259250e--35,00000254,35,163|199,163|199,2,1,0.501419555,0.501419555,0.400774314,2,2,"{""LATERAL_DIAMETER"":2}",2,0
00000254--0ac259250e--35:275|277,00000254--0ac259250e--35,00000254,35,275|277,275|277,2,1,1.200027324,1.200027324,0.701246798,2,2,"{""LATERAL_DIAMETER"":2}",2,0
00000254--0ac259250e--35:277|282,00000254--0ac259250e--35,00000254,35,277|282,277|281|282|284;277|282,2,1,1.599528497,1.599528497,1.298880857,1,1,"{""LATERAL_DIAMETER"":2}",2,0
00000254--0ac259250e--35:289|306,00000254--0ac259250e--35,00000254,35,289|306,289|306,2,2,9.200118224,9.200118224,0.55053997,2,2,"{""DISTANCE_DIAMETER"":2}",2,0
00000254--0ac259250e--36:113|118,00000254--0ac259250e--36,00000254,36,113|118,113|118,2,2,3.199926219,3.199926219,0.50120886,2,2,"{""LATERAL_GROWTH"":2}",2,0
00000254--0ac259250e--36:158|162,00000254--0ac259250e--36,00000254,36,158|162,158|162,3,2,2.0003818879999997,3.099308383,1.5507080585000002,3,3,"{""LATERAL_DIAMETER"":2,""LATERAL_GROWTH"":1}",3,0
00000254--0ac259250e--36:172|177,00000254--0ac259250e--36,00000254,36,172|177,164|172|177;172|177,2,2,0.700177147,0.700177147,0.5506017704999999,1,2,"{""LATERAL_DIAMETER"":1,""LATERAL_GROWTH"":1}",2,0
00000254--0ac259250e--37:19|25,00000254--0ac259250e--37,00000254,37,19|25,19|25;19|25|32,3,1,2.9995394525,3.099622146,0.491629826,2,1,"{""DISTANCE_DIAMETER"":2,""LATERAL_DIAMETER"":1}",3,0
00000254--0ac259250e--37:35|43,00000254--0ac259250e--37,00000254,37,35|43,26|35|43|45,2,1,0.40056812,0.40056812,0.199766475,2,2,"{""LATERAL_DIAMETER"":1,""LATERAL_GROWTH"":1}",2,0
00000254--0ac259250e--37:416|435,00000254--0ac259250e--37,00000254,37,416|435,416|435,2,1,0.799962839,0.799962839,0.599936285,2,2,"{""DISTANCE_DIAMETER"":2}",2,0
00000254--0ac259250e--37:498|499,00000254--0ac259250e--37,00000254,37,498|499,498|499,4,3,1.900763918,4.500274827,0.500625866,4,4,"{""LATERAL_DIAMETER"":4}",4,0
00000254--0ac259250e--37:551|554,00000254--0ac259250e--37,00000254,37,551|554,551|554,3,2,2.4997481205,3.699668007,0.40012533699999997,2,3,"{""LATERAL_GROWTH"":3}",3,0
00000254--0ac259250e--38:104|118,00000254--0ac259250e--38,00000254,38,104|118,104|118,2,2,5.399836553,5.399836553,0.1994019025,2,2,"{""LATERAL_GROWTH"":2}",2,0
00000254--0ac259250e--38:132|170,00000254--0ac259250e--38,00000254,38,132|170,132|170,2,2,0.200138775,0.200138775,0.1502675915,1,1,"{""LATERAL_GROWTH"":2}",2,0
00000254--0ac259250e--38:135|152,00000254--0ac259250e--38,00000254,38,135|152,135|152,2,1,0.500661461,0.500661461,0.400801284,2,2,"{""LATERAL_DIAMETER"":2}",2,0
00000254--0ac259250e--38:15|35,00000254--0ac259250e--38,00000254,38,15|35,15|35,2,1,0.399771903,0.399771903,0.300196869,2,2,"{""LATERAL_GROWTH"":2}",2,0
00000254--0ac259250e--38:206|246,00000254--0ac259250e--38,00000254,38,206|246,206|241|246;206|246|260,2,0,0.700404874,0.700404874,,1,1,"{""LATERAL_DIAMETER"":1,""LATERAL_GROWTH"":1}",2,0
00000254--0ac259250e--38:252|260,00000254--0ac259250e--38,00000254,38,252|260,252|260,2,1,0.698583737,0.698583737,0.398471931,1,2,"{""DISTANCE_DIAMETER"":2}",2,0
00000254--0ac259250e--38:260|262,00000254--0ac259250e--38,00000254,38,260|262,241|246|260|262;260|262|264,2,0,2.201288847,2.201288847,,0,0,"{""DISTANCE_DIAMETER"":1,""LATERAL_DIAMETER"":1}",2,0
00000254--0ac259250e--38:298|304,00000254--0ac259250e--38,00000254,38,298|304,298|304,2,2,2.600374847,2.600374847,1.299955712,2,2,"{""LATERAL_DIAMETER"":1,""LATERAL_GROWTH"":1}",2,0
00000254--0ac259250e--38:319|333,00000254--0ac259250e--38,00000254,38,319|333,319|331|333;319|333,2,1,0.601280911,0.601280911,0.500844248,1,2,"{""LATERAL_DIAMETER"":1,""LATERAL_GROWTH"":1}",2,0
00000254--0ac259250e--38:335|364,00000254--0ac259250e--38,00000254,38,335|364,335|364,2,2,0.300347262,0.300347262,0.3000705005,2,2,"{""DISTANCE_DIAMETER"":1,""LATERAL_GROWTH"":1}",2,0
00000254--0ac259250e--38:370|380,00000254--0ac259250e--38,00000254,38,370|380,370|380,2,1,0.399980255,0.399980255,0.100287293,1,2,"{""LATERAL_DIAMETER"":1,""LATERAL_GROWTH"":1}",2,0
00000254--0ac259250e--38:464|492,00000254--0ac259250e--38,00000254,38,464|492,464|492,8,7,1.298504086,3.299126896,0.498138137,3,7,"{""DISTANCE_DIAMETER"":1,""LATERAL_DIAMETER"":3,""LATERAL_GROWTH"":4}",8,0
00000254--0ac259250e--38:464|595,00000254--0ac259250e--38,00000254,38,464|595,464|595,2,1,2.59946924,2.59946924,0.801557613,1,2,"{""LATERAL_DIAMETER"":2}",2,0
00000254--0ac259250e--38:465|491,00000254--0ac259250e--38,00000254,38,465|491,465|491,2,1,5.799808849,5.799808849,0.299719625,1,1,"{""LATERAL_GROWTH"":2}",2,0
00000254--0ac259250e--38:465|530,00000254--0ac259250e--38,00000254,38,465|530,465|491|530,2,1,1.800506453,1.800506453,1.600401438,2,2,"{""DISTANCE_DIAMETER"":2}",2,0
00000254--0ac259250e--38:471|477,00000254--0ac259250e--38,00000254,38,471|477,471|477,2,1,3.100443635,3.100443635,1.500014061,2,2,"{""DISTANCE_DIAMETER"":2}",2,0
00000254--0ac259250e--38:483|505,00000254--0ac259250e--38,00000254,38,483|505,483|505|506,2,2,0.900192529,0.900192529,0.30101093,2,2,"{""LATERAL_GROWTH"":2}",2,0
00000254--0ac259250e--38:491|530,00000254--0ac259250e--38,00000254,38,491|530,465|491|530;491|530,2,1,4.699899344,4.699899344,0.099858661,1,2,"{""DISTANCE_DIAMETER"":1,""LATERAL_GROWTH"":1}",2,0
00000254--0ac259250e--38:562|564,00000254--0ac259250e--38,00000254,38,562|564,562|564,2,1,0.199516389,0.199516389,0.099824078,1,2,"{""LATERAL_GROWTH"":2}",2,0
00000254--0ac259250e--38:592|593,00000254--0ac259250e--38,00000254,38,592|593,592|593,2,1,1.900165929,1.900165929,1.499706487,2,2,"{""DISTANCE_DIAMETER"":2}",2,0
00000254--0ac259250e--39:129|150,00000254--0ac259250e--39,00000254,39,129|150,129|150,2,2,0.401615891,0.401615891,0.099189668,1,2,"{""LATERAL_GROWTH"":2}",2,0
00000254--0ac259250e--39:129|157,00000254--0ac259250e--39,00000254,39,129|157,129|157,3,3,1.1999265465,1.99165911,0.300857217,3,3,"{""LATERAL_DIAMETER"":1,""LATERAL_GROWTH"":2}",3,0
00000254--0ac259250e--39:15|16,00000254--0ac259250e--39,00000254,39,15|16,15|16,3,2,1.8507990834999999,2.00145451,1.0499279675,3,3,"{""DISTANCE_DIAMETER"":3}",3,0
00000254--0ac259250e--39:243|247,00000254--0ac259250e--39,00000254,39,243|247,243|247,2,2,1.200267384,1.200267384,0.5002288975,2,2,"{""LATERAL_GROWTH"":2}",2,0
00000254--0ac259250e--39:4|38,00000254--0ac259250e--39,00000254,39,4|38,4|6|38,2,1,0.99865266,0.99865266,0.498494512,1,0,"{""LATERAL_DIAMETER"":2}",2,0
00000254--0ac259250e--39:68|107,00000254--0ac259250e--39,00000254,39,68|107,68|107|108;68|107|114,3,1,2.200105998,4.000405669,0.299629246,3,2,"{""DISTANCE_GROWTH"":1,""LATERAL_DIAMETER"":2}",3,0
00000254--0ac259250e--39:68|114,00000254--0ac259250e--39,00000254,39,68|114,68|114,2,2,1.799739719,1.799739719,0.65010734,1,2,"{""DISTANCE_GROWTH"":1,""LATERAL_DIAMETER"":1}",2,0
00000254--0ac259250e--39:68|127,00000254--0ac259250e--39,00000254,39,68|127,68|127;68|127|129,2,1,1.300009368,1.300009368,1.199433656,2,1,"{""LATERAL_DIAMETER"":2}",2,0
00000254--0ac259250e--4:250|252,00000254--0ac259250e--4,00000254,4,250|252,250|252,2,2,0.199583609,0.199583609,0.200500224,2,2,"{""DISTANCE_GROWTH"":2}",2,0
00000254--0ac259250e--4:3|25,00000254--0ac259250e--4,00000254,4,3|25,3|25,4,3,2.520808054,2.539584379,2.330501781,4,4,"{""DISTANCE_DIAMETER"":4}",4,0
00000254--0ac259250e--4:3|7,00000254--0ac259250e--4,00000254,4,3|7,3|7,3,2,1.3497338525,2.198772786,0.499100768,3,3,"{""DISTANCE_DIAMETER"":3}",3,0
00000254--0ac259250e--4:4|9,00000254--0ac259250e--4,00000254,4,4|9,4|9,3,3,5.240073628499999,6.440583095,0.400011859,3,3,"{""DISTANCE_DIAMETER"":3}",3,0
00000254--0ac259250e--40:10|24,00000254--0ac259250e--40,00000254,40,10|24,10|24,2,2,0.299151487,0.299151487,0.5008222825,1,2,"{""DISTANCE_GROWTH"":1,""LATERAL_GROWTH"":1}",2,0
00000254--0ac259250e--40:119|163,00000254--0ac259250e--40,00000254,40,119|163,119|163,4,3,1.701422006,3.000483416,0.900229789,0,4,"{""DISTANCE_DIAMETER"":4}",4,0
00000254--0ac259250e--40:119|203,00000254--0ac259250e--40,00000254,40,119|203,119|203,3,2,0.7499967045,1.002047255,0.649669958,3,3,"{""DISTANCE_DIAMETER"":2,""VELOCITY_DIAMETER"":1}",3,0
00000254--0ac259250e--40:122|163,00000254--0ac259250e--40,00000254,40,122|163,122|163;122|163|181,3,2,1.6001767645,2.100999853,1.0009811405,0,3,"{""DISTANCE_DIAMETER"":3}",3,0
00000254--0ac259250e--40:156|160,00000254--0ac259250e--40,00000254,40,156|160,156|160,2,2,1.599971943,1.599971943,0.44989509699999997,2,2,"{""LATERAL_DIAMETER"":2}",2,0
00000254--0ac259250e--40:175|187,00000254--0ac259250e--40,00000254,40,175|187,175|187,2,1,0.199295237,0.199295237,0.099848179,2,2,"{""DISTANCE_GROWTH"":1,""LATERAL_GROWTH"":1}",2,0
00000254--0ac259250e--40:23|24,00000254--0ac259250e--40,00000254,40,23|24,23|24,2,1,0.801899662,0.801899662,0.500457739,1,2,"{""LATERAL_DIAMETER"":2}",2,0
00000254--0ac259250e--40:24|38,00000254--0ac259250e--40,00000254,40,24|38,10|24|38;24|38,2,1,1.799928995,1.799928995,1.700642981,1,1,"{""DISTANCE_DIAMETER"":1,""DISTANCE_GROWTH"":1}",2,0
00000254--0ac259250e--40:268|275,00000254--0ac259250e--40,00000254,40,268|275,268|275;268|275|277,2,1,0.200964039,0.200964039,0.100764137,0,0,"{""DISTANCE_GROWTH"":1,""LATERAL_GROWTH"":1}",2,0
00000254--0ac259250e--40:296|301,00000254--0ac259250e--40,00000254,40,296|301,291|296|301,2,2,4.200145903,4.200145903,0.499981266,2,1,"{""DISTANCE_DIAMETER"":1,""LATERAL_GROWTH"":1}",2,0
00000254--0ac259250e--40:485|506,00000254--0ac259250e--40,00000254,40,485|506,477|485|506,2,1,0.399875728,0.399875728,0.300265223,2,1,"{""DISTANCE_DIAMETER"":2}",2,0
00000254--0ac259250e--40:517|533,00000254--0ac259250e--40,00000254,40,517|533,517|533;517|533|551,2,2,2.100457044,2.100457044,0.3495090505,2,1,"{""LATERAL_GROWTH"":2}",2,0
00000254--0ac259250e--40:556|578,00000254--0ac259250e--40,00000254,40,556|578,556|578,2,2,1.500220914,1.500220914,0.799590332,1,2,"{""DISTANCE_DIAMETER"":1,""LATERAL_GROWTH"":1}",2,0
00000254--0ac259250e--41:203|208,00000254--0ac259250e--41,00000254,41,203|208,203|208,5,4,0.9499886314999999,1.199924606,0.45486723500000004,4,5,"{""DISTANCE_DIAMETER"":4,""LATERAL_GROWTH"":1}",5,0
00000254--0ac259250e--41:221|224,00000254--0ac259250e--41,00000254,41,221|224,221|224,2,2,0.391468556,0.391468556,0.19936254850000001,2,2,"{""DISTANCE_GROWTH"":2}",2,0
00000254--0ac259250e--41:573|576,00000254--0ac259250e--41,00000254,41,573|576,573|576;573|576|585,3,2,1.7492524740000002,3.00005192,1.2490526659999999,2,2,"{""DISTANCE_GROWTH"":1,""LATERAL_DIAMETER"":1,""LATERAL_GROWTH"":1}",3,0
00000254--0ac259250e--41:573|585,00000254--0ac259250e--41,00000254,41,573|585,573|585,2,1,2.300890895,2.300890895,0.600051903,0,0,"{""DISTANCE_GROWTH"":1,""LATERAL_DIAMETER"":1}",2,0
00000254--0ac259250e--41:592|593,00000254--0ac259250e--41,00000254,41,592|593,592|593,2,1,0.698953617,0.698953617,0.398854994,1,1,"{""DISTANCE_GROWTH"":1,""LATERAL_DIAMETER"":1}",2,0
00000254--0ac259250e--42:17|34,00000254--0ac259250e--42,00000254,42,17|34,17|32|34;17|34,2,2,0.799290616,0.799290616,0.449898743,1,2,"{""DISTANCE_GROWTH"":1,""LATERAL_DIAMETER"":1}",2,0
00000254--0ac259250e--42:17|45,00000254--0ac259250e--42,00000254,42,17|45,17|45,2,1,0.299394525,0.299394525,0.100135638,1,1,"{""DISTANCE_GROWTH"":1,""LATERAL_GROWTH"":1}",2,0
00000254--0ac259250e--42:1|4,00000254--0ac259250e--42,00000254,42,1|4,1|4;1|4|22,3,2,2.0999113389999997,3.798569603,0.30077520999999996,1,3,"{""DISTANCE_GROWTH"":2,""LATERAL_GROWTH"":1}",3,0
00000254--0ac259250e--42:3|4,00000254--0ac259250e--42,00000254,42,3|4,3|4;3|4|32,2,1,0.600664831,0.600664831,0.699513988,0,1,"{""LATERAL_GROWTH"":2}",2,0
00000254--0ac259250e--5:108|128,00000254--0ac259250e--5,00000254,5,108|128,108|128,2,2,1.899683042,1.899683042,2.295469198,2,2,"{""LATERAL_DIAMETER"":2}",2,0
00000254--0ac259250e--5:125|163,00000254--0ac259250e--5,00000254,5,125|163,125|163,2,1,4.090220759,4.090220759,0.299053905,2,2,"{""LATERAL_DIAMETER"":1,""LATERAL_GROWTH"":1}",2,0
00000254--0ac259250e--5:125|202,00000254--0ac259250e--5,00000254,5,125|202,125|202,2,1,1.600113329,1.600113329,0.200662819,2,2,"{""DISTANCE_DIAMETER"":1,""LATERAL_GROWTH"":1}",2,0
00000254--0ac259250e--5:16|62,00000254--0ac259250e--5,00000254,5,16|62,16|62,2,1,0.201090326,0.201090326,0.10116113,2,2,"{""LATERAL_GROWTH"":2}",2,0
00000254--0ac259250e--5:522|523,00000254--0ac259250e--5,00000254,5,522|523,522|523,2,1,1.010893617,1.010893617,0.510408265,1,2,"{""DISTANCE_GROWTH"":1,""VELOCITY_DIAMETER"":1}",2,0
00000254--0ac259250e--5:8|53,00000254--0ac259250e--5,00000254,5,8|53,8|53,2,1,0.890620729,0.890620729,0.400000844,2,2,"{""LATERAL_DIAMETER"":1,""LATERAL_GROWTH"":1}",2,0
00000254--0ac259250e--6:16|20,00000254--0ac259250e--6,00000254,6,16|20,16|20,3,3,0.49943376,0.599647744,0.399082648,2,3,"{""DISTANCE_DIAMETER"":1,""DISTANCE_GROWTH"":1,""LATERAL_GROWTH"":1}",3,0
00000254--0ac259250e--6:45|113,00000254--0ac259250e--6,00000254,6,45|113,45|113,2,1,0.399362659,0.399362659,0.099964418,0,0,"{""LATERAL_GROWTH"":2}",2,0
00000254--0ac259250e--6:4|16,00000254--0ac259250e--6,00000254,6,4|16,4|16,2,1,0.999837821,0.999837821,0.600755173,0,0,"{""LATERAL_DIAMETER"":1,""LATERAL_GROWTH"":1}",2,0
00000254--0ac259250e--6:4|27,00000254--0ac259250e--6,00000254,6,4|27,4|27,2,1,3.898520033,3.898520033,1.398113895,1,1,"{""LATERAL_DIAMETER"":1,""LATERAL_GROWTH"":1}",2,0
00000254--0ac259250e--6:86|90,00000254--0ac259250e--6,00000254,6,86|90,86|90,2,1,0.400367471,0.400367471,0.300011253,2,2,"{""DISTANCE_DIAMETER"":2}",2,0
00000254--0ac259250e--8:180|186,00000254--0ac259250e--8,00000254,8,180|186,180|186,2,2,0.200346341,0.200346341,0.1008368355,2,2,"{""DISTANCE_GROWTH"":2}",2,0
00000254--0ac259250e--8:199|201,00000254--0ac259250e--8,00000254,8,199|201,199|201,2,1,2.798857678,2.798857678,2.098759922,0,2,"{""DISTANCE_GROWTH"":1,""LATERAL_DIAMETER"":1}",2,0
00000254--0ac259250e--8:5|6,00000254--0ac259250e--8,00000254,8,5|6,5|6|11,5,4,1.5999244195,2.39893921,1.294522572,5,4,"{""DISTANCE_DIAMETER"":1,""LATERAL_DIAMETER"":4}",5,0
00000254--0ac259250e--9:20|22,00000254--0ac259250e--9,00000254,9,20|22,20|22,2,2,0.59970157,0.59970157,0.4495085305,2,2,"{""DISTANCE_DIAMETER"":2}",2,0
00000254--0ac259250e--9:30|38,00000254--0ac259250e--9,00000254,9,30|38,30|38,2,1,0.90108029,0.90108029,0.698979934,1,2,"{""DISTANCE_DIAMETER"":2}",2,0
00000254--0ac259250e--9:59|61,00000254--0ac259250e--9,00000254,9,59|61,59|61;59|61|64,2,1,1.000007729,1.000007729,0.800595655,2,1,"{""DISTANCE_DIAMETER"":1,""DISTANCE_GROWTH"":1}",2,0
00000254--0ac259250e--9:5|58,00000254--0ac259250e--9,00000254,9,5|58,5|58,2,1,0.500077636,0.500077636,0.301679612,2,2,"{""DISTANCE_DIAMETER"":2}",2,0
00000254--0ac259250e--9:88|91,00000254--0ac259250e--9,00000254,9,88|91,88|91,5,5,0.700639341,1.100763279,0.299482198,5,5,"{""DISTANCE_DIAMETER"":5}",5,0
00000254--0ac259250e--9:9|11,00000254--0ac259250e--9,00000254,9,9|11,9|11,3,2,1.00001881,1.699583884,0.45090879300000003,3,3,"{""DISTANCE_DIAMETER"":2,""DISTANCE_GROWTH"":1}",3,0
00000255--d1d0ee73c5--23:109|131,00000255--d1d0ee73c5--23,00000255,23,109|131,109|131;109|131|150,2,1,2.500492412,2.500492412,2.40033702,1,2,"{""DISTANCE_DIAMETER"":1,""LATERAL_DIAMETER"":1}",2,0
00000255--d1d0ee73c5--23:48|49,00000255--d1d0ee73c5--23,00000255,23,48|49,48|49,2,2,0.199053663,0.199053663,0.15012394750000002,2,2,"{""LATERAL_GROWTH"":2}",2,0
00000255--d1d0ee73c5--24:159|162,00000255--d1d0ee73c5--24,00000255,24,159|162,159|162,2,2,0.198186636,0.198186636,0.1498238415,2,2,"{""LATERAL_GROWTH"":2}",2,0
00000255--d1d0ee73c5--24:16|19,00000255--d1d0ee73c5--24,00000255,24,16|19,16|19,2,2,0.600191761,0.600191761,0.400730312,2,2,"{""DISTANCE_DIAMETER"":2}",2,0
00000255--d1d0ee73c5--25:38|39,00000255--d1d0ee73c5--25,00000255,25,38|39,38|39,3,2,0.399686269,0.599069459,0.15005240450000001,3,3,"{""DISTANCE_DIAMETER"":1,""LATERAL_GROWTH"":2}",3,0
00000255--d1d0ee73c5--25:79|94,00000255--d1d0ee73c5--25,00000255,25,79|94,79|94,2,1,1.300071447,1.300071447,0.300175971,2,2,"{""DISTANCE_DIAMETER"":2}",2,0
00000255--d1d0ee73c5--27:24|30,00000255--d1d0ee73c5--27,00000255,27,24|30,24|30,3,2,0.9500545455,1.699310043,0.300086265,2,3,"{""DISTANCE_DIAMETER"":1,""LATERAL_GROWTH"":2}",3,0
00000255--d1d0ee73c5--27:58|59,00000255--d1d0ee73c5--27,00000255,27,58|59,58|59,2,1,1.999749887,1.999749887,0.899272733,2,2,"{""LATERAL_DIAMETER"":2}",2,0
00000255--d1d0ee73c5--27:81|95,00000255--d1d0ee73c5--27,00000255,27,81|95,81|93|95,3,3,0.500286045,0.600880925,0.300201691,3,2,"{""DISTANCE_DIAMETER"":3}",3,0
00000255--d1d0ee73c5--28:163|165,00000255--d1d0ee73c5--28,00000255,28,163|165,163|165,2,1,0.599457937,0.599457937,0.399983117,1,2,"{""DISTANCE_DIAMETER"":1,""DISTANCE_GROWTH"":1}",2,0
00000255--d1d0ee73c5--28:485|498,00000255--d1d0ee73c5--28,00000255,28,485|498,485|498,2,1,1.200023813,1.200023813,0.301129697,2,2,"{""DISTANCE_DIAMETER"":2}",2,0
00000255--d1d0ee73c5--29:306|314,00000255--d1d0ee73c5--29,00000255,29,306|314,306|314,2,1,0.599226618,0.599226618,0.299206205,2,2,"{""DISTANCE_DIAMETER"":2}",2,0
00000255--d1d0ee73c5--29:327|330,00000255--d1d0ee73c5--29,00000255,29,327|330,327|330,3,2,1.0492163515,1.297970882,0.2998888325,3,3,"{""LATERAL_DIAMETER"":3}",3,0
00000255--d1d0ee73c5--30:108|142,00000255--d1d0ee73c5--30,00000255,30,108|142,108|142,2,2,0.60045288,0.60045288,0.5008536415,2,2,"{""LATERAL_DIAMETER"":2}",2,0
00000255--d1d0ee73c5--30:244|247,00000255--d1d0ee73c5--30,00000255,30,244|247,244|247,2,1,1.809793403,1.809793403,0.599386146,1,2,"{""DISTANCE_DIAMETER"":2}",2,0
00000255--d1d0ee73c5--30:247|262,00000255--d1d0ee73c5--30,00000255,30,247|262,247|262,2,1,1.000017044,1.000017044,0.80001774,2,2,"{""LATERAL_DIAMETER"":2}",2,0
00000255--d1d0ee73c5--30:263|264,00000255--d1d0ee73c5--30,00000255,30,263|264,263|264,2,2,2.09919869,2.09919869,0.750768952,1,1,"{""LATERAL_DIAMETER"":1,""LATERAL_GROWTH"":1}",2,0
00000255--d1d0ee73c5--31:218|225,00000255--d1d0ee73c5--31,00000255,31,218|225,218|225,2,1,2.999595842,2.999595842,0.599036332,1,2,"{""LATERAL_DIAMETER"":2}",2,0
00000255--d1d0ee73c5--31:219|246,00000255--d1d0ee73c5--31,00000255,31,219|246,219|246,2,1,1.301172518,1.301172518,0.499942067,1,2,"{""DISTANCE_DIAMETER"":2}",2,0
00000255--d1d0ee73c5--32:264|271,00000255--d1d0ee73c5--32,00000255,32,264|271,264|271,2,2,1.201953758,1.201953758,0.599838798,2,2,"{""DISTANCE_DIAMETER"":2}",2,0
00000255--d1d0ee73c5--33:21|23,00000255--d1d0ee73c5--33,00000255,33,21|23,21|23,3,2,1.2003112225,2.000426935,0.1955359585,3,3,"{""LATERAL_GROWTH"":3}",3,0
00000255--d1d0ee73c5--33:267|282,00000255--d1d0ee73c5--33,00000255,33,267|282,267|282,2,2,6.100656075,6.100656075,2.2008166785,1,2,"{""LATERAL_GROWTH"":2}",2,0
00000255--d1d0ee73c5--33:44|72,00000255--d1d0ee73c5--33,00000255,33,44|72,44|46|72;44|72,2,1,1.399874424,1.399874424,0.790359614,2,2,"{""LATERAL_DIAMETER"":1,""LATERAL_GROWTH"":1}",2,0
00000255--d1d0ee73c5--33:90|92,00000255--d1d0ee73c5--33,00000255,33,90|92,90|92,2,1,1.307889657,1.307889657,0.198279164,2,2,"{""DISTANCE_GROWTH"":1,""OTHER_STATIONARY_MOVING"":1}",2,0
00000255--d1d0ee73c5--34:243|244,00000255--d1d0ee73c5--34,00000255,34,243|244,243|244,2,1,2.299666625,2.299666625,1.499500635,2,2,"{""DISTANCE_DIAMETER"":1,""LATERAL_DIAMETER"":1}",2,0
00000255--d1d0ee73c5--34:244|252,00000255--d1d0ee73c5--34,00000255,34,244|252,244|252,2,2,1.800668027,1.800668027,0.8502599615,2,2,"{""DISTANCE_DIAMETER"":1,""LATERAL_GROWTH"":1}",2,0
00000255--d1d0ee73c5--34:259|293,00000255--d1d0ee73c5--34,00000255,34,259|293,259|293,2,2,1.900164967,1.900164967,0.24984198800000001,2,2,"{""DISTANCE_GROWTH"":1,""LATERAL_DIAMETER"":1}",2,0
00000255--d1d0ee73c5--34:330|341,00000255--d1d0ee73c5--34,00000255,34,330|341,330|341,2,1,7.099557213,7.099557213,6.80141983,2,2,"{""LATERAL_DIAMETER"":1,""LATERAL_GROWTH"":1}",2,0
00000255--d1d0ee73c5--34:330|427,00000255--d1d0ee73c5--34,00000255,34,330|427,330|427,6,5,1.000721853,3.999030153,0.499918386,4,4,"{""LATERAL_DIAMETER"":3,""LATERAL_GROWTH"":3}",6,0
00000255--d1d0ee73c5--34:356|370,00000255--d1d0ee73c5--34,00000255,34,356|370,356|370,3,3,5.5003583975,9.100393069,0.299756976,3,3,"{""LATERAL_DIAMETER"":1,""LATERAL_GROWTH"":2}",3,0
00000255--d1d0ee73c5--34:371|380,00000255--d1d0ee73c5--34,00000255,34,371|380,371|380,2,2,14.002105754,14.002105754,3.3496772005,2,2,"{""LATERAL_DIAMETER"":2}",2,0
00000255--d1d0ee73c5--35:108|121,00000255--d1d0ee73c5--35,00000255,35,108|121,108|121,3,2,1.849736882,1.900172791,0.8996729109999999,1,2,"{""DISTANCE_DIAMETER"":1,""LATERAL_GROWTH"":2}",3,0
00000255--d1d0ee73c5--35:108|150,00000255--d1d0ee73c5--35,00000255,35,108|150,108|150,3,2,0.3504449115,0.499753932,0.249812254,3,3,"{""LATERAL_DIAMETER"":1,""LATERAL_GROWTH"":2}",3,0
00000255--d1d0ee73c5--35:11|13,00000255--d1d0ee73c5--35,00000255,35,11|13,11|13,3,2,0.8996550005,1.499321847,0.7996433605000001,3,3,"{""LATERAL_DIAMETER"":2,""LATERAL_GROWTH"":1}",3,0
00000255--d1d0ee73c5--35:242|257,00000255--d1d0ee73c5--35,00000255,35,242|257,242|257,2,1,0.308087912,0.308087912,0.209019977,1,2,"{""DISTANCE_GROWTH"":2}",2,0
00000255--d1d0ee73c5--35:267|334,00000255--d1d0ee73c5--35,00000255,35,267|334,267|334,2,1,1.599589701,1.599589701,1.499747572,1,2,"{""DISTANCE_DIAMETER"":1,""DISTANCE_GROWTH"":1}",2,0
00000255--d1d0ee73c5--35:296|297,00000255--d1d0ee73c5--35,00000255,35,296|297,296|297|300,2,1,0.998570258,0.998570258,0.698701567,2,0,"{""DISTANCE_DIAMETER"":1,""LATERAL_DIAMETER"":1}",2,0
00000255--d1d0ee73c5--35:311|329,00000255--d1d0ee73c5--35,00000255,35,311|329,311|329,2,1,0.897971032,0.897971032,0.79716371,2,2,"{""DISTANCE_DIAMETER"":2}",2,0
00000255--d1d0ee73c5--35:432|476,00000255--d1d0ee73c5--35,00000255,35,432|476,432|476|483;432|476|498,2,0,4.30992499,4.30992499,,1,1,"{""DISTANCE_DIAMETER"":1,""DISTANCE_GROWTH"":1}",2,0
00000255--d1d0ee73c5--35:466|467,00000255--d1d0ee73c5--35,00000255,35,466|467,466|467,2,1,0.988332957,0.988332957,0.598239431,1,2,"{""LATERAL_DIAMETER"":1,""LATERAL_GROWTH"":1}",2,0
00000255--d1d0ee73c5--35:60|121,00000255--d1d0ee73c5--35,00000255,35,60|121,60|121,2,1,1.199399607,1.199399607,0.298900014,2,2,"{""LATERAL_DIAMETER"":2}",2,0
00000255--d1d0ee73c5--35:8|9,00000255--d1d0ee73c5--35,00000255,35,8|9,8|9,2,1,7.899617877,7.899617877,3.399093908,0,1,"{""LATERAL_DIAMETER"":1,""LATERAL_GROWTH"":1}",2,0
00000255--d1d0ee73c5--36:1|5,00000255--d1d0ee73c5--36,00000255,36,1|5,1|5,2,1,16.200876687,16.200876687,16.100291662,2,2,"{""LATERAL_DIAMETER"":2}",2,0
00000255--d1d0ee73c5--36:8|16,00000255--d1d0ee73c5--36,00000255,36,8|16,8|16,3,2,2.6505366120000002,3.700883961,1.2500702774999999,1,3,"{""LATERAL_DIAMETER"":1,""LATERAL_GROWTH"":2}",3,0
00000255--d1d0ee73c5--37:146|149,00000255--d1d0ee73c5--37,00000255,37,146|149,146|149,2,1,0.400264924,0.400264924,0.300351008,2,2,"{""DISTANCE_DIAMETER"":2}",2,0
00000255--d1d0ee73c5--37:310|335,00000255--d1d0ee73c5--37,00000255,37,310|335,310|335,3,3,1.000160984,1.099714467,0.499660208,1,2,"{""DISTANCE_DIAMETER"":3}",3,0
00000255--d1d0ee73c5--37:358|359,00000255--d1d0ee73c5--37,00000255,37,358|359,358|359,6,6,0.900525518,2.300058663,0.350106668,6,6,"{""DISTANCE_DIAMETER"":6}",6,0
00000255--d1d0ee73c5--37:390|405,00000255--d1d0ee73c5--37,00000255,37,390|405,390|405,4,3,0.500986019,0.598680628,0.400428357,4,4,"{""DISTANCE_DIAMETER"":3,""LATERAL_GROWTH"":1}",4,0
00000255--d1d0ee73c5--38:161|165,00000255--d1d0ee73c5--38,00000255,38,161|165,157|161|165,2,1,0.299188679,0.299188679,0.099863758,2,2,"{""DISTANCE_GROWTH"":1,""LATERAL_GROWTH"":1}",2,0
00000255--d1d0ee73c5--38:263|268,00000255--d1d0ee73c5--38,00000255,38,263|268,263|268,2,1,1.999415918,1.999415918,1.499762667,1,1,"{""DISTANCE_DIAMETER"":1,""LATERAL_GROWTH"":1}",2,0
00000255--d1d0ee73c5--38:355|356,00000255--d1d0ee73c5--38,00000255,38,355|356,355|356;355|356|361,2,2,0.700759491,0.700759491,0.300174365,1,1,"{""LATERAL_DIAMETER"":1,""LATERAL_GROWTH"":1}",2,0
00000255--d1d0ee73c5--38:417|433,00000255--d1d0ee73c5--38,00000255,38,417|433,417|433,2,1,0.499827891,0.499827891,0.390525249,2,2,"{""DISTANCE_DIAMETER"":1,""LATERAL_DIAMETER"":1}",2,0
00000255--d1d0ee73c5--38:433|435,00000255--d1d0ee73c5--38,00000255,38,433|435,433|435,2,1,3.002066494,3.002066494,2.899456782,1,2,"{""DISTANCE_DIAMETER"":2}",2,0
00000255--d1d0ee73c5--38:579|596,00000255--d1d0ee73c5--38,00000255,38,579|596,579|596,2,1,1.099956721,1.099956721,0.499658802,1,2,"{""DISTANCE_GROWTH"":1,""LATERAL_DIAMETER"":1}",2,0
00000255--d1d0ee73c5--38:584|593,00000255--d1d0ee73c5--38,00000255,38,584|593,584|593,2,1,0.899934602,0.899934602,0.301131387,2,2,"{""DISTANCE_DIAMETER"":1,""LATERAL_DIAMETER"":1}",2,0
00000255--d1d0ee73c5--38:64|69,00000255--d1d0ee73c5--38,00000255,38,64|69,63|64|69,2,1,0.999814502,0.999814502,0.900042194,2,2,"{""DISTANCE_DIAMETER"":2}",2,0
00000255--d1d0ee73c5--39:117|123,00000255--d1d0ee73c5--39,00000255,39,117|123,117|123,2,2,0.39941764,0.39941764,0.699775979,1,1,"{""DISTANCE_GROWTH"":2}",2,0
00000255--d1d0ee73c5--39:208|209,00000255--d1d0ee73c5--39,00000255,39,208|209,208|209;208|209|210,2,0,3.299723514,3.299723514,,1,2,"{""LATERAL_GROWTH"":2}",2,0
00000255--d1d0ee73c5--39:215|226,00000255--d1d0ee73c5--39,00000255,39,215|226,215|226,3,2,0.7499349405,0.800618776,0.5002417085,2,2,"{""DISTANCE_DIAMETER"":3}",3,0
00000255--d1d0ee73c5--39:26|31,00000255--d1d0ee73c5--39,00000255,39,26|31,26|31,2,1,1.500407569,1.500407569,0.801790893,2,2,"{""LATERAL_DIAMETER"":2}",2,0
00000255--d1d0ee73c5--39:405|415,00000255--d1d0ee73c5--39,00000255,39,405|415,405|415,2,2,0.500001696,0.500001696,0.801431171,1,2,"{""DISTANCE_GROWTH"":1,""LATERAL_GROWTH"":1}",2,0
00000255--d1d0ee73c5--39:435|465,00000255--d1d0ee73c5--39,00000255,39,435|465,435|465,2,2,1.500802297,1.500802297,0.400684231,2,2,"{""LATERAL_GROWTH"":2}",2,0
00000255--d1d0ee73c5--39:440|445,00000255--d1d0ee73c5--39,00000255,39,440|445,440|442|445,2,1,0.599494707,0.599494707,0.199957939,2,1,"{""DISTANCE_DIAMETER"":1,""LATERAL_GROWTH"":1}",2,0
00000255--d1d0ee73c5--39:463|481,00000255--d1d0ee73c5--39,00000255,39,463|481,463|481;463|481|485,2,2,4.799214385,4.799214385,0.35030815,2,1,"{""LATERAL_GROWTH"":2}",2,0
00000255--d1d0ee73c5--39:483|538,00000255--d1d0ee73c5--39,00000255,39,483|538,483|538,2,1,0.299287185,0.299287185,0.100211586,1,2,"{""DISTANCE_GROWTH"":1,""LATERAL_GROWTH"":1}",2,0
00000255--d1d0ee73c5--39:504|523,00000255--d1d0ee73c5--39,00000255,39,504|523,504|523;504|523|548,3,2,1.900397498,2.201575591,1.2994687085,3,2,"{""DISTANCE_DIAMETER"":1,""LATERAL_DIAMETER"":1,""LATERAL_GROWTH"":1}",3,0
00000255--d1d0ee73c5--39:50|58,00000255--d1d0ee73c5--39,00000255,39,50|58,50|58,2,1,0.798515165,0.798515165,0.698811868,2,2,"{""DISTANCE_DIAMETER"":1,""LATERAL_GROWTH"":1}",2,0
00000255--d1d0ee73c5--39:586|595,00000255--d1d0ee73c5--39,00000255,39,586|595,586|590|595,2,1,2.098616289,2.098616289,1.999554632,2,1,"{""DISTANCE_DIAMETER"":2}",2,0
00000255--d1d0ee73c5--39:82|102,00000255--d1d0ee73c5--39,00000255,39,82|102,82|102;82|102|111,2,0,0.399921638,0.399921638,,1,2,"{""DISTANCE_DIAMETER"":2}",2,0
00000255--d1d0ee73c5--40:131|232,00000255--d1d0ee73c5--40,00000255,40,131|232,131|198|232;131|232,3,2,3.800249758,4.199793682,2.2504131655,3,3,"{""DISTANCE_DIAMETER"":2,""DISTANCE_GROWTH"":1}",3,0
00000257--d1cacb63a0--0:182|193,00000257--d1cacb63a0--0,00000257,0,182|193,182|192|193;182|193,2,1,0.499420308,0.499420308,0.199938559,2,2,"{""LATERAL_GROWTH"":2}",2,0
00000257--d1cacb63a0--0:1|76,00000257--d1cacb63a0--0,00000257,0,1|76,1|76,2,1,3.000570321,3.000570321,0.598302102,2,2,"{""DISTANCE_DIAMETER"":1,""OTHER_STATIONARY_MOVING"":1}",2,0
00000257--d1cacb63a0--0:236|268,00000257--d1cacb63a0--0,00000257,0,236|268,236|268,2,1,2.800242003,2.800242003,0.100715769,2,2,"{""DISTANCE_DIAMETER"":1,""LATERAL_GROWTH"":1}",2,0
00000257--d1cacb63a0--0:291|318,00000257--d1cacb63a0--0,00000257,0,291|318,291|311|318;291|318|334,2,0,2.597196096,2.597196096,,1,0,"{""DISTANCE_DIAMETER"":1,""LATERAL_GROWTH"":1}",2,0
00000257--d1cacb63a0--0:347|380,00000257--d1cacb63a0--0,00000257,0,347|380,347|380,2,1,0.700339825,0.700339825,0.30201393,2,2,"{""LATERAL_DIAMETER"":2}",2,0
00000257--d1cacb63a0--0:395|398,00000257--d1cacb63a0--0,00000257,0,395|398,395|398,2,1,0.599829219,0.599829219,0.400830911,2,2,"{""DISTANCE_DIAMETER"":1,""LATERAL_DIAMETER"":1}",2,0
00000257--d1cacb63a0--0:47|53,00000257--d1cacb63a0--0,00000257,0,47|53,47|53,3,2,0.5996662229999999,0.999896523,0.3496511185,2,3,"{""LATERAL_GROWTH"":3}",3,0
00000257--d1cacb63a0--1:113|131,00000257--d1cacb63a0--1,00000257,1,113|131,113|131,3,2,1.250186987,1.599595754,0.700159164,3,3,"{""DISTANCE_DIAMETER"":3}",3,0
00000257--d1cacb63a0--1:115|120,00000257--d1cacb63a0--1,00000257,1,115|120,115|116|120,2,1,0.499889156,0.499889156,0.299194843,2,1,"{""DISTANCE_DIAMETER"":2}",2,0
00000257--d1cacb63a0--1:186|190,00000257--d1cacb63a0--1,00000257,1,186|190,186|190,2,1,0.999391408,0.999391408,0.500264268,1,2,"{""DISTANCE_DIAMETER"":1,""DISTANCE_GROWTH"":1}",2,0
00000257--d1cacb63a0--1:188|203,00000257--d1cacb63a0--1,00000257,1,188|203,188|199|203;188|203,2,0,1.398496469,1.398496469,,2,2,"{""DISTANCE_DIAMETER"":2}",2,0
00000257--d1cacb63a0--1:193|198,00000257--d1cacb63a0--1,00000257,1,193|198,193|198,2,1,1.098848125,1.098848125,0.89868149,2,2,"{""LATERAL_DIAMETER"":2}",2,0
00000257--d1cacb63a0--1:232|235,00000257--d1cacb63a0--1,00000257,1,232|235,232|235,2,1,1.599314268,1.599314268,1.098911689,2,2,"{""DISTANCE_DIAMETER"":2}",2,0
00000257--d1cacb63a0--1:341|351,00000257--d1cacb63a0--1,00000257,1,341|351,341|351;341|351|376|380;341|351|476,3,2,15.1952531865,28.290031989,0.8499112815000001,3,3,"{""DISTANCE_DIAMETER"":3}",3,0
00000257--d1cacb63a0--1:387|395,00000257--d1cacb63a0--1,00000257,1,387|395,387|395;387|395|466,2,1,25.702080108,25.702080108,3.600351846,2,2,"{""DISTANCE_DIAMETER"":2}",2,0
00000257--d1cacb63a0--11:115|117,00000257--d1cacb63a0--11,00000257,11,115|117,115|117|129,5,4,0.9504452210000001,1.299900902,0.7497880275,5,2,"{""DISTANCE_DIAMETER"":5}",5,0
00000257--d1cacb63a0--12:207|225,00000257--d1cacb63a0--12,00000257,12,207|225,207|225,2,2,1.199505172,1.199505172,0.399649327,2,2,"{""LATERAL_DIAMETER"":2}",2,0
00000257--d1cacb63a0--12:7|39,00000257--d1cacb63a0--12,00000257,12,7|39,7|39,2,1,0.900437946,0.900437946,0.600505557,1,2,"{""DISTANCE_DIAMETER"":2}",2,0
00000257--d1cacb63a0--13:238|241,00000257--d1cacb63a0--13,00000257,13,238|241,238|241,2,1,1.008862764,1.008862764,0.408794362,0,2,"{""DISTANCE_DIAMETER"":2}",2,0
00000257--d1cacb63a0--13:261|262,00000257--d1cacb63a0--13,00000257,13,261|262,261|262,2,1,1.700088713,1.700088713,0.801329829,2,2,"{""LATERAL_GROWTH"":2}",2,0
00000257--d1cacb63a0--13:32|33,00000257--d1cacb63a0--13,00000257,13,32|33,32|33,2,1,0.5080873,0.5080873,0.308175525,2,2,"{""DISTANCE_DIAMETER"":1,""LATERAL_DIAMETER"":1}",2,0
00000257--d1cacb63a0--14:103|117,00000257--d1cacb63a0--14,00000257,14,103|117,103|110|117;103|117,2,0,1.098580461,1.098580461,,1,2,"{""DISTANCE_DIAMETER"":2}",2,0
00000257--d1cacb63a0--14:164|167,00000257--d1cacb63a0--14,00000257,14,164|167,164|165|167,2,1,0.392014462,0.392014462,0.290521727,1,2,"{""DISTANCE_DIAMETER"":2}",2,0
00000257--d1cacb63a0--14:243|283,00000257--d1cacb63a0--14,00000257,14,243|283,243|283,2,1,0.800414256,0.800414256,0.299684842,2,2,"{""DISTANCE_DIAMETER"":2}",2,0
00000257--d1cacb63a0--14:291|324,00000257--d1cacb63a0--14,00000257,14,291|324,291|295|324;291|324,3,2,1.100049729,1.600175865,0.7007524184999999,2,2,"{""DISTANCE_DIAMETER"":2,""VELOCITY_DIAMETER"":1}",3,0
00000257--d1cacb63a0--14:405|416,00000257--d1cacb63a0--14,00000257,14,405|416,405|416,2,2,0.400634739,0.400634739,0.2503504875,0,1,"{""DISTANCE_GROWTH"":2}",2,0
00000257--d1cacb63a0--14:445|453,00000257--d1cacb63a0--14,00000257,14,445|453,445|453,2,1,0.999005257,0.999005257,0.799545363,2,2,"{""DISTANCE_GROWTH"":1,""LATERAL_GROWTH"":1}",2,0
00000257--d1cacb63a0--14:460|461,00000257--d1cacb63a0--14,00000257,14,460|461,460|461,2,2,1.999420342,1.999420342,0.450264204,2,2,"{""DISTANCE_GROWTH"":2}",2,0
00000257--d1cacb63a0--14:523|541,00000257--d1cacb63a0--14,00000257,14,523|541,523|541,2,1,0.699967223,0.699967223,0.499591365,1,2,"{""DISTANCE_DIAMETER"":2}",2,0
00000257--d1cacb63a0--14:533|541,00000257--d1cacb63a0--14,00000257,14,533|541,533|541,2,2,1.900316884,1.900316884,1.100275476,2,2,"{""DISTANCE_DIAMETER"":1,""DISTANCE_GROWTH"":1}",2,0
00000257--d1cacb63a0--15:219|227,00000257--d1cacb63a0--15,00000257,15,219|227,219|227,2,2,0.500071197,0.500071197,0.30005799099999997,2,2,"{""DISTANCE_DIAMETER"":2}",2,0
00000257--d1cacb63a0--15:221|240,00000257--d1cacb63a0--15,00000257,15,221|240,221|240,2,2,0.199971266,0.199971266,0.1500497265,2,2,"{""LATERAL_GROWTH"":2}",2,0
00000257--d1cacb63a0--15:282|288,00000257--d1cacb63a0--15,00000257,15,282|288,282|288,2,2,0.600049079,0.600049079,0.30033634,2,2,"{""DISTANCE_DIAMETER"":2}",2,0
00000257--d1cacb63a0--15:334|341,00000257--d1cacb63a0--15,00000257,15,334|341,334|341,2,1,1.700751659,1.700751659,0.600544242,2,2,"{""LATERAL_DIAMETER"":1,""LATERAL_GROWTH"":1}",2,0
00000257--d1cacb63a0--15:355|358,00000257--d1cacb63a0--15,00000257,15,355|358,355|358,2,1,0.700466832,0.700466832,0.301779418,2,2,"{""DISTANCE_DIAMETER"":2}",2,0
00000257--d1cacb63a0--15:382|383,00000257--d1cacb63a0--15,00000257,15,382|383,382|383;382|383|391;382|383|410,3,1,2.2011638685,2.401682906,0.199967391,2,2,"{""LATERAL_GROWTH"":3}",3,0
00000257--d1cacb63a0--15:411|412,00000257--d1cacb63a0--15,00000257,15,411|412,411|412,3,2,0.5501899305,0.800354792,0.2002018025,3,3,"{""DISTANCE_GROWTH"":2,""LATERAL_DIAMETER"":1}",3,0
00000257--d1cacb63a0--15:72|82,00000257--d1cacb63a0--15,00000257,15,72|82,72|82,2,1,0.899492071,0.899492071,0.399052729,2,2,"{""LATERAL_DIAMETER"":1,""OTHER_STATIONARY_MOVING"":1}",2,0
00000257--d1cacb63a0--16:234|260,00000257--d1cacb63a0--16,00000257,16,234|260,234|260,2,2,0.300124945,0.300124945,0.10026011600000001,2,2,"{""LATERAL_GROWTH"":2}",2,0
00000257--d1cacb63a0--16:30|31,00000257--d1cacb63a0--16,00000257,16,30|31,30|31,9,8,2.9999930155000003,8.099997433,0.500244235,6,8,"{""DISTANCE_DIAMETER"":8,""LATERAL_DIAMETER"":1}",9,0
00000257--d1cacb63a0--16:359|376,00000257--d1cacb63a0--16,00000257,16,359|376,359|376|378,2,1,1.600272643,1.600272643,1.099505675,0,1,"{""DISTANCE_DIAMETER"":2}",2,0
00000257--d1cacb63a0--16:4|8,00000257--d1cacb63a0--16,00000257,16,4|8,4|8|17,2,1,45.400774067,45.400774067,1.599958367,0,1,"{""DISTANCE_DIAMETER"":2}",2,0
00000257--d1cacb63a0--16:7|11,00000257--d1cacb63a0--16,00000257,16,7|11,7|11,3,2,3.949943319,5.50015133,3.4004559645,3,3,"{""DISTANCE_DIAMETER"":3}",3,0
00000257--d1cacb63a0--17:21|58,00000257--d1cacb63a0--17,00000257,17,21|58,21|53|58,2,1,1.999711369,1.999711369,0.400430183,2,1,"{""DISTANCE_DIAMETER"":2}",2,0
00000257--d1cacb63a0--17:313|344,00000257--d1cacb63a0--17,00000257,17,313|344,313|344,3,3,0.6998950530000001,1.000169542,0.200229012,2,2,"{""LATERAL_DIAMETER"":1,""LATERAL_GROWTH"":2}",3,0
00000257--d1cacb63a0--18:291|293,00000257--d1cacb63a0--18,00000257,18,291|293,291|293,3,2,0.5499531625,0.900356632,0.1502943155,3,3,"{""LATERAL_DIAMETER"":1,""LATERAL_GROWTH"":2}",3,0
00000257--d1cacb63a0--19:191|277,00000257--d1cacb63a0--19,00000257,19,191|277,191|277,5,4,3.0001010535,5.699760992,0.5499486415,3,5,"{""DISTANCE_DIAMETER"":4,""LATERAL_GROWTH"":1}",5,0
00000257--d1cacb63a0--19:29|30,00000257--d1cacb63a0--19,00000257,19,29|30,29|30,2,1,1.800121387,1.800121387,0.399360158,2,2,"{""DISTANCE_DIAMETER"":1,""OTHER_STATIONARY_MOVING"":1}",2,0
00000257--d1cacb63a0--2:304|328,00000257--d1cacb63a0--2,00000257,2,304|328,304|328,3,3,2.9997347344999996,4.900197721,0.800197404,3,3,"{""DISTANCE_GROWTH"":1,""LATERAL_DIAMETER"":2}",3,0
00000257--d1cacb63a0--2:68|69,00000257--d1cacb63a0--2,00000257,2,68|69,68|69,2,2,0.399943457,0.399943457,0.1998405085,2,2,"{""LATERAL_GROWTH"":2}",2,0
00000257--d1cacb63a0--2:78|83,00000257--d1cacb63a0--2,00000257,2,78|83,78|83,2,2,0.499956758,0.499956758,0.6006542845,1,2,"{""LATERAL_DIAMETER"":1,""LATERAL_GROWTH"":1}",2,0
00000257--d1cacb63a0--2:83|87,00000257--d1cacb63a0--2,00000257,2,83|87,83|87,2,1,0.200159209,0.200159209,0.099115647,1,2,"{""LATERAL_GROWTH"":2}",2,0
00000257--d1cacb63a0--21:195|197,00000257--d1cacb63a0--21,00000257,21,195|197,195|197,2,1,3.500878066,3.500878066,1.101363099,2,2,"{""DISTANCE_DIAMETER"":1,""LATERAL_DIAMETER"":1}",2,0
00000257--d1cacb63a0--21:246|266,00000257--d1cacb63a0--21,00000257,21,246|266,246|266,2,1,0.599369844,0.599369844,0.399616701,2,2,"{""DISTANCE_DIAMETER"":2}",2,0
00000257--d1cacb63a0--21:278|296,00000257--d1cacb63a0--21,00000257,21,278|296,278|296,2,1,0.999962841,0.999962841,0.599813241,2,2,"{""DISTANCE_DIAMETER"":2}",2,0
00000257--d1cacb63a0--21:67|74,00000257--d1cacb63a0--21,00000257,21,67|74,67|74,3,2,0.849580378,1.098957755,0.250061173,3,3,"{""DISTANCE_DIAMETER"":2,""LATERAL_GROWTH"":1}",3,0
00000257--d1cacb63a0--22:307|397,00000257--d1cacb63a0--22,00000257,22,307|397,307|397,4,3,0.301467849,0.399666789,0.201024394,4,4,"{""DISTANCE_GROWTH"":2,""LATERAL_DIAMETER"":1,""LATERAL_GROWTH"":1}",4,0
00000257--d1cacb63a0--22:589|590,00000257--d1cacb63a0--22,00000257,22,589|590,589|590,2,1,2.000195981,2.000195981,0.799306246,2,2,"{""DISTANCE_DIAMETER"":1,""DISTANCE_GROWTH"":1}",2,0
00000257--d1cacb63a0--22:65|85,00000257--d1cacb63a0--22,00000257,22,65|85,65|85,3,3,1.950307564,3.40009392,0.300345774,3,3,"{""DISTANCE_DIAMETER"":2,""LATERAL_GROWTH"":1}",3,0
00000257--d1cacb63a0--23:11|35,00000257--d1cacb63a0--23,00000257,23,11|35,11|35,3,3,19.9996265935,39.799778033,0.399571576,3,3,"{""DISTANCE_GROWTH"":1,""LATERAL_GROWTH"":2}",3,0
00000257--d1cacb63a0--23:193|250,00000257--d1cacb63a0--23,00000257,23,193|250,193|250,2,1,0.500201144,0.500201144,0.399743013,2,2,"{""LATERAL_DIAMETER"":2}",2,0
00000257--d1cacb63a0--23:87|88,00000257--d1cacb63a0--23,00000257,23,87|88,87|88,3,3,2.849703712,3.499466893,1.500187797,3,3,"{""LATERAL_DIAMETER"":3}",3,0
00000257--d1cacb63a0--23:88|137,00000257--d1cacb63a0--23,00000257,23,88|137,88|137,4,4,2.398323837,5.701853848,1.9987588339999998,3,4,"{""LATERAL_DIAMETER"":3,""LATERAL_GROWTH"":1}",4,0
00000257--d1cacb63a0--24:230|234,00000257--d1cacb63a0--24,00000257,24,230|234,230|234,3,3,0.8001991804999999,0.898104283,0.798125641,3,3,"{""LATERAL_DIAMETER"":3}",3,0
00000257--d1cacb63a0--24:389|390,00000257--d1cacb63a0--24,00000257,24,389|390,389|390,2,2,1.599894442,1.599894442,1.100225303,1,2,"{""DISTANCE_GROWTH"":2}",2,0
00000257--d1cacb63a0--24:433|437,00000257--d1cacb63a0--24,00000257,24,433|437,433|437,2,1,0.993666129,0.993666129,0.800450139,2,2,"{""LATERAL_DIAMETER"":2}",2,0
00000257--d1cacb63a0--24:478|488,00000257--d1cacb63a0--24,00000257,24,478|488,478|488,2,2,4.600197985,4.600197985,0.653390178,2,2,"{""DISTANCE_GROWTH"":1,""LATERAL_DIAMETER"":1}",2,0
00000257--d1cacb63a0--25:31|33,00000257--d1cacb63a0--25,00000257,25,31|33,31|33,2,2,2.500869285,2.500869285,0.800566052,1,2,"{""DISTANCE_GROWTH"":2}",2,0
00000257--d1cacb63a0--25:609|623,00000257--d1cacb63a0--25,00000257,25,609|623,609|623;609|623|661,2,2,2.600882144,2.600882144,1.500188142,1,1,"{""DISTANCE_DIAMETER"":2}",2,0
00000257--d1cacb63a0--25:689|708,00000257--d1cacb63a0--25,00000257,25,689|708,689|708,2,1,0.499696604,0.499696604,0.400034261,1,2,"{""DISTANCE_DIAMETER"":2}",2,0
00000257--d1cacb63a0--26:412|477,00000257--d1cacb63a0--26,00000257,26,412|477,412|477,2,1,3.900454848,3.900454848,0.09960894,2,2,"{""DISTANCE_DIAMETER"":1,""LATERAL_GROWTH"":1}",2,0
00000257--d1cacb63a0--26:429|434,00000257--d1cacb63a0--26,00000257,26,429|434,429|434,2,2,0.899751104,0.899751104,1.049756791,1,1,"{""DISTANCE_DIAMETER"":2}",2,0
00000257--d1cacb63a0--26:525|528,00000257--d1cacb63a0--26,00000257,26,525|528,403|525|528;525|528,2,1,2.800302068,2.800302068,2.201711644,1,2,"{""LATERAL_GROWTH"":1,""OTHER_STATIONARY_MOVING"":1}",2,0
00000257--d1cacb63a0--26:79|97,00000257--d1cacb63a0--26,00000257,26,79|97,79|97,2,1,1.899608078,1.899608078,0.299316234,1,1,"{""DISTANCE_DIAMETER"":2}",2,0
00000257--d1cacb63a0--27:150|152,00000257--d1cacb63a0--27,00000257,27,150|152,150|152,5,4,1.0001207585,1.700301139,0.6995452785,4,4,"{""LATERAL_DIAMETER"":5}",5,0
00000257--d1cacb63a0--27:199|211,00000257--d1cacb63a0--27,00000257,27,199|211,199|211,2,1,4.60180093,4.60180093,0.300633789,2,2,"{""DISTANCE_DIAMETER"":2}",2,0
00000257--d1cacb63a0--27:209|230,00000257--d1cacb63a0--27,00000257,27,209|230,209|230,4,4,0.799916966,2.701660458,0.4005798475,4,4,"{""DISTANCE_DIAMETER"":4}",4,0
00000257--d1cacb63a0--27:258|261,00000257--d1cacb63a0--27,00000257,27,258|261,258|261,2,2,0.799762677,0.799762677,1.1001579065,2,2,"{""DISTANCE_DIAMETER"":2}",2,0
00000257--d1cacb63a0--27:282|283,00000257--d1cacb63a0--27,00000257,27,282|283,282|283,4,3,1.298968648,1.301740123,0.398463261,4,4,"{""DISTANCE_DIAMETER"":3,""LATERAL_GROWTH"":1}",4,0
00000257--d1cacb63a0--27:47|53,00000257--d1cacb63a0--27,00000257,27,47|53,47|53,2,2,7.299938791,7.299938791,1.4000314755,2,2,"{""DISTANCE_DIAMETER"":1,""LATERAL_DIAMETER"":1}",2,0
00000257--d1cacb63a0--27:55|70,00000257--d1cacb63a0--27,00000257,27,55|70,55|67|70,2,2,0.299156267,0.299156267,0.2000097925,2,2,"{""DISTANCE_GROWTH"":2}",2,0
00000257--d1cacb63a0--27:94|107,00000257--d1cacb63a0--27,00000257,27,94|107,94|107,3,2,2.0998437335,2.200098421,0.7499848035,3,3,"{""DISTANCE_DIAMETER"":2,""LATERAL_DIAMETER"":1}",3,0
00000257--d1cacb63a0--27:9|39,00000257--d1cacb63a0--27,00000257,27,9|39,9|39,2,2,1.000588191,1.000588191,1.350725478,1,2,"{""LATERAL_DIAMETER"":1,""LATERAL_GROWTH"":1}",2,0
00000257--d1cacb63a0--28:282|309,00000257--d1cacb63a0--28,00000257,28,282|309,282|309,2,1,1.29152387,1.29152387,1.000807337,2,2,"{""DISTANCE_DIAMETER"":1,""LATERAL_GROWTH"":1}",2,0
00000257--d1cacb63a0--28:306|321,00000257--d1cacb63a0--28,00000257,28,306|321,306|321,5,5,0.2542691865,0.30046037,0.109488263,5,5,"{""LATERAL_DIAMETER"":1,""LATERAL_GROWTH"":4}",5,0
00000257--d1cacb63a0--28:35|36,00000257--d1cacb63a0--28,00000257,28,35|36,33|35|36;35|36;35|36|73,4,1,1.399954889,4.392258637,0.500006469,4,3,"{""DISTANCE_DIAMETER"":4}",4,0
00000257--d1cacb63a0--28:411|436,00000257--d1cacb63a0--28,00000257,28,411|436,411|436,2,1,2.708189249,2.708189249,2.598834408,1,1,"{""DISTANCE_GROWTH"":2}",2,0
00000257--d1cacb63a0--28:461|468,00000257--d1cacb63a0--28,00000257,28,461|468,461|468,2,1,0.487918389,0.487918389,0.398315018,2,2,"{""LATERAL_DIAMETER"":1,""LATERAL_GROWTH"":1}",2,0
00000257--d1cacb63a0--28:528|533,00000257--d1cacb63a0--28,00000257,28,528|533,528|533,3,2,0.54983976,0.689273651,0.29470969950000003,3,3,"{""DISTANCE_DIAMETER"":2,""LATERAL_GROWTH"":1}",3,0
00000257--d1cacb63a0--28:594|629,00000257--d1cacb63a0--28,00000257,28,594|629,594|629,2,1,1.600019199,1.600019199,0.89963948,1,1,"{""DISTANCE_DIAMETER"":2}",2,0
00000257--d1cacb63a0--28:711|722,00000257--d1cacb63a0--28,00000257,28,711|722,711|722,3,3,0.3501075255,0.499943387,0.199224221,3,3,"{""LATERAL_GROWTH"":3}",3,0
00000257--d1cacb63a0--29:14|32,00000257--d1cacb63a0--29,00000257,29,14|32,14|32,2,2,0.800128519,0.800128519,0.750800889,2,2,"{""DISTANCE_DIAMETER"":2}",2,0
00000257--d1cacb63a0--29:191|211,00000257--d1cacb63a0--29,00000257,29,191|211,191|211;191|211|249,2,1,2.30166988,2.30166988,1.700581913,1,1,"{""DISTANCE_DIAMETER"":1,""DISTANCE_GROWTH"":1}",2,0
00000257--d1cacb63a0--29:278|309,00000257--d1cacb63a0--29,00000257,29,278|309,278|309,5,5,1.7495342925,4.000057445,0.498964627,5,5,"{""LATERAL_DIAMETER"":2,""LATERAL_GROWTH"":3}",5,0
00000257--d1cacb63a0--29:296|401,00000257--d1cacb63a0--29,00000257,29,296|401,296|310|401,2,1,0.500347894,0.500347894,0.100282933,2,2,"{""LATERAL_DIAMETER"":1,""LATERAL_GROWTH"":1}",2,0
00000257--d1cacb63a0--29:318|319,00000257--d1cacb63a0--29,00000257,29,318|319,318|319,2,1,1.700729914,1.700729914,0.60059193,2,2,"{""LATERAL_DIAMETER"":2}",2,0
00000257--d1cacb63a0--29:425|435,00000257--d1cacb63a0--29,00000257,29,425|435,425|435,2,1,1.300397888,1.300397888,0.300676718,2,2,"{""DISTANCE_DIAMETER"":1,""LATERAL_DIAMETER"":1}",2,0
00000257--d1cacb63a0--29:88|166,00000257--d1cacb63a0--29,00000257,29,88|166,88|166;88|166|177,2,1,1.199893985,1.199893985,0.300102583,2,1,"{""DISTANCE_DIAMETER"":2}",2,0
00000257--d1cacb63a0--3:283|287,00000257--d1cacb63a0--3,00000257,3,283|287,283|287,2,2,0.399791005,0.399791005,0.5498484235000001,2,2,"{""DISTANCE_GROWTH"":1,""OTHER_STATIONARY_MOVING"":1}",2,0
00000257--d1cacb63a0--30:112|120,00000257--d1cacb63a0--30,00000257,30,112|120,103|112|120;112|120,2,1,1.400257431,1.400257431,1.099813977,1,0,"{""DISTANCE_DIAMETER"":1,""DISTANCE_GROWTH"":1}",2,0
00000257--d1cacb63a0--30:156|178,00000257--d1cacb63a0--30,00000257,30,156|178,144|156|178,3,2,0.7503221245,1.000848304,0.4018841825,3,2,"{""DISTANCE_DIAMETER"":3}",3,0
00000257--d1cacb63a0--30:175|239,00000257--d1cacb63a0--30,00000257,30,175|239,175|239,2,1,3.697749386,3.697749386,3.498523186,1,2,"{""DISTANCE_DIAMETER"":1,""LATERAL_GROWTH"":1}",2,0
00000257--d1cacb63a0--30:228|240,00000257--d1cacb63a0--30,00000257,30,228|240,228|240,2,1,0.900034395,0.900034395,0.800792211,2,2,"{""DISTANCE_GROWTH"":1,""LATERAL_GROWTH"":1}",2,0
00000257--d1cacb63a0--30:28|34,00000257--d1cacb63a0--30,00000257,30,28|34,27|28|34,2,1,0.498794025,0.498794025,0.299218748,2,2,"{""DISTANCE_DIAMETER"":1,""LATERAL_DIAMETER"":1}",2,0
00000257--d1cacb63a0--30:499|535,00000257--d1cacb63a0--30,00000257,30,499|535,499|535,2,2,1.399358616,1.399358616,0.700033919,2,2,"{""LATERAL_DIAMETER"":2}",2,0
00000257--d1cacb63a0--30:549|562,00000257--d1cacb63a0--30,00000257,30,549|562,549|562,3,2,2.9502146125,5.400871423,2.7003541385,3,3,"{""DISTANCE_GROWTH"":1,""LATERAL_DIAMETER"":2}",3,0
00000257--d1cacb63a0--30:549|587,00000257--d1cacb63a0--30,00000257,30,549|587,549|587,3,2,0.4501698565,0.60027158,0.1001551505,2,2,"{""DISTANCE_GROWTH"":2,""LATERAL_GROWTH"":1}",3,0
00000257--d1cacb63a0--30:562|587,00000257--d1cacb63a0--30,00000257,30,562|587,562|563|587,2,1,1.200528958,1.200528958,0.30000923,2,1,"{""DISTANCE_DIAMETER"":2}",2,0
00000257--d1cacb63a0--31:11|13,00000257--d1cacb63a0--31,00000257,31,11|13,11|13,2,1,7.200440018,7.200440018,6.199607494,2,2,"{""LATERAL_DIAMETER"":2}",2,0
00000257--d1cacb63a0--31:1|8,00000257--d1cacb63a0--31,00000257,31,1|8,1|8,2,1,0.79947368,0.79947368,0.100087023,1,2,"{""LATERAL_GROWTH"":2}",2,0
00000257--d1cacb63a0--31:3|7,00000257--d1cacb63a0--31,00000257,31,3|7,3|7,2,2,5.600210776,5.600210776,0.5994883710000001,2,2,"{""LATERAL_GROWTH"":2}",2,0
00000257--d1cacb63a0--31:47|54,00000257--d1cacb63a0--31,00000257,31,47|54,47|54,2,1,0.600252247,0.600252247,0.500092714,2,2,"{""LATERAL_DIAMETER"":1,""OTHER_STATIONARY_MOVING"":1}",2,0
00000257--d1cacb63a0--4:171|187,00000257--d1cacb63a0--4,00000257,4,171|187,171|187,2,2,0.401046955,0.401046955,0.794801018,1,1,"{""LATERAL_DIAMETER"":1,""LATERAL_GROWTH"":1}",2,0
00000257--d1cacb63a0--5:335|341,00000257--d1cacb63a0--5,00000257,5,335|341,335|341,2,2,0.300371449,0.300371449,0.09965352799999999,2,2,"{""LATERAL_GROWTH"":2}",2,0
00000257--d1cacb63a0--5:403|412,00000257--d1cacb63a0--5,00000257,5,403|412,403|412,3,2,1.099760064,1.700438852,0.7489275345,2,2,"{""DISTANCE_DIAMETER"":3}",3,0
00000257--d1cacb63a0--5:73|76,00000257--d1cacb63a0--5,00000257,5,73|76,73|76,3,3,1.1999109155,1.6997587,0.099496131,3,3,"{""DISTANCE_GROWTH"":2,""LATERAL_GROWTH"":1}",3,0
00000257--d1cacb63a0--6:230|236,00000257--d1cacb63a0--6,00000257,6,230|236,230|236,2,1,1.89996666,1.89996666,1.499619649,2,2,"{""DISTANCE_DIAMETER"":2}",2,0
00000257--d1cacb63a0--6:263|281,00000257--d1cacb63a0--6,00000257,6,263|281,263|281,2,1,1.200240421,1.200240421,0.600091148,2,2,"{""DISTANCE_DIAMETER"":2}",2,0
00000257--d1cacb63a0--6:359|367,00000257--d1cacb63a0--6,00000257,6,359|367,359|367,2,1,1.000368108,1.000368108,0.500151424,2,2,"{""DISTANCE_DIAMETER"":2}",2,0
00000257--d1cacb63a0--6:361|365,00000257--d1cacb63a0--6,00000257,6,361|365,361|365,2,1,1.600798366,1.600798366,0.100001025,1,2,"{""DISTANCE_DIAMETER"":1,""DISTANCE_GROWTH"":1}",2,0
00000257--d1cacb63a0--6:51|83,00000257--d1cacb63a0--6,00000257,6,51|83,51|83,5,4,2.099291762,4.800894585,0.2525047145,5,5,"{""LATERAL_DIAMETER"":2,""LATERAL_GROWTH"":3}",5,0
00000257--d1cacb63a0--7:105|133,00000257--d1cacb63a0--7,00000257,7,105|133,105|133,2,1,0.49885514,0.49885514,0.099138432,2,2,"{""DISTANCE_GROWTH"":2}",2,0
00000257--d1cacb63a0--7:219|223,00000257--d1cacb63a0--7,00000257,7,219|223,219|223,2,1,2.29970509,2.29970509,0.698814171,2,2,"{""DISTANCE_DIAMETER"":1,""LATERAL_DIAMETER"":1}",2,0
00000257--d1cacb63a0--7:237|243,00000257--d1cacb63a0--7,00000257,7,237|243,237|243,2,1,1.391655402,1.391655402,0.799784922,0,1,"{""DISTANCE_DIAMETER"":1,""DISTANCE_GROWTH"":1}",2,0
00000257--d1cacb63a0--7:240|241,00000257--d1cacb63a0--7,00000257,7,240|241,240|241;240|241|247,2,1,0.308363013,0.308363013,0.208604328,1,1,"{""DISTANCE_DIAMETER"":1,""LATERAL_GROWTH"":1}",2,0
00000257--d1cacb63a0--7:276|290,00000257--d1cacb63a0--7,00000257,7,276|290,276|290,2,1,0.899523034,0.899523034,0.199733721,2,2,"{""DISTANCE_GROWTH"":2}",2,0
00000257--d1cacb63a0--7:323|327,00000257--d1cacb63a0--7,00000257,7,323|327,323|327,2,2,0.899081425,0.899081425,0.7001955575000001,2,2,"{""LATERAL_DIAMETER"":1,""LATERAL_GROWTH"":1}",2,0
00000257--d1cacb63a0--7:360|394,00000257--d1cacb63a0--7,00000257,7,360|394,360|394,2,2,0.799758463,0.799758463,0.501071334,1,2,"{""DISTANCE_DIAMETER"":2}",2,0
00000257--d1cacb63a0--7:378|380,00000257--d1cacb63a0--7,00000257,7,378|380,378|380,2,1,3.991523616,3.991523616,2.601220383,0,2,"{""DISTANCE_DIAMETER"":1,""DISTANCE_GROWTH"":1}",2,0
00000257--d1cacb63a0--7:414|433,00000257--d1cacb63a0--7,00000257,7,414|433,414|433,2,2,1.600996074,1.600996074,0.7005732345,0,1,"{""DISTANCE_GROWTH"":2}",2,0
00000257--d1cacb63a0--7:595|621,00000257--d1cacb63a0--7,00000257,7,595|621,595|621,2,1,0.600689606,0.600689606,0.500497101,2,2,"{""LATERAL_DIAMETER"":2}",2,0
00000257--d1cacb63a0--8:121|232,00000257--d1cacb63a0--8,00000257,8,121|232,121|223|232,4,4,1.9992194,3.699370411,0.900151312,4,4,"{""LATERAL_DIAMETER"":4}",4,0
00000257--d1cacb63a0--8:121|467,00000257--d1cacb63a0--8,00000257,8,121|467,121|467,2,2,0.699164986,0.699164986,0.7500022085,2,2,"{""LATERAL_DIAMETER"":1,""LATERAL_GROWTH"":1}",2,0
00000257--d1cacb63a0--8:12|105,00000257--d1cacb63a0--8,00000257,8,12|105,12|105;3|12|105,2,1,1.999897345,1.999897345,1.500394508,2,1,"{""LATERAL_DIAMETER"":1,""LATERAL_GROWTH"":1}",2,0
00000257--d1cacb63a0--8:131|137,00000257--d1cacb63a0--8,00000257,8,131|137,131|137,2,1,0.79885237,0.79885237,0.098917426,2,2,"{""LATERAL_DIAMETER"":1,""LATERAL_GROWTH"":1}",2,0
00000257--d1cacb63a0--8:205|294,00000257--d1cacb63a0--8,00000257,8,205|294,205|294,2,1,3.699498337,3.699498337,3.599433556,2,2,"{""LATERAL_DIAMETER"":2}",2,0
00000257--d1cacb63a0--8:29|179,00000257--d1cacb63a0--8,00000257,8,29|179,29|179,2,2,0.499286267,0.499286267,0.2510501575,2,2,"{""LATERAL_DIAMETER"":1,""LATERAL_GROWTH"":1}",2,0
00000257--d1cacb63a0--8:418|425,00000257--d1cacb63a0--8,00000257,8,418|425,418|425,2,1,8.10033165,8.10033165,0.099894453,2,2,"{""DISTANCE_GROWTH"":1,""LATERAL_DIAMETER"":1}",2,0
00000257--d1cacb63a0--8:480|493,00000257--d1cacb63a0--8,00000257,8,480|493,480|493,2,1,1.100250715,1.100250715,0.599540619,2,2,"{""LATERAL_DIAMETER"":2}",2,0
00000257--d1cacb63a0--8:601|615,00000257--d1cacb63a0--8,00000257,8,601|615,601|615,2,2,0.600373383,0.600373383,0.9502997155,2,2,"{""LATERAL_DIAMETER"":2}",2,0
00000257--d1cacb63a0--9:26|106,00000257--d1cacb63a0--9,00000257,9,26|106,26|106,2,1,1.710410925,1.710410925,1.000477736,2,2,"{""LATERAL_DIAMETER"":2}",2,0
00000257--d1cacb63a0--9:570|571,00000257--d1cacb63a0--9,00000257,9,570|571,570|571,2,1,0.291599788,0.291599788,0.200154103,1,1,"{""DISTANCE_DIAMETER"":1,""LATERAL_GROWTH"":1}",2,0
00000259--f920fb6ddd--0:137|149,00000259--f920fb6ddd--0,00000259,0,137|149,137|149,3,2,2.9551394330000003,3.709628671,0.901379727,2,3,"{""LATERAL_GROWTH"":3}",3,0
00000259--f920fb6ddd--0:137|219,00000259--f920fb6ddd--0,00000259,0,137|219,137|219,3,2,0.705114787,0.909995033,0.4552670695,3,3,"{""LATERAL_DIAMETER"":2,""LATERAL_GROWTH"":1}",3,0
00000259--f920fb6ddd--0:157|168,00000259--f920fb6ddd--0,00000259,0,157|168,157|168|173,6,6,0.499484432,0.801145258,0.249454934,4,3,"{""DISTANCE_DIAMETER"":3,""LATERAL_GROWTH"":3}",6,0
00000259--f920fb6ddd--0:15|28,00000259--f920fb6ddd--0,00000259,0,15|28,15|28;8|15|28,2,1,1.800658697,1.800658697,4.799299374,1,2,"{""DISTANCE_DIAMETER"":2}",2,0
00000259--f920fb6ddd--0:169|182,00000259--f920fb6ddd--0,00000259,0,169|182,169|182,3,2,1.2998417855,2.198573988,0.69913569,3,3,"{""DISTANCE_DIAMETER"":3}",3,0
00000259--f920fb6ddd--0:183|221,00000259--f920fb6ddd--0,00000259,0,183|221,183|221,3,2,2.0501777260000003,3.100176513,0.3503589985,3,3,"{""LATERAL_DIAMETER"":2,""LATERAL_GROWTH"":1}",3,0
00000259--f920fb6ddd--0:1|6,00000259--f920fb6ddd--0,00000259,0,1|6,1|6,4,3,1.000753905,1.899771093,0.500355676,4,4,"{""DISTANCE_DIAMETER"":1,""LATERAL_DIAMETER"":3}",4,0
00000259--f920fb6ddd--0:263|267,00000259--f920fb6ddd--0,00000259,0,263|267,263|267,3,2,1.0000404395,1.400199665,0.8999081685,3,3,"{""DISTANCE_DIAMETER"":2,""LATERAL_DIAMETER"":1}",3,0
00000259--f920fb6ddd--0:314|322,00000259--f920fb6ddd--0,00000259,0,314|322,314|319|322,2,1,0.399888497,0.399888497,0.300078012,2,2,"{""DISTANCE_GROWTH"":2}",2,0
00000259--f920fb6ddd--0:342|345,00000259--f920fb6ddd--0,00000259,0,342|345,342|345,2,1,0.50045902,0.50045902,0.099924968,2,2,"{""DISTANCE_DIAMETER"":1,""LATERAL_GROWTH"":1}",2,0
00000259--f920fb6ddd--0:342|356,00000259--f920fb6ddd--0,00000259,0,342|356,342|356,3,2,1.1500914165,1.59944621,0.5004507475,1,3,"{""LATERAL_DIAMETER"":1,""LATERAL_GROWTH"":2}",3,0
00000259--f920fb6ddd--0:356|369,00000259--f920fb6ddd--0,00000259,0,356|369,356|369,2,1,0.499993862,0.499993862,0.400172025,1,2,"{""DISTANCE_DIAMETER"":2}",2,0
00000259--f920fb6ddd--0:49|64,00000259--f920fb6ddd--0,00000259,0,49|64,49|64,4,3,1.297849218,4.399792811,0.600419635,4,4,"{""LATERAL_DIAMETER"":2,""LATERAL_GROWTH"":2}",4,0
00000259--f920fb6ddd--0:543|548,00000259--f920fb6ddd--0,00000259,0,543|548,543|548,2,1,0.799651511,0.799651511,0.200140108,2,2,"{""LATERAL_GROWTH"":2}",2,0
00000259--f920fb6ddd--0:581|591,00000259--f920fb6ddd--0,00000259,0,581|591,581|591,2,1,1.000724603,1.000724603,0.701480896,2,2,"{""LATERAL_DIAMETER"":2}",2,0
00000259--f920fb6ddd--0:66|79,00000259--f920fb6ddd--0,00000259,0,66|79,66|79|82,4,4,0.900094895,0.900174479,0.5000711455,4,2,"{""DISTANCE_DIAMETER"":2,""DISTANCE_GROWTH"":1,""LATERAL_GROWTH"":1}",4,0
00000259--f920fb6ddd--0:69|98,00000259--f920fb6ddd--0,00000259,0,69|98,69|98,2,2,0.299505729,0.299505729,0.1995837245,2,2,"{""LATERAL_GROWTH"":2}",2,0
00000259--f920fb6ddd--0:6|12,00000259--f920fb6ddd--0,00000259,0,6|12,6|12;6|12|44|47,3,1,1.6999964575,2.39956953,0.900179114,1,1,"{""DISTANCE_DIAMETER"":2,""LATERAL_GROWTH"":1}",3,0
00000259--f920fb6ddd--0:8|15,00000259--f920fb6ddd--0,00000259,0,8|15,8|15;8|15|86,2,1,4.09982854,4.09982854,3.200300832,3,2,"{""DISTANCE_DIAMETER"":1,""LATERAL_GROWTH"":1}",2,0
00000259--f920fb6ddd--0:94|136,00000259--f920fb6ddd--0,00000259,0,94|136,94|119|136;94|136,3,1,1.1496502935000001,1.600053728,0.199302445,3,3,"{""LATERAL_DIAMETER"":2,""LATERAL_GROWTH"":1}",3,0
00000259--f920fb6ddd--1:158|222,00000259--f920fb6ddd--1,00000259,1,158|222,158|222|224,2,1,1.399432652,1.399432652,0.999689934,2,1,"{""DISTANCE_DIAMETER"":2}",2,0
00000259--f920fb6ddd--1:158|252,00000259--f920fb6ddd--1,00000259,1,158|252,158|224|252,4,3,0.600593464,13.279737258,0.400608698,4,4,"{""DISTANCE_DIAMETER"":4}",4,0
00000259--f920fb6ddd--1:181|239,00000259--f920fb6ddd--1,00000259,1,181|239,181|239,6,6,3.299704573,7.190349384,0.6958963975,4,5,"{""LATERAL_DIAMETER"":3,""LATERAL_GROWTH"":3}",6,0
00000259--f920fb6ddd--1:190|242,00000259--f920fb6ddd--1,00000259,1,190|242,190|242,2,1,0.600452824,0.600452824,0.300411117,2,2,"{""LATERAL_DIAMETER"":2}",2,0
00000259--f920fb6ddd--1:9|17,00000259--f920fb6ddd--1,00000259,1,9|17,9|17,2,1,2.100184724,2.100184724,0.510722014,2,2,"{""DISTANCE_DIAMETER"":1,""LATERAL_DIAMETER"":1}",2,0
00000259--f920fb6ddd--10:410|437,00000259--f920fb6ddd--10,00000259,10,410|437,410|437,2,1,2.399892625,2.399892625,0.500262137,1,2,"{""LATERAL_DIAMETER"":1,""LATERAL_GROWTH"":1}",2,0
00000259--f920fb6ddd--10:624|669,00000259--f920fb6ddd--10,00000259,10,624|669,624|669;624|669|707,3,2,1.199932609,2.001437182,0.299797702,3,3,"{""DISTANCE_DIAMETER"":1,""OTHER_STATIONARY_MOVING"":2}",3,0
00000259--f920fb6ddd--11:140|141,00000259--f920fb6ddd--11,00000259,11,140|141,140|141,3,2,1.5500676955000001,2.698439194,0.199602597,2,3,"{""LATERAL_DIAMETER"":1,""LATERAL_GROWTH"":2}",3,0
00000259--f920fb6ddd--11:344|365,00000259--f920fb6ddd--11,00000259,11,344|365,344|365,2,1,0.798788159,0.798788159,0.598670014,2,2,"{""LATERAL_DIAMETER"":1,""LATERAL_GROWTH"":1}",2,0
00000259--f920fb6ddd--11:52|59,00000259--f920fb6ddd--11,00000259,11,52|59,52|59;52|59|91,3,1,0.6000264719999999,0.799597543,0.599684633,3,3,"{""DISTANCE_DIAMETER"":3}",3,0
00000259--f920fb6ddd--12:3|16,00000259--f920fb6ddd--12,00000259,12,3|16,3|16,2,1,0.399478727,0.399478727,0.300077391,2,2,"{""OTHER_STATIONARY_MOVING"":2}",2,0
00000259--f920fb6ddd--13:134|145,00000259--f920fb6ddd--13,00000259,13,134|145,134|145,3,2,0.4494189455,0.500005444,0.249770809,2,3,"{""LATERAL_DIAMETER"":1,""LATERAL_GROWTH"":2}",3,0
00000259--f920fb6ddd--13:448|450,00000259--f920fb6ddd--13,00000259,13,448|450,448|450,2,2,0.700040682,0.700040682,0.3000884775,1,2,"{""DISTANCE_GROWTH"":1,""OTHER_STATIONARY_MOVING"":1}",2,0
00000259--f920fb6ddd--13:450|452,00000259--f920fb6ddd--13,00000259,13,450|452,448|450|452,2,1,1.699864723,1.699864723,0.501903423,2,1,"{""DISTANCE_DIAMETER"":2}",2,0
00000259--f920fb6ddd--13:598|601,00000259--f920fb6ddd--13,00000259,13,598|601,598|601;598|601|631,2,1,0.398496879,0.398496879,0.499853352,1,2,"{""LATERAL_DIAMETER"":2}",2,0
00000259--f920fb6ddd--13:601|631,00000259--f920fb6ddd--13,00000259,13,601|631,601|631,2,1,0.701654891,0.701654891,0.500755258,1,2,"{""LATERAL_DIAMETER"":1,""LATERAL_GROWTH"":1}",2,0
00000259--f920fb6ddd--14:136|142,00000259--f920fb6ddd--14,00000259,14,136|142,136|142,3,2,0.5004354010000001,0.600953317,0.30010443600000003,3,3,"{""DISTANCE_DIAMETER"":3}",3,0
00000259--f920fb6ddd--17:141|142,00000259--f920fb6ddd--17,00000259,17,141|142,141|142,2,2,1.600976193,1.600976193,0.3002305495,2,2,"{""DISTANCE_GROWTH"":1,""LATERAL_GROWTH"":1}",2,0
00000259--f920fb6ddd--17:170|190,00000259--f920fb6ddd--17,00000259,17,170|190,170|190,2,1,4.698963644,4.698963644,0.599612575,1,2,"{""DISTANCE_DIAMETER"":1,""LATERAL_GROWTH"":1}",2,0
00000259--f920fb6ddd--17:218|243,00000259--f920fb6ddd--17,00000259,17,218|243,218|243,2,1,0.799650568,0.799650568,0.499682041,2,2,"{""LATERAL_DIAMETER"":2}",2,0
00000259--f920fb6ddd--17:67|83,00000259--f920fb6ddd--17,00000259,17,67|83,67|83,2,2,4.498967176,4.498967176,3.9000247110000004,2,2,"{""DISTANCE_DIAMETER"":2}",2,0
00000259--f920fb6ddd--18:146|148,00000259--f920fb6ddd--18,00000259,18,146|148,146|148,3,3,0.7003331819999999,1.200144494,0.200757338,3,3,"{""DISTANCE_DIAMETER"":1,""LATERAL_GROWTH"":2}",3,0
00000259--f920fb6ddd--18:226|273,00000259--f920fb6ddd--18,00000259,18,226|273,226|273,2,2,1.400094194,1.400094194,0.550148082,2,2,"{""DISTANCE_DIAMETER"":2}",2,0
00000259--f920fb6ddd--18:234|245,00000259--f920fb6ddd--18,00000259,18,234|245,234|245,2,1,0.899834999,0.899834999,0.499478548,2,2,"{""DISTANCE_DIAMETER"":2}",2,0
00000259--f920fb6ddd--18:239|556,00000259--f920fb6ddd--18,00000259,18,239|556,239|556,2,2,1.300310303,1.300310303,0.949151579,2,2,"{""LATERAL_DIAMETER"":2}",2,0
00000259--f920fb6ddd--18:647|656,00000259--f920fb6ddd--18,00000259,18,647|656,647|656,2,1,1.09967319,1.09967319,0.299835896,2,2,"{""DISTANCE_DIAMETER"":2}",2,0
00000259--f920fb6ddd--18:728|731,00000259--f920fb6ddd--18,00000259,18,728|731,728|731,2,2,0.899740106,0.899740106,1.6999789555,2,2,"{""DISTANCE_DIAMETER"":2}",2,0
00000259--f920fb6ddd--18:96|99,00000259--f920fb6ddd--18,00000259,18,96|99,96|99,3,2,3.7008044339999997,6.401105798,0.899978767,3,3,"{""DISTANCE_DIAMETER"":1,""LATERAL_DIAMETER"":1,""LATERAL_GROWTH"":1}",3,0
00000259--f920fb6ddd--19:122|124,00000259--f920fb6ddd--19,00000259,19,122|124,122|124,2,2,0.300474422,0.300474422,0.1002589925,2,2,"{""LATERAL_GROWTH"":2}",2,0
00000259--f920fb6ddd--19:194|252,00000259--f920fb6ddd--19,00000259,19,194|252,194|252;194|252|254,2,1,1.500520096,1.500520096,0.899865826,2,2,"{""DISTANCE_GROWTH"":2}",2,0
00000259--f920fb6ddd--19:211|244,00000259--f920fb6ddd--19,00000259,19,211|244,211|244,2,1,0.392344674,0.392344674,0.199703289,2,2,"{""DISTANCE_DIAMETER"":1,""DISTANCE_GROWTH"":1}",2,0
00000259--f920fb6ddd--19:253|262,00000259--f920fb6ddd--19,00000259,19,253|262,253|262,2,1,1.100079773,1.100079773,0.299365205,2,2,"{""LATERAL_DIAMETER"":2}",2,0
00000259--f920fb6ddd--19:326|329,00000259--f920fb6ddd--19,00000259,19,326|329,326|329,2,1,0.599940789,0.599940789,0.49018988,2,2,"{""DISTANCE_GROWTH"":2}",2,0
00000259--f920fb6ddd--19:603|605,00000259--f920fb6ddd--19,00000259,19,603|605,603|605;603|605|633,2,0,0.700137438,0.700137438,,1,1,"{""DISTANCE_GROWTH"":2}",2,0
00000259--f920fb6ddd--19:617|635,00000259--f920fb6ddd--19,00000259,19,617|635,617|635,2,2,0.899899579,0.899899579,0.205326788,1,2,"{""DISTANCE_DIAMETER"":1,""DISTANCE_GROWTH"":1}",2,0
00000259--f920fb6ddd--19:625|629,00000259--f920fb6ddd--19,00000259,19,625|629,625|629,2,1,0.300230483,0.300230483,0.100164276,2,2,"{""DISTANCE_GROWTH"":2}",2,0
00000259--f920fb6ddd--19:803|805,00000259--f920fb6ddd--19,00000259,19,803|805,803|805;803|805|808,2,1,0.301339827,0.301339827,0.199149954,2,2,"{""DISTANCE_GROWTH"":2}",2,0
00000259--f920fb6ddd--2:13|33,00000259--f920fb6ddd--2,00000259,2,13|33,8|13|33;8|13|33|34,2,1,1.49961402,1.49961402,0.900231349,1,2,"{""DISTANCE_DIAMETER"":2}",2,0
00000259--f920fb6ddd--2:2|11,00000259--f920fb6ddd--2,00000259,2,2|11,2|11;2|3|11,2,2,3.58945104,3.58945104,0.150236938,1,1,"{""LATERAL_GROWTH"":2}",2,0
00000259--f920fb6ddd--2:2|3,00000259--f920fb6ddd--2,00000259,2,2|3,2|3|11,4,4,1.698629343,1.701048318,0.3992615325,4,4,"{""DISTANCE_DIAMETER"":4}",4,0
00000259--f920fb6ddd--2:59|101,00000259--f920fb6ddd--2,00000259,2,59|101,5|59|101,2,1,1.800322943,1.800322943,1.09962327,2,2,"{""DISTANCE_DIAMETER"":2}",2,0
00000259--f920fb6ddd--2:7|104,00000259--f920fb6ddd--2,00000259,2,7|104,7|104,2,1,1.501165644,1.501165644,0.799219599,0,1,"{""LATERAL_GROWTH"":2}",2,0
00000259--f920fb6ddd--2:7|13,00000259--f920fb6ddd--2,00000259,2,7|13,7|13;7|13|76;7|8|13,7,6,2.1505136745,6.720475996,1.099442547,7,7,"{""LATERAL_DIAMETER"":2,""LATERAL_GROWTH"":5}",7,0
00000259--f920fb6ddd--2:7|8,00000259--f920fb6ddd--2,00000259,2,7|8,7|8|13,3,3,2.7953962655,3.690386654,2.289310429,2,3,"{""LATERAL_DIAMETER"":3}",3,0
00000259--f920fb6ddd--2:7|89,00000259--f920fb6ddd--2,00000259,2,7|89,7|89,4,4,4.522053984,5.319891865,0.1494066615,4,4,"{""LATERAL_GROWTH"":4}",4,0
00000259--f920fb6ddd--2:89|104,00000259--f920fb6ddd--2,00000259,2,89|104,7|89|104;89|104,3,1,2.905249742,4.210642022,1.299505899,3,2,"{""LATERAL_DIAMETER"":3}",3,0
00000259--f920fb6ddd--20:307|312,00000259--f920fb6ddd--20,00000259,20,307|312,307|312,2,1,0.899723118,0.899723118,0.299747861,2,2,"{""DISTANCE_DIAMETER"":2}",2,0
00000259--f920fb6ddd--20:662|664,00000259--f920fb6ddd--20,00000259,20,662|664,662|664,2,2,2.300228429,2.300228429,1.200563762,1,1,"{""DISTANCE_DIAMETER"":2}",2,0
00000259--f920fb6ddd--20:668|693,00000259--f920fb6ddd--20,00000259,20,668|693,668|693,2,1,2.19972815,2.19972815,0.599701506,1,2,"{""DISTANCE_DIAMETER"":2}",2,0
00000259--f920fb6ddd--20:668|695,00000259--f920fb6ddd--20,00000259,20,668|695,668|695,2,1,2.298773074,2.298773074,2.198676345,0,0,"{""DISTANCE_DIAMETER"":2}",2,0
00000259--f920fb6ddd--20:692|702,00000259--f920fb6ddd--20,00000259,20,692|702,692|702,3,2,0.6500318185,0.89993337,0.3496474315,0,1,"{""DISTANCE_DIAMETER"":3}",3,0
00000259--f920fb6ddd--20:695|710,00000259--f920fb6ddd--20,00000259,20,695|710,695|710,2,2,1.399920218,1.399920218,0.2997906085,2,2,"{""DISTANCE_DIAMETER"":2}",2,0
00000259--f920fb6ddd--20:702|703,00000259--f920fb6ddd--20,00000259,20,702|703,702|703,3,2,0.6015553395000001,0.799939134,0.5008010295,2,2,"{""DISTANCE_DIAMETER"":3}",3,0
00000259--f920fb6ddd--20:703|714,00000259--f920fb6ddd--20,00000259,20,703|714,703|714,2,1,1.699622372,1.699622372,1.598982138,1,2,"{""DISTANCE_DIAMETER"":2}",2,0
00000259--f920fb6ddd--20:716|721,00000259--f920fb6ddd--20,00000259,20,716|721,716|721,2,1,1.602157872,1.602157872,0.500391384,1,2,"{""DISTANCE_DIAMETER"":2}",2,0
00000259--f920fb6ddd--20:718|724,00000259--f920fb6ddd--20,00000259,20,718|724,718|724,2,1,1.30067296,1.30067296,0.800532547,2,2,"{""DISTANCE_DIAMETER"":2}",2,0
00000259--f920fb6ddd--20:722|723,00000259--f920fb6ddd--20,00000259,20,722|723,722|723,2,1,1.600435065,1.600435065,0.900735785,1,1,"{""DISTANCE_DIAMETER"":2}",2,0
00000259--f920fb6ddd--20:730|734,00000259--f920fb6ddd--20,00000259,20,730|734,730|734,2,1,1.000394383,1.000394383,0.299567227,2,2,"{""DISTANCE_DIAMETER"":2}",2,0
00000259--f920fb6ddd--20:733|735,00000259--f920fb6ddd--20,00000259,20,733|735,733|735,2,1,1.199206654,1.199206654,0.302531311,1,2,"{""DISTANCE_DIAMETER"":2}",2,0
00000259--f920fb6ddd--20:736|742,00000259--f920fb6ddd--20,00000259,20,736|742,736|742,2,1,2.096838335,2.096838335,1.497912162,1,2,"{""DISTANCE_DIAMETER"":1,""OTHER_STATIONARY_MOVING"":1}",2,0
00000259--f920fb6ddd--20:749|755,00000259--f920fb6ddd--20,00000259,20,749|755,749|755,2,1,1.002116769,1.002116769,0.499674448,0,2,"{""DISTANCE_DIAMETER"":2}",2,0
00000259--f920fb6ddd--20:752|755,00000259--f920fb6ddd--20,00000259,20,752|755,752|755,2,1,0.700391935,0.700391935,0.502442321,0,1,"{""DISTANCE_DIAMETER"":2}",2,0
00000259--f920fb6ddd--20:9|26,00000259--f920fb6ddd--20,00000259,20,9|26,9|26,2,2,1.999909985,1.999909985,3.1499195865000003,2,2,"{""LATERAL_DIAMETER"":1,""LATERAL_GROWTH"":1}",2,0
00000259--f920fb6ddd--20:9|335,00000259--f920fb6ddd--20,00000259,20,9|335,9|335,3,2,0.29992171349999996,0.399952983,0.2006015015,3,3,"{""LATERAL_DIAMETER"":1,""LATERAL_GROWTH"":2}",3,0
00000259--f920fb6ddd--23:136|143,00000259--f920fb6ddd--23,00000259,23,136|143,136|143,2,1,1.099991967,1.099991967,0.600425239,0,2,"{""DISTANCE_DIAMETER"":1,""LATERAL_GROWTH"":1}",2,0
00000259--f920fb6ddd--23:378|390,00000259--f920fb6ddd--23,00000259,23,378|390,378|390,2,1,0.400145469,0.400145469,0.300299324,2,2,"{""DISTANCE_DIAMETER"":2}",2,0
00000259--f920fb6ddd--23:566|574,00000259--f920fb6ddd--23,00000259,23,566|574,566|574,2,1,0.400402599,0.400402599,0.300107651,2,2,"{""DISTANCE_DIAMETER"":2}",2,0
00000259--f920fb6ddd--24:123|128,00000259--f920fb6ddd--24,00000259,24,123|128,123|128,4,3,0.699971565,1.0901003,0.39934171,4,4,"{""DISTANCE_DIAMETER"":4}",4,0
00000259--f920fb6ddd--24:436|463,00000259--f920fb6ddd--24,00000259,24,436|463,436|463,2,1,0.399927161,0.399927161,0.29990662,2,2,"{""DISTANCE_DIAMETER"":2}",2,0
00000259--f920fb6ddd--25:114|118,00000259--f920fb6ddd--25,00000259,25,114|118,114|118,2,1,0.401568498,0.401568498,0.301362433,2,2,"{""DISTANCE_GROWTH"":1,""LATERAL_GROWTH"":1}",2,0
00000259--f920fb6ddd--25:174|205,00000259--f920fb6ddd--25,00000259,25,174|205,174|205,2,1,1.39915324,1.39915324,1.097922416,2,2,"{""DISTANCE_DIAMETER"":2}",2,0
00000259--f920fb6ddd--25:315|318,00000259--f920fb6ddd--25,00000259,25,315|318,315|318,2,2,0.300120051,0.300120051,0.24995839,1,1,"{""DISTANCE_GROWTH"":2}",2,0
00000259--f920fb6ddd--25:41|58,00000259--f920fb6ddd--25,00000259,25,41|58,41|58,2,1,0.59847611,0.59847611,0.198152482,2,2,"{""DISTANCE_GROWTH"":1,""LATERAL_GROWTH"":1}",2,0
00000259--f920fb6ddd--25:535|542,00000259--f920fb6ddd--25,00000259,25,535|542,534|535|542|546;535|542,2,1,1.002326372,1.002326372,0.500694605,2,2,"{""DISTANCE_DIAMETER"":1,""LATERAL_GROWTH"":1}",2,0
00000259--f920fb6ddd--25:61|62,00000259--f920fb6ddd--25,00000259,25,61|62,61|62,2,2,0.399855944,0.399855944,0.30021284950000005,2,2,"{""LATERAL_GROWTH"":2}",2,0
00000259--f920fb6ddd--26:497|498,00000259--f920fb6ddd--26,00000259,26,497|498,497|498,2,2,0.200004506,0.200004506,0.0997510115,2,2,"{""DISTANCE_GROWTH"":2}",2,0
00000259--f920fb6ddd--27:271|278,00000259--f920fb6ddd--27,00000259,27,271|278,271|278,2,2,0.798685935,0.798685935,0.6002770265,2,2,"{""DISTANCE_DIAMETER"":2}",2,0
00000259--f920fb6ddd--27:271|280,00000259--f920fb6ddd--27,00000259,27,271|280,271|280,2,2,0.599577871,0.599577871,0.449919516,1,1,"{""DISTANCE_GROWTH"":2}",2,0
00000259--f920fb6ddd--3:118|137,00000259--f920fb6ddd--3,00000259,3,118|137,118|119|137,3,2,0.65536612,0.810662675,0.4551057795,2,1,"{""DISTANCE_DIAMETER"":3}",3,0
00000259--f920fb6ddd--3:119|137,00000259--f920fb6ddd--3,00000259,3,119|137,119|137,2,1,0.801808475,0.801808475,0.410583826,1,1,"{""DISTANCE_GROWTH"":1,""LATERAL_DIAMETER"":1}",2,0
00000259--f920fb6ddd--3:556|561,00000259--f920fb6ddd--3,00000259,3,556|561,556|561,6,5,0.910501632,2.301264444,0.59929319,5,6,"{""DISTANCE_DIAMETER"":6}",6,0
00000259--f920fb6ddd--30:11|16,00000259--f920fb6ddd--30,00000259,30,11|16,11|16,3,2,0.3002838105,0.400541446,0.149858329,3,3,"{""LATERAL_DIAMETER"":1,""LATERAL_GROWTH"":2}",3,0
00000259--f920fb6ddd--34:17|24,00000259--f920fb6ddd--34,00000259,34,17|24,17|24,2,1,0.500044398,0.500044398,0.100038921,1,1,"{""LATERAL_GROWTH"":2}",2,0
00000259--f920fb6ddd--36:244|255,00000259--f920fb6ddd--36,00000259,36,244|255,244|255;244|255|257,7,6,1.6496213714999999,4.100418172,1.1493319565,5,6,"{""LATERAL_DIAMETER"":7}",7,0
00000259--f920fb6ddd--36:255|257,00000259--f920fb6ddd--36,00000259,36,255|257,244|255|257,2,2,3.699570779,3.699570779,0.600868237,2,1,"{""LATERAL_DIAMETER"":2}",2,0
00000259--f920fb6ddd--36:81|215,00000259--f920fb6ddd--36,00000259,36,81|215,81|215,8,7,1.799502117,4.800044919,0.800602114,8,8,"{""LATERAL_DIAMETER"":6,""LATERAL_GROWTH"":2}",8,0
00000259--f920fb6ddd--36:81|244,00000259--f920fb6ddd--36,00000259,36,81|244,81|244;81|244|246,7,5,1.455150428,2.008124699,0.599919779,7,7,"{""LATERAL_DIAMETER"":7}",7,0
00000259--f920fb6ddd--36:93|110,00000259--f920fb6ddd--36,00000259,36,93|110,93|110,2,2,1.301046749,1.301046749,1.249619577,2,2,"{""DISTANCE_DIAMETER"":2}",2,0
00000259--f920fb6ddd--37:2|3,00000259--f920fb6ddd--37,00000259,37,2|3,2|3|4,3,2,4.3997648565,7.099541642,3.449180614,3,3,"{""LATERAL_DIAMETER"":3}",3,0
00000259--f920fb6ddd--37:4|25,00000259--f920fb6ddd--37,00000259,37,4|25,4|24|25;4|25,2,1,2.100435387,2.100435387,0.299364113,1,1,"{""LATERAL_GROWTH"":2}",2,0
00000259--f920fb6ddd--37:4|28,00000259--f920fb6ddd--37,00000259,37,4|28,4|25|28;4|28,2,2,1.100753664,1.100753664,0.6999637894999999,2,2,"{""LATERAL_DIAMETER"":2}",2,0
00000259--f920fb6ddd--37:87|90,00000259--f920fb6ddd--37,00000259,37,87|90,87|90,2,1,1.599451503,1.599451503,0.099543718,1,1,"{""DISTANCE_GROWTH"":2}",2,0
00000259--f920fb6ddd--38:176|181,00000259--f920fb6ddd--38,00000259,38,176|181,176|181,3,3,0.594643713,0.689691859,0.399872775,3,3,"{""DISTANCE_DIAMETER"":3}",3,0
00000259--f920fb6ddd--38:371|420,00000259--f920fb6ddd--38,00000259,38,371|420,371|420,2,1,2.387908393,2.387908393,1.190003244,2,2,"{""DISTANCE_DIAMETER"":2}",2,0
00000259--f920fb6ddd--38:44|48,00000259--f920fb6ddd--38,00000259,38,44|48,44|48,2,2,2.200336157,2.200336157,1.050137116,2,2,"{""DISTANCE_DIAMETER"":1,""LATERAL_DIAMETER"":1}",2,0
00000259--f920fb6ddd--4:146|149,00000259--f920fb6ddd--4,00000259,4,146|149,146|149,2,1,0.700053149,0.700053149,0.099805886,2,2,"{""LATERAL_DIAMETER"":1,""LATERAL_GROWTH"":1}",2,0
00000259--f920fb6ddd--4:326|330,00000259--f920fb6ddd--4,00000259,4,326|330,326|330;326|330|362,2,1,3.399946222,3.399946222,1.200008061,1,1,"{""DISTANCE_DIAMETER"":1,""LATERAL_GROWTH"":1}",2,0
00000259--f920fb6ddd--40:140|199,00000259--f920fb6ddd--40,00000259,40,140|199,140|199,2,1,1.000303282,1.000303282,0.40052392,2,2,"{""LATERAL_DIAMETER"":1,""LATERAL_GROWTH"":1}",2,0
00000259--f920fb6ddd--40:267|276,00000259--f920fb6ddd--40,00000259,40,267|276,267|276,2,1,0.898048307,0.898048307,0.298071501,2,2,"{""DISTANCE_DIAMETER"":2}",2,0
00000259--f920fb6ddd--40:316|345,00000259--f920fb6ddd--40,00000259,40,316|345,316|345,2,1,1.299995322,1.299995322,0.299300778,1,1,"{""DISTANCE_DIAMETER"":2}",2,0
00000259--f920fb6ddd--40:343|359,00000259--f920fb6ddd--40,00000259,40,343|359,343|359,2,1,0.799764018,0.799764018,0.299885725,2,2,"{""LATERAL_DIAMETER"":2}",2,0
00000259--f920fb6ddd--40:76|87,00000259--f920fb6ddd--40,00000259,40,76|87,76|87,2,1,0.600289558,0.600289558,0.400167558,2,2,"{""LATERAL_DIAMETER"":2}",2,0
00000259--f920fb6ddd--41:162|183,00000259--f920fb6ddd--41,00000259,41,162|183,162|183,2,1,0.499495574,0.499495574,0.299875996,2,2,"{""LATERAL_DIAMETER"":2}",2,0
00000259--f920fb6ddd--41:418|425,00000259--f920fb6ddd--41,00000259,41,418|425,418|425,3,2,1.000232493,1.300495172,0.7996952254999999,3,3,"{""DISTANCE_DIAMETER"":3}",3,0
00000259--f920fb6ddd--41:594|597,00000259--f920fb6ddd--41,00000259,41,594|597,594|597;594|597|605,3,2,0.6499389250000001,0.700017766,0.45140086850000005,2,1,"{""DISTANCE_DIAMETER"":3}",3,0
00000259--f920fb6ddd--41:648|666,00000259--f920fb6ddd--41,00000259,41,648|666,648|666;648|666|670|673,2,1,1.902217527,1.902217527,0.301056501,0,2,"{""DISTANCE_GROWTH"":1,""LATERAL_GROWTH"":1}",2,0
00000259--f920fb6ddd--41:670|673,00000259--f920fb6ddd--41,00000259,41,670|673,670|673|691;670|673|712,2,0,1.998835679,1.998835679,,2,1,"{""DISTANCE_DIAMETER"":1,""LATERAL_GROWTH"":1}",2,0
00000259--f920fb6ddd--5:399|401,00000259--f920fb6ddd--5,00000259,5,399|401,399|401,2,2,0.499113389,0.499113389,0.39962821849999997,2,2,"{""DISTANCE_DIAMETER"":2}",2,0
00000259--f920fb6ddd--5:413|414,00000259--f920fb6ddd--5,00000259,5,413|414,413|414,2,1,0.899188524,0.899188524,0.400090146,2,2,"{""DISTANCE_GROWTH"":1,""LATERAL_GROWTH"":1}",2,0
00000259--f920fb6ddd--5:440|442,00000259--f920fb6ddd--5,00000259,5,440|442,440|442;440|442|443,2,1,1.198923031,1.198923031,0.699594705,1,2,"{""DISTANCE_GROWTH"":1,""LATERAL_DIAMETER"":1}",2,0
00000259--f920fb6ddd--5:516|520,00000259--f920fb6ddd--5,00000259,5,516|520,516|520,2,2,1.500118695,1.500118695,1.749858144,2,2,"{""DISTANCE_DIAMETER"":2}",2,0
00000259--f920fb6ddd--6:9|21,00000259--f920fb6ddd--6,00000259,6,9|21,9|10|21;9|21,2,0,0.698339756,0.698339756,,2,2,"{""DISTANCE_DIAMETER"":2}",2,0
00000259--f920fb6ddd--7:118|141,00000259--f920fb6ddd--7,00000259,7,118|141,118|141,2,1,1.299857258,1.299857258,0.302344066,2,2,"{""DISTANCE_DIAMETER"":2}",2,0
00000259--f920fb6ddd--9:459|476,00000259--f920fb6ddd--9,00000259,9,459|476,459|476,2,1,0.6998956,0.6998956,0.400035722,1,2,"{""DISTANCE_DIAMETER"":2}",2,0
00000259--f920fb6ddd--9:512|513,00000259--f920fb6ddd--9,00000259,9,512|513,512|513,2,1,1.702409185,1.702409185,0.102306693,2,2,"{""LATERAL_DIAMETER"":1,""LATERAL_GROWTH"":1}",2,0
0000025b--22177da8d7--0:160|171,0000025b--22177da8d7--0,0000025b,0,160|171,160|168|171;160|171,2,1,2.799768349,2.799768349,1.500049043,2,2,"{""DISTANCE_DIAMETER"":1,""LATERAL_DIAMETER"":1}",2,0
0000025b--22177da8d7--0:169|178,0000025b--22177da8d7--0,0000025b,0,169|178,169|174|178;169|178|187,2,0,0.19980603,0.19980603,,2,2,"{""DISTANCE_GROWTH"":1,""LATERAL_GROWTH"":1}",2,0
0000025b--22177da8d7--0:171|180,0000025b--22177da8d7--0,0000025b,0,171|180,171|180,2,1,0.799767557,0.799767557,0.499468145,0,0,"{""DISTANCE_DIAMETER"":2}",2,0
0000025b--22177da8d7--0:171|198,0000025b--22177da8d7--0,0000025b,0,171|198,171|198,2,1,0.499679664,0.499679664,0.200011581,2,2,"{""LATERAL_GROWTH"":2}",2,0
0000025b--22177da8d7--0:217|226,0000025b--22177da8d7--0,0000025b,0,217|226,217|226;217|226|229,2,0,2.49824584,2.49824584,,2,2,"{""LATERAL_DIAMETER"":2}",2,0
0000025b--22177da8d7--0:2|34,0000025b--22177da8d7--0,0000025b,0,2|34,2|25|34;2|34,2,0,2.898725408,2.898725408,,1,2,"{""DISTANCE_DIAMETER"":1,""DISTANCE_GROWTH"":1}",2,0
0000025b--22177da8d7--0:2|5,0000025b--22177da8d7--0,0000025b,0,2|5,2|5;2|5|25,2,0,3.400841432,3.400841432,,2,1,"{""LATERAL_DIAMETER"":1,""LATERAL_GROWTH"":1}",2,0
0000025b--22177da8d7--0:2|8,0000025b--22177da8d7--0,0000025b,0,2|8,2|5|8,4,4,1.099106822,3.300910468,1.3000604685,4,4,"{""DISTANCE_DIAMETER"":4}",4,0
0000025b--22177da8d7--0:365|383,0000025b--22177da8d7--0,0000025b,0,365|383,365|383,2,1,1.200125233,1.200125233,0.499613254,2,2,"{""LATERAL_GROWTH"":2}",2,0
0000025b--22177da8d7--0:39|51,0000025b--22177da8d7--0,0000025b,0,39|51,39|51,2,1,0.700241468,0.700241468,0.301550958,2,2,"{""DISTANCE_DIAMETER"":1,""LATERAL_GROWTH"":1}",2,0
0000025b--22177da8d7--0:510|528,0000025b--22177da8d7--0,0000025b,0,510|528,510|528,2,1,1.299513553,1.299513553,0.400105613,2,2,"{""LATERAL_DIAMETER"":2}",2,0
0000025b--22177da8d7--0:5|34,0000025b--22177da8d7--0,0000025b,0,5|34,5|25|34;5|34|39|42;5|34|43,3,0,0.8996912305,1.300408958,,2,2,"{""LATERAL_GROWTH"":3}",3,0
0000025b--22177da8d7--3:165|169,0000025b--22177da8d7--3,0000025b,3,165|169,165|169,7,7,1.6496078585,36.210199273,0.110072762,7,7,"{""DISTANCE_DIAMETER"":3,""LATERAL_GROWTH"":4}",7,0
0000025b--22177da8d7--3:53|81,0000025b--22177da8d7--3,0000025b,3,53|81,53|81,2,2,0.300869987,0.300869987,0.1500088205,2,2,"{""LATERAL_GROWTH"":2}",2,0
0000025c--0795289e2c--1:155|161,0000025c--0795289e2c--1,0000025c,1,155|161,155|161,3,2,1.2506473315,1.90182152,0.3501042675,3,3,"{""DISTANCE_DIAMETER"":3}",3,0
0000025c--0795289e2c--1:189|192,0000025c--0795289e2c--1,0000025c,1,189|192,189|192,2,2,0.399874223,0.399874223,0.1006502175,2,2,"{""LATERAL_GROWTH"":2}",2,0
0000025c--0795289e2c--1:194|209,0000025c--0795289e2c--1,0000025c,1,194|209,194|209,2,1,1.199277873,1.199277873,0.299935282,2,2,"{""DISTANCE_DIAMETER"":2}",2,0
0000025c--0795289e2c--1:466|467,0000025c--0795289e2c--1,0000025c,1,466|467,466|467,2,1,3.499778809,3.499778809,0.698842258,2,2,"{""LATERAL_DIAMETER"":1,""LATERAL_GROWTH"":1}",2,0
0000025c--0795289e2c--2:11|33,0000025c--0795289e2c--2,0000025c,2,11|33,11|33,2,1,0.400646619,0.400646619,0.199943708,0,1,"{""DISTANCE_GROWTH"":2}",2,0
0000025c--0795289e2c--2:198|205,0000025c--0795289e2c--2,0000025c,2,198|205,198|205,3,3,1.049981367,1.699101177,0.300973323,3,3,"{""DISTANCE_DIAMETER"":3}",3,0
0000025c--0795289e2c--2:420|428,0000025c--0795289e2c--2,0000025c,2,420|428,420|428,3,2,1.5002638535000001,2.300916179,1.100435744,3,3,"{""DISTANCE_DIAMETER"":1,""LATERAL_DIAMETER"":2}",3,0
0000025c--0795289e2c--2:97|102,0000025c--0795289e2c--2,0000025c,2,97|102,97|102,2,1,0.301507109,0.301507109,0.201401663,1,2,"{""DISTANCE_GROWTH"":2}",2,0
0000025d--70dff69b9d--0:229|251,0000025d--70dff69b9d--0,0000025d,0,229|251,229|251,3,3,0.3000043385,0.399130511,0.199890446,3,3,"{""LATERAL_GROWTH"":3}",3,0
0000025d--70dff69b9d--0:250|252,0000025d--70dff69b9d--0,0000025d,0,250|252,250|252,2,1,1.000015785,1.000015785,0.299829855,2,2,"{""LATERAL_DIAMETER"":2}",2,0
0000025d--70dff69b9d--0:426|447,0000025d--70dff69b9d--0,0000025d,0,426|447,426|447,2,1,1.700294186,1.700294186,0.30087493,2,2,"{""LATERAL_GROWTH"":2}",2,0
0000025d--70dff69b9d--0:677|681,0000025d--70dff69b9d--0,0000025d,0,677|681,677|681,2,1,0.700692783,0.700692783,0.599954233,2,2,"{""DISTANCE_DIAMETER"":2}",2,0
0000025d--70dff69b9d--10:76|78,0000025d--70dff69b9d--10,0000025d,10,76|78,76|78,2,1,0.600071551,0.600071551,0.100092261,2,2,"{""DISTANCE_DIAMETER"":1,""DISTANCE_GROWTH"":1}",2,0
0000025d--70dff69b9d--15:10|35,0000025d--70dff69b9d--15,0000025d,15,10|35,10|35,2,2,0.899922441,0.899922441,0.45006999599999997,2,2,"{""DISTANCE_DIAMETER"":1,""LATERAL_GROWTH"":1}",2,0
0000025d--70dff69b9d--18:13|189,0000025d--70dff69b9d--18,0000025d,18,13|189,13|189,2,1,1.000675241,1.000675241,0.70050288,0,2,"{""LATERAL_DIAMETER"":2}",2,0
0000025d--70dff69b9d--18:165|189,0000025d--70dff69b9d--18,0000025d,18,165|189,165|189,2,1,2.900583023,2.900583023,0.700447025,2,2,"{""DISTANCE_GROWTH"":1,""LATERAL_DIAMETER"":1}",2,0
0000025d--70dff69b9d--18:260|267,0000025d--70dff69b9d--18,0000025d,18,260|267,260|267;260|267|273,4,3,1.209683535,2.990713159,1.10032473,4,4,"{""LATERAL_DIAMETER"":3,""LATERAL_GROWTH"":1}",4,0
0000025d--70dff69b9d--18:71|139,0000025d--70dff69b9d--18,0000025d,18,71|139,71|139,2,1,0.799993995,0.799993995,0.299885475,2,2,"{""DISTANCE_DIAMETER"":1,""LATERAL_DIAMETER"":1}",2,0
0000025d--70dff69b9d--18:89|92,0000025d--70dff69b9d--18,0000025d,18,89|92,89|92,2,1,0.800022089,0.800022089,0.502355896,1,2,"{""LATERAL_DIAMETER"":1,""LATERAL_GROWTH"":1}",2,0
0000025d--70dff69b9d--19:212|215,0000025d--70dff69b9d--19,0000025d,19,212|215,212|215,3,3,0.349990716,0.399730981,0.09996172,3,3,"{""DISTANCE_DIAMETER"":1,""LATERAL_GROWTH"":2}",3,0
0000025d--70dff69b9d--2:38|39,0000025d--70dff69b9d--2,0000025d,2,38|39,38|39,2,1,1.600418349,1.600418349,1.300767141,2,2,"{""DISTANCE_DIAMETER"":2}",2,0
0000025d--70dff69b9d--20:150|151,0000025d--70dff69b9d--20,0000025d,20,150|151,150|151,3,3,1.1001518474999998,1.69980271,0.40054225,3,3,"{""DISTANCE_DIAMETER"":1,""LATERAL_GROWTH"":2}",3,0
0000025d--70dff69b9d--22:282|302,0000025d--70dff69b9d--22,0000025d,22,282|302,282|302,2,2,1.70040988,1.70040988,0.1998069685,2,2,"{""DISTANCE_GROWTH"":1,""LATERAL_GROWTH"":1}",2,0
0000025d--70dff69b9d--22:283|285,0000025d--70dff69b9d--22,0000025d,22,283|285,283|285,7,7,0.799967015,1.500676491,0.400210883,7,7,"{""DISTANCE_DIAMETER"":7}",7,0
0000025d--70dff69b9d--22:348|349,0000025d--70dff69b9d--22,0000025d,22,348|349,348|349,2,1,1.100792635,1.100792635,0.391821027,1,2,"{""DISTANCE_GROWTH"":1,""LATERAL_DIAMETER"":1}",2,0
0000025d--70dff69b9d--23:250|259,0000025d--70dff69b9d--23,0000025d,23,250|259,250|259,2,1,1.700274072,1.700274072,1.100831923,2,2,"{""LATERAL_DIAMETER"":1,""LATERAL_GROWTH"":1}",2,0
0000025d--70dff69b9d--23:425|441,0000025d--70dff69b9d--23,0000025d,23,425|441,425|441,2,1,0.499511445,0.499511445,0.3017297,2,2,"{""DISTANCE_DIAMETER"":2}",2,0
0000025d--70dff69b9d--23:533|582,0000025d--70dff69b9d--23,0000025d,23,533|582,533|582,4,3,0.799708725,2.909677044,0.390901707,3,4,"{""DISTANCE_DIAMETER"":1,""DISTANCE_GROWTH"":2,""LATERAL_DIAMETER"":1}",4,0
0000025d--70dff69b9d--23:6|10,0000025d--70dff69b9d--23,0000025d,23,6|10,6|10|35,3,2,2.850732455,4.200780218,1.4996893949999999,2,2,"{""DISTANCE_DIAMETER"":3}",3,0
0000025d--70dff69b9d--23:6|35,0000025d--70dff69b9d--23,0000025d,23,6|35,6|35;6|35|110,2,1,0.812746316,0.812746316,0.400429178,0,1,"{""DISTANCE_GROWTH"":1,""LATERAL_GROWTH"":1}",2,0
0000025d--70dff69b9d--3:193|223,0000025d--70dff69b9d--3,0000025d,3,193|223,193|223,2,2,0.497736793,0.497736793,0.2992783535,2,2,"{""DISTANCE_DIAMETER"":2}",2,0
0000025d--70dff69b9d--3:216|219,0000025d--70dff69b9d--3,0000025d,3,216|219,216|219,2,2,0.699068194,0.699068194,0.250819927,2,2,"{""DISTANCE_DIAMETER"":1,""DISTANCE_GROWTH"":1}",2,0
0000025d--70dff69b9d--3:391|395,0000025d--70dff69b9d--3,0000025d,3,391|395,391|395,2,1,0.50082025,0.50082025,0.200840923,2,2,"{""DISTANCE_DIAMETER"":1,""DISTANCE_GROWTH"":1}",2,0
0000025d--70dff69b9d--4:377|383,0000025d--70dff69b9d--4,0000025d,4,377|383,377|383,2,1,1.199674317,1.199674317,0.800136292,2,2,"{""DISTANCE_DIAMETER"":1,""LATERAL_GROWTH"":1}",2,0
0000025d--70dff69b9d--4:492|493,0000025d--70dff69b9d--4,0000025d,4,492|493,492|493,3,2,1.2497160075,2.199125183,0.39951124699999996,3,3,"{""LATERAL_GROWTH"":3}",3,0
0000025d--70dff69b9d--4:567|568,0000025d--70dff69b9d--4,0000025d,4,567|568,567|568,2,1,0.800625081,0.800625081,0.400581075,1,2,"{""DISTANCE_GROWTH"":1,""LATERAL_GROWTH"":1}",2,0
0000025d--70dff69b9d--5:198|206,0000025d--70dff69b9d--5,0000025d,5,198|206,198|206,4,3,1.000394274,3.599748354,0.39998728,2,3,"{""DISTANCE_DIAMETER"":2,""DISTANCE_GROWTH"":2}",4,0
0000025d--70dff69b9d--5:213|218,0000025d--70dff69b9d--5,0000025d,5,213|218,213|218,2,2,0.199303359,0.199303359,0.100153851,2,2,"{""LATERAL_GROWTH"":2}",2,0
0000025d--70dff69b9d--5:216|219,0000025d--70dff69b9d--5,0000025d,5,216|219,216|219,2,2,0.898188556,0.898188556,0.349462754,2,2,"{""DISTANCE_DIAMETER"":2}",2,0
0000025d--70dff69b9d--5:223|232,0000025d--70dff69b9d--5,0000025d,5,223|232,223|232,2,2,1.500930792,1.500930792,0.3497076135,2,2,"{""DISTANCE_DIAMETER"":2}",2,0
0000025d--70dff69b9d--5:330|332,0000025d--70dff69b9d--5,0000025d,5,330|332,330|332,2,1,1.500247853,1.500247853,0.702378565,2,2,"{""DISTANCE_DIAMETER"":1,""DISTANCE_GROWTH"":1}",2,0
0000025d--70dff69b9d--5:343|376,0000025d--70dff69b9d--5,0000025d,5,343|376,343|376,2,1,0.799819552,0.799819552,0.600463055,2,2,"{""DISTANCE_DIAMETER"":2}",2,0
0000025d--70dff69b9d--5:381|384,0000025d--70dff69b9d--5,0000025d,5,381|384,381|384,2,1,0.499660155,0.499660155,0.30000856,2,2,"{""DISTANCE_DIAMETER"":2}",2,0
0000025d--70dff69b9d--5:44|66,0000025d--70dff69b9d--5,0000025d,5,44|66,44|66,2,1,0.899803659,0.899803659,0.700326611,1,2,"{""DISTANCE_DIAMETER"":1,""DISTANCE_GROWTH"":1}",2,0
0000025d--70dff69b9d--7:278|288,0000025d--70dff69b9d--7,0000025d,7,278|288,278|288,2,2,1.101104791,1.101104791,0.399530865,2,2,"{""DISTANCE_GROWTH"":1,""LATERAL_DIAMETER"":1}",2,0
0000025d--70dff69b9d--7:327|377,0000025d--70dff69b9d--7,0000025d,7,327|377,327|377,2,1,5.299822774,5.299822774,3.000246936,0,1,"{""LATERAL_DIAMETER"":1,""LATERAL_GROWTH"":1}",2,0
0000025d--70dff69b9d--7:351|382,0000025d--70dff69b9d--7,0000025d,7,351|382,351|382,2,2,1.400375989,1.400375989,0.34983271250000003,2,2,"{""LATERAL_DIAMETER"":2}",2,0
0000025d--70dff69b9d--7:608|613,0000025d--70dff69b9d--7,0000025d,7,608|613,608|613,2,2,0.499545776,0.499545776,0.34953887949999995,2,2,"{""DISTANCE_DIAMETER"":2}",2,0
0000025d--70dff69b9d--8:118|130,0000025d--70dff69b9d--8,0000025d,8,118|130,118|130,2,2,1.499226803,1.499226803,1.0497278555,1,1,"{""DISTANCE_DIAMETER"":2}",2,0
0000025d--70dff69b9d--8:249|256,0000025d--70dff69b9d--8,0000025d,8,249|256,249|256,2,1,0.900041667,0.900041667,0.100767897,1,1,"{""DISTANCE_DIAMETER"":1,""DISTANCE_GROWTH"":1}",2,0
0000025d--70dff69b9d--8:333|370,0000025d--70dff69b9d--8,0000025d,8,333|370,333|370,2,2,0.200009822,0.200009822,0.149622828,2,2,"{""DISTANCE_GROWTH"":2}",2,0
0000025d--70dff69b9d--8:444|484,0000025d--70dff69b9d--8,0000025d,8,444|484,444|484,3,2,0.599731681,0.799395418,0.5001927975,3,3,"{""DISTANCE_DIAMETER"":3}",3,0
0000025d--70dff69b9d--8:473|484,0000025d--70dff69b9d--8,0000025d,8,473|484,473|484,2,1,1.100340703,1.100340703,0.900025342,1,2,"{""DISTANCE_DIAMETER"":2}",2,0
0000025d--70dff69b9d--8:478|495,0000025d--70dff69b9d--8,0000025d,8,478|495,478|495,2,1,0.60092771,0.60092771,0.299599204,2,2,"{""DISTANCE_DIAMETER"":1,""LATERAL_GROWTH"":1}",2,0
0000025d--70dff69b9d--8:581|604,0000025d--70dff69b9d--8,0000025d,8,581|604,581|604,2,2,0.398876312,0.398876312,0.24911756799999998,2,2,"{""DISTANCE_GROWTH"":2}",2,0
0000025d--70dff69b9d--8:626|643,0000025d--70dff69b9d--8,0000025d,8,626|643,626|643,2,2,0.901088792,0.901088792,0.3493056705,1,1,"{""DISTANCE_DIAMETER"":2}",2,0
0000025d--70dff69b9d--8:791|804,0000025d--70dff69b9d--8,0000025d,8,791|804,791|804,2,1,0.599933762,0.599933762,0.399729227,2,2,"{""LATERAL_DIAMETER"":2}",2,0
0000025d--70dff69b9d--9:103|139,0000025d--70dff69b9d--9,0000025d,9,103|139,103|139,2,2,1.000841828,1.000841828,0.0998400975,2,2,"{""LATERAL_GROWTH"":2}",2,0
00000261--4ff9c41127--0:125|128,00000261--4ff9c41127--0,00000261,0,125|128,125|128,2,1,0.901065601,0.901065601,0.400014953,1,1,"{""DISTANCE_DIAMETER"":2}",2,0
00000261--4ff9c41127--0:252|265,00000261--4ff9c41127--0,00000261,0,252|265,252|265;252|265|278,2,1,1.098511793,1.098511793,0.298387985,1,1,"{""LATERAL_DIAMETER"":1,""LATERAL_GROWTH"":1}",2,0
00000261--4ff9c41127--0:259|260,00000261--4ff9c41127--0,00000261,0,259|260,259|260,2,1,1.301885082,1.301885082,0.300535641,2,2,"{""DISTANCE_DIAMETER"":1,""LATERAL_DIAMETER"":1}",2,0
00000261--4ff9c41127--0:341|343,00000261--4ff9c41127--0,00000261,0,341|343,341|343,2,1,0.408085182,0.408085182,0.308478966,2,2,"{""OTHER_STATIONARY_MOVING"":1,""VELOCITY_DIAMETER"":1}",2,0
00000261--4ff9c41127--0:409|430,00000261--4ff9c41127--0,00000261,0,409|430,409|430,2,1,1.797898804,1.797898804,0.298516502,0,1,"{""LATERAL_DIAMETER"":1,""LATERAL_GROWTH"":1}",2,0
00000261--4ff9c41127--0:415|442,00000261--4ff9c41127--0,00000261,0,415|442,415|442,2,2,0.200551863,0.200551863,0.1996041445,2,2,"{""LATERAL_GROWTH"":2}",2,0
00000261--4ff9c41127--1:115|117,00000261--4ff9c41127--1,00000261,1,115|117,115|117,2,1,2.298866614,2.298866614,0.600013889,2,2,"{""DISTANCE_GROWTH"":1,""LATERAL_DIAMETER"":1}",2,0
00000261--4ff9c41127--1:368|529,00000261--4ff9c41127--1,00000261,1,368|529,368|529,2,1,2.100539193,2.100539193,1.501515057,2,2,"{""LATERAL_DIAMETER"":2}",2,0
00000261--4ff9c41127--1:376|424,00000261--4ff9c41127--1,00000261,1,376|424,376|424,3,2,1.0997867015,1.900525987,0.2999803675,2,2,"{""LATERAL_GROWTH"":3}",3,0
00000261--4ff9c41127--1:405|444,00000261--4ff9c41127--1,00000261,1,405|444,405|444,6,6,2.499770871,5.101763163,0.4000672025,6,6,"{""LATERAL_DIAMETER"":4,""LATERAL_GROWTH"":2}",6,0
00000261--4ff9c41127--10:13|193,00000261--4ff9c41127--10,00000261,10,13|193,13|193,4,4,3.599445562,7.299720356,1.9498149825,2,4,"{""LATERAL_DIAMETER"":4}",4,0
00000261--4ff9c41127--10:17|48,00000261--4ff9c41127--10,00000261,10,17|48,17|48,2,2,0.59839867,0.59839867,0.3499052345,2,2,"{""LATERAL_DIAMETER"":2}",2,0
00000261--4ff9c41127--10:24|193,00000261--4ff9c41127--10,00000261,10,24|193,24|193,5,5,1.1500761609999999,5.300369546,1.200145014,4,5,"{""LATERAL_DIAMETER"":5}",5,0
00000261--4ff9c41127--10:24|270,00000261--4ff9c41127--10,00000261,10,24|270,24|270,3,2,4.099935018,7.599601949,2.700093215,3,3,"{""LATERAL_DIAMETER"":3}",3,0
00000261--4ff9c41127--10:24|30,00000261--4ff9c41127--10,00000261,10,24|30,24|30,3,2,2.8999796005,4.700861601,1.9000287185,3,3,"{""LATERAL_DIAMETER"":3}",3,0
00000261--4ff9c41127--10:550|559,00000261--4ff9c41127--10,00000261,10,550|559,550|559,2,1,0.800403237,0.800403237,0.300423123,1,2,"{""DISTANCE_DIAMETER"":2}",2,0
00000261--4ff9c41127--10:64|70,00000261--4ff9c41127--10,00000261,10,64|70,64|70,2,1,2.600087722,2.600087722,2.3009848,1,2,"{""LATERAL_DIAMETER"":2}",2,0
00000261--4ff9c41127--10:64|71,00000261--4ff9c41127--10,00000261,10,64|71,64|71,2,2,2.701167018,2.701167018,0.7503839615000001,1,1,"{""LATERAL_GROWTH"":2}",2,0
00000261--4ff9c41127--11:103|106,00000261--4ff9c41127--11,00000261,11,103|106,103|106,3,2,1.544822601,1.988588674,0.63882219,2,3,"{""DISTANCE_DIAMETER"":3}",3,0
00000261--4ff9c41127--11:107|108,00000261--4ff9c41127--11,00000261,11,107|108,107|108,3,2,1.3949760924999999,1.802010983,1.0442701140000001,3,3,"{""DISTANCE_DIAMETER"":3}",3,0
00000261--4ff9c41127--11:249|250,00000261--4ff9c41127--11,00000261,11,249|250,249|250,3,2,0.8001132565,0.89986672,0.30014557399999997,3,3,"{""DISTANCE_DIAMETER"":3}",3,0
00000261--4ff9c41127--11:86|88,00000261--4ff9c41127--11,00000261,11,86|88,86|88,2,1,2.19965758,2.19965758,1.900675349,2,2,"{""DISTANCE_DIAMETER"":1,""OTHER_STATIONARY_MOVING"":1}",2,0
00000261--4ff9c41127--11:98|118,00000261--4ff9c41127--11,00000261,11,98|118,98|118,3,3,0.5449540235,0.688398789,0.399723527,3,3,"{""DISTANCE_DIAMETER"":3}",3,0
00000261--4ff9c41127--12:214|216,00000261--4ff9c41127--12,00000261,12,214|216,214|216;214|216|219,2,1,1.299073071,1.299073071,0.301274848,1,1,"{""DISTANCE_DIAMETER"":1,""LATERAL_DIAMETER"":1}",2,0
00000261--4ff9c41127--12:49|53,00000261--4ff9c41127--12,00000261,12,49|53,49|53,2,2,0.801175779,0.801175779,1.2501648495,2,2,"{""LATERAL_DIAMETER"":1,""LATERAL_GROWTH"":1}",2,0
00000261--4ff9c41127--15:495|497,00000261--4ff9c41127--15,00000261,15,495|497,495|497,2,1,2.70018768,2.70018768,2.59978295,2,2,"{""DISTANCE_DIAMETER"":2}",2,0
00000261--4ff9c41127--15:662|665,00000261--4ff9c41127--15,00000261,15,662|665,662|665;662|665|683,2,0,1.700164587,1.700164587,,2,2,"{""DISTANCE_DIAMETER"":2}",2,0
00000261--4ff9c41127--16:168|175,00000261--4ff9c41127--16,00000261,16,168|175,168|175,2,1,0.200444888,0.200444888,0.100365668,2,2,"{""DISTANCE_GROWTH"":2}",2,0
00000261--4ff9c41127--16:343|346,00000261--4ff9c41127--16,00000261,16,343|346,343|346,3,3,0.3000867995,0.400411068,0.099977283,3,3,"{""DISTANCE_GROWTH"":3}",3,0
00000261--4ff9c41127--16:359|361,00000261--4ff9c41127--16,00000261,16,359|361,359|361,2,1,2.692154625,2.692154625,1.301813931,1,1,"{""DISTANCE_DIAMETER"":2}",2,0
00000261--4ff9c41127--16:383|384,00000261--4ff9c41127--16,00000261,16,383|384,383|384,2,1,1.49793433,1.49793433,1.198138786,2,2,"{""DISTANCE_DIAMETER"":2}",2,0
00000261--4ff9c41127--16:391|398,00000261--4ff9c41127--16,00000261,16,391|398,391|398,2,1,0.692452488,0.692452488,0.300123829,2,2,"{""DISTANCE_DIAMETER"":2}",2,0
00000261--4ff9c41127--16:392|393,00000261--4ff9c41127--16,00000261,16,392|393,392|393,3,2,1.0949046435,1.488280692,0.9909917145,3,3,"{""DISTANCE_GROWTH"":3}",3,0
00000261--4ff9c41127--17:227|228,00000261--4ff9c41127--17,00000261,17,227|228,227|228,2,1,0.608510289,0.608510289,0.208945446,2,2,"{""DISTANCE_GROWTH"":2}",2,0
00000261--4ff9c41127--17:309|310,00000261--4ff9c41127--17,00000261,17,309|310,309|310,2,1,2.300185053,2.300185053,2.000590491,1,1,"{""DISTANCE_DIAMETER"":1,""DISTANCE_GROWTH"":1}",2,0
00000261--4ff9c41127--17:310|312,00000261--4ff9c41127--17,00000261,17,310|312,310|312,2,1,2.599138812,2.599138812,0.499123013,1,2,"{""DISTANCE_DIAMETER"":2}",2,0
00000261--4ff9c41127--17:374|376,00000261--4ff9c41127--17,00000261,17,374|376,374|376,2,1,1.899597138,1.899597138,1.500004598,2,2,"{""DISTANCE_DIAMETER"":2}",2,0
00000261--4ff9c41127--17:568|572,00000261--4ff9c41127--17,00000261,17,568|572,568|572,2,1,0.400391533,0.400391533,0.100956876,2,2,"{""DISTANCE_DIAMETER"":1,""LATERAL_GROWTH"":1}",2,0
00000261--4ff9c41127--18:306|309,00000261--4ff9c41127--18,00000261,18,306|309,306|309,2,2,2.100286405,2.100286405,1.0002081745,1,2,"{""LATERAL_DIAMETER"":1,""LATERAL_GROWTH"":1}",2,0
00000261--4ff9c41127--18:339|343,00000261--4ff9c41127--18,00000261,18,339|343,339|343,2,1,1.10190225,1.10190225,0.600580925,1,2,"{""DISTANCE_GROWTH"":1,""LATERAL_GROWTH"":1}",2,0
00000261--4ff9c41127--18:443|449,00000261--4ff9c41127--18,00000261,18,443|449,443|449,2,1,0.300236439,0.300236439,0.199317477,1,2,"{""DISTANCE_GROWTH"":2}",2,0
00000261--4ff9c41127--18:455|462,00000261--4ff9c41127--18,00000261,18,455|462,455|462;455|462|474,3,2,0.4001817055,0.500944962,0.1996957165,3,2,"{""DISTANCE_GROWTH"":1,""LATERAL_GROWTH"":2}",3,0
00000261--4ff9c41127--18:485|486,00000261--4ff9c41127--18,00000261,18,485|486,485|486,2,1,0.299769141,0.299769141,0.199622354,2,2,"{""DISTANCE_GROWTH"":1,""LATERAL_GROWTH"":1}",2,0
00000261--4ff9c41127--18:515|520,00000261--4ff9c41127--18,00000261,18,515|520,515|520,2,1,0.899849671,0.899849671,0.400432906,0,0,"{""DISTANCE_DIAMETER"":2}",2,0
00000261--4ff9c41127--18:534|541,00000261--4ff9c41127--18,00000261,18,534|541,534|541,2,2,0.399179375,0.399179375,0.10023406,2,2,"{""DISTANCE_GROWTH"":1,""LATERAL_GROWTH"":1}",2,0
00000261--4ff9c41127--18:629|649,00000261--4ff9c41127--18,00000261,18,629|649,629|649,3,2,1.8951556555,1.899574592,1.0958850885,3,3,"{""DISTANCE_DIAMETER"":3}",3,0
00000261--4ff9c41127--18:644|659,00000261--4ff9c41127--18,00000261,18,644|659,644|659,2,1,1.20045784,1.20045784,1.098232209,1,2,"{""DISTANCE_DIAMETER"":2}",2,0
00000261--4ff9c41127--19:492|497,00000261--4ff9c41127--19,00000261,19,492|497,492|497,2,1,0.599483351,0.599483351,0.39962667,2,2,"{""DISTANCE_DIAMETER"":2}",2,0
00000261--4ff9c41127--19:504|507,00000261--4ff9c41127--19,00000261,19,504|507,504|507|512,2,1,0.299776546,0.299776546,0.099927311,1,0,"{""DISTANCE_GROWTH"":2}",2,0
00000261--4ff9c41127--19:628|638,00000261--4ff9c41127--19,00000261,19,628|638,628|638,2,1,0.408360016,0.408360016,0.308779962,2,2,"{""DISTANCE_DIAMETER"":2}",2,0
00000261--4ff9c41127--19:677|680,00000261--4ff9c41127--19,00000261,19,677|680,677|680,2,1,0.409920557,0.409920557,0.199690439,0,0,"{""DISTANCE_GROWTH"":2}",2,0
00000261--4ff9c41127--19:97|98,00000261--4ff9c41127--19,00000261,19,97|98,97|98,2,1,0.79914966,0.79914966,0.401172045,2,2,"{""DISTANCE_DIAMETER"":2}",2,0
00000261--4ff9c41127--2:1|17,00000261--4ff9c41127--2,00000261,2,1|17,1|17,2,1,8.200066103,8.200066103,7.400381745,2,2,"{""LATERAL_DIAMETER"":1,""LATERAL_GROWTH"":1}",2,0
00000261--4ff9c41127--2:393|410,00000261--4ff9c41127--2,00000261,2,393|410,393|410,2,2,1.300235776,1.300235776,0.6996063370000001,1,2,"{""DISTANCE_GROWTH"":1,""LATERAL_DIAMETER"":1}",2,0
00000261--4ff9c41127--2:393|421,00000261--4ff9c41127--2,00000261,2,393|421,393|410|421;393|421,2,1,0.400574536,0.400574536,0.299679493,2,2,"{""DISTANCE_DIAMETER"":2}",2,0
00000261--4ff9c41127--2:479|514,00000261--4ff9c41127--2,00000261,2,479|514,479|514,2,1,3.499850558,3.499850558,0.90008566,1,2,"{""DISTANCE_DIAMETER"":2}",2,0
00000261--4ff9c41127--2:5|35,00000261--4ff9c41127--2,00000261,2,5|35,5|35,7,6,1.4995904224999999,2.500199257,1.2999126205,6,7,"{""DISTANCE_DIAMETER"":7}",7,0
00000261--4ff9c41127--20:476|483,00000261--4ff9c41127--20,00000261,20,476|483,476|483,2,1,0.699727504,0.699727504,0.599510695,1,1,"{""DISTANCE_GROWTH"":2}",2,0
00000261--4ff9c41127--21:249|252,00000261--4ff9c41127--21,00000261,21,249|252,249|252,2,2,0.899545205,0.899545205,0.40031804,2,2,"{""DISTANCE_DIAMETER"":2}",2,0
00000261--4ff9c41127--21:263|266,00000261--4ff9c41127--21,00000261,21,263|266,263|266;263|266|270,2,1,0.499469763,0.499469763,0.200005259,2,1,"{""DISTANCE_GROWTH"":2}",2,0
00000261--4ff9c41127--21:377|380,00000261--4ff9c41127--21,00000261,21,377|380,377|380,2,2,1.891026978,1.891026978,0.7508677100000001,2,2,"{""LATERAL_GROWTH"":2}",2,0
00000261--4ff9c41127--21:575|583,00000261--4ff9c41127--21,00000261,21,575|583,575|583,2,1,0.600060325,0.600060325,0.20047076,2,2,"{""DISTANCE_DIAMETER"":1,""OTHER_IMMATURE_PAIR"":1}",2,0
00000261--4ff9c41127--22:477|485,00000261--4ff9c41127--22,00000261,22,477|485,471|477|485;477|485,2,2,2.399454954,2.399454954,1.0460677919999999,2,1,"{""DISTANCE_DIAMETER"":2}",2,0
00000261--4ff9c41127--22:478|506,00000261--4ff9c41127--22,00000261,22,478|506,478|506,2,1,1.099615881,1.099615881,0.799898631,2,2,"{""DISTANCE_DIAMETER"":2}",2,0
00000261--4ff9c41127--22:642|651,00000261--4ff9c41127--22,00000261,22,642|651,642|643|651,2,1,1.420217052,1.420217052,1.110314036,0,0,"{""DISTANCE_DIAMETER"":2}",2,0
00000261--4ff9c41127--24:421|455,00000261--4ff9c41127--24,00000261,24,421|455,421|455,4,3,0.700983846,0.807920796,0.100209333,4,4,"{""LATERAL_DIAMETER"":1,""LATERAL_GROWTH"":3}",4,0
00000261--4ff9c41127--24:47|59,00000261--4ff9c41127--24,00000261,24,47|59,47|54|59;47|59,3,1,2.850330401,4.500094261,0.200647506,2,3,"{""DISTANCE_DIAMETER"":1,""LATERAL_GROWTH"":2}",3,0
00000261--4ff9c41127--25:11|33,00000261--4ff9c41127--25,00000261,25,11|33,11|33,2,1,0.900450973,0.900450973,0.700255427,2,2,"{""LATERAL_DIAMETER"":1,""OTHER_STATIONARY_MOVING"":1}",2,0
00000261--4ff9c41127--25:405|406,00000261--4ff9c41127--25,00000261,25,405|406,405|406,2,1,1.699717703,1.699717703,0.099828028,2,2,"{""LATERAL_DIAMETER"":1,""LATERAL_GROWTH"":1}",2,0
00000261--4ff9c41127--26:10|19,00000261--4ff9c41127--26,00000261,26,10|19,10|19;10|19|23;9|10|19,3,2,2.354932976,2.801492495,0.4598038205,3,3,"{""DISTANCE_GROWTH"":1,""LATERAL_GROWTH"":2}",3,0
00000261--4ff9c41127--26:360|379,00000261--4ff9c41127--26,00000261,26,360|379,360|379|382,2,1,0.801213867,0.801213867,0.30021979,2,1,"{""DISTANCE_DIAMETER"":2}",2,0
00000261--4ff9c41127--27:153|159,00000261--4ff9c41127--27,00000261,27,153|159,153|158|159,2,1,0.60012857,0.60012857,0.401628038,2,1,"{""LATERAL_DIAMETER"":1,""LATERAL_GROWTH"":1}",2,0
00000261--4ff9c41127--27:414|418,00000261--4ff9c41127--27,00000261,27,414|418,414|418,2,1,0.307747784,0.307747784,0.208072847,2,2,"{""LATERAL_DIAMETER"":1,""LATERAL_GROWTH"":1}",2,0
00000261--4ff9c41127--27:486|566,00000261--4ff9c41127--27,00000261,27,486|566,486|566,3,3,0.6998731324999999,1.000158773,0.200056485,3,3,"{""LATERAL_GROWTH"":3}",3,0
00000261--4ff9c41127--27:491|502,00000261--4ff9c41127--27,00000261,27,491|502,491|502,2,1,0.701475689,0.701475689,0.299955056,2,2,"{""LATERAL_DIAMETER"":2}",2,0
00000261--4ff9c41127--27:491|506,00000261--4ff9c41127--27,00000261,27,491|506,491|506,2,2,3.80012047,3.80012047,1.1493121290000001,2,2,"{""LATERAL_GROWTH"":2}",2,0
00000261--4ff9c41127--27:502|505,00000261--4ff9c41127--27,00000261,27,502|505,502|505,2,2,0.500101105,0.500101105,0.100634103,2,2,"{""LATERAL_GROWTH"":2}",2,0
00000261--4ff9c41127--27:502|506,00000261--4ff9c41127--27,00000261,27,502|506,502|506,2,1,1.800085028,1.800085028,1.59993048,2,2,"{""LATERAL_DIAMETER"":2}",2,0
00000261--4ff9c41127--27:538|544,00000261--4ff9c41127--27,00000261,27,538|544,538|544,3,2,1.049699629,1.299522548,0.250356225,3,3,"{""LATERAL_DIAMETER"":2,""LATERAL_GROWTH"":1}",3,0
00000261--4ff9c41127--27:545|576,00000261--4ff9c41127--27,00000261,27,545|576,545|576,2,1,0.398389571,0.398389571,0.298216981,2,2,"{""DISTANCE_DIAMETER"":1,""LATERAL_DIAMETER"":1}",2,0
00000261--4ff9c41127--27:576|602,00000261--4ff9c41127--27,00000261,27,576|602,576|602,2,1,0.799212766,0.799212766,0.499712775,1,1,"{""DISTANCE_DIAMETER"":1,""LATERAL_DIAMETER"":1}",2,0
00000261--4ff9c41127--28:121|131,00000261--4ff9c41127--28,00000261,28,121|131,121|131,2,2,1.298449514,1.298449514,0.44971151,2,2,"{""LATERAL_GROWTH"":2}",2,0
00000261--4ff9c41127--28:125|128,00000261--4ff9c41127--28,00000261,28,125|128,125|128,3,2,1.699978195,2.000469268,0.9508950135,2,2,"{""LATERAL_DIAMETER"":2,""LATERAL_GROWTH"":1}",3,0
00000261--4ff9c41127--28:156|167,00000261--4ff9c41127--28,00000261,28,156|167,156|167,2,1,1.898179629,1.898179629,1.809011837,2,2,"{""DISTANCE_DIAMETER"":1,""DISTANCE_GROWTH"":1}",2,0
00000261--4ff9c41127--28:156|169,00000261--4ff9c41127--28,00000261,28,156|169,156|169;156|169|174,2,1,0.60027229,0.60027229,0.299914907,2,2,"{""DISTANCE_DIAMETER"":1,""LATERAL_DIAMETER"":1}",2,0
00000261--4ff9c41127--28:16|36,00000261--4ff9c41127--28,00000261,28,16|36,16|36,2,1,0.699575448,0.699575448,0.599803837,1,2,"{""LATERAL_DIAMETER"":1,""LATERAL_GROWTH"":1}",2,0
00000261--4ff9c41127--28:173|176,00000261--4ff9c41127--28,00000261,28,173|176,173|176,4,4,1.200409043,3.109822537,1.0002762495000002,2,2,"{""DISTANCE_DIAMETER"":3,""LATERAL_GROWTH"":1}",4,0
00000261--4ff9c41127--28:173|189,00000261--4ff9c41127--28,00000261,28,173|189,173|189,2,1,0.600017579,0.600017579,0.100007708,2,2,"{""DISTANCE_GROWTH"":1,""LATERAL_GROWTH"":1}",2,0
00000261--4ff9c41127--28:173|190,00000261--4ff9c41127--28,00000261,28,173|190,173|190,3,2,0.7497080885,1.099174932,0.299811355,1,3,"{""DISTANCE_GROWTH"":1,""LATERAL_GROWTH"":2}",3,0
00000261--4ff9c41127--28:176|212,00000261--4ff9c41127--28,00000261,28,176|212,176|212,2,2,2.899104936,2.899104936,0.449997484,2,2,"{""LATERAL_DIAMETER"":2}",2,0
00000261--4ff9c41127--28:186|190,00000261--4ff9c41127--28,00000261,28,186|190,186|190,2,1,0.598574954,0.598574954,0.099663275,2,2,"{""LATERAL_DIAMETER"":1,""LATERAL_GROWTH"":1}",2,0
00000261--4ff9c41127--28:190|197,00000261--4ff9c41127--28,00000261,28,190|197,190|197,4,3,0.500164735,2.700169569,0.300325244,1,2,"{""DISTANCE_DIAMETER"":1,""DISTANCE_GROWTH"":3}",4,0
00000261--4ff9c41127--28:190|212,00000261--4ff9c41127--28,00000261,28,190|212,190|212,2,1,1.399584134,1.399584134,0.399339702,1,1,"{""DISTANCE_DIAMETER"":1,""DISTANCE_GROWTH"":1}",2,0
00000261--4ff9c41127--28:212|218,00000261--4ff9c41127--28,00000261,28,212|218,212|218,2,1,2.399399369,2.399399369,0.699352869,0,2,"{""DISTANCE_GROWTH"":1,""LATERAL_GROWTH"":1}",2,0
00000261--4ff9c41127--28:212|231,00000261--4ff9c41127--28,00000261,28,212|231,212|231,2,1,1.799177907,1.799177907,0.898519188,0,0,"{""LATERAL_DIAMETER"":2}",2,0
00000261--4ff9c41127--28:220|221,00000261--4ff9c41127--28,00000261,28,220|221,220|221,2,1,0.898621968,0.898621968,0.59801175,2,2,"{""DISTANCE_GROWTH"":1,""LATERAL_DIAMETER"":1}",2,0
00000261--4ff9c41127--28:223|228,00000261--4ff9c41127--28,00000261,28,223|228,223|228,3,2,0.850179809,0.900628212,0.350016461,2,3,"{""DISTANCE_DIAMETER"":1,""LATERAL_GROWTH"":2}",3,0
00000261--4ff9c41127--28:228|231,00000261--4ff9c41127--28,00000261,28,228|231,228|231;228|231|235,2,1,1.700834462,1.700834462,1.501617995,2,2,"{""LATERAL_DIAMETER"":1,""LATERAL_GROWTH"":1}",2,0
00000261--4ff9c41127--28:231|245,00000261--4ff9c41127--28,00000261,28,231|245,231|235|245;231|245|251,2,1,1.50038508,1.50038508,0.699958021,0,1,"{""DISTANCE_DIAMETER"":1,""LATERAL_GROWTH"":1}",2,0
00000261--4ff9c41127--28:252|253,00000261--4ff9c41127--28,00000261,28,252|253,252|253,2,1,1.000016648,1.000016648,0.900352165,2,2,"{""LATERAL_DIAMETER"":2}",2,0
00000261--4ff9c41127--28:2|13,00000261--4ff9c41127--28,00000261,28,2|13,2|13,2,1,0.900190263,0.900190263,0.100275791,2,2,"{""LATERAL_GROWTH"":2}",2,0
00000261--4ff9c41127--28:36|108,00000261--4ff9c41127--28,00000261,28,36|108,36|108;36|108|128,2,1,0.499986464,0.499986464,0.400142325,1,1,"{""DISTANCE_GROWTH"":2}",2,0
00000261--4ff9c41127--28:36|129,00000261--4ff9c41127--28,00000261,28,36|129,36|129,2,1,1.700308193,1.700308193,0.100570067,1,2,"{""LATERAL_DIAMETER"":1,""LATERAL_GROWTH"":1}",2,0
00000261--4ff9c41127--28:36|47,00000261--4ff9c41127--28,00000261,28,36|47,36|47,2,1,1.900087902,1.900087902,1.201507545,2,2,"{""DISTANCE_GROWTH"":1,""LATERAL_GROWTH"":1}",2,0
00000261--4ff9c41127--28:36|92,00000261--4ff9c41127--28,00000261,28,36|92,36|92,2,1,0.40005877,0.40005877,0.299935799,2,2,"{""DISTANCE_DIAMETER"":1,""LATERAL_DIAMETER"":1}",2,0
00000261--4ff9c41127--28:8|16,00000261--4ff9c41127--28,00000261,28,8|16,8|16;8|16|49,2,2,2.000584625,2.000584625,0.7996352095,1,2,"{""LATERAL_GROWTH"":2}",2,0
00000261--4ff9c41127--3:133|152,00000261--4ff9c41127--3,00000261,3,133|152,133|152,2,1,0.900047886,0.900047886,0.800488532,0,1,"{""DISTANCE_DIAMETER"":1,""LATERAL_GROWTH"":1}",2,0
00000261--4ff9c41127--3:207|220,00000261--4ff9c41127--3,00000261,3,207|220,207|220,2,1,2.199814543,2.199814543,1.200252592,0,1,"{""LATERAL_GROWTH"":1,""VELOCITY_DIAMETER"":1}",2,0
00000261--4ff9c41127--3:416|420,00000261--4ff9c41127--3,00000261,3,416|420,416|420,2,1,0.301866194,0.301866194,0.19961822,1,2,"{""DISTANCE_GROWTH"":1,""LATERAL_DIAMETER"":1}",2,0
00000261--4ff9c41127--3:418|420,00000261--4ff9c41127--3,00000261,3,418|420,418|420;418|420|423,2,0,0.412413443,0.412413443,,0,2,"{""LATERAL_GROWTH"":2}",2,0
00000261--4ff9c41127--3:95|100,00000261--4ff9c41127--3,00000261,3,95|100,95|100,2,2,0.198293875,0.198293875,0.100282196,2,2,"{""LATERAL_GROWTH"":2}",2,0
00000261--4ff9c41127--4:206|224,00000261--4ff9c41127--4,00000261,4,206|224,206|224;206|224|225;206|224|314,6,4,1.599652333,12.700573415,0.500120928,5,5,"{""LATERAL_DIAMETER"":6}",6,0
00000261--4ff9c41127--4:221|222,00000261--4ff9c41127--4,00000261,4,221|222,221|222;221|222|242,7,7,2.3043817115,8.601567519,0.899875091,7,6,"{""DISTANCE_DIAMETER"":7}",7,0
00000261--4ff9c41127--4:221|242,00000261--4ff9c41127--4,00000261,4,221|242,221|222|242;221|242,2,0,2.20816689,2.20816689,,1,2,"{""DISTANCE_DIAMETER"":1,""LATERAL_DIAMETER"":1}",2,0
00000261--4ff9c41127--4:222|242,00000261--4ff9c41127--4,00000261,4,222|242,221|222|242;222|242,2,2,6.199788951,6.199788951,1.1999546545,1,1,"{""LATERAL_DIAMETER"":2}",2,0
00000261--4ff9c41127--5:14|43,00000261--4ff9c41127--5,00000261,5,14|43,14|43,2,1,7.60013683,7.60013683,7.199779498,2,2,"{""DISTANCE_DIAMETER"":2}",2,0
00000261--4ff9c41127--5:156|174,00000261--4ff9c41127--5,00000261,5,156|174,156|174,2,2,3.00270716,3.00270716,0.398609361,2,2,"{""LATERAL_GROWTH"":2}",2,0
00000261--4ff9c41127--5:156|198,00000261--4ff9c41127--5,00000261,5,156|198,156|174|198;156|198;156|198|261,13,12,2.249669987,5.909437533,0.7496868805,11,12,"{""LATERAL_DIAMETER"":12,""LATERAL_GROWTH"":1}",13,0
00000261--4ff9c41127--5:156|261,00000261--4ff9c41127--5,00000261,5,156|261,156|198|261;156|261,6,6,2.709193426,7.600387106,0.8038951839999999,4,5,"{""LATERAL_DIAMETER"":5,""LATERAL_GROWTH"":1}",6,0
00000261--4ff9c41127--5:16|172,00000261--4ff9c41127--5,00000261,5,16|172,16|172,3,2,0.8985099700000001,0.999714363,0.4483038105,3,3,"{""DISTANCE_DIAMETER"":3}",3,0
00000261--4ff9c41127--5:16|191,00000261--4ff9c41127--5,00000261,5,16|191,16|191,2,1,0.901045051,0.901045051,0.599590897,2,2,"{""DISTANCE_DIAMETER"":2}",2,0
00000261--4ff9c41127--5:16|233,00000261--4ff9c41127--5,00000261,5,16|233,16|233,6,5,2.610528495,4.800111077,1.300107637,6,6,"{""DISTANCE_DIAMETER"":6}",6,0
00000261--4ff9c41127--5:23|74,00000261--4ff9c41127--5,00000261,5,23|74,23|74,3,3,1.050144632,1.299888602,0.70244935,3,3,"{""LATERAL_DIAMETER"":2,""LATERAL_GROWTH"":1}",3,0
00000261--4ff9c41127--5:283|285,00000261--4ff9c41127--5,00000261,5,283|285,283|285,4,3,3.210030656,3.909698591,3.01037399,4,4,"{""DISTANCE_DIAMETER"":4}",4,0
00000261--4ff9c41127--5:43|192,00000261--4ff9c41127--5,00000261,5,43|192,43|192,2,1,3.899601571,3.899601571,3.699496253,2,2,"{""DISTANCE_DIAMETER"":2}",2,0
00000261--4ff9c41127--5:93|154,00000261--4ff9c41127--5,00000261,5,93|154,93|154,2,1,1.7993499,1.7993499,0.599642561,2,2,"{""LATERAL_DIAMETER"":1,""LATERAL_GROWTH"":1}",2,0
00000261--4ff9c41127--6:18|21,00000261--4ff9c41127--6,00000261,6,18|21,7|18|21,4,3,1.600506722,3.499971683,1.500431532,4,4,"{""LATERAL_DIAMETER"":4}",4,0
00000261--4ff9c41127--6:338|347,00000261--4ff9c41127--6,00000261,6,338|347,338|347,2,1,0.309074969,0.309074969,0.209615551,2,2,"{""LATERAL_GROWTH"":2}",2,0
00000261--4ff9c41127--6:366|367,00000261--4ff9c41127--6,00000261,6,366|367,366|367,2,1,1.599913391,1.599913391,1.39994687,2,2,"{""LATERAL_DIAMETER"":2}",2,0
00000261--4ff9c41127--6:370|381,00000261--4ff9c41127--6,00000261,6,370|381,370|381,2,1,1.700845778,1.700845778,1.100454886,2,2,"{""DISTANCE_DIAMETER"":2}",2,0
00000261--4ff9c41127--6:75|123,00000261--4ff9c41127--6,00000261,6,75|123,75|123,4,3,0.798954527,0.801378164,0.399230778,4,4,"{""DISTANCE_DIAMETER"":4}",4,0
00000261--4ff9c41127--6:77|85,00000261--4ff9c41127--6,00000261,6,77|85,77|85;77|85|99,3,2,1.6502365234999998,2.399773887,1.4001007804999999,3,3,"{""DISTANCE_DIAMETER"":1,""DISTANCE_GROWTH"":1,""LATERAL_GROWTH"":1}",3,0
00000261--4ff9c41127--6:9|24,00000261--4ff9c41127--6,00000261,6,9|24,9|24,2,2,0.899968885,0.899968885,0.550015535,2,2,"{""DISTANCE_DIAMETER"":2}",2,0
00000261--4ff9c41127--7:123|133,00000261--4ff9c41127--7,00000261,7,123|133,123|133,2,1,1.099709184,1.099709184,0.900330475,2,2,"{""DISTANCE_DIAMETER"":2}",2,0
00000261--4ff9c41127--7:124|127,00000261--4ff9c41127--7,00000261,7,124|127,124|127,2,1,1.199249496,1.199249496,0.799663046,2,2,"{""DISTANCE_DIAMETER"":2}",2,0
00000261--4ff9c41127--7:14|21,00000261--4ff9c41127--7,00000261,7,14|21,14|21;14|21|24,2,1,0.211224786,0.211224786,0.387766165,2,2,"{""LATERAL_GROWTH"":2}",2,0
00000261--4ff9c41127--7:437|442,00000261--4ff9c41127--7,00000261,7,437|442,437|442,2,2,0.199595708,0.199595708,0.1496526025,2,2,"{""LATERAL_GROWTH"":2}",2,0
00000261--4ff9c41127--8:167|177,00000261--4ff9c41127--8,00000261,8,167|177,167|168|177;167|177,2,0,0.59809411,0.59809411,,1,2,"{""DISTANCE_DIAMETER"":2}",2,0
00000261--4ff9c41127--8:287|289,00000261--4ff9c41127--8,00000261,8,287|289,287|289,3,2,1.0497322735,1.299583589,0.9497750220000001,3,3,"{""DISTANCE_DIAMETER"":3}",3,0
00000261--4ff9c41127--8:47|65,00000261--4ff9c41127--8,00000261,8,47|65,47|65,2,1,1.399923732,1.399923732,0.499898958,2,2,"{""DISTANCE_DIAMETER"":1,""LATERAL_GROWTH"":1}",2,0
00000261--4ff9c41127--8:498|506,00000261--4ff9c41127--8,00000261,8,498|506,498|506,2,1,1.50062034,1.50062034,1.399917476,2,2,"{""DISTANCE_DIAMETER"":1,""DISTANCE_GROWTH"":1}",2,0
00000261--4ff9c41127--8:80|101,00000261--4ff9c41127--8,00000261,8,80|101,80|101,2,2,3.400168785,3.400168785,1.399881516,2,2,"{""DISTANCE_GROWTH"":1,""LATERAL_DIAMETER"":1}",2,0
00000261--4ff9c41127--8:80|106,00000261--4ff9c41127--8,00000261,8,80|106,80|106,2,1,1.499850625,1.499850625,1.399590381,2,2,"{""DISTANCE_DIAMETER"":2}",2,0
00000261--4ff9c41127--8:82|83,00000261--4ff9c41127--8,00000261,8,82|83,82|83,2,2,0.399199115,0.399199115,2.2998759335,2,2,"{""LATERAL_DIAMETER"":2}",2,0
00000261--4ff9c41127--8:86|87,00000261--4ff9c41127--8,00000261,8,86|87,86|87,6,5,0.30076397,2.299834946,0.199787471,6,6,"{""LATERAL_DIAMETER"":2,""LATERAL_GROWTH"":4}",6,0
00000261--4ff9c41127--9:373|405,00000261--4ff9c41127--9,00000261,9,373|405,373|405,2,1,2.49066247,2.49066247,1.39980437,0,0,"{""LATERAL_DIAMETER"":1,""LATERAL_GROWTH"":1}",2,0
00000261--4ff9c41127--9:374|405,00000261--4ff9c41127--9,00000261,9,374|405,373|374|405;374|405,3,2,2.3011747775,3.199960406,0.599505409,2,2,"{""DISTANCE_DIAMETER"":1,""LATERAL_GROWTH"":2}",3,0
00000261--4ff9c41127--9:401|457,00000261--4ff9c41127--9,00000261,9,401|457,401|457,2,1,1.090095919,1.090095919,0.390063991,1,1,"{""DISTANCE_GROWTH"":1,""LATERAL_DIAMETER"":1}",2,0
00000261--4ff9c41127--9:420|479,00000261--4ff9c41127--9,00000261,9,420|479,420|479,2,1,0.999031652,0.999031652,0.899469117,2,2,"{""DISTANCE_DIAMETER"":2}",2,0
00000261--4ff9c41127--9:439|517,00000261--4ff9c41127--9,00000261,9,439|517,416|439|517,2,2,0.599981041,0.599981041,0.49498217050000004,2,1,"{""DISTANCE_DIAMETER"":2}",2,0
00000264--31b802e87a--1:128|138,00000264--31b802e87a--1,00000264,1,128|138,128|138,2,1,1.300613364,1.300613364,1.099602332,1,1,"{""DISTANCE_DIAMETER"":1,""LATERAL_DIAMETER"":1}",2,0
00000264--31b802e87a--1:167|174,00000264--31b802e87a--1,00000264,1,167|174,167|174,2,1,0.500518962,0.500518962,0.40037083,1,2,"{""LATERAL_DIAMETER"":1,""LATERAL_GROWTH"":1}",2,0
00000264--31b802e87a--1:190|200,00000264--31b802e87a--1,00000264,1,190|200,190|200,5,5,0.6998665390000001,1.209807778,0.299894792,4,4,"{""DISTANCE_GROWTH"":1,""LATERAL_DIAMETER"":1,""LATERAL_GROWTH"":3}",5,0
00000264--31b802e87a--1:320|321,00000264--31b802e87a--1,00000264,1,320|321,320|321,2,2,0.600626182,0.600626182,0.300724309,2,2,"{""DISTANCE_DIAMETER"":2}",2,0
00000264--31b802e87a--12:79|81,00000264--31b802e87a--12,00000264,12,79|81,79|81,2,2,0.49938492,0.49938492,0.1507815285,2,2,"{""DISTANCE_GROWTH"":2}",2,0
00000264--31b802e87a--14:190|219,00000264--31b802e87a--14,00000264,14,190|219,190|219,4,3,1.50037703,1.999820962,0.600027193,3,3,"{""DISTANCE_DIAMETER"":3,""LATERAL_GROWTH"":1}",4,0
00000264--31b802e87a--14:239|248,00000264--31b802e87a--14,00000264,14,239|248,239|248,4,3,1.490890111,1.599417497,0.309362289,4,4,"{""LATERAL_DIAMETER"":3,""OTHER_STATIONARY_MOVING"":1}",4,0
00000264--31b802e87a--16:340|359,00000264--31b802e87a--16,00000264,16,340|359,340|359,2,1,1.299640712,1.299640712,0.600065982,2,2,"{""DISTANCE_DIAMETER"":2}",2,0
00000264--31b802e87a--17:349|353,00000264--31b802e87a--17,00000264,17,349|353,349|353,2,1,1.690485419,1.690485419,0.699754281,2,2,"{""DISTANCE_DIAMETER"":2}",2,0
00000264--31b802e87a--17:418|428,00000264--31b802e87a--17,00000264,17,418|428,418|428,2,1,0.500011183,0.500011183,0.299998541,2,2,"{""DISTANCE_DIAMETER"":2}",2,0
00000264--31b802e87a--18:252|254,00000264--31b802e87a--18,00000264,18,252|254,252|254,2,1,1.900400885,1.900400885,1.0011264,2,2,"{""DISTANCE_DIAMETER"":2}",2,0
00000264--31b802e87a--18:308|318,00000264--31b802e87a--18,00000264,18,308|318,308|318,2,1,0.700081396,0.700081396,0.299725031,2,2,"{""DISTANCE_DIAMETER"":2}",2,0
00000264--31b802e87a--18:46|47,00000264--31b802e87a--18,00000264,18,46|47,46|47,2,1,0.399550237,0.399550237,0.299967137,2,2,"{""LATERAL_DIAMETER"":2}",2,0
00000264--31b802e87a--18:6|31,00000264--31b802e87a--18,00000264,18,6|31,6|31,2,1,0.302297753,0.302297753,0.100663283,2,2,"{""DISTANCE_DIAMETER"":1,""DISTANCE_GROWTH"":1}",2,0
00000264--31b802e87a--2:2|49,00000264--31b802e87a--2,00000264,2,2|49,2|49;2|49|54,5,3,5.0558212575,9.100181335,2.909959123,5,4,"{""DISTANCE_DIAMETER"":4,""DISTANCE_GROWTH"":1}",5,0
00000264--31b802e87a--2:49|190,00000264--31b802e87a--2,00000264,2,49|190,49|190,6,5,2.500319564,10.499529592,1.000153202,6,6,"{""LATERAL_DIAMETER"":6}",6,0
00000264--31b802e87a--20:273|290,00000264--31b802e87a--20,00000264,20,273|290,273|290,2,1,1.399574036,1.399574036,1.300270928,2,2,"{""DISTANCE_DIAMETER"":1,""LATERAL_DIAMETER"":1}",2,0
00000264--31b802e87a--20:515|531,00000264--31b802e87a--20,00000264,20,515|531,514|515|531;515|531,2,1,2.100085707,2.100085707,0.999784563,2,2,"{""DISTANCE_DIAMETER"":1,""LATERAL_GROWTH"":1}",2,0
00000264--31b802e87a--21:151|177,00000264--31b802e87a--21,00000264,21,151|177,151|177,2,1,0.499532279,0.499532279,0.299613539,0,2,"{""DISTANCE_GROWTH"":2}",2,0
00000264--31b802e87a--21:18|23,00000264--31b802e87a--21,00000264,21,18|23,18|23,2,1,2.199516042,2.199516042,1.500018988,1,2,"{""DISTANCE_DIAMETER"":2}",2,0
00000264--31b802e87a--21:542|544,00000264--31b802e87a--21,00000264,21,542|544,542|544,2,2,2.200147306,2.200147306,0.4502755305,1,2,"{""DISTANCE_DIAMETER"":2}",2,0
00000264--31b802e87a--21:564|568,00000264--31b802e87a--21,00000264,21,564|568,564|568,2,1,2.299389565,2.299389565,0.901644025,2,2,"{""DISTANCE_DIAMETER"":1,""DISTANCE_GROWTH"":1}",2,0
00000264--31b802e87a--21:566|567,00000264--31b802e87a--21,00000264,21,566|567,566|567,3,2,0.7002002045,1.200862661,0.200305869,3,3,"{""DISTANCE_DIAMETER"":2,""LATERAL_GROWTH"":1}",3,0
00000264--31b802e87a--21:569|571,00000264--31b802e87a--21,00000264,21,569|571,569|571,3,2,1.100290508,1.400349378,0.649834205,2,3,"{""DISTANCE_DIAMETER"":2,""DISTANCE_GROWTH"":1}",3,0
00000264--31b802e87a--21:71|78,00000264--31b802e87a--21,00000264,21,71|78,71|78,2,1,1.801351427,1.801351427,1.499623417,2,2,"{""DISTANCE_DIAMETER"":2}",2,0
00000264--31b802e87a--22:123|437,00000264--31b802e87a--22,00000264,22,123|437,123|437,4,4,0.699672167,0.701329098,0.39970844699999997,4,4,"{""DISTANCE_DIAMETER"":1,""LATERAL_DIAMETER"":2,""LATERAL_GROWTH"":1}",4,0
00000264--31b802e87a--22:628|637,00000264--31b802e87a--22,00000264,22,628|637,628|637,2,2,1.499816206,1.499816206,0.6507537274999999,2,2,"{""DISTANCE_DIAMETER"":1,""DISTANCE_GROWTH"":1}",2,0
00000264--31b802e87a--24:156|157,00000264--31b802e87a--24,00000264,24,156|157,156|157,2,1,1.001201848,1.001201848,0.499837207,2,2,"{""DISTANCE_DIAMETER"":2}",2,0
00000264--31b802e87a--24:203|219,00000264--31b802e87a--24,00000264,24,203|219,203|219,2,1,2.301798888,2.301798888,1.700731182,1,2,"{""LATERAL_DIAMETER"":2}",2,0
00000264--31b802e87a--24:384|410,00000264--31b802e87a--24,00000264,24,384|410,384|410,2,2,0.798509186,0.798509186,0.8490038645,1,2,"{""DISTANCE_DIAMETER"":2}",2,0
00000264--31b802e87a--24:419|423,00000264--31b802e87a--24,00000264,24,419|423,419|423,2,1,0.409593918,0.409593918,0.308833004,0,2,"{""DISTANCE_DIAMETER"":2}",2,0
00000264--31b802e87a--25:310|317,00000264--31b802e87a--25,00000264,25,310|317,310|317,2,1,0.501527031,0.501527031,0.100939952,2,2,"{""LATERAL_DIAMETER"":1,""LATERAL_GROWTH"":1}",2,0
00000264--31b802e87a--25:380|385,00000264--31b802e87a--25,00000264,25,380|385,380|385,2,1,21.100210518,21.100210518,0.702081401,0,1,"{""LATERAL_GROWTH"":2}",2,0
00000264--31b802e87a--25:380|437,00000264--31b802e87a--25,00000264,25,380|437,380|437,2,1,0.898807049,0.898807049,0.798932054,1,1,"{""DISTANCE_DIAMETER"":1,""DISTANCE_GROWTH"":1}",2,0
00000264--31b802e87a--25:426|429,00000264--31b802e87a--25,00000264,25,426|429,426|429,2,1,2.499357115,2.499357115,0.299990638,2,2,"{""DISTANCE_DIAMETER"":1,""LATERAL_GROWTH"":1}",2,0
00000264--31b802e87a--27:22|33,00000264--31b802e87a--27,00000264,27,22|33,22|33,17,17,1.350213356,9.900034791,0.599398373,17,17,"{""LATERAL_DIAMETER"":17}",17,0
00000264--31b802e87a--28:152|153,00000264--31b802e87a--28,00000264,28,152|153,152|153,2,2,0.499879242,0.499879242,0.2000778225,1,2,"{""DISTANCE_GROWTH"":2}",2,0
00000264--31b802e87a--28:1|18,00000264--31b802e87a--28,00000264,28,1|18,1|18,3,3,0.39956257949999996,0.498932671,0.298906687,3,3,"{""DISTANCE_GROWTH"":1,""LATERAL_GROWTH"":2}",3,0
00000264--31b802e87a--28:3|5,00000264--31b802e87a--28,00000264,28,3|5,3|5|6,4,4,2.80968599,4.289838129,2.395222206,4,3,"{""LATERAL_DIAMETER"":4}",4,0
00000264--31b802e87a--28:3|6,00000264--31b802e87a--28,00000264,28,3|6,3|6|18,3,2,0.59984176,0.599972026,0.3508338795,3,3,"{""LATERAL_DIAMETER"":3}",3,0
00000264--31b802e87a--28:5|6,00000264--31b802e87a--28,00000264,28,5|6,3|5|6;3|5|6|18,3,2,4.100034881,6.499483329,3.9502544855,2,3,"{""LATERAL_DIAMETER"":2,""LATERAL_GROWTH"":1}",3,0
00000264--31b802e87a--29:247|251,00000264--31b802e87a--29,00000264,29,247|251,247|251;247|251|255,2,1,1.499413308,1.499413308,0.498197294,0,2,"{""DISTANCE_GROWTH"":1,""LATERAL_GROWTH"":1}",2,0
00000264--31b802e87a--29:311|316,00000264--31b802e87a--29,00000264,29,311|316,311|316,2,1,2.800703234,2.800703234,1.900242912,2,2,"{""LATERAL_DIAMETER"":2}",2,0
00000264--31b802e87a--29:57|65,00000264--31b802e87a--29,00000264,29,57|65,57|65,2,1,1.400032099,1.400032099,0.802911204,2,2,"{""LATERAL_DIAMETER"":1,""LATERAL_GROWTH"":1}",2,0
00000264--31b802e87a--3:121|133,00000264--31b802e87a--3,00000264,3,121|133,121|126|133;121|133,2,0,1.089612957,1.089612957,,2,2,"{""LATERAL_DIAMETER"":1,""LATERAL_GROWTH"":1}",2,0
00000264--31b802e87a--3:231|232,00000264--31b802e87a--3,00000264,3,231|232,231|232,2,2,0.198612058,0.198612058,1.7447560275,2,2,"{""LATERAL_GROWTH"":2}",2,0
00000264--31b802e87a--3:4|5,00000264--31b802e87a--3,00000264,3,4|5,4|5,6,6,1.199931931,4.100212153,1.5496451565,6,6,"{""LATERAL_DIAMETER"":6}",6,0
00000264--31b802e87a--30:195|291,00000264--31b802e87a--30,00000264,30,195|291,195|291,2,1,0.501266426,0.501266426,0.291190804,2,2,"{""DISTANCE_DIAMETER"":2}",2,0
00000264--31b802e87a--30:218|223,00000264--31b802e87a--30,00000264,30,218|223,218|223,2,1,1.400419699,1.400419699,0.392399165,2,2,"{""LATERAL_DIAMETER"":1,""LATERAL_GROWTH"":1}",2,0
00000264--31b802e87a--30:335|341,00000264--31b802e87a--30,00000264,30,335|341,335|341,3,3,2.2038015395,3.499562318,0.300074521,3,3,"{""LATERAL_GROWTH"":3}",3,0
00000264--31b802e87a--30:417|440,00000264--31b802e87a--30,00000264,30,417|440,417|440,3,3,2.1499464675,2.499796053,1.699857152,3,3,"{""LATERAL_DIAMETER"":3}",3,0
00000264--31b802e87a--31:161|168,00000264--31b802e87a--31,00000264,31,161|168,161|168,3,3,0.5499284185,0.899088684,0.100877397,3,3,"{""DISTANCE_DIAMETER"":1,""DISTANCE_GROWTH"":2}",3,0
00000264--31b802e87a--31:2|18,00000264--31b802e87a--31,00000264,31,2|18,2|18,2,2,1.098432023,1.098432023,0.5000770805,1,1,"{""DISTANCE_GROWTH"":1,""LATERAL_DIAMETER"":1}",2,0
00000264--31b802e87a--31:321|361,00000264--31b802e87a--31,00000264,31,321|361,321|325|361;321|361,2,1,0.700136186,0.700136186,0.499386773,2,2,"{""DISTANCE_DIAMETER"":2}",2,0
00000264--31b802e87a--31:328|330,00000264--31b802e87a--31,00000264,31,328|330,328|330,2,1,1.800280986,1.800280986,0.200195485,2,2,"{""DISTANCE_GROWTH"":1,""LATERAL_GROWTH"":1}",2,0
00000264--31b802e87a--31:390|396,00000264--31b802e87a--31,00000264,31,390|396,390|396,2,1,0.79939796,0.79939796,0.700090167,1,1,"{""DISTANCE_GROWTH"":1,""LATERAL_DIAMETER"":1}",2,0
00000264--31b802e87a--31:41|45,00000264--31b802e87a--31,00000264,31,41|45,41|45,2,2,4.000079789,4.000079789,0.6496579685,1,2,"{""DISTANCE_DIAMETER"":2}",2,0
00000264--31b802e87a--31:42|43,00000264--31b802e87a--31,00000264,31,42|43,42|43,2,2,4.79963787,4.79963787,1.599889113,2,2,"{""DISTANCE_DIAMETER"":2}",2,0
00000264--31b802e87a--32:13|23,00000264--31b802e87a--32,00000264,32,13|23,13|23,2,1,0.200406899,0.200406899,0.100740415,2,2,"{""LATERAL_GROWTH"":2}",2,0
00000264--31b802e87a--32:148|217,00000264--31b802e87a--32,00000264,32,148|217,148|217,3,3,1.599901374,2.800045164,1.500649938,3,3,"{""LATERAL_DIAMETER"":3}",3,0
00000264--31b802e87a--32:321|472,00000264--31b802e87a--32,00000264,32,321|472,321|451|472;321|472,5,4,1.2507639225,1.600509679,1.10095093,5,4,"{""DISTANCE_DIAMETER"":5}",5,0
00000264--31b802e87a--32:342|357,00000264--31b802e87a--32,00000264,32,342|357,342|357,2,2,0.60164253,0.60164253,0.3494848615,2,2,"{""LATERAL_DIAMETER"":2}",2,0
00000264--31b802e87a--32:355|448,00000264--31b802e87a--32,00000264,32,355|448,355|448,5,4,1.300176067,2.498023208,0.8012134774999999,5,5,"{""LATERAL_DIAMETER"":5}",5,0
00000264--31b802e87a--32:37|84,00000264--31b802e87a--32,00000264,32,37|84,37|84,6,5,2.899642386,7.899788302,1.100098351,6,6,"{""LATERAL_DIAMETER"":6}",6,0
00000264--31b802e87a--32:430|435,00000264--31b802e87a--32,00000264,32,430|435,430|435,2,1,1.199875514,1.199875514,0.300405525,2,2,"{""LATERAL_GROWTH"":2}",2,0
00000264--31b802e87a--32:460|516,00000264--31b802e87a--32,00000264,32,460|516,460|516,2,1,0.801644463,0.801644463,0.400041449,2,2,"{""LATERAL_DIAMETER"":2}",2,0
00000264--31b802e87a--32:549|575,00000264--31b802e87a--32,00000264,32,549|575,321|549|575,2,1,1.399355112,1.399355112,1.299782915,2,1,"{""DISTANCE_DIAMETER"":2}",2,0
00000264--31b802e87a--32:59|148,00000264--31b802e87a--32,00000264,32,59|148,59|148,2,1,3.999620064,3.999620064,3.700482886,2,2,"{""LATERAL_DIAMETER"":2}",2,0
00000264--31b802e87a--32:7|51,00000264--31b802e87a--32,00000264,32,7|51,7|24|51,2,1,1.299986667,1.299986667,0.899867632,2,1,"{""DISTANCE_DIAMETER"":2}",2,0
00000264--31b802e87a--32:7|87,00000264--31b802e87a--32,00000264,32,7|87,7|24|87;7|87,6,5,2.600050492,4.999757574,1.899400733,5,5,"{""DISTANCE_DIAMETER"":6}",6,0
00000264--31b802e87a--32:87|321,00000264--31b802e87a--32,00000264,32,87|321,87|321;87|321|451,6,5,1.399573142,2.699660525,1.202006952,6,6,"{""DISTANCE_DIAMETER"":6}",6,0
00000264--31b802e87a--33:18|27,00000264--31b802e87a--33,00000264,33,18|27,18|27,2,1,3.500279526,3.500279526,2.801604073,2,2,"{""LATERAL_DIAMETER"":2}",2,0
00000264--31b802e87a--33:20|365,00000264--31b802e87a--33,00000264,33,20|365,20|365,2,1,2.099961512,2.099961512,1.999461578,2,2,"{""DISTANCE_DIAMETER"":2}",2,0
00000264--31b802e87a--33:26|60,00000264--31b802e87a--33,00000264,33,26|60,26|60,5,4,1.206380298,2.088413348,0.350504533,4,4,"{""LATERAL_DIAMETER"":2,""LATERAL_GROWTH"":3}",5,0
00000264--31b802e87a--33:630|822,00000264--31b802e87a--33,00000264,33,630|822,630|818|822;630|822,2,0,0.600408513,0.600408513,,2,2,"{""LATERAL_GROWTH"":2}",2,0
00000264--31b802e87a--33:677|695,00000264--31b802e87a--33,00000264,33,677|695,677|695,3,2,4.250125427,6.299986775,3.499653954,3,3,"{""LATERAL_DIAMETER"":3}",3,0
00000264--31b802e87a--34:139|162,00000264--31b802e87a--34,00000264,34,139|162,139|162,2,2,0.199960173,0.199960173,0.7992914215,2,2,"{""LATERAL_DIAMETER"":1,""LATERAL_GROWTH"":1}",2,0
00000264--31b802e87a--34:326|328,00000264--31b802e87a--34,00000264,34,326|328,326|328|346,2,1,1.39995744,1.39995744,1.1005544,2,2,"{""DISTANCE_DIAMETER"":1,""LATERAL_DIAMETER"":1}",2,0
00000264--31b802e87a--34:566|570,00000264--31b802e87a--34,00000264,34,566|570,566|570,2,1,0.901356449,0.901356449,0.801344728,2,2,"{""LATERAL_DIAMETER"":1,""LATERAL_GROWTH"":1}",2,0
00000264--31b802e87a--35:156|160,00000264--31b802e87a--35,00000264,35,156|160,156|160;156|160|163,2,0,1.199974419,1.199974419,,1,0,"{""LATERAL_DIAMETER"":1,""LATERAL_GROWTH"":1}",2,0
00000264--31b802e87a--35:241|264,00000264--31b802e87a--35,00000264,35,241|264,241|264|265,2,2,1.600009511,1.600009511,0.200274009,2,1,"{""LATERAL_GROWTH"":2}",2,0
00000264--31b802e87a--35:275|277,00000264--31b802e87a--35,00000264,35,275|277,275|277|278,2,2,0.398721361,0.398721361,0.3007668785,2,2,"{""LATERAL_GROWTH"":2}",2,0
00000264--31b802e87a--38:126|130,00000264--31b802e87a--38,00000264,38,126|130,126|130,2,2,1.800284831,1.800284831,0.34941467800000003,2,2,"{""DISTANCE_GROWTH"":1,""LATERAL_GROWTH"":1}",2,0
00000264--31b802e87a--38:134|135,00000264--31b802e87a--38,00000264,38,134|135,134|135,2,2,6.299660565,6.299660565,0.7997278925,2,2,"{""DISTANCE_DIAMETER"":2}",2,0
00000264--31b802e87a--38:238|241,00000264--31b802e87a--38,00000264,38,238|241,238|241|242,2,1,1.198897668,1.198897668,0.299264169,2,1,"{""DISTANCE_DIAMETER"":2}",2,0
00000264--31b802e87a--38:266|271,00000264--31b802e87a--38,00000264,38,266|271,266|271,2,1,1.299521135,1.299521135,0.498820375,2,2,"{""LATERAL_DIAMETER"":2}",2,0
00000264--31b802e87a--38:342|344,00000264--31b802e87a--38,00000264,38,342|344,342|344,2,1,2.301050544,2.301050544,0.600585595,2,2,"{""LATERAL_DIAMETER"":2}",2,0
00000264--31b802e87a--38:55|109,00000264--31b802e87a--38,00000264,38,55|109,55|109,2,1,0.797728765,0.797728765,0.597447079,2,2,"{""DISTANCE_DIAMETER"":2}",2,0
00000264--31b802e87a--38:606|611,00000264--31b802e87a--38,00000264,38,606|611,606|611,2,1,2.200204974,2.200204974,0.299970598,2,2,"{""DISTANCE_DIAMETER"":2}",2,0
00000264--31b802e87a--39:128|131,00000264--31b802e87a--39,00000264,39,128|131,128|131,2,2,0.300063007,0.300063007,0.150716037,1,2,"{""LATERAL_GROWTH"":2}",2,0
00000264--31b802e87a--39:276|278,00000264--31b802e87a--39,00000264,39,276|278,276|278|303,2,1,1.500334348,1.500334348,0.399496828,2,2,"{""DISTANCE_DIAMETER"":2}",2,0
00000264--31b802e87a--39:44|92,00000264--31b802e87a--39,00000264,39,44|92,44|75|92;44|92,3,2,0.6499115605,0.800065195,0.4000894315,3,2,"{""DISTANCE_DIAMETER"":3}",3,0
00000264--31b802e87a--39:472|541,00000264--31b802e87a--39,00000264,39,472|541,472|541,2,1,0.491271714,0.491271714,0.400368045,2,2,"{""DISTANCE_DIAMETER"":2}",2,0
00000264--31b802e87a--39:513|586,00000264--31b802e87a--39,00000264,39,513|586,513|586,2,1,1.099722616,1.099722616,0.39927176,2,2,"{""DISTANCE_DIAMETER"":2}",2,0
00000264--31b802e87a--39:557|560,00000264--31b802e87a--39,00000264,39,557|560,557|560;557|560|564,2,2,0.590892509,0.590892509,0.5048445705,2,1,"{""LATERAL_DIAMETER"":1,""LATERAL_GROWTH"":1}",2,0
00000264--31b802e87a--39:562|627,00000264--31b802e87a--39,00000264,39,562|627,562|627;562|627|642,2,0,1.109369224,1.109369224,,2,2,"{""DISTANCE_DIAMETER"":1,""LATERAL_GROWTH"":1}",2,0
00000264--31b802e87a--39:57|61,00000264--31b802e87a--39,00000264,39,57|61,57|61,2,1,1.400689023,1.400689023,0.100372863,1,1,"{""LATERAL_DIAMETER"":1,""LATERAL_GROWTH"":1}",2,0
00000264--31b802e87a--39:638|685,00000264--31b802e87a--39,00000264,39,638|685,638|683|685;638|685,2,0,1.199410435,1.199410435,,2,1,"{""LATERAL_GROWTH"":2}",2,0
00000264--31b802e87a--40:114|123,00000264--31b802e87a--40,00000264,40,114|123,114|123;114|123|148,3,3,1.1999265525,1.899059239,0.299916479,2,3,"{""LATERAL_DIAMETER"":1,""LATERAL_GROWTH"":2}",3,0
00000264--31b802e87a--40:114|148,00000264--31b802e87a--40,00000264,40,114|148,114|123|148,2,2,1.499455345,1.499455345,0.149121472,2,2,"{""LATERAL_GROWTH"":2}",2,0
00000264--31b802e87a--40:208|220,00000264--31b802e87a--40,00000264,40,208|220,208|220,2,1,2.200756839,2.200756839,1.401684413,1,1,"{""LATERAL_DIAMETER"":2}",2,0
00000264--31b802e87a--40:209|210,00000264--31b802e87a--40,00000264,40,209|210,209|210;209|210|219,2,1,3.300084539,3.300084539,2.499848897,1,2,"{""DISTANCE_DIAMETER"":1,""LATERAL_GROWTH"":1}",2,0
00000264--31b802e87a--40:21|28,00000264--31b802e87a--40,00000264,40,21|28,21|28;21|28|34,2,1,1.191826477,1.191826477,0.407468238,2,2,"{""DISTANCE_GROWTH"":1,""LATERAL_GROWTH"":1}",2,0
00000264--31b802e87a--40:220|240,00000264--31b802e87a--40,00000264,40,220|240,220|240;220|240|259,2,1,2.799940292,2.799940292,1.800156197,1,1,"{""LATERAL_DIAMETER"":1,""LATERAL_GROWTH"":1}",2,0
00000264--31b802e87a--40:220|256,00000264--31b802e87a--40,00000264,40,220|256,220|240|256;220|256|260,2,0,3.100136869,3.100136869,,2,2,"{""LATERAL_GROWTH"":2}",2,0
00000264--31b802e87a--40:220|269,00000264--31b802e87a--40,00000264,40,220|269,220|269,2,1,0.500664249,0.500664249,0.300564587,1,2,"{""DISTANCE_DIAMETER"":1,""LATERAL_DIAMETER"":1}",2,0
00000264--31b802e87a--40:36|41,00000264--31b802e87a--40,00000264,40,36|41,36|41;36|41|54,2,1,1.098327572,1.098327572,0.198161142,2,2,"{""LATERAL_DIAMETER"":1,""LATERAL_GROWTH"":1}",2,0
00000264--31b802e87a--40:374|411,00000264--31b802e87a--40,00000264,40,374|411,374|411,2,1,1.501030865,1.501030865,0.499668866,2,2,"{""LATERAL_DIAMETER"":2}",2,0
00000264--31b802e87a--40:401|421,00000264--31b802e87a--40,00000264,40,401|421,401|421,2,1,0.499637561,0.499637561,0.399641636,2,2,"{""LATERAL_DIAMETER"":2}",2,0
00000264--31b802e87a--41:1|70,00000264--31b802e87a--41,00000264,41,1|70,1|3|70;1|70,2,1,0.600077177,0.600077177,1.299944679,2,2,"{""DISTANCE_DIAMETER"":1,""OTHER_STATIONARY_MOVING"":1}",2,0
00000264--31b802e87a--5:279|321,00000264--31b802e87a--5,00000264,5,279|321,279|321,2,1,0.500679229,0.500679229,0.401980334,2,2,"{""DISTANCE_DIAMETER"":1,""DISTANCE_GROWTH"":1}",2,0
00000264--31b802e87a--5:32|107,00000264--31b802e87a--5,00000264,5,32|107,32|107;32|107|109,2,1,0.798804176,0.798804176,0.599359905,2,2,"{""LATERAL_DIAMETER"":1,""LATERAL_GROWTH"":1}",2,0
00000264--31b802e87a--5:459|537,00000264--31b802e87a--5,00000264,5,459|537,459|526|537,2,2,0.400081302,0.400081302,0.550004586,2,1,"{""DISTANCE_DIAMETER"":2}",2,0
00000264--31b802e87a--6:214|220,00000264--31b802e87a--6,00000264,6,214|220,214|220,2,1,0.899653548,0.899653548,0.099746584,2,2,"{""DISTANCE_DIAMETER"":1,""LATERAL_GROWTH"":1}",2,0
00000264--31b802e87a--7:377|397,00000264--31b802e87a--7,00000264,7,377|397,377|397,2,1,1.198836859,1.198836859,1.098892938,2,2,"{""LATERAL_DIAMETER"":1,""LATERAL_GROWTH"":1}",2,0
00000264--31b802e87a--8:81|83,00000264--31b802e87a--8,00000264,8,81|83,81|83,2,1,0.800286104,0.800286104,0.500350642,2,2,"{""DISTANCE_DIAMETER"":2}",2,0
00000266--f9c40304ea--0:112|122,00000266--f9c40304ea--0,00000266,0,112|122,112|122,2,2,0.299267401,0.299267401,0.14959603700000002,1,2,"{""DISTANCE_GROWTH"":2}",2,0
00000266--f9c40304ea--0:139|141,00000266--f9c40304ea--0,00000266,0,139|141,138|139|141,2,1,1.100821391,1.100821391,1.000489562,2,2,"{""DISTANCE_DIAMETER"":2}",2,0
00000266--f9c40304ea--0:166|180,00000266--f9c40304ea--0,00000266,0,166|180,166|180,2,1,0.299713353,0.299713353,0.200752683,1,2,"{""LATERAL_DIAMETER"":1,""LATERAL_GROWTH"":1}",2,0
00000266--f9c40304ea--0:168|188,00000266--f9c40304ea--0,00000266,0,168|188,168|188,2,1,0.497736768,0.497736768,0.29835655,1,2,"{""LATERAL_GROWTH"":2}",2,0
00000266--f9c40304ea--0:251|269,00000266--f9c40304ea--0,00000266,0,251|269,251|269,2,1,1.102516335,1.102516335,0.800413105,2,2,"{""LATERAL_DIAMETER"":1,""LATERAL_GROWTH"":1}",2,0
00000266--f9c40304ea--0:256|264,00000266--f9c40304ea--0,00000266,0,256|264,256|264;256|264|268,2,0,2.779607187,2.779607187,,1,0,"{""LATERAL_DIAMETER"":1,""LATERAL_GROWTH"":1}",2,0
00000266--f9c40304ea--0:361|369,00000266--f9c40304ea--0,00000266,0,361|369,361|369;361|369|377,2,1,0.599978862,0.599978862,0.301242342,2,1,"{""DISTANCE_DIAMETER"":1,""DISTANCE_GROWTH"":1}",2,0
00000266--f9c40304ea--0:410|425,00000266--f9c40304ea--0,00000266,0,410|425,410|425;410|425|441,2,1,0.500394067,0.500394067,0.110123752,2,2,"{""DISTANCE_GROWTH"":1,""LATERAL_GROWTH"":1}",2,0
00000266--f9c40304ea--0:430|438,00000266--f9c40304ea--0,00000266,0,430|438,430|438;430|438|476,4,3,0.699933161,1.300703554,0.200857196,4,4,"{""LATERAL_DIAMETER"":2,""LATERAL_GROWTH"":2}",4,0
00000266--f9c40304ea--0:68|88,00000266--f9c40304ea--0,00000266,0,68|88,68|88,2,1,0.399425522,0.399425522,0.299667291,1,2,"{""LATERAL_DIAMETER"":2}",2,0
00000266--f9c40304ea--1:320|330,00000266--f9c40304ea--1,00000266,1,320|330,320|330,2,1,1.200391595,1.200391595,0.299950557,0,1,"{""LATERAL_DIAMETER"":2}",2,0
00000266--f9c40304ea--1:352|353,00000266--f9c40304ea--1,00000266,1,352|353,352|353;352|353|364,2,1,1.600301536,1.600301536,1.50066147,2,2,"{""LATERAL_GROWTH"":2}",2,0
00000266--f9c40304ea--1:437|441,00000266--f9c40304ea--1,00000266,1,437|441,437|441;437|441|460,2,1,0.399688522,0.399688522,0.200290263,1,1,"{""DISTANCE_GROWTH"":2}",2,0
00000266--f9c40304ea--1:461|468,00000266--f9c40304ea--1,00000266,1,461|468,461|468,2,2,1.699867204,1.699867204,0.500013734,0,0,"{""LATERAL_GROWTH"":2}",2,0
00000266--f9c40304ea--1:479|494,00000266--f9c40304ea--1,00000266,1,479|494,479|494,2,1,0.800047983,0.800047983,0.499776048,2,2,"{""DISTANCE_GROWTH"":1,""LATERAL_DIAMETER"":1}",2,0
00000266--f9c40304ea--1:535|545,00000266--f9c40304ea--1,00000266,1,535|545,535|540|545;535|545,2,0,0.999359431,0.999359431,,2,2,"{""DISTANCE_DIAMETER"":1,""LATERAL_DIAMETER"":1}",2,0
00000266--f9c40304ea--1:605|650,00000266--f9c40304ea--1,00000266,1,605|650,605|650;605|650|667,2,0,0.200657625,0.200657625,,2,2,"{""DISTANCE_DIAMETER"":1,""LATERAL_GROWTH"":1}",2,0
00000266--f9c40304ea--1:73|78,00000266--f9c40304ea--1,00000266,1,73|78,73|78,2,2,0.998321653,0.998321653,0.6495517,2,2,"{""LATERAL_GROWTH"":2}",2,0
00000266--f9c40304ea--10:131|196,00000266--f9c40304ea--10,00000266,10,131|196,131|196,2,2,4.400004279,4.400004279,0.5495535335,2,2,"{""LATERAL_GROWTH"":2}",2,0
00000266--f9c40304ea--10:19|147,00000266--f9c40304ea--10,00000266,10,19|147,1|19|147,7,7,4.1001238010000005,9.69005119,0.200358158,7,7,"{""LATERAL_GROWTH"":7}",7,0
00000266--f9c40304ea--10:427|446,00000266--f9c40304ea--10,00000266,10,427|446,427|446|457,2,2,0.300370708,0.300370708,0.149981898,2,2,"{""LATERAL_GROWTH"":2}",2,0
00000266--f9c40304ea--10:438|452,00000266--f9c40304ea--10,00000266,10,438|452,438|452;438|452|475,3,2,2.8498264795,4.800506229,1.7003398915,3,1,"{""DISTANCE_DIAMETER"":2,""DISTANCE_GROWTH"":1}",3,0
00000266--f9c40304ea--10:438|475,00000266--f9c40304ea--10,00000266,10,438|475,438|475,2,1,3.600642755,3.600642755,0.201034722,2,2,"{""DISTANCE_GROWTH"":1,""LATERAL_GROWTH"":1}",2,0
00000266--f9c40304ea--10:452|475,00000266--f9c40304ea--10,00000266,10,452|475,438|452|475;452|475,2,2,2.600862623,2.600862623,0.70083151,1,1,"{""DISTANCE_GROWTH"":1,""LATERAL_DIAMETER"":1}",2,0
00000266--f9c40304ea--10:7|19,00000266--f9c40304ea--10,00000266,10,7|19,1|7|19,2,2,3.899876727,3.899876727,0.250572415,2,2,"{""LATERAL_GROWTH"":2}",2,0
00000266--f9c40304ea--10:82|224,00000266--f9c40304ea--10,00000266,10,82|224,82|224,2,2,0.199540417,0.199540417,0.20015559300000002,2,2,"{""LATERAL_GROWTH"":2}",2,0
00000266--f9c40304ea--11:215|217,00000266--f9c40304ea--11,00000266,11,215|217,215|217,2,2,1.403071295,1.403071295,0.7989022235,1,1,"{""DISTANCE_DIAMETER"":2}",2,0
00000266--f9c40304ea--11:465|505,00000266--f9c40304ea--11,00000266,11,465|505,465|505,2,2,1.199955602,1.199955602,0.299627831,2,2,"{""DISTANCE_DIAMETER"":2}",2,0
00000266--f9c40304ea--11:572|595,00000266--f9c40304ea--11,00000266,11,572|595,572|590|595;572|595,3,2,2.300001082,3.999386465,0.34528353300000003,3,3,"{""LATERAL_GROWTH"":3}",3,0
00000266--f9c40304ea--11:606|607,00000266--f9c40304ea--11,00000266,11,606|607,606|607,2,1,0.70940765,0.70940765,0.410197596,2,2,"{""LATERAL_DIAMETER"":1,""LATERAL_GROWTH"":1}",2,0
00000266--f9c40304ea--11:606|656,00000266--f9c40304ea--11,00000266,11,606|656,606|607|656;606|656,2,0,0.390595498,0.390595498,,2,2,"{""DISTANCE_DIAMETER"":2}",2,0
00000266--f9c40304ea--11:82|83,00000266--f9c40304ea--11,00000266,11,82|83,82|83,2,1,0.699055794,0.699055794,0.298948688,2,2,"{""DISTANCE_DIAMETER"":2}",2,0
00000266--f9c40304ea--12:248|249,00000266--f9c40304ea--12,00000266,12,248|249,248|249,2,1,2.699347001,2.699347001,0.399845624,2,2,"{""LATERAL_DIAMETER"":1,""LATERAL_GROWTH"":1}",2,0
00000266--f9c40304ea--12:390|441,00000266--f9c40304ea--12,00000266,12,390|441,390|441;390|441|446,2,1,0.699995039,0.699995039,0.20010875,2,2,"{""DISTANCE_DIAMETER"":1,""LATERAL_GROWTH"":1}",2,0
00000266--f9c40304ea--12:390|446,00000266--f9c40304ea--12,00000266,12,390|446,390|446,2,2,0.500212872,0.500212872,0.1998962225,2,2,"{""LATERAL_GROWTH"":2}",2,0
00000266--f9c40304ea--12:44|58,00000266--f9c40304ea--12,00000266,12,44|58,44|58;44|58|101,2,1,1.000388461,1.000388461,0.601609195,2,1,"{""DISTANCE_DIAMETER"":2}",2,0
00000266--f9c40304ea--14:491|531,00000266--f9c40304ea--14,00000266,14,491|531,491|531,2,1,0.400001377,0.400001377,0.299088588,2,2,"{""DISTANCE_DIAMETER"":2}",2,0
00000266--f9c40304ea--14:534|536,00000266--f9c40304ea--14,00000266,14,534|536,534|536;534|536|548,3,1,0.8001235975000001,1.400292764,0.100353452,2,3,"{""DISTANCE_GROWTH"":2,""LATERAL_GROWTH"":1}",3,0
00000266--f9c40304ea--14:549|587,00000266--f9c40304ea--14,00000266,14,549|587,549|587,2,2,2.699894491,2.699894491,1.3001682214999999,2,2,"{""LATERAL_DIAMETER"":1,""LATERAL_GROWTH"":1}",2,0
00000266--f9c40304ea--14:587|627,00000266--f9c40304ea--14,00000266,14,587|627,549|587|627;587|627,2,1,2.500236921,2.500236921,2.301100632,1,2,"{""LATERAL_GROWTH"":2}",2,0
00000266--f9c40304ea--14:616|627,00000266--f9c40304ea--14,00000266,14,616|627,616|627,2,1,0.300203066,0.300203066,0.100578468,2,2,"{""LATERAL_GROWTH"":2}",2,0
00000266--f9c40304ea--14:616|665,00000266--f9c40304ea--14,00000266,14,616|665,616|665,2,1,0.299448393,0.299448393,0.201460254,2,2,"{""DISTANCE_GROWTH"":1,""LATERAL_GROWTH"":1}",2,0
00000266--f9c40304ea--14:627|650,00000266--f9c40304ea--14,00000266,14,627|650,627|650;627|650|662,2,1,1.599843265,1.599843265,0.500527365,1,1,"{""DISTANCE_GROWTH"":1,""LATERAL_DIAMETER"":1}",2,0
00000266--f9c40304ea--14:78|115,00000266--f9c40304ea--14,00000266,14,78|115,78|115,2,1,0.699805687,0.699805687,0.099393883,2,2,"{""DISTANCE_DIAMETER"":1,""DISTANCE_GROWTH"":1}",2,0
00000266--f9c40304ea--15:416|423,00000266--f9c40304ea--15,00000266,15,416|423,416|423,2,2,0.400193277,0.400193277,0.0999128965,2,2,"{""DISTANCE_GROWTH"":1,""LATERAL_GROWTH"":1}",2,0
00000266--f9c40304ea--15:626|631,00000266--f9c40304ea--15,00000266,15,626|631,626|631,3,2,0.749854464,0.900175327,0.4504331575,3,3,"{""DISTANCE_GROWTH"":1,""LATERAL_DIAMETER"":1,""LATERAL_GROWTH"":1}",3,0
00000266--f9c40304ea--16:24|25,00000266--f9c40304ea--16,00000266,16,24|25,24|25,2,2,0.198223227,0.198223227,0.2491141835,1,2,"{""LATERAL_GROWTH"":2}",2,0
00000266--f9c40304ea--16:33|47,00000266--f9c40304ea--16,00000266,16,33|47,33|47,2,1,0.600368602,0.600368602,0.499101848,1,2,"{""LATERAL_DIAMETER"":2}",2,0
00000266--f9c40304ea--17:365|380,00000266--f9c40304ea--17,00000266,17,365|380,365|380;365|380|427,2,1,0.199928414,0.199928414,0.100546455,2,2,"{""DISTANCE_GROWTH"":2}",2,0
00000266--f9c40304ea--18:129|166,00000266--f9c40304ea--18,00000266,18,129|166,129|166,2,1,2.71096855,2.71096855,0.700574591,1,1,"{""DISTANCE_DIAMETER"":1,""LATERAL_DIAMETER"":1}",2,0
00000266--f9c40304ea--18:169|176,00000266--f9c40304ea--18,00000266,18,169|176,169|176;169|176|197,4,3,3.509935881,5.499485581,0.49942257,3,3,"{""DISTANCE_DIAMETER"":1,""LATERAL_DIAMETER"":2,""LATERAL_GROWTH"":1}",4,0
00000266--f9c40304ea--18:169|197,00000266--f9c40304ea--18,00000266,18,169|197,169|197,3,2,5.4103493815,9.712378882,0.299785442,3,3,"{""LATERAL_DIAMETER"":2,""LATERAL_GROWTH"":1}",3,0
00000266--f9c40304ea--18:195|201,00000266--f9c40304ea--18,00000266,18,195|201,195|201,2,1,0.900768751,0.900768751,0.800858806,2,2,"{""LATERAL_DIAMETER"":1,""LATERAL_GROWTH"":1}",2,0
00000266--f9c40304ea--18:195|313,00000266--f9c40304ea--18,00000266,18,195|313,195|313,2,2,0.299804448,0.299804448,0.1505846495,2,2,"{""LATERAL_GROWTH"":2}",2,0
00000266--f9c40304ea--18:197|212,00000266--f9c40304ea--18,00000266,18,197|212,197|212|233;197|212|238,3,2,1.800398856,2.200633854,0.599493218,3,3,"{""LATERAL_DIAMETER"":2,""LATERAL_GROWTH"":1}",3,0
00000266--f9c40304ea--18:212|238,00000266--f9c40304ea--18,00000266,18,212|238,212|238;212|238|258,2,1,1.299271886,1.299271886,0.699325595,3,2,"{""LATERAL_GROWTH"":2}",2,0
00000266--f9c40304ea--18:212|258,00000266--f9c40304ea--18,00000266,18,212|258,212|258;212|258|295,2,1,2.699833297,2.699833297,0.501030868,2,1,"{""LATERAL_DIAMETER"":2}",2,0
00000266--f9c40304ea--18:212|263,00000266--f9c40304ea--18,00000266,18,212|263,212|263,2,1,0.798876211,0.798876211,0.499087352,1,2,"{""LATERAL_DIAMETER"":2}",2,0
00000266--f9c40304ea--18:21|43,00000266--f9c40304ea--18,00000266,18,21|43,21|43,2,1,1.201906819,1.201906819,1.102198028,2,2,"{""DISTANCE_DIAMETER"":2}",2,0
00000266--f9c40304ea--18:295|315,00000266--f9c40304ea--18,00000266,18,295|315,295|315|327,2,2,1.600561639,1.600561639,0.850132034,2,2,"{""DISTANCE_DIAMETER"":2}",2,0
00000266--f9c40304ea--18:296|309,00000266--f9c40304ea--18,00000266,18,296|309,296|309,2,1,1.099714086,1.099714086,0.899194884,1,1,"{""LATERAL_DIAMETER"":2}",2,0
00000266--f9c40304ea--19:241|254,00000266--f9c40304ea--19,00000266,19,241|254,241|254,2,2,1.00110983,1.00110983,0.7492170229999999,2,2,"{""LATERAL_DIAMETER"":1,""LATERAL_GROWTH"":1}",2,0
00000266--f9c40304ea--19:296|307,00000266--f9c40304ea--19,00000266,19,296|307,296|307;296|307|324,2,1,1.400443188,1.400443188,1.10016876,2,1,"{""LATERAL_DIAMETER"":1,""VELOCITY_DIAMETER"":1}",2,0
00000266--f9c40304ea--19:545|547,00000266--f9c40304ea--19,00000266,19,545|547,545|547,2,1,2.298829562,2.298829562,0.389913722,1,2,"{""DISTANCE_DIAMETER"":1,""LATERAL_GROWTH"":1}",2,0
00000266--f9c40304ea--2:146|165,00000266--f9c40304ea--2,00000266,2,146|165,146|165;146|165|180,2,1,1.199984518,1.199984518,0.099867698,2,1,"{""LATERAL_DIAMETER"":1,""LATERAL_GROWTH"":1}",2,0
00000266--f9c40304ea--2:151|152,00000266--f9c40304ea--2,00000266,2,151|152,151|152;151|152|176,2,1,1.0992569,1.0992569,0.498996929,1,2,"{""LATERAL_DIAMETER"":1,""LATERAL_GROWTH"":1}",2,0
00000266--f9c40304ea--2:165|180,00000266--f9c40304ea--2,00000266,2,165|180,165|180;165|180|181,3,2,2.1002581925,3.999882219,0.299797415,3,3,"{""LATERAL_DIAMETER"":1,""LATERAL_GROWTH"":2}",3,0
00000266--f9c40304ea--2:165|181,00000266--f9c40304ea--2,00000266,2,165|181,165|181;165|181|210;165|181|215;165|181|216;165|181|225,5,1,1.5047252219999998,3.720643483,0.500391337,7,4,"{""DISTANCE_DIAMETER"":1,""DISTANCE_GROWTH"":1,""LATERAL_DIAMETER"":3}",5,0
00000266--f9c40304ea--2:165|225,00000266--f9c40304ea--2,00000266,2,165|225,165|181|225;165|225,2,2,3.109967041,3.109967041,0.649430905,1,2,"{""LATERAL_DIAMETER"":2}",2,0
00000266--f9c40304ea--2:181|240,00000266--f9c40304ea--2,00000266,2,181|240,181|225|240;181|240,2,1,1.299177866,1.299177866,0.599732787,1,1,"{""DISTANCE_GROWTH"":1,""LATERAL_DIAMETER"":1}",2,0
00000266--f9c40304ea--2:3|17,00000266--f9c40304ea--2,00000266,2,3|17,3|12|17,2,2,1.699533027,1.699533027,0.44983115799999995,2,1,"{""DISTANCE_DIAMETER"":2}",2,0
00000266--f9c40304ea--2:480|484,00000266--f9c40304ea--2,00000266,2,480|484,480|484,2,1,0.199990733,0.199990733,0.09954358,1,1,"{""DISTANCE_DIAMETER"":1,""LATERAL_GROWTH"":1}",2,0
00000266--f9c40304ea--2:480|493,00000266--f9c40304ea--2,00000266,2,480|493,480|493,2,2,1.700077029,1.700077029,1.449525549,1,1,"{""LATERAL_DIAMETER"":2}",2,0
00000266--f9c40304ea--2:508|520,00000266--f9c40304ea--2,00000266,2,508|520,508|520;508|520|521,2,1,1.710129621,1.710129621,1.401017152,2,2,"{""LATERAL_DIAMETER"":2}",2,0
00000266--f9c40304ea--2:536|544,00000266--f9c40304ea--2,00000266,2,536|544,536|544,2,1,0.809483804,0.809483804,0.30951069,2,2,"{""DISTANCE_DIAMETER"":1,""LATERAL_GROWTH"":1}",2,0
00000266--f9c40304ea--20:10|340,00000266--f9c40304ea--20,00000266,20,10|340,10|340,2,2,0.300986863,0.300986863,0.15035967649999998,2,2,"{""LATERAL_GROWTH"":2}",2,0
00000266--f9c40304ea--20:10|81,00000266--f9c40304ea--20,00000266,20,10|81,10|81,2,2,0.400090547,0.400090547,0.15062983800000002,2,2,"{""LATERAL_GROWTH"":2}",2,0
00000266--f9c40304ea--20:216|273,00000266--f9c40304ea--20,00000266,20,216|273,216|273,6,5,0.90003163,2.700007953,0.80034985,6,6,"{""DISTANCE_DIAMETER"":6}",6,0
00000266--f9c40304ea--20:273|405,00000266--f9c40304ea--20,00000266,20,273|405,273|405,4,4,1.200259809,1.599991737,0.700466846,4,4,"{""DISTANCE_DIAMETER"":3,""LATERAL_GROWTH"":1}",4,0
00000266--f9c40304ea--20:39|270,00000266--f9c40304ea--20,00000266,20,39|270,39|270,5,4,2.849293835,5.900746854,0.14949574899999998,4,5,"{""DISTANCE_GROWTH"":1,""LATERAL_GROWTH"":4}",5,0
00000266--f9c40304ea--20:4|5,00000266--f9c40304ea--20,00000266,20,4|5,4|5|6,2,1,0.400854131,0.400854131,0.300561525,2,1,"{""DISTANCE_DIAMETER"":2}",2,0
00000266--f9c40304ea--21:106|110,00000266--f9c40304ea--21,00000266,21,106|110,106|110,3,3,1.250049084,1.300213314,0.60002679,3,3,"{""DISTANCE_DIAMETER"":3}",3,0
00000266--f9c40304ea--21:14|59,00000266--f9c40304ea--21,00000266,21,14|59,14|59,2,2,0.701449052,0.701449052,0.3988640345,2,2,"{""LATERAL_DIAMETER"":1,""LATERAL_GROWTH"":1}",2,0
00000266--f9c40304ea--21:269|282,00000266--f9c40304ea--21,00000266,21,269|282,269|282,2,1,1.700369092,1.700369092,0.100515881,2,2,"{""LATERAL_GROWTH"":2}",2,0
00000266--f9c40304ea--21:300|302,00000266--f9c40304ea--21,00000266,21,300|302,300|302,2,1,1.099594672,1.099594672,0.900611711,2,2,"{""LATERAL_DIAMETER"":1,""LATERAL_GROWTH"":1}",2,0
00000266--f9c40304ea--21:323|343,00000266--f9c40304ea--21,00000266,21,323|343,323|343;323|343|356,2,1,1.101902691,1.101902691,0.400695553,1,1,"{""LATERAL_GROWTH"":2}",2,0
00000266--f9c40304ea--21:323|356,00000266--f9c40304ea--21,00000266,21,323|356,323|356,2,1,1.197511736,1.197511736,0.897001023,1,2,"{""DISTANCE_DIAMETER"":1,""LATERAL_GROWTH"":1}",2,0
00000266--f9c40304ea--21:334|335,00000266--f9c40304ea--21,00000266,21,334|335,334|335,4,4,0.502296693,0.69970706,0.09991436849999999,2,2,"{""DISTANCE_GROWTH"":1,""LATERAL_GROWTH"":3}",4,0
00000266--f9c40304ea--21:335|346,00000266--f9c40304ea--21,00000266,21,335|346,334|335|346;334|335|346|359,2,1,0.601737531,0.601737531,0.300290254,2,1,"{""LATERAL_DIAMETER"":1,""LATERAL_GROWTH"":1}",2,0
00000266--f9c40304ea--21:336|337,00000266--f9c40304ea--21,00000266,21,336|337,336|337,2,2,0.801720769,0.801720769,0.7003114985000001,1,2,"{""LATERAL_DIAMETER"":1,""LATERAL_GROWTH"":1}",2,0
00000266--f9c40304ea--21:338|377,00000266--f9c40304ea--21,00000266,21,338|377,338|377,2,1,0.800481776,0.800481776,0.299970269,2,2,"{""DISTANCE_DIAMETER"":2}",2,0
00000266--f9c40304ea--21:348|355,00000266--f9c40304ea--21,00000266,21,348|355,348|355,2,1,1.499436044,1.499436044,0.698973705,2,2,"{""LATERAL_GROWTH"":2}",2,0
00000266--f9c40304ea--21:364|399,00000266--f9c40304ea--21,00000266,21,364|399,364|399,3,2,1.700099944,1.899603165,1.4502742895,3,3,"{""DISTANCE_DIAMETER"":3}",3,0
00000266--f9c40304ea--21:376|395,00000266--f9c40304ea--21,00000266,21,376|395,376|395,2,1,3.100466849,3.100466849,2.600706519,1,2,"{""LATERAL_DIAMETER"":2}",2,0
00000266--f9c40304ea--21:376|420,00000266--f9c40304ea--21,00000266,21,376|420,376|420;376|420|426,3,3,1.2501633245,1.40012661,0.299881374,2,2,"{""LATERAL_DIAMETER"":1,""LATERAL_GROWTH"":2}",3,0
00000266--f9c40304ea--21:376|426,00000266--f9c40304ea--21,00000266,21,376|426,376|420|426;376|420|426|483,2,1,0.999770731,0.999770731,0.300406695,2,1,"{""DISTANCE_GROWTH"":1,""LATERAL_GROWTH"":1}",2,0
00000266--f9c40304ea--21:407|426,00000266--f9c40304ea--21,00000266,21,407|426,407|426,2,1,0.599901167,0.599901167,0.099900181,1,2,"{""LATERAL_GROWTH"":2}",2,0
00000266--f9c40304ea--21:420|426,00000266--f9c40304ea--21,00000266,21,420|426,376|420|426,2,2,1.400760306,1.400760306,0.7000637375,2,2,"{""LATERAL_DIAMETER"":1,""LATERAL_GROWTH"":1}",2,0
00000266--f9c40304ea--21:435|486,00000266--f9c40304ea--21,00000266,21,435|486,435|483|486;435|486,2,2,1.6001028,1.6001028,0.40060593,2,2,"{""DISTANCE_GROWTH"":1,""LATERAL_GROWTH"":1}",2,0
00000266--f9c40304ea--21:451|460,00000266--f9c40304ea--21,00000266,21,451|460,451|460,2,1,1.698777383,1.698777383,1.099076077,2,2,"{""DISTANCE_DIAMETER"":2}",2,0
00000266--f9c40304ea--21:452|454,00000266--f9c40304ea--21,00000266,21,452|454,445|452|454,2,2,0.499961178,0.499961178,0.3999872135,2,2,"{""DISTANCE_DIAMETER"":2}",2,0
00000266--f9c40304ea--21:459|501,00000266--f9c40304ea--21,00000266,21,459|501,459|501,3,3,0.4000940515,0.499858686,0.40053593,3,3,"{""LATERAL_DIAMETER"":1,""LATERAL_GROWTH"":2}",3,0
00000266--f9c40304ea--21:49|56,00000266--f9c40304ea--21,00000266,21,49|56,49|56,2,2,2.101826368,2.101826368,1.199136099,1,2,"{""DISTANCE_DIAMETER"":2}",2,0
00000266--f9c40304ea--21:516|520,00000266--f9c40304ea--21,00000266,21,516|520,516|520,2,1,1.100261816,1.100261816,0.600136625,0,1,"{""LATERAL_DIAMETER"":1,""LATERAL_GROWTH"":1}",2,0
00000266--f9c40304ea--21:524|543,00000266--f9c40304ea--21,00000266,21,524|543,524|543,2,1,0.899558558,0.899558558,0.599708954,1,1,"{""DISTANCE_DIAMETER"":1,""LATERAL_DIAMETER"":1}",2,0
00000266--f9c40304ea--21:6|28,00000266--f9c40304ea--21,00000266,21,6|28,6|28,2,1,1.499997544,1.499997544,0.699915923,2,2,"{""DISTANCE_DIAMETER"":2}",2,0
00000266--f9c40304ea--22:122|131,00000266--f9c40304ea--22,00000266,22,122|131,122|131;122|131|152;87|122|131,4,2,0.599464263,1.100265925,0.650037843,1,3,"{""DISTANCE_DIAMETER"":1,""DISTANCE_GROWTH"":1,""LATERAL_DIAMETER"":1,""LATERAL_GROWTH"":1}",4,0
00000266--f9c40304ea--22:122|132,00000266--f9c40304ea--22,00000266,22,122|132,122|132;75|122|132|133,2,0,2.899849121,2.899849121,,1,1,"{""DISTANCE_DIAMETER"":1,""DISTANCE_GROWTH"":1}",2,0
00000266--f9c40304ea--22:122|133,00000266--f9c40304ea--22,00000266,22,122|133,122|133,2,1,2.600020824,2.600020824,2.3001717,1,1,"{""LATERAL_DIAMETER"":1,""LATERAL_GROWTH"":1}",2,0
00000266--f9c40304ea--22:125|131,00000266--f9c40304ea--22,00000266,22,125|131,125|131;125|131|152,3,2,0.549652817,0.599720761,0.200016126,2,3,"{""DISTANCE_DIAMETER"":1,""DISTANCE_GROWTH"":1,""LATERAL_DIAMETER"":1}",3,0
00000266--f9c40304ea--22:44|53,00000266--f9c40304ea--22,00000266,22,44|53,44|53,2,1,0.199997581,0.199997581,0.100263748,2,2,"{""LATERAL_GROWTH"":2}",2,0
00000266--f9c40304ea--22:4|12,00000266--f9c40304ea--22,00000266,22,4|12,4|12,2,1,0.799555273,0.799555273,0.30106155,1,1,"{""LATERAL_DIAMETER"":1,""LATERAL_GROWTH"":1}",2,0
00000266--f9c40304ea--22:75|84,00000266--f9c40304ea--22,00000266,22,75|84,75|84,2,1,1.300340495,1.300340495,1.200366443,0,1,"{""LATERAL_DIAMETER"":1,""LATERAL_GROWTH"":1}",2,0
00000266--f9c40304ea--22:84|121,00000266--f9c40304ea--22,00000266,22,84|121,84|121,2,1,0.400633283,0.400633283,0.300562761,2,2,"{""DISTANCE_GROWTH"":1,""LATERAL_DIAMETER"":1}",2,0
00000266--f9c40304ea--22:84|93,00000266--f9c40304ea--22,00000266,22,84|93,84|87|93;84|87|93|102,2,1,0.400341585,0.400341585,0.300849967,2,1,"{""DISTANCE_DIAMETER"":2}",2,0
00000266--f9c40304ea--22:87|122,00000266--f9c40304ea--22,00000266,22,87|122,87|122;87|122|131;87|122|132,3,2,0.450038785,0.700509061,0.300085334,3,1,"{""DISTANCE_GROWTH"":1,""LATERAL_GROWTH"":2}",3,0
00000266--f9c40304ea--3:195|200,00000266--f9c40304ea--3,00000266,3,195|200,195|200|205,2,1,0.499465464,0.499465464,0.30004699,2,1,"{""LATERAL_DIAMETER"":2}",2,0
00000266--f9c40304ea--3:338|347,00000266--f9c40304ea--3,00000266,3,338|347,338|347,2,2,0.192224126,0.192224126,0.151443059,2,2,"{""LATERAL_GROWTH"":2}",2,0
00000266--f9c40304ea--3:467|472,00000266--f9c40304ea--3,00000266,3,467|472,467|472,2,1,1.7996353,1.7996353,0.900836816,1,1,"{""DISTANCE_GROWTH"":1,""LATERAL_DIAMETER"":1}",2,0
00000266--f9c40304ea--3:641|652,00000266--f9c40304ea--3,00000266,3,641|652,641|652,2,1,1.200106102,1.200106102,0.301914851,1,1,"{""DISTANCE_DIAMETER"":2}",2,0
00000266--f9c40304ea--3:682|720,00000266--f9c40304ea--3,00000266,3,682|720,682|692|720;682|720,2,0,2.600681002,2.600681002,,2,1,"{""DISTANCE_DIAMETER"":2}",2,0
00000266--f9c40304ea--3:703|704,00000266--f9c40304ea--3,00000266,3,703|704,703|704,2,1,2.299566937,2.299566937,0.999277721,2,2,"{""DISTANCE_GROWTH"":1,""LATERAL_GROWTH"":1}",2,0
00000266--f9c40304ea--4:177|260,00000266--f9c40304ea--4,00000266,4,177|260,177|260|329,2,1,2.700397499,2.700397499,2.299672088,2,1,"{""DISTANCE_DIAMETER"":1,""LATERAL_GROWTH"":1}",2,0
00000266--f9c40304ea--4:177|301,00000266--f9c40304ea--4,00000266,4,177|301,177|260|301,2,1,0.599964883,0.599964883,0.499840876,1,2,"{""DISTANCE_DIAMETER"":1,""LATERAL_DIAMETER"":1}",2,0
00000266--f9c40304ea--4:260|301,00000266--f9c40304ea--4,00000266,4,260|301,260|301,4,3,1.199542941,2.591538183,0.508130644,0,3,"{""LATERAL_DIAMETER"":2,""LATERAL_GROWTH"":2}",4,0
00000266--f9c40304ea--4:260|329,00000266--f9c40304ea--4,00000266,4,260|329,260|329;260|329|383,3,2,2.8501420985,4.899456582,1.1502310775,0,2,"{""LATERAL_GROWTH"":3}",3,0
00000266--f9c40304ea--4:329|336,00000266--f9c40304ea--4,00000266,4,329|336,329|336|402;329|336|420,3,3,0.6507766595,1.099471057,0.102216079,3,3,"{""DISTANCE_GROWTH"":2,""LATERAL_DIAMETER"":1}",3,0
00000266--f9c40304ea--4:50|90,00000266--f9c40304ea--4,00000266,4,50|90,50|90,2,1,5.59986669,5.59986669,5.500431168,2,2,"{""DISTANCE_DIAMETER"":2}",2,0
00000266--f9c40304ea--4:65|161,00000266--f9c40304ea--4,00000266,4,65|161,65|161,2,1,0.39976865,0.39976865,0.30082358,2,2,"{""LATERAL_DIAMETER"":2}",2,0
00000266--f9c40304ea--4:65|317,00000266--f9c40304ea--4,00000266,4,65|317,65|317,3,2,1.055078878,1.900449069,0.35529900400000003,3,3,"{""LATERAL_GROWTH"":3}",3,0
00000266--f9c40304ea--4:65|355,00000266--f9c40304ea--4,00000266,4,65|355,65|355,7,7,1.1489408645,3.601274462,0.299672599,7,7,"{""LATERAL_DIAMETER"":5,""LATERAL_GROWTH"":2}",7,0
00000266--f9c40304ea--5:192|240,00000266--f9c40304ea--5,00000266,5,192|240,186|192|240;192|240,2,0,2.599494905,2.599494905,,1,2,"{""DISTANCE_DIAMETER"":2}",2,0
00000266--f9c40304ea--5:19|73,00000266--f9c40304ea--5,00000266,5,19|73,19|73,2,2,2.000288005,2.000288005,0.9006910690000001,1,2,"{""DISTANCE_DIAMETER"":1,""LATERAL_GROWTH"":1}",2,0
00000266--f9c40304ea--5:5|29,00000266--f9c40304ea--5,00000266,5,5|29,5|29,3,2,1.7498646365,2.40005598,0.449859067,2,3,"{""DISTANCE_DIAMETER"":1,""LATERAL_GROWTH"":2}",3,0
00000266--f9c40304ea--5:5|73,00000266--f9c40304ea--5,00000266,5,5|73,5|73;5|73|117,5,5,1.3508593439999999,2.999851826,0.400980986,4,2,"{""LATERAL_DIAMETER"":1,""LATERAL_GROWTH"":4}",5,0
00000266--f9c40304ea--5:73|192,00000266--f9c40304ea--5,00000266,5,73|192,73|192|193,2,2,4.299428462,4.299428462,0.09976323,2,2,"{""LATERAL_GROWTH"":2}",2,0
00000266--f9c40304ea--6:20|65,00000266--f9c40304ea--6,00000266,6,20|65,20|65,2,2,1.500692866,1.500692866,0.6007469905,1,2,"{""LATERAL_GROWTH"":2}",2,0
00000266--f9c40304ea--6:57|65,00000266--f9c40304ea--6,00000266,6,57|65,57|65;57|65|67,2,0,0.901045735,0.901045735,,1,2,"{""DISTANCE_DIAMETER"":2}",2,0
00000266--f9c40304ea--7:433|446,00000266--f9c40304ea--7,00000266,7,433|446,433|446,2,1,1.100005504,1.100005504,0.199879816,2,2,"{""LATERAL_DIAMETER"":1,""LATERAL_GROWTH"":1}",2,0
00000266--f9c40304ea--7:446|459,00000266--f9c40304ea--7,00000266,7,446|459,446|459,3,2,0.34966679,0.500065743,0.149827795,3,3,"{""LATERAL_DIAMETER"":1,""LATERAL_GROWTH"":2}",3,0
00000266--f9c40304ea--7:542|620,00000266--f9c40304ea--7,00000266,7,542|620,542|620|624;542|620|624|628;542|620|624|653,4,2,1.399494693,1.699781629,0.10012072,4,3,"{""LATERAL_GROWTH"":4}",4,0
00000266--f9c40304ea--7:633|641,00000266--f9c40304ea--7,00000266,7,633|641,633|641,2,1,1.901131271,1.901131271,0.099927104,2,2,"{""LATERAL_GROWTH"":2}",2,0
00000266--f9c40304ea--8:105|107,00000266--f9c40304ea--8,00000266,8,105|107,105|106|107,2,1,0.29976927,0.29976927,0.100514351,2,1,"{""DISTANCE_GROWTH"":1,""LATERAL_GROWTH"":1}",2,0
00000266--f9c40304ea--8:234|238,00000266--f9c40304ea--8,00000266,8,234|238,234|238,2,1,0.600446958,0.600446958,0.302114052,2,2,"{""DISTANCE_DIAMETER"":2}",2,0
00000266--f9c40304ea--8:243|276,00000266--f9c40304ea--8,00000266,8,243|276,243|276,2,1,2.000237549,2.000237549,0.300727398,2,2,"{""DISTANCE_DIAMETER"":2}",2,0
00000266--f9c40304ea--8:248|257,00000266--f9c40304ea--8,00000266,8,248|257,248|257,2,1,3.699493387,3.699493387,0.699958053,1,2,"{""DISTANCE_DIAMETER"":1,""LATERAL_GROWTH"":1}",2,0
00000266--f9c40304ea--8:276|305,00000266--f9c40304ea--8,00000266,8,276|305,276|305,2,2,0.700643024,0.700643024,0.599811548,1,1,"{""DISTANCE_DIAMETER"":2}",2,0
00000266--f9c40304ea--8:2|14,00000266--f9c40304ea--8,00000266,8,2|14,2|14;2|14|24,4,3,1.499384081,2.300109907,0.300419989,4,4,"{""DISTANCE_DIAMETER"":4}",4,0
00000266--f9c40304ea--8:303|315,00000266--f9c40304ea--8,00000266,8,303|315,293|303|315;303|315,2,1,2.800127413,2.800127413,0.299525538,2,1,"{""DISTANCE_DIAMETER"":1,""LATERAL_DIAMETER"":1}",2,0
00000266--f9c40304ea--8:481|489,00000266--f9c40304ea--8,00000266,8,481|489,481|489,2,1,2.299555144,2.299555144,0.39962111,2,2,"{""DISTANCE_DIAMETER"":1,""DISTANCE_GROWTH"":1}",2,0
00000266--f9c40304ea--9:189|213,00000266--f9c40304ea--9,00000266,9,189|213,100|189|213,4,4,2.202546445,2.498327705,0.3507622,4,4,"{""LATERAL_DIAMETER"":1,""LATERAL_GROWTH"":3}",4,0
00000266--f9c40304ea--9:189|406,00000266--f9c40304ea--9,00000266,9,189|406,100|189|406,2,2,2.29935444,2.29935444,0.5498412845,2,2,"{""LATERAL_DIAMETER"":1,""LATERAL_GROWTH"":1}",2,0
00000266--f9c40304ea--9:244|282,00000266--f9c40304ea--9,00000266,9,244|282,244|282,2,2,1.299775463,1.299775463,0.4998487665,2,2,"{""LATERAL_GROWTH"":2}",2,0
00000266--f9c40304ea--9:248|267,00000266--f9c40304ea--9,00000266,9,248|267,248|267;248|267|318,2,2,8.400157519,8.400157519,0.30004323,2,2,"{""LATERAL_GROWTH"":2}",2,0
00000267--5bcd0e5bb8--0:198|201,00000267--5bcd0e5bb8--0,00000267,0,198|201,198|201,2,1,1.999699908,1.999699908,0.300288948,2,2,"{""LATERAL_DIAMETER"":2}",2,0
00000267--5bcd0e5bb8--0:232|276,00000267--5bcd0e5bb8--0,00000267,0,232|276,232|276,2,1,0.59950089,0.59950089,0.29982626,2,2,"{""LATERAL_DIAMETER"":1,""LATERAL_GROWTH"":1}",2,0
00000267--5bcd0e5bb8--0:267|270,00000267--5bcd0e5bb8--0,00000267,0,267|270,267|269|270,2,1,0.200738591,0.200738591,0.100894497,0,1,"{""DISTANCE_GROWTH"":2}",2,0
00000267--5bcd0e5bb8--0:41|63,00000267--5bcd0e5bb8--0,00000267,0,41|63,41|63,2,1,0.700082242,0.700082242,0.499237376,2,2,"{""LATERAL_DIAMETER"":2}",2,0
00000267--5bcd0e5bb8--1:17|23,00000267--5bcd0e5bb8--1,00000267,1,17|23,17|23,2,2,3.499058359,3.499058359,0.654524875,2,2,"{""LATERAL_DIAMETER"":1,""LATERAL_GROWTH"":1}",2,0
00000267--5bcd0e5bb8--1:319|329,00000267--5bcd0e5bb8--1,00000267,1,319|329,319|329;319|329|332,2,2,0.600981451,0.600981451,0.2999857245,2,2,"{""DISTANCE_GROWTH"":2}",2,0
00000267--5bcd0e5bb8--1:468|476,00000267--5bcd0e5bb8--1,00000267,1,468|476,468|476,2,1,2.49975667,2.49975667,0.599706291,0,2,"{""DISTANCE_GROWTH"":1,""LATERAL_GROWTH"":1}",2,0
00000267--5bcd0e5bb8--1:468|488,00000267--5bcd0e5bb8--1,00000267,1,468|488,468|488,2,1,2.300928995,2.300928995,1.900050379,1,1,"{""LATERAL_GROWTH"":1,""OTHER_STATIONARY_MOVING"":1}",2,0
00000267--5bcd0e5bb8--1:46|84,00000267--5bcd0e5bb8--1,00000267,1,46|84,46|84,2,2,2.008854047,2.008854047,0.5499352055,2,2,"{""LATERAL_DIAMETER"":1,""LATERAL_GROWTH"":1}",2,0
00000267--5bcd0e5bb8--1:530|536,00000267--5bcd0e5bb8--1,00000267,1,530|536,530|536,2,1,1.500006862,1.500006862,0.300654123,1,2,"{""DISTANCE_GROWTH"":2}",2,0
00000267--5bcd0e5bb8--1:557|559,00000267--5bcd0e5bb8--1,00000267,1,557|559,557|559;557|559|563,2,1,3.800308347,3.800308347,0.199458739,2,1,"{""LATERAL_DIAMETER"":1,""LATERAL_GROWTH"":1}",2,0
00000267--5bcd0e5bb8--1:568|574,00000267--5bcd0e5bb8--1,00000267,1,568|574,568|574,5,4,0.900282749,1.300108348,0.3499883055,5,5,"{""DISTANCE_DIAMETER"":5}",5,0
00000267--5bcd0e5bb8--1:98|115,00000267--5bcd0e5bb8--1,00000267,1,98|115,98|115,2,1,1.909090388,1.909090388,0.709816359,1,1,"{""DISTANCE_GROWTH"":1,""LATERAL_DIAMETER"":1}",2,0
00000267--5bcd0e5bb8--10:147|162,00000267--5bcd0e5bb8--10,00000267,10,147|162,147|162,3,3,3.699978344,3.799597761,0.300422321,3,3,"{""LATERAL_GROWTH"":3}",3,0
00000267--5bcd0e5bb8--10:345|351,00000267--5bcd0e5bb8--10,00000267,10,345|351,345|351,2,1,0.501547359,0.501547359,0.30134329,2,2,"{""LATERAL_DIAMETER"":2}",2,0
00000267--5bcd0e5bb8--10:367|369,00000267--5bcd0e5bb8--10,00000267,10,367|369,367|369,2,1,0.600087922,0.600087922,0.401632126,2,2,"{""DISTANCE_DIAMETER"":1,""LATERAL_DIAMETER"":1}",2,0
00000267--5bcd0e5bb8--10:452|456,00000267--5bcd0e5bb8--10,00000267,10,452|456,452|456,2,2,0.500098006,0.500098006,0.299987572,1,1,"{""DISTANCE_GROWTH"":1,""LATERAL_GROWTH"":1}",2,0
00000267--5bcd0e5bb8--10:48|53,00000267--5bcd0e5bb8--10,00000267,10,48|53,18|48|53;48|53|96,4,2,1.800664628,2.799700478,0.650136638,4,4,"{""LATERAL_DIAMETER"":4}",4,0
00000267--5bcd0e5bb8--10:9|14,00000267--5bcd0e5bb8--10,00000267,10,9|14,9|14|24,2,1,14.900709012,14.900709012,0.899756652,0,1,"{""DISTANCE_DIAMETER"":2}",2,0
00000267--5bcd0e5bb8--11:412|434,00000267--5bcd0e5bb8--11,00000267,11,412|434,412|434,2,2,0.999596579,0.999596579,0.6000996574999999,2,2,"{""LATERAL_DIAMETER"":1,""LATERAL_GROWTH"":1}",2,0
00000267--5bcd0e5bb8--11:495|496,00000267--5bcd0e5bb8--11,00000267,11,495|496,495|496,2,2,2.100228238,2.100228238,6.2995643915,2,2,"{""LATERAL_GROWTH"":2}",2,0
00000267--5bcd0e5bb8--11:99|106,00000267--5bcd0e5bb8--11,00000267,11,99|106,99|106,2,1,0.400576337,0.400576337,0.300447513,2,2,"{""DISTANCE_DIAMETER"":2}",2,0
00000267--5bcd0e5bb8--12:220|325,00000267--5bcd0e5bb8--12,00000267,12,220|325,220|325,2,2,0.199682817,0.199682817,0.4949707235,2,2,"{""LATERAL_GROWTH"":2}",2,0
00000267--5bcd0e5bb8--12:80|81,00000267--5bcd0e5bb8--12,00000267,12,80|81,80|81,5,4,3.248748543,8.800028267,0.200345785,5,5,"{""LATERAL_GROWTH"":5}",5,0
00000267--5bcd0e5bb8--13:105|111,00000267--5bcd0e5bb8--13,00000267,13,105|111,105|111,5,4,1.1447469744999998,1.998703777,0.2984168845,4,4,"{""DISTANCE_DIAMETER"":5}",5,0
00000267--5bcd0e5bb8--13:194|200,00000267--5bcd0e5bb8--13,00000267,13,194|200,194|200,2,2,0.801300204,0.801300204,0.3485585875,2,2,"{""DISTANCE_DIAMETER"":2}",2,0
00000267--5bcd0e5bb8--13:19|69,00000267--5bcd0e5bb8--13,00000267,13,19|69,19|69,2,2,0.700587333,0.700587333,0.450836301,2,2,"{""DISTANCE_DIAMETER"":1,""DISTANCE_GROWTH"":1}",2,0
00000267--5bcd0e5bb8--13:213|214,00000267--5bcd0e5bb8--13,00000267,13,213|214,213|214|226,2,1,0.501122713,0.501122713,0.300977566,2,2,"{""LATERAL_DIAMETER"":2}",2,0
00000267--5bcd0e5bb8--13:228|240,00000267--5bcd0e5bb8--13,00000267,13,228|240,228|240,3,3,1.6495454295,2.797513404,0.700507517,2,2,"{""DISTANCE_DIAMETER"":3}",3,0
00000267--5bcd0e5bb8--13:228|261,00000267--5bcd0e5bb8--13,00000267,13,228|261,228|261,2,1,0.299581227,0.299581227,0.200110527,1,2,"{""DISTANCE_DIAMETER"":1,""DISTANCE_GROWTH"":1}",2,0
00000267--5bcd0e5bb8--13:323|334,00000267--5bcd0e5bb8--13,00000267,13,323|334,323|334,2,1,1.301655354,1.301655354,0.299342204,2,2,"{""DISTANCE_DIAMETER"":2}",2,0
00000267--5bcd0e5bb8--13:336|346,00000267--5bcd0e5bb8--13,00000267,13,336|346,336|346,2,1,0.900209803,0.900209803,0.400933085,1,1,"{""DISTANCE_DIAMETER"":2}",2,0
00000267--5bcd0e5bb8--13:362|365,00000267--5bcd0e5bb8--13,00000267,13,362|365,362|365,3,2,2.7506347865,4.601877056,0.5508147545,2,3,"{""DISTANCE_DIAMETER"":3}",3,0
00000267--5bcd0e5bb8--13:365|366,00000267--5bcd0e5bb8--13,00000267,13,365|366,365|366;365|366|369,2,0,0.398686804,0.398686804,,0,0,"{""DISTANCE_DIAMETER"":2}",2,0
00000267--5bcd0e5bb8--13:381|389,00000267--5bcd0e5bb8--13,00000267,13,381|389,381|385|389,2,1,0.997952828,0.997952828,0.498354464,2,0,"{""LATERAL_DIAMETER"":2}",2,0
00000267--5bcd0e5bb8--13:385|407,00000267--5bcd0e5bb8--13,00000267,13,385|407,385|389|407;385|407,2,0,1.1001425,1.1001425,,2,1,"{""DISTANCE_DIAMETER"":1,""DISTANCE_GROWTH"":1}",2,0
00000267--5bcd0e5bb8--13:420|424,00000267--5bcd0e5bb8--13,00000267,13,420|424,420|424,2,2,0.399885051,0.399885051,0.5461630375,2,2,"{""LATERAL_DIAMETER"":2}",2,0
00000267--5bcd0e5bb8--13:436|439,00000267--5bcd0e5bb8--13,00000267,13,436|439,436|439,2,1,1.19084012,1.19084012,0.991116899,2,2,"{""DISTANCE_DIAMETER"":1,""LATERAL_DIAMETER"":1}",2,0
00000267--5bcd0e5bb8--13:459|477,00000267--5bcd0e5bb8--13,00000267,13,459|477,459|477,2,1,6.499296994,6.499296994,0.600688073,2,2,"{""LATERAL_DIAMETER"":1,""LATERAL_GROWTH"":1}",2,0
00000267--5bcd0e5bb8--13:671|679,00000267--5bcd0e5bb8--13,00000267,13,671|679,671|679|681,4,4,0.700262661,0.80042509,0.5496768415,4,2,"{""LATERAL_DIAMETER"":3,""LATERAL_GROWTH"":1}",4,0
00000267--5bcd0e5bb8--13:687|697,00000267--5bcd0e5bb8--13,00000267,13,687|697,687|697|699,2,2,2.39926391,2.39926391,0.4997384675,2,1,"{""DISTANCE_DIAMETER"":2}",2,0
00000267--5bcd0e5bb8--13:715|716,00000267--5bcd0e5bb8--13,00000267,13,715|716,715|716|720,2,2,0.402181601,0.402181601,0.3489744515,1,1,"{""DISTANCE_DIAMETER"":2}",2,0
00000267--5bcd0e5bb8--14:116|122,00000267--5bcd0e5bb8--14,00000267,14,116|122,105|116|122,2,2,3.00030574,3.00030574,0.3957513995,2,0,"{""DISTANCE_DIAMETER"":2}",2,0
00000267--5bcd0e5bb8--14:129|210,00000267--5bcd0e5bb8--14,00000267,14,129|210,129|210;129|210|230|231,3,2,1.099810342,1.599338531,0.3499446095,3,3,"{""LATERAL_DIAMETER"":3}",3,0
00000267--5bcd0e5bb8--14:190|214,00000267--5bcd0e5bb8--14,00000267,14,190|214,190|214,2,1,0.799490692,0.799490692,0.601563973,2,2,"{""DISTANCE_DIAMETER"":2}",2,0
00000267--5bcd0e5bb8--14:63|65,00000267--5bcd0e5bb8--14,00000267,14,63|65,63|65,2,1,1.29981219,1.29981219,0.800274654,2,2,"{""DISTANCE_DIAMETER"":2}",2,0
00000267--5bcd0e5bb8--14:9|25,00000267--5bcd0e5bb8--14,00000267,14,9|25,9|25,2,1,0.999980102,0.999980102,0.400353182,2,2,"{""DISTANCE_DIAMETER"":1,""DISTANCE_GROWTH"":1}",2,0
00000267--5bcd0e5bb8--15:134|167,00000267--5bcd0e5bb8--15,00000267,15,134|167,134|167,2,1,5.800311842,5.800311842,5.7003741,2,2,"{""DISTANCE_DIAMETER"":1,""LATERAL_DIAMETER"":1}",2,0
00000267--5bcd0e5bb8--15:194|200,00000267--5bcd0e5bb8--15,00000267,15,194|200,194|200,2,1,0.699431489,0.699431489,0.599493747,2,2,"{""DISTANCE_DIAMETER"":1,""LATERAL_DIAMETER"":1}",2,0
00000267--5bcd0e5bb8--15:305|332,00000267--5bcd0e5bb8--15,00000267,15,305|332,305|332,2,1,3.199993986,3.199993986,0.200500811,2,2,"{""DISTANCE_GROWTH"":1,""LATERAL_GROWTH"":1}",2,0
00000267--5bcd0e5bb8--15:352|387,00000267--5bcd0e5bb8--15,00000267,15,352|387,352|377|387;352|377|387|389,2,1,4.900101271,4.900101271,2.599845465,1,1,"{""LATERAL_GROWTH"":2}",2,0
00000267--5bcd0e5bb8--16:105|130,00000267--5bcd0e5bb8--16,00000267,16,105|130,105|130,2,1,2.299257697,2.299257697,0.39940234,0,1,"{""DISTANCE_GROWTH"":1,""LATERAL_GROWTH"":1}",2,0
00000267--5bcd0e5bb8--16:12|105,00000267--5bcd0e5bb8--16,00000267,16,12|105,12|105,2,2,2.399297943,2.399297943,1.00018016,1,2,"{""DISTANCE_DIAMETER"":1,""LATERAL_GROWTH"":1}",2,0
00000267--5bcd0e5bb8--16:149|159,00000267--5bcd0e5bb8--16,00000267,16,149|159,149|159,5,4,4.3494756384999995,8.299991778,1.1497234855,2,5,"{""DISTANCE_DIAMETER"":1,""LATERAL_DIAMETER"":2,""LATERAL_GROWTH"":2}",5,0
00000267--5bcd0e5bb8--16:150|151,00000267--5bcd0e5bb8--16,00000267,16,150|151,150|151;150|151|170,2,1,1.90001267,1.90001267,0.601681729,2,2,"{""DISTANCE_GROWTH"":1,""LATERAL_DIAMETER"":1}",2,0
00000267--5bcd0e5bb8--16:159|162,00000267--5bcd0e5bb8--16,00000267,16,159|162,159|162,2,2,0.399674788,0.399674788,0.09987764399999999,2,2,"{""LATERAL_GROWTH"":2}",2,0
00000267--5bcd0e5bb8--16:15|159,00000267--5bcd0e5bb8--16,00000267,16,15|159,15|159;15|159|162,5,4,6.450091626000001,14.989308499,3.5492621845,4,4,"{""LATERAL_DIAMETER"":3,""LATERAL_GROWTH"":2}",5,0
00000267--5bcd0e5bb8--16:15|162,00000267--5bcd0e5bb8--16,00000267,16,15|162,15|162,5,4,2.3502594475,8.58884273,0.599844717,4,4,"{""LATERAL_DIAMETER"":2,""LATERAL_GROWTH"":3}",5,0
00000267--5bcd0e5bb8--16:267|324,00000267--5bcd0e5bb8--16,00000267,16,267|324,267|324;267|324|328,9,8,1.099977364,2.901644932,0.6495141755,9,8,"{""DISTANCE_DIAMETER"":4,""LATERAL_DIAMETER"":5}",9,0
00000267--5bcd0e5bb8--16:65|69,00000267--5bcd0e5bb8--16,00000267,16,65|69,65|69,2,2,1.000789584,1.000789584,0.5497837375000001,2,2,"{""DISTANCE_GROWTH"":1,""OTHER_STATIONARY_MOVING"":1}",2,0
00000267--5bcd0e5bb8--17:137|142,00000267--5bcd0e5bb8--17,00000267,17,137|142,137|142,2,1,0.399633181,0.399633181,0.300333127,2,2,"{""LATERAL_DIAMETER"":2}",2,0
00000267--5bcd0e5bb8--17:230|238,00000267--5bcd0e5bb8--17,00000267,17,230|238,230|238,2,1,1.199927212,1.199927212,1.000104881,1,1,"{""DISTANCE_DIAMETER"":1,""LATERAL_GROWTH"":1}",2,0
00000267--5bcd0e5bb8--17:239|242,00000267--5bcd0e5bb8--17,00000267,17,239|242,239|242,2,1,0.199416275,0.199416275,0.099909375,0,1,"{""LATERAL_GROWTH"":2}",2,0
00000267--5bcd0e5bb8--17:239|248,00000267--5bcd0e5bb8--17,00000267,17,239|248,239|248,2,1,1.099050439,1.099050439,0.799434595,2,2,"{""DISTANCE_DIAMETER"":2}",2,0
00000267--5bcd0e5bb8--17:268|269,00000267--5bcd0e5bb8--17,00000267,17,268|269,268|269,2,1,0.90093571,0.90093571,0.300750149,1,2,"{""DISTANCE_GROWTH"":1,""LATERAL_DIAMETER"":1}",2,0
00000267--5bcd0e5bb8--17:287|293,00000267--5bcd0e5bb8--17,00000267,17,287|293,277|287|293,2,2,0.699924762,0.699924762,0.7498598059999999,1,2,"{""DISTANCE_DIAMETER"":2}",2,0
00000267--5bcd0e5bb8--17:289|294,00000267--5bcd0e5bb8--17,00000267,17,289|294,289|294,2,1,1.900201711,1.900201711,0.699651521,2,2,"{""LATERAL_DIAMETER"":1,""LATERAL_GROWTH"":1}",2,0
00000267--5bcd0e5bb8--17:323|352,00000267--5bcd0e5bb8--17,00000267,17,323|352,323|352,2,2,0.499793945,0.499793945,0.250010644,1,2,"{""LATERAL_GROWTH"":2}",2,0
00000267--5bcd0e5bb8--17:357|360,00000267--5bcd0e5bb8--17,00000267,17,357|360,357|360;357|360|366,2,2,0.801516073,0.801516073,0.605423863,2,2,"{""LATERAL_DIAMETER"":1,""LATERAL_GROWTH"":1}",2,0
00000267--5bcd0e5bb8--17:419|430,00000267--5bcd0e5bb8--17,00000267,17,419|430,419|427|430,2,1,0.699370306,0.699370306,0.299015178,2,2,"{""DISTANCE_DIAMETER"":1,""LATERAL_GROWTH"":1}",2,0
00000267--5bcd0e5bb8--17:68|69,00000267--5bcd0e5bb8--17,00000267,17,68|69,68|69;68|69|70,2,0,2.000141453,2.000141453,,2,2,"{""DISTANCE_DIAMETER"":1,""DISTANCE_GROWTH"":1}",2,0
00000267--5bcd0e5bb8--18:114|124,00000267--5bcd0e5bb8--18,00000267,18,114|124,114|124,2,1,0.500353512,0.500353512,0.399589792,2,2,"{""LATERAL_DIAMETER"":2}",2,0
00000267--5bcd0e5bb8--18:127|168,00000267--5bcd0e5bb8--18,00000267,18,127|168,127|168,2,1,2.400638898,2.400638898,1.902741106,2,2,"{""LATERAL_DIAMETER"":2}",2,0
00000267--5bcd0e5bb8--18:151|173,00000267--5bcd0e5bb8--18,00000267,18,151|173,151|173|182,2,1,0.600003469,0.600003469,0.402990792,2,0,"{""LATERAL_GROWTH"":2}",2,0
00000267--5bcd0e5bb8--18:178|198,00000267--5bcd0e5bb8--18,00000267,18,178|198,178|198;178|198|209,2,1,1.50034777,1.50034777,1.410455991,1,2,"{""DISTANCE_DIAMETER"":1,""LATERAL_GROWTH"":1}",2,0
00000267--5bcd0e5bb8--18:178|209,00000267--5bcd0e5bb8--18,00000267,18,178|209,178|209,3,2,0.4006962155,0.601168194,0.2457322065,3,3,"{""DISTANCE_DIAMETER"":1,""LATERAL_GROWTH"":2}",3,0
00000267--5bcd0e5bb8--18:192|228,00000267--5bcd0e5bb8--18,00000267,18,192|228,192|228,3,2,1.0042303165,1.108659742,0.7504148585,2,3,"{""DISTANCE_DIAMETER"":1,""DISTANCE_GROWTH"":1,""LATERAL_DIAMETER"":1}",3,0
00000267--5bcd0e5bb8--18:209|235,00000267--5bcd0e5bb8--18,00000267,18,209|235,209|235;209|235|238,3,1,1.0042303165000002,1.299461366,0.200278612,2,2,"{""DISTANCE_DIAMETER"":1,""DISTANCE_GROWTH"":2}",3,0
00000267--5bcd0e5bb8--18:318|321,00000267--5bcd0e5bb8--18,00000267,18,318|321,318|321,2,1,0.99990849,0.99990849,0.69970116,1,1,"{""DISTANCE_DIAMETER"":1,""DISTANCE_GROWTH"":1}",2,0
00000267--5bcd0e5bb8--18:327|375,00000267--5bcd0e5bb8--18,00000267,18,327|375,327|375,2,2,0.800318502,0.800318502,1.2504415765,2,2,"{""LATERAL_DIAMETER"":1,""LATERAL_GROWTH"":1}",2,0
00000267--5bcd0e5bb8--18:327|414,00000267--5bcd0e5bb8--18,00000267,18,327|414,327|414,2,1,0.401960216,0.401960216,0.300385692,1,2,"{""LATERAL_DIAMETER"":1,""LATERAL_GROWTH"":1}",2,0
00000267--5bcd0e5bb8--18:355|356,00000267--5bcd0e5bb8--18,00000267,18,355|356,355|356,3,2,0.549880539,0.900561502,0.100542648,3,3,"{""LATERAL_DIAMETER"":1,""LATERAL_GROWTH"":2}",3,0
00000267--5bcd0e5bb8--18:355|363,00000267--5bcd0e5bb8--18,00000267,18,355|363,355|363,3,2,2.200333163,3.80014395,0.849792105,2,2,"{""DISTANCE_DIAMETER"":1,""LATERAL_DIAMETER"":1,""LATERAL_GROWTH"":1}",3,0
00000267--5bcd0e5bb8--18:356|363,00000267--5bcd0e5bb8--18,00000267,18,356|363,356|363;356|363|464,2,1,6.80044777,6.80044777,6.500873264,1,1,"{""DISTANCE_DIAMETER"":1,""LATERAL_GROWTH"":1}",2,0
00000267--5bcd0e5bb8--18:439|440,00000267--5bcd0e5bb8--18,00000267,18,439|440,439|440,3,2,0.5999920139999999,0.699949694,0.1505497305,2,2,"{""LATERAL_DIAMETER"":1,""LATERAL_GROWTH"":2}",3,0
00000267--5bcd0e5bb8--18:448|457,00000267--5bcd0e5bb8--18,00000267,18,448|457,448|457,2,1,6.000788412,6.000788412,3.400639394,0,0,"{""DISTANCE_DIAMETER"":1,""LATERAL_GROWTH"":1}",2,0
00000267--5bcd0e5bb8--18:455|497,00000267--5bcd0e5bb8--18,00000267,18,455|497,455|497;455|497|508,3,2,0.5499613320000001,0.700810754,0.3999110885,3,1,"{""DISTANCE_DIAMETER"":2,""LATERAL_GROWTH"":1}",3,0
00000267--5bcd0e5bb8--18:467|473,00000267--5bcd0e5bb8--18,00000267,18,467|473,467|473,3,3,1.3008857695,1.801426717,0.599993259,3,3,"{""DISTANCE_DIAMETER"":1,""LATERAL_GROWTH"":2}",3,0
00000267--5bcd0e5bb8--18:467|479,00000267--5bcd0e5bb8--18,00000267,18,467|479,467|479,2,1,2.599266476,2.599266476,1.399869998,1,1,"{""DISTANCE_DIAMETER"":1,""LATERAL_DIAMETER"":1}",2,0
00000267--5bcd0e5bb8--18:572|577,00000267--5bcd0e5bb8--18,00000267,18,572|577,572|577,4,3,0.599427428,1.600749597,0.299691799,4,4,"{""DISTANCE_GROWTH"":2,""LATERAL_DIAMETER"":1,""LATERAL_GROWTH"":1}",4,0
00000267--5bcd0e5bb8--18:585|592,00000267--5bcd0e5bb8--18,00000267,18,585|592,583|585|592;585|592,3,2,1.9508748055,3.101767858,0.5986762975,3,3,"{""DISTANCE_GROWTH"":1,""LATERAL_DIAMETER"":1,""LATERAL_GROWTH"":1}",3,0
00000267--5bcd0e5bb8--18:588|603,00000267--5bcd0e5bb8--18,00000267,18,588|603,588|603|606,3,2,0.6001176385,0.799991679,0.1501923055,3,2,"{""LATERAL_GROWTH"":3}",3,0
00000267--5bcd0e5bb8--18:589|603,00000267--5bcd0e5bb8--18,00000267,18,589|603,589|601|603;589|603;589|603|606;589|603|633,6,2,0.800564724,1.799095006,1.1000385585,4,5,"{""DISTANCE_DIAMETER"":1,""DISTANCE_GROWTH"":1,""LATERAL_DIAMETER"":1,""LATERAL_GROWTH"":3}",6,0
00000267--5bcd0e5bb8--18:594|598,00000267--5bcd0e5bb8--18,00000267,18,594|598,572|594|598;581|594|598,2,0,5.89997644,5.89997644,,1,1,"{""DISTANCE_DIAMETER"":1,""LATERAL_GROWTH"":1}",2,0
00000267--5bcd0e5bb8--18:609|612,00000267--5bcd0e5bb8--18,00000267,18,609|612,609|612,2,1,0.600249767,0.600249767,0.40067012,2,2,"{""LATERAL_DIAMETER"":1,""LATERAL_GROWTH"":1}",2,0
00000267--5bcd0e5bb8--19:116|119,00000267--5bcd0e5bb8--19,00000267,19,116|119,116|119;116|119|124,2,0,6.399957654,6.399957654,,1,2,"{""DISTANCE_DIAMETER"":2}",2,0
00000267--5bcd0e5bb8--19:13|19,00000267--5bcd0e5bb8--19,00000267,19,13|19,13|19;13|19|21,2,1,1.599579742,1.599579742,0.100067621,2,1,"{""DISTANCE_GROWTH"":1,""LATERAL_DIAMETER"":1}",2,0
00000267--5bcd0e5bb8--19:3|27,00000267--5bcd0e5bb8--19,00000267,19,3|27,3|27;3|4|27,2,1,3.099556957,3.099556957,2.699201395,1,2,"{""DISTANCE_DIAMETER"":1,""DISTANCE_GROWTH"":1}",2,0
00000267--5bcd0e5bb8--19:3|45,00000267--5bcd0e5bb8--19,00000267,19,3|45,3|45|72;3|4|45,2,0,5.500077439,5.500077439,,1,1,"{""DISTANCE_DIAMETER"":1,""LATERAL_DIAMETER"":1}",2,0
00000267--5bcd0e5bb8--19:3|51,00000267--5bcd0e5bb8--19,00000267,19,3|51,3|47|51;3|4|47|51,4,3,0.400162771,1.500383093,0.500012049,3,1,"{""DISTANCE_DIAMETER"":1,""DISTANCE_GROWTH"":3}",4,0
00000267--5bcd0e5bb8--19:45|47,00000267--5bcd0e5bb8--19,00000267,19,45|47,3|45|47,3,2,1.549967646,2.300707446,1.00016291,0,1,"{""DISTANCE_DIAMETER"":3}",3,0
00000267--5bcd0e5bb8--19:45|74,00000267--5bcd0e5bb8--19,00000267,19,45|74,45|47|74,2,1,1.300609752,1.300609752,1.199963712,0,1,"{""DISTANCE_GROWTH"":1,""LATERAL_DIAMETER"":1}",2,0
00000267--5bcd0e5bb8--19:47|51,00000267--5bcd0e5bb8--19,00000267,19,47|51,47|51;47|51|74|77,3,2,2.599874594,4.799661915,0.20014444399999998,1,2,"{""DISTANCE_DIAMETER"":1,""DISTANCE_GROWTH"":2}",3,0
00000267--5bcd0e5bb8--2:101|105,00000267--5bcd0e5bb8--2,00000267,2,101|105,101|105|124;101|105|182,7,7,2.7003706165,5.999689432,0.599993922,7,6,"{""LATERAL_DIAMETER"":6,""LATERAL_GROWTH"":1}",7,0
00000267--5bcd0e5bb8--2:101|124,00000267--5bcd0e5bb8--2,00000267,2,101|124,101|105|124,2,1,4.099546555,4.099546555,0.099683112,2,2,"{""LATERAL_GROWTH"":1,""OTHER_STATIONARY_MOVING"":1}",2,0
00000267--5bcd0e5bb8--2:101|182,00000267--5bcd0e5bb8--2,00000267,2,101|182,101|105|182;101|182,2,2,7.200065121,7.200065121,1.0503952665,1,2,"{""DISTANCE_DIAMETER"":1,""LATERAL_DIAMETER"":1}",2,0
00000267--5bcd0e5bb8--2:102|148,00000267--5bcd0e5bb8--2,00000267,2,102|148,102|148;99|102|148,6,6,1.499763939,4.300565803,0.7505415475,4,6,"{""LATERAL_DIAMETER"":2,""LATERAL_GROWTH"":4}",6,0
00000267--5bcd0e5bb8--2:117|169,00000267--5bcd0e5bb8--2,00000267,2,117|169,117|169,3,2,1.149847276,1.899473761,0.200487691,3,3,"{""LATERAL_DIAMETER"":1,""LATERAL_GROWTH"":2}",3,0
00000267--5bcd0e5bb8--2:117|214,00000267--5bcd0e5bb8--2,00000267,2,117|214,117|214;117|214|257,6,4,2.69964299,5.39974661,0.8502233295,5,6,"{""LATERAL_DIAMETER"":5,""LATERAL_GROWTH"":1}",6,0
00000267--5bcd0e5bb8--2:123|322,00000267--5bcd0e5bb8--2,00000267,2,123|322,123|322,3,3,1.5502337815,2.49973937,0.40060962,2,3,"{""LATERAL_DIAMETER"":2,""LATERAL_GROWTH"":1}",3,0
00000267--5bcd0e5bb8--2:123|416,00000267--5bcd0e5bb8--2,00000267,2,123|416,123|416,3,3,1.600134645,2.098520488,1.898735577,3,3,"{""LATERAL_DIAMETER"":3}",3,0
00000267--5bcd0e5bb8--2:135|176,00000267--5bcd0e5bb8--2,00000267,2,135|176,135|176,3,2,1.199188865,1.89796855,1.0497083245,3,3,"{""DISTANCE_DIAMETER"":1,""LATERAL_DIAMETER"":2}",3,0
00000267--5bcd0e5bb8--2:214|391,00000267--5bcd0e5bb8--2,00000267,2,214|391,214|391,2,1,3.700042241,3.700042241,2.399969357,2,2,"{""DISTANCE_DIAMETER"":1,""DISTANCE_GROWTH"":1}",2,0
00000267--5bcd0e5bb8--2:2|7,00000267--5bcd0e5bb8--2,00000267,2,2|7,2|7,2,2,0.799829743,0.799829743,0.3496669175,2,2,"{""DISTANCE_DIAMETER"":2}",2,0
00000267--5bcd0e5bb8--2:308|371,00000267--5bcd0e5bb8--2,00000267,2,308|371,308|371,3,3,0.7502354555,1.298598912,0.100812389,3,3,"{""DISTANCE_DIAMETER"":1,""LATERAL_GROWTH"":2}",3,0
00000267--5bcd0e5bb8--2:312|315,00000267--5bcd0e5bb8--2,00000267,2,312|315,312|315;312|315|414,5,4,2.000389783,4.399248914,0.5000189585,3,5,"{""LATERAL_DIAMETER"":2,""LATERAL_GROWTH"":3}",5,0
00000267--5bcd0e5bb8--2:313|360,00000267--5bcd0e5bb8--2,00000267,2,313|360,313|360,2,1,0.299769838,0.299769838,0.199979857,2,2,"{""LATERAL_GROWTH"":2}",2,0
00000267--5bcd0e5bb8--2:313|424,00000267--5bcd0e5bb8--2,00000267,2,313|424,313|424,3,2,0.4500906515,0.699698939,0.1000962295,2,3,"{""LATERAL_DIAMETER"":1,""LATERAL_GROWTH"":2}",3,0
00000267--5bcd0e5bb8--2:315|326,00000267--5bcd0e5bb8--2,00000267,2,315|326,315|326,6,5,1.300044138,7.600515987,0.600742927,6,6,"{""LATERAL_DIAMETER"":5,""LATERAL_GROWTH"":1}",6,0
00000267--5bcd0e5bb8--2:324|330,00000267--5bcd0e5bb8--2,00000267,2,324|330,324|330;324|330|390;324|330|435,8,6,1.90025439,4.001016505,0.6499924815,8,7,"{""LATERAL_DIAMETER"":4,""LATERAL_GROWTH"":4}",8,0
00000267--5bcd0e5bb8--2:4|8,00000267--5bcd0e5bb8--2,00000267,2,4|8,4|8;4|8|39,4,4,2.500350236,3.209061632,0.30008114500000005,3,2,"{""LATERAL_DIAMETER"":2,""LATERAL_GROWTH"":2}",4,0
00000267--5bcd0e5bb8--2:7|23,00000267--5bcd0e5bb8--2,00000267,2,7|23,7|23,2,2,3.500812131,3.500812131,0.750050482,2,2,"{""DISTANCE_DIAMETER"":2}",2,0
00000267--5bcd0e5bb8--2:99|102,00000267--5bcd0e5bb8--2,00000267,2,99|102,99|102;99|102|148,4,4,2.001109546,3.398320046,1.799300778,3,4,"{""LATERAL_DIAMETER"":1,""LATERAL_GROWTH"":3}",4,0
00000267--5bcd0e5bb8--2:99|148,00000267--5bcd0e5bb8--2,00000267,2,99|148,99|102|148;99|148,5,3,2.4998015455,7.599830013,2.000465608,1,4,"{""LATERAL_DIAMETER"":3,""LATERAL_GROWTH"":2}",5,0
00000267--5bcd0e5bb8--3:141|143,00000267--5bcd0e5bb8--3,00000267,3,141|143,141|143,2,1,0.599694826,0.599694826,0.39910014,2,2,"{""DISTANCE_DIAMETER"":2}",2,0
00000267--5bcd0e5bb8--3:226|247,00000267--5bcd0e5bb8--3,00000267,3,226|247,226|247,2,2,2.101115876,2.101115876,0.7505023449999999,2,2,"{""DISTANCE_DIAMETER"":1,""LATERAL_GROWTH"":1}",2,0
00000267--5bcd0e5bb8--3:279|284,00000267--5bcd0e5bb8--3,00000267,3,279|284,279|284,3,2,1.3501477634999999,2.100850586,0.900877189,3,3,"{""LATERAL_DIAMETER"":3}",3,0
00000267--5bcd0e5bb8--3:399|411,00000267--5bcd0e5bb8--3,00000267,3,399|411,399|411,2,1,0.700028744,0.700028744,0.400154365,2,2,"{""DISTANCE_DIAMETER"":1,""LATERAL_GROWTH"":1}",2,0
00000267--5bcd0e5bb8--3:3|6,00000267--5bcd0e5bb8--3,00000267,3,3|6,3|6,5,4,2.0996157595,2.199965201,0.1500820635,4,4,"{""DISTANCE_DIAMETER"":1,""LATERAL_GROWTH"":4}",5,0
00000267--5bcd0e5bb8--3:493|532,00000267--5bcd0e5bb8--3,00000267,3,493|532,493|511|532,2,2,0.200502602,0.200502602,0.24991019350000002,2,2,"{""LATERAL_GROWTH"":2}",2,0
00000267--5bcd0e5bb8--3:569|572,00000267--5bcd0e5bb8--3,00000267,3,569|572,569|572,2,2,0.200285103,0.200285103,0.15002885800000001,2,2,"{""LATERAL_GROWTH"":2}",2,0
00000267--5bcd0e5bb8--3:5|24,00000267--5bcd0e5bb8--3,00000267,3,5|24,5|24,2,1,1.498309593,1.498309593,0.298148596,1,1,"{""DISTANCE_DIAMETER"":1,""LATERAL_DIAMETER"":1}",2,0
00000267--5bcd0e5bb8--3:82|106,00000267--5bcd0e5bb8--3,00000267,3,82|106,82|106,2,2,0.499587884,0.499587884,0.4002932305,2,2,"{""DISTANCE_DIAMETER"":2}",2,0
00000267--5bcd0e5bb8--4:418|424,00000267--5bcd0e5bb8--4,00000267,4,418|424,418|424,2,2,0.599975894,0.599975894,0.35525580599999995,2,2,"{""DISTANCE_GROWTH"":2}",2,0
00000267--5bcd0e5bb8--4:59|74,00000267--5bcd0e5bb8--4,00000267,4,59|74,51|59|74;59|74,2,2,0.299004558,0.299004558,0.100005887,1,1,"{""DISTANCE_GROWTH"":2}",2,0
00000267--5bcd0e5bb8--4:68|69,00000267--5bcd0e5bb8--4,00000267,4,68|69,68|69,2,1,2.200148334,2.200148334,0.999866096,2,2,"{""DISTANCE_DIAMETER"":1,""LATERAL_DIAMETER"":1}",2,0
00000267--5bcd0e5bb8--5:40|64,00000267--5bcd0e5bb8--5,00000267,5,40|64,40|64,2,1,1.208461165,1.208461165,0.808736599,2,2,"{""LATERAL_DIAMETER"":1,""LATERAL_GROWTH"":1}",2,0
00000267--5bcd0e5bb8--5:42|72,00000267--5bcd0e5bb8--5,00000267,5,42|72,42|72,2,2,0.199912062,0.199912062,0.100998566,2,2,"{""LATERAL_GROWTH"":2}",2,0
00000267--5bcd0e5bb8--5:53|58,00000267--5bcd0e5bb8--5,00000267,5,53|58,53|58,2,1,1.507832722,1.507832722,1.008247632,2,2,"{""DISTANCE_DIAMETER"":1,""LATERAL_DIAMETER"":1}",2,0
00000267--5bcd0e5bb8--8:238|256,00000267--5bcd0e5bb8--8,00000267,8,238|256,238|256,3,2,2.0000431475,3.299822309,0.40005827850000003,3,3,"{""DISTANCE_DIAMETER"":2,""LATERAL_DIAMETER"":1}",3,0
00000267--5bcd0e5bb8--8:346|374,00000267--5bcd0e5bb8--8,00000267,8,346|374,346|374,3,2,1.0503444195,1.500700864,0.351410435,3,3,"{""LATERAL_DIAMETER"":2,""LATERAL_GROWTH"":1}",3,0
00000267--5bcd0e5bb8--8:376|407,00000267--5bcd0e5bb8--8,00000267,8,376|407,376|407;376|407|412,2,2,1.301046662,1.301046662,0.299596754,2,1,"{""LATERAL_DIAMETER"":1,""LATERAL_GROWTH"":1}",2,0
00000267--5bcd0e5bb8--8:525|567,00000267--5bcd0e5bb8--8,00000267,8,525|567,525|567;525|567|584,3,1,5.848892242500001,8.498619615,6.599921369,2,3,"{""DISTANCE_GROWTH"":1,""LATERAL_DIAMETER"":2}",3,0
00000267--5bcd0e5bb8--9:12|25,00000267--5bcd0e5bb8--9,00000267,9,12|25,12|25,3,3,0.754652901,1.299302312,0.100037338,3,3,"{""LATERAL_GROWTH"":3}",3,0
00000267--5bcd0e5bb8--9:141|310,00000267--5bcd0e5bb8--9,00000267,9,141|310,141|310,2,1,3.099450621,3.099450621,0.299845774,0,2,"{""DISTANCE_DIAMETER"":1,""LATERAL_GROWTH"":1}",2,0
00000267--5bcd0e5bb8--9:18|19,00000267--5bcd0e5bb8--9,00000267,9,18|19,18|19;18|19|31,2,2,1.51019202,1.51019202,1.506057594,2,2,"{""LATERAL_DIAMETER"":2}",2,0
00000267--5bcd0e5bb8--9:693|696,00000267--5bcd0e5bb8--9,00000267,9,693|696,693|696,2,2,0.598471468,0.598471468,0.699267046,2,2,"{""DISTANCE_DIAMETER"":1,""LATERAL_DIAMETER"":1}",2,0
00000267--5bcd0e5bb8--9:6|141,00000267--5bcd0e5bb8--9,00000267,9,6|141,6|141,2,1,3.799877794,3.799877794,1.399672719,0,2,"{""DISTANCE_DIAMETER"":1,""LATERAL_GROWTH"":1}",2,0
00000267--5bcd0e5bb8--9:6|25,00000267--5bcd0e5bb8--9,00000267,9,6|25,6|12|25;6|25,2,0,4.410383575,4.410383575,,0,2,"{""DISTANCE_DIAMETER"":1,""LATERAL_GROWTH"":1}",2,0
00000269--4014745f93--0:11|64,00000269--4014745f93--0,00000269,0,11|64,11|64,2,1,3.599771353,3.599771353,0.499891875,2,2,"{""DISTANCE_DIAMETER"":1,""LATERAL_GROWTH"":1}",2,0
00000269--4014745f93--0:3|11,00000269--4014745f93--0,00000269,0,3|11,3|11,3,2,0.44970888,0.600009218,0.1502286715,2,3,"{""LATERAL_GROWTH"":3}",3,0
00000269--4014745f93--0:72|93,00000269--4014745f93--0,00000269,0,72|93,72|93,8,7,1.600470104,6.209649208,0.699969895,7,7,"{""DISTANCE_DIAMETER"":4,""LATERAL_DIAMETER"":2,""LATERAL_GROWTH"":2}",8,0
00000269--4014745f93--0:78|84,00000269--4014745f93--0,00000269,0,78|84,78|84|90,4,3,0.702011562,3.199775312,0.599981458,3,3,"{""DISTANCE_DIAMETER"":4}",4,0
00000269--4014745f93--1:14|29,00000269--4014745f93--1,00000269,1,14|29,13|14|29,2,2,0.199020593,0.199020593,0.09977994500000001,2,0,"{""LATERAL_GROWTH"":2}",2,0
00000269--4014745f93--10:203|209,00000269--4014745f93--10,00000269,10,203|209,203|209,2,1,0.600144207,0.600144207,0.50156451,2,2,"{""LATERAL_DIAMETER"":1,""LATERAL_GROWTH"":1}",2,0
00000269--4014745f93--10:29|38,00000269--4014745f93--10,00000269,10,29|38,29|38,2,2,0.399460591,0.399460591,0.45020678049999996,2,2,"{""DISTANCE_DIAMETER"":2}",2,0
00000269--4014745f93--10:87|94,00000269--4014745f93--10,00000269,10,87|94,87|94,2,2,0.200392424,0.200392424,0.100657478,2,2,"{""LATERAL_GROWTH"":2}",2,0
00000269--4014745f93--11:170|173,00000269--4014745f93--11,00000269,11,170|173,170|173;170|173|176,2,2,0.20187529,0.20187529,0.899537091,2,1,"{""DISTANCE_GROWTH"":2}",2,0
00000269--4014745f93--11:197|198,00000269--4014745f93--11,00000269,11,197|198,197|198,2,1,0.199399229,0.199399229,0.099409765,2,2,"{""DISTANCE_GROWTH"":2}",2,0
00000269--4014745f93--11:309|320,00000269--4014745f93--11,00000269,11,309|320,309|320,2,1,1.399949752,1.399949752,0.399931316,2,2,"{""DISTANCE_DIAMETER"":1,""LATERAL_GROWTH"":1}",2,0
00000269--4014745f93--12:220|223,00000269--4014745f93--12,00000269,12,220|223,220|223,2,1,1.499854511,1.499854511,1.410072172,1,2,"{""DISTANCE_DIAMETER"":2}",2,0
00000269--4014745f93--12:234|238,00000269--4014745f93--12,00000269,12,234|238,234|238,2,1,1.899753524,1.899753524,0.499845446,0,2,"{""DISTANCE_DIAMETER"":2}",2,0
00000269--4014745f93--12:238|253,00000269--4014745f93--12,00000269,12,238|253,238|253,2,2,0.898912775,0.898912775,1.0000932215,1,1,"{""DISTANCE_DIAMETER"":2}",2,0
00000269--4014745f93--14:28|31,00000269--4014745f93--14,00000269,14,28|31,28|31,2,2,0.199505621,0.199505621,0.699928573,1,1,"{""LATERAL_GROWTH"":2}",2,0
00000269--4014745f93--14:358|367,00000269--4014745f93--14,00000269,14,358|367,358|367,2,1,1.399137675,1.399137675,0.599417557,2,2,"{""DISTANCE_DIAMETER"":1,""DISTANCE_GROWTH"":1}",2,0
00000269--4014745f93--14:425|427,00000269--4014745f93--14,00000269,14,425|427,425|427,2,1,0.299694118,0.299694118,0.199360701,2,2,"{""LATERAL_DIAMETER"":1,""LATERAL_GROWTH"":1}",2,0
00000269--4014745f93--14:46|49,00000269--4014745f93--14,00000269,14,46|49,46|49,2,1,0.499828084,0.499828084,0.099689576,1,2,"{""DISTANCE_DIAMETER"":1,""DISTANCE_GROWTH"":1}",2,0
00000269--4014745f93--14:50|55,00000269--4014745f93--14,00000269,14,50|55,50|55;50|55|56,2,0,1.100155838,1.100155838,,1,2,"{""DISTANCE_DIAMETER"":1,""LATERAL_DIAMETER"":1}",2,0
00000269--4014745f93--15:223|231,00000269--4014745f93--15,00000269,15,223|231,223|231,3,2,1.499626284,2.599663842,0.19964074,2,3,"{""DISTANCE_DIAMETER"":2,""LATERAL_GROWTH"":1}",3,0
00000269--4014745f93--15:392|401,00000269--4014745f93--15,00000269,15,392|401,392|401,2,1,0.699054598,0.699054598,0.398879916,2,2,"{""LATERAL_DIAMETER"":2}",2,0
00000269--4014745f93--15:398|401,00000269--4014745f93--15,00000269,15,398|401,398|401,2,1,0.396587645,0.396587645,0.296693366,2,2,"{""LATERAL_DIAMETER"":2}",2,0
00000269--4014745f93--19:307|327,00000269--4014745f93--19,00000269,19,307|327,307|327,2,1,0.399421002,0.399421002,0.299708531,0,0,"{""DISTANCE_DIAMETER"":2}",2,0
00000269--4014745f93--19:98|100,00000269--4014745f93--19,00000269,19,98|100,98|100,3,2,0.199841518,0.200124612,0.09926863799999999,3,3,"{""DISTANCE_GROWTH"":3}",3,0
00000269--4014745f93--21:296|301,00000269--4014745f93--21,00000269,21,296|301,296|301,2,2,1.69991376,1.69991376,0.151876409,1,1,"{""LATERAL_GROWTH"":2}",2,0
00000269--4014745f93--21:306|307,00000269--4014745f93--21,00000269,21,306|307,306|307,2,1,0.699544752,0.699544752,0.298872542,2,2,"{""LATERAL_DIAMETER"":1,""LATERAL_GROWTH"":1}",2,0
00000269--4014745f93--22:156|159,00000269--4014745f93--22,00000269,22,156|159,156|159,2,1,2.800286372,2.800286372,1.500294245,0,0,"{""DISTANCE_DIAMETER"":2}",2,0
00000269--4014745f93--22:156|162,00000269--4014745f93--22,00000269,22,156|162,156|162,2,1,1.800295921,1.800295921,1.500279549,1,1,"{""DISTANCE_DIAMETER"":2}",2,0
00000269--4014745f93--22:386|393,00000269--4014745f93--22,00000269,22,386|393,386|393,2,2,1.801314791,1.801314791,0.30037353,2,2,"{""DISTANCE_DIAMETER"":2}",2,0
00000269--4014745f93--22:733|749,00000269--4014745f93--22,00000269,22,733|749,733|749,2,1,0.500770601,0.500770601,0.400804135,2,2,"{""LATERAL_DIAMETER"":2}",2,0
00000269--4014745f93--22:766|769,00000269--4014745f93--22,00000269,22,766|769,766|769,2,1,1.197807669,1.197807669,0.099974967,2,2,"{""DISTANCE_GROWTH"":2}",2,0
00000269--4014745f93--23:43|102,00000269--4014745f93--23,00000269,23,43|102,43|102,4,3,1.099672389,1.5005187,1.000224065,4,4,"{""LATERAL_DIAMETER"":4}",4,0
00000269--4014745f93--23:5|29,00000269--4014745f93--23,00000269,23,5|29,5|29,2,1,1.000025096,1.000025096,0.300028584,2,2,"{""DISTANCE_DIAMETER"":1,""LATERAL_DIAMETER"":1}",2,0
00000269--4014745f93--23:6|9,00000269--4014745f93--23,00000269,23,6|9,6|9,2,2,0.801800296,0.801800296,0.4487345825,2,2,"{""DISTANCE_DIAMETER"":1,""LATERAL_DIAMETER"":1}",2,0
00000269--4014745f93--24:102|105,00000269--4014745f93--24,00000269,24,102|105,102|105,2,1,0.497876025,0.497876025,0.397865315,2,2,"{""DISTANCE_GROWTH"":1,""LATERAL_DIAMETER"":1}",2,0
00000269--4014745f93--24:215|269,00000269--4014745f93--24,00000269,24,215|269,215|269,2,2,0.401929565,0.401929565,0.5998581475,2,2,"{""LATERAL_DIAMETER"":1,""LATERAL_GROWTH"":1}",2,0
00000269--4014745f93--24:220|358,00000269--4014745f93--24,00000269,24,220|358,220|349|358;220|358,3,1,1.2001547725,1.299436284,0.700210909,3,3,"{""DISTANCE_DIAMETER"":3}",3,0
00000269--4014745f93--24:310|321,00000269--4014745f93--24,00000269,24,310|321,310|321,3,2,1.7505102399999999,2.502017005,0.7501809095,3,3,"{""LATERAL_GROWTH"":3}",3,0
00000269--4014745f93--24:316|330,00000269--4014745f93--24,00000269,24,316|330,316|330,2,1,0.499239193,0.499239193,0.399727712,1,2,"{""LATERAL_DIAMETER"":1,""LATERAL_GROWTH"":1}",2,0
00000269--4014745f93--24:80|84,00000269--4014745f93--24,00000269,24,80|84,80|84,2,1,0.3003225,0.3003225,0.199806242,2,2,"{""LATERAL_DIAMETER"":1,""LATERAL_GROWTH"":1}",2,0
00000269--4014745f93--25:112|118,00000269--4014745f93--25,00000269,25,112|118,112|118,2,2,0.691252618,0.691252618,0.4552877045,2,2,"{""LATERAL_DIAMETER"":2}",2,0
00000269--4014745f93--25:50|57,00000269--4014745f93--25,00000269,25,50|57,50|57,2,1,0.800850765,0.800850765,0.300977149,2,2,"{""LATERAL_DIAMETER"":2}",2,0
00000269--4014745f93--26:447|459,00000269--4014745f93--26,00000269,26,447|459,447|459,2,1,1.699984291,1.699984291,0.299683707,2,2,"{""LATERAL_DIAMETER"":1,""OTHER_STATIONARY_MOVING"":1}",2,0
00000269--4014745f93--26:54|62,00000269--4014745f93--26,00000269,26,54|62,15|54|62,2,1,0.90097553,0.90097553,0.70268873,2,2,"{""LATERAL_DIAMETER"":1,""LATERAL_GROWTH"":1}",2,0
00000269--4014745f93--26:649|650,00000269--4014745f93--26,00000269,26,649|650,649|650,2,1,0.79986563,0.79986563,0.699681326,2,2,"{""DISTANCE_DIAMETER"":2}",2,0
00000269--4014745f93--26:68|75,00000269--4014745f93--26,00000269,26,68|75,68|75|83,2,1,0.999191777,0.999191777,0.099750135,1,2,"{""LATERAL_DIAMETER"":1,""LATERAL_GROWTH"":1}",2,0
00000269--4014745f93--27:126|138,00000269--4014745f93--27,00000269,27,126|138,126|138,2,1,2.199775879,2.199775879,0.599899873,2,2,"{""DISTANCE_DIAMETER"":1,""VELOCITY_DIAMETER"":1}",2,0
00000269--4014745f93--27:153|163,00000269--4014745f93--27,00000269,27,153|163,153|161|163;153|163,2,1,0.699501946,0.699501946,0.299946117,2,1,"{""DISTANCE_DIAMETER"":1,""LATERAL_GROWTH"":1}",2,0
00000269--4014745f93--27:165|182,00000269--4014745f93--27,00000269,27,165|182,165|182,2,1,1.297859333,1.297859333,0.298305218,2,2,"{""DISTANCE_DIAMETER"":1,""LATERAL_GROWTH"":1}",2,0
00000269--4014745f93--27:231|244,00000269--4014745f93--27,00000269,27,231|244,231|244;231|244|305,4,2,2.299665331,2.399552287,1.4996614975,4,3,"{""DISTANCE_DIAMETER"":4}",4,0
00000269--4014745f93--27:237|239,00000269--4014745f93--27,00000269,27,237|239,237|239|241,2,1,1.100129392,1.100129392,0.500570679,2,2,"{""DISTANCE_GROWTH"":1,""LATERAL_DIAMETER"":1}",2,0
00000269--4014745f93--27:239|241,00000269--4014745f93--27,00000269,27,239|241,237|239|241;239|241,2,2,0.301901831,0.301901831,0.09976188150000001,2,2,"{""DISTANCE_GROWTH"":2}",2,0
00000269--4014745f93--27:288|325,00000269--4014745f93--27,00000269,27,288|325,275|288|325;288|325,3,1,0.649323522,0.899664272,0.798497492,3,3,"{""LATERAL_DIAMETER"":3}",3,0
00000269--4014745f93--27:340|351,00000269--4014745f93--27,00000269,27,340|351,340|351,11,11,1.2011381564999999,3.699545381,0.800141049,11,11,"{""LATERAL_DIAMETER"":10,""LATERAL_GROWTH"":1}",11,0
00000269--4014745f93--27:56|70,00000269--4014745f93--27,00000269,27,56|70,56|70|77,2,1,0.599904027,0.599904027,0.29901559,2,0,"{""DISTANCE_GROWTH"":1,""OTHER_STATIONARY_MOVING"":1}",2,0
00000269--4014745f93--27:63|67,00000269--4014745f93--27,00000269,27,63|67,63|67,2,2,0.499606732,0.499606732,0.1995805715,2,2,"{""LATERAL_GROWTH"":2}",2,0
00000269--4014745f93--27:71|76,00000269--4014745f93--27,00000269,27,71|76,71|76,2,1,2.800184825,2.800184825,0.300888437,1,1,"{""DISTANCE_DIAMETER"":1,""LATERAL_DIAMETER"":1}",2,0
00000269--4014745f93--3:122|131,00000269--4014745f93--3,00000269,3,122|131,122|131,2,1,0.60023727,0.60023727,0.400211084,1,1,"{""DISTANCE_GROWTH"":1,""LATERAL_DIAMETER"":1}",2,0
00000269--4014745f93--3:151|155,00000269--4014745f93--3,00000269,3,151|155,151|155,2,2,1.899922075,1.899922075,0.900243242,2,2,"{""DISTANCE_DIAMETER"":2}",2,0
00000269--4014745f93--3:156|168,00000269--4014745f93--3,00000269,3,156|168,156|168,3,2,0.34992741299999996,0.399468501,0.100141995,3,3,"{""LATERAL_GROWTH"":3}",3,0
00000269--4014745f93--3:432|456,00000269--4014745f93--3,00000269,3,432|456,432|456,2,1,2.2003028,2.2003028,2.099802459,2,2,"{""DISTANCE_DIAMETER"":1,""DISTANCE_GROWTH"":1}",2,0
00000269--4014745f93--3:451|461,00000269--4014745f93--3,00000269,3,451|461,451|461,2,1,1.500161824,1.500161824,0.302641752,2,2,"{""LATERAL_DIAMETER"":1,""LATERAL_GROWTH"":1}",2,0
00000269--4014745f93--3:659|661,00000269--4014745f93--3,00000269,3,659|661,659|661,2,2,0.398707462,0.398707462,0.29919359050000005,2,2,"{""DISTANCE_DIAMETER"":2}",2,0
00000269--4014745f93--3:667|671,00000269--4014745f93--3,00000269,3,667|671,667|671,2,1,4.199532969,4.199532969,1.199340871,1,1,"{""DISTANCE_DIAMETER"":2}",2,0
00000269--4014745f93--4:103|104,00000269--4014745f93--4,00000269,4,103|104,103|104,2,1,2.797828146,2.797828146,0.29818863,0,0,"{""DISTANCE_GROWTH"":2}",2,0
00000269--4014745f93--4:114|120,00000269--4014745f93--4,00000269,4,114|120,114|120,2,2,0.600218606,0.600218606,0.5503347105,1,2,"{""DISTANCE_DIAMETER"":2}",2,0
00000269--4014745f93--4:218|224,00000269--4014745f93--4,00000269,4,218|224,218|224,2,2,0.899373476,0.899373476,0.450009256,2,2,"{""DISTANCE_DIAMETER"":2}",2,0
00000269--4014745f93--4:306|315,00000269--4014745f93--4,00000269,4,306|315,306|314|315;306|315;306|315|338;306|315|472,7,6,3.200653114,6.59841531,0.6988509455,7,6,"{""DISTANCE_GROWTH"":1,""LATERAL_DIAMETER"":5,""LATERAL_GROWTH"":1}",7,0
00000269--4014745f93--4:315|472,00000269--4014745f93--4,00000269,4,315|472,306|315|472,7,7,2.350162852,4.090617706,0.901654426,7,7,"{""LATERAL_DIAMETER"":4,""LATERAL_GROWTH"":3}",7,0
00000269--4014745f93--4:443|570,00000269--4014745f93--4,00000269,4,443|570,443|447|570,3,3,1.7497168200000002,2.999718291,0.100041091,3,3,"{""LATERAL_GROWTH"":3}",3,0
00000269--4014745f93--5:12|13,00000269--4014745f93--5,00000269,5,12|13,12|13,2,2,6.888119729,6.888119729,0.1491782835,2,2,"{""LATERAL_GROWTH"":2}",2,0
00000269--4014745f93--5:16|32,00000269--4014745f93--5,00000269,5,16|32,16|32,4,4,0.500847054,1.89820063,0.650245665,4,4,"{""LATERAL_DIAMETER"":4}",4,0
00000269--4014745f93--5:3|8,00000269--4014745f93--5,00000269,5,3|8,3|8|18,2,1,31.077719395,31.077719395,0.397337699,2,2,"{""DISTANCE_DIAMETER"":1,""LATERAL_DIAMETER"":1}",2,0
00000269--4014745f93--5:449|450,00000269--4014745f93--5,00000269,5,449|450,449|450,3,3,0.8502058735,0.901738244,0.598873459,3,3,"{""LATERAL_DIAMETER"":2,""LATERAL_GROWTH"":1}",3,0
00000269--4014745f93--5:5|10,00000269--4014745f93--5,00000269,5,5|10,5|10;5|10|34;5|10|96,5,5,3.194819333,9.800669263,0.199757525,5,3,"{""LATERAL_DIAMETER"":1,""LATERAL_GROWTH"":4}",5,0
00000269--4014745f93--5:5|96,00000269--4014745f93--5,00000269,5,5|96,5|10|96,3,3,1.150400867,1.700162824,0.199174137,3,3,"{""LATERAL_GROWTH"":3}",3,0
00000269--4014745f93--5:8|18,00000269--4014745f93--5,00000269,5,8|18,3|8|18;8|18;8|18|460,25,25,1.1995199555,6.101102894,0.500429699,23,25,"{""LATERAL_DIAMETER"":15,""LATERAL_GROWTH"":10}",25,0
00000269--4014745f93--5:8|460,00000269--4014745f93--5,00000269,5,8|460,8|18|460,2,1,0.400332075,0.400332075,0.299652451,2,2,"{""LATERAL_GROWTH"":2}",2,0
00000269--4014745f93--6:13|28,00000269--4014745f93--6,00000269,6,13|28,13|28,2,1,2.199498476,2.199498476,2.09933433,2,2,"{""LATERAL_DIAMETER"":2}",2,0
00000269--4014745f93--6:288|293,00000269--4014745f93--6,00000269,6,288|293,288|293,2,2,0.699619122,0.699619122,0.6001172275,2,2,"{""DISTANCE_DIAMETER"":2}",2,0
00000269--4014745f93--6:2|6,00000269--4014745f93--6,00000269,6,2|6,2|6|15,3,3,1.1001852525,1.600036872,0.999699046,3,3,"{""LATERAL_DIAMETER"":3}",3,0
00000269--4014745f93--6:360|361,00000269--4014745f93--6,00000269,6,360|361,360|361,2,2,0.399722836,0.399722836,0.3500893705,2,2,"{""DISTANCE_DIAMETER"":1,""DISTANCE_GROWTH"":1}",2,0
00000269--4014745f93--6:380|383,00000269--4014745f93--6,00000269,6,380|383,380|383,2,2,0.400250348,0.400250348,0.400250254,2,2,"{""DISTANCE_DIAMETER"":2}",2,0
00000269--4014745f93--6:478|504,00000269--4014745f93--6,00000269,6,478|504,478|504,2,1,0.400864291,0.400864291,0.300028581,2,2,"{""DISTANCE_DIAMETER"":2}",2,0
00000269--4014745f93--6:493|505,00000269--4014745f93--6,00000269,6,493|505,493|505,2,1,1.809582897,1.809582897,0.399180996,2,2,"{""DISTANCE_DIAMETER"":2}",2,0
00000269--4014745f93--6:4|5,00000269--4014745f93--6,00000269,6,4|5,4|5,4,4,1.600657095,2.60004638,0.7000701575,4,4,"{""LATERAL_DIAMETER"":4}",4,0
00000269--4014745f93--7:263|277,00000269--4014745f93--7,00000269,7,263|277,263|277,2,2,1.19967668,1.19967668,0.300278855,2,2,"{""LATERAL_DIAMETER"":1,""LATERAL_GROWTH"":1}",2,0
00000269--4014745f93--7:270|275,00000269--4014745f93--7,00000269,7,270|275,270|275,3,3,0.8499639205,1.40048257,0.200317201,3,3,"{""LATERAL_DIAMETER"":1,""LATERAL_GROWTH"":2}",3,0
00000269--4014745f93--7:361|383,00000269--4014745f93--7,00000269,7,361|383,361|383,2,2,0.491286352,0.491286352,0.250360394,2,2,"{""LATERAL_GROWTH"":2}",2,0
00000269--4014745f93--7:436|482,00000269--4014745f93--7,00000269,7,436|482,436|482,11,11,1.9395830135,4.290203918,0.500351997,11,11,"{""DISTANCE_DIAMETER"":6,""LATERAL_DIAMETER"":1,""LATERAL_GROWTH"":4}",11,0
00000269--4014745f93--7:560|578,00000269--4014745f93--7,00000269,7,560|578,560|578|585;560|578|608,2,0,0.599436656,0.599436656,,2,2,"{""DISTANCE_DIAMETER"":1,""LATERAL_DIAMETER"":1}",2,0
00000269--4014745f93--7:75|98,00000269--4014745f93--7,00000269,7,75|98,75|98,2,2,1.209905473,1.209905473,0.300293959,2,2,"{""LATERAL_GROWTH"":2}",2,0
00000269--4014745f93--8:164|168,00000269--4014745f93--8,00000269,8,164|168,164|168,2,2,0.401398385,0.401398385,0.299661313,2,2,"{""DISTANCE_DIAMETER"":2}",2,0
00000269--4014745f93--9:394|395,00000269--4014745f93--9,00000269,9,394|395,394|395,2,2,0.899602393,0.899602393,0.6002093315,2,2,"{""DISTANCE_DIAMETER"":2}",2,0
00000269--4014745f93--9:566|567,00000269--4014745f93--9,00000269,9,566|567,566|567,2,2,0.69779567,0.69779567,0.3989906185,2,2,"{""DISTANCE_DIAMETER"":2}",2,0
0000026a--171a0a1f5c--0:221|228,0000026a--171a0a1f5c--0,0000026a,0,221|228,221|228,2,2,3.699575025,3.699575025,1.199322918,2,2,"{""DISTANCE_GROWTH"":1,""LATERAL_GROWTH"":1}",2,0
0000026a--171a0a1f5c--0:225|227,0000026a--171a0a1f5c--0,0000026a,0,225|227,225|227,2,1,3.000764817,3.000764817,0.600333593,0,2,"{""LATERAL_DIAMETER"":1,""LATERAL_GROWTH"":1}",2,0
0000026a--171a0a1f5c--0:225|232,0000026a--171a0a1f5c--0,0000026a,0,225|232,225|227|232,2,1,1.299495634,1.299495634,0.099441302,2,1,"{""LATERAL_DIAMETER"":1,""LATERAL_GROWTH"":1}",2,0
0000026a--171a0a1f5c--0:427|448,0000026a--171a0a1f5c--0,0000026a,0,427|448,426|427|448;427|448;427|448|462;427|448|482,8,6,1.399962171,5.09950507,0.6503660775,6,7,"{""LATERAL_DIAMETER"":6,""LATERAL_GROWTH"":2}",8,0
0000026a--171a0a1f5c--0:90|101,0000026a--171a0a1f5c--0,0000026a,0,90|101,90|101,2,2,0.799754479,0.799754479,0.9994865615,2,2,"{""DISTANCE_DIAMETER"":2}",2,0
0000026a--171a0a1f5c--1:4|20,0000026a--171a0a1f5c--1,0000026a,1,4|20,4|8|20,3,3,1.1996220185,2.100598233,0.399826452,3,2,"{""LATERAL_DIAMETER"":1,""LATERAL_GROWTH"":2}",3,0
0000026a--171a0a1f5c--1:4|7,0000026a--171a0a1f5c--1,0000026a,1,4|7,4|7|8,4,4,2.201564658,2.500378731,1.9497013395000002,4,2,"{""LATERAL_DIAMETER"":3,""LATERAL_GROWTH"":1}",4,0
0000026a--171a0a1f5c--1:4|8,0000026a--171a0a1f5c--1,0000026a,1,4|8,4|8,8,8,3.699458177,21.410249179,0.450024163,5,8,"{""LATERAL_GROWTH"":8}",8,0
0000026a--171a0a1f5c--1:7|8,0000026a--171a0a1f5c--1,0000026a,1,7|8,7|8,2,2,3.699314446,3.699314446,0.8492496385,0,2,"{""LATERAL_DIAMETER"":1,""LATERAL_GROWTH"":1}",2,0
0000026a--171a0a1f5c--10:334|335,0000026a--171a0a1f5c--10,0000026a,10,334|335,334|335,2,1,0.700023476,0.700023476,0.500047734,2,2,"{""DISTANCE_DIAMETER"":2}",2,0
0000026a--171a0a1f5c--10:605|607,0000026a--171a0a1f5c--10,0000026a,10,605|607,605|607,2,1,0.899491373,0.899491373,0.399154149,2,2,"{""DISTANCE_DIAMETER"":1,""LATERAL_GROWTH"":1}",2,0
0000026a--171a0a1f5c--12:296|302,0000026a--171a0a1f5c--12,0000026a,12,296|302,296|302,2,1,0.800090273,0.800090273,0.600098665,2,2,"{""LATERAL_DIAMETER"":2}",2,0
0000026a--171a0a1f5c--13:498|504,0000026a--171a0a1f5c--13,0000026a,13,498|504,498|504,3,2,0.8497738345,1.000234614,0.1500504265,3,3,"{""DISTANCE_GROWTH"":2,""LATERAL_DIAMETER"":1}",3,0
0000026a--171a0a1f5c--14:523|528,0000026a--171a0a1f5c--14,0000026a,14,523|528,523|528,2,2,0.411664806,0.411664806,0.2001372095,2,2,"{""LATERAL_GROWTH"":2}",2,0
0000026a--171a0a1f5c--16:171|181,0000026a--171a0a1f5c--16,0000026a,16,171|181,171|181,2,2,0.198997676,0.198997676,0.799864358,2,2,"{""DISTANCE_GROWTH"":2}",2,0
0000026a--171a0a1f5c--17:86|87,0000026a--171a0a1f5c--17,0000026a,17,86|87,86|87,2,2,0.200184935,0.200184935,0.0998531165,2,2,"{""DISTANCE_GROWTH"":2}",2,0
0000026a--171a0a1f5c--19:101|102,0000026a--171a0a1f5c--19,0000026a,19,101|102,101|102,2,1,0.998589382,0.998589382,0.298916608,1,1,"{""LATERAL_DIAMETER"":1,""OTHER_STATIONARY_MOVING"":1}",2,0
0000026a--171a0a1f5c--19:113|114,0000026a--171a0a1f5c--19,0000026a,19,113|114,113|114,2,1,1.100062737,1.100062737,0.100788689,2,2,"{""LATERAL_DIAMETER"":1,""LATERAL_GROWTH"":1}",2,0
0000026a--171a0a1f5c--19:171|173,0000026a--171a0a1f5c--19,0000026a,19,171|173,171|173,2,1,1.097167805,1.097167805,0.696879495,2,2,"{""LATERAL_DIAMETER"":2}",2,0
0000026a--171a0a1f5c--19:406|408,0000026a--171a0a1f5c--19,0000026a,19,406|408,406|408,3,2,1.049705355,1.799762006,0.1495244265,3,3,"{""DISTANCE_DIAMETER"":1,""LATERAL_GROWTH"":2}",3,0
0000026a--171a0a1f5c--2:15|17,0000026a--171a0a1f5c--2,0000026a,2,15|17,15|17;15|17|41,3,3,6.4052277085,10.410053937,0.100454515,3,3,"{""LATERAL_DIAMETER"":1,""LATERAL_GROWTH"":2}",3,0
0000026a--171a0a1f5c--2:15|41,0000026a--171a0a1f5c--2,0000026a,2,15|41,15|17|41;15|41,2,2,2.310150898,2.310150898,1.1557203535,1,2,"{""LATERAL_DIAMETER"":1,""LATERAL_GROWTH"":1}",2,0
0000026a--171a0a1f5c--2:17|59,0000026a--171a0a1f5c--2,0000026a,2,17|59,17|59,6,5,1.198082309,2.401628023,0.2984792,6,6,"{""LATERAL_DIAMETER"":4,""LATERAL_GROWTH"":2}",6,0
0000026a--171a0a1f5c--2:61|67,0000026a--171a0a1f5c--2,0000026a,2,61|67,61|67;61|67|68,2,1,2.999322523,2.999322523,0.499701322,1,2,"{""LATERAL_GROWTH"":2}",2,0
0000026a--171a0a1f5c--2:68|69,0000026a--171a0a1f5c--2,0000026a,2,68|69,68|69,2,2,2.199799385,2.199799385,0.5498088955,1,2,"{""LATERAL_GROWTH"":2}",2,0
0000026a--171a0a1f5c--2:72|74,0000026a--171a0a1f5c--2,0000026a,2,72|74,72|74,2,2,1.399779829,1.399779829,0.35004865799999996,2,2,"{""LATERAL_GROWTH"":2}",2,0
0000026a--171a0a1f5c--20:539|542,0000026a--171a0a1f5c--20,0000026a,20,539|542,539|542,3,3,0.500340516,0.500814133,0.300256525,3,3,"{""DISTANCE_DIAMETER"":3}",3,0
0000026a--171a0a1f5c--20:544|548,0000026a--171a0a1f5c--20,0000026a,20,544|548,544|548,2,1,0.899663833,0.899663833,0.700803157,1,1,"{""DISTANCE_DIAMETER"":2}",2,0
0000026a--171a0a1f5c--20:544|554,0000026a--171a0a1f5c--20,0000026a,20,544|554,544|554,2,1,0.899603887,0.899603887,0.400485574,1,2,"{""DISTANCE_DIAMETER"":2}",2,0
0000026a--171a0a1f5c--21:181|185,0000026a--171a0a1f5c--21,0000026a,21,181|185,181|185,2,1,2.199299431,2.199299431,1.100104211,2,2,"{""DISTANCE_DIAMETER"":2}",2,0
0000026a--171a0a1f5c--23:657|663,0000026a--171a0a1f5c--23,0000026a,23,657|663,657|663,2,2,0.200124437,0.200124437,0.1007410135,2,2,"{""LATERAL_GROWTH"":2}",2,0
0000026a--171a0a1f5c--24:557|558,0000026a--171a0a1f5c--24,0000026a,24,557|558,557|558,2,1,0.999907079,0.999907079,0.399603189,2,2,"{""DISTANCE_DIAMETER"":2}",2,0
0000026a--171a0a1f5c--25:317|360,0000026a--171a0a1f5c--25,0000026a,25,317|360,317|360,2,1,0.799062997,0.799062997,0.499254122,1,2,"{""DISTANCE_DIAMETER"":2}",2,0
0000026a--171a0a1f5c--25:331|335,0000026a--171a0a1f5c--25,0000026a,25,331|335,331|335,2,1,0.700411765,0.700411765,0.600635839,2,2,"{""DISTANCE_DIAMETER"":2}",2,0
0000026a--171a0a1f5c--26:334|367,0000026a--171a0a1f5c--26,0000026a,26,334|367,334|367,2,1,2.699585987,2.699585987,0.199466877,2,2,"{""DISTANCE_DIAMETER"":1,""LATERAL_GROWTH"":1}",2,0
0000026a--171a0a1f5c--27:331|351,0000026a--171a0a1f5c--27,0000026a,27,331|351,331|351,2,1,1.701112993,1.701112993,0.100670485,2,2,"{""DISTANCE_DIAMETER"":1,""LATERAL_GROWTH"":1}",2,0
0000026a--171a0a1f5c--27:706|720,0000026a--171a0a1f5c--27,0000026a,27,706|720,706|720,3,2,1.0502352825,1.099881609,0.799939381,3,3,"{""DISTANCE_DIAMETER"":3}",3,0
0000026a--171a0a1f5c--28:101|142,0000026a--171a0a1f5c--28,0000026a,28,101|142,101|142,3,2,0.9499764129999999,1.198781932,0.5993417585,3,3,"{""LATERAL_DIAMETER"":3}",3,0
0000026a--171a0a1f5c--28:110|112,0000026a--171a0a1f5c--28,0000026a,28,110|112,110|112;110|112|126,2,1,0.801436568,0.801436568,0.099136948,2,2,"{""DISTANCE_GROWTH"":2}",2,0
0000026a--171a0a1f5c--28:117|122,0000026a--171a0a1f5c--28,0000026a,28,117|122,117|122,2,1,0.500105938,0.500105938,0.30057952,2,2,"{""LATERAL_DIAMETER"":2}",2,0
0000026a--171a0a1f5c--28:122|185,0000026a--171a0a1f5c--28,0000026a,28,122|185,122|185|189;122|185|234,3,1,1.1499762645,1.699878582,0.30270847,3,3,"{""LATERAL_DIAMETER"":3}",3,0
0000026a--171a0a1f5c--28:122|189,0000026a--171a0a1f5c--28,0000026a,28,122|189,122|185|189,2,2,1.00062559,1.00062559,0.5504552899999999,2,0,"{""LATERAL_DIAMETER"":2}",2,0
0000026a--171a0a1f5c--29:140|156,0000026a--171a0a1f5c--29,0000026a,29,140|156,140|156,4,3,1.999330798,3.800676114,0.599618118,4,4,"{""LATERAL_DIAMETER"":3,""LATERAL_GROWTH"":1}",4,0
0000026a--171a0a1f5c--29:156|284,0000026a--171a0a1f5c--29,0000026a,29,156|284,156|284,4,3,0.699860663,1.100704113,0.30044194,4,4,"{""LATERAL_DIAMETER"":2,""LATERAL_GROWTH"":2}",4,0
0000026a--171a0a1f5c--29:461|466,0000026a--171a0a1f5c--29,0000026a,29,461|466,461|466,3,2,0.7488061109999999,0.899869255,0.4986415365,3,3,"{""DISTANCE_DIAMETER"":3}",3,0
0000026a--171a0a1f5c--29:58|157,0000026a--171a0a1f5c--29,0000026a,29,58|157,58|157,3,2,0.45048102,0.500466301,0.1501837995,3,3,"{""LATERAL_DIAMETER"":1,""LATERAL_GROWTH"":2}",3,0
0000026a--171a0a1f5c--29:64|89,0000026a--171a0a1f5c--29,0000026a,29,64|89,64|89;64|89|123,2,0,26.600584124,26.600584124,,2,1,"{""DISTANCE_DIAMETER"":1,""DISTANCE_GROWTH"":1}",2,0
0000026a--171a0a1f5c--29:9|149,0000026a--171a0a1f5c--29,0000026a,29,9|149,9|149,3,3,1.350243901,1.998606376,1.499327248,3,3,"{""LATERAL_DIAMETER"":3}",3,0
0000026a--171a0a1f5c--3:227|232,0000026a--171a0a1f5c--3,0000026a,3,227|232,227|232;227|232|265,4,2,0.400160887,4.00106895,0.2992404515,4,3,"{""DISTANCE_DIAMETER"":4}",4,0
0000026a--171a0a1f5c--3:232|327,0000026a--171a0a1f5c--3,0000026a,3,232|327,232|327,3,2,1.5498852195000001,2.000116171,0.9004567315,3,3,"{""DISTANCE_DIAMETER"":3}",3,0
0000026a--171a0a1f5c--3:298|345,0000026a--171a0a1f5c--3,0000026a,3,298|345,298|345,2,1,1.899701757,1.899701757,0.599816595,2,2,"{""DISTANCE_DIAMETER"":1,""LATERAL_DIAMETER"":1}",2,0
0000026a--171a0a1f5c--3:314|339,0000026a--171a0a1f5c--3,0000026a,3,314|339,314|339,2,1,0.600756464,0.600756464,0.300216547,2,2,"{""LATERAL_GROWTH"":1,""VELOCITY_DIAMETER"":1}",2,0
0000026a--171a0a1f5c--3:756|809,0000026a--171a0a1f5c--3,0000026a,3,756|809,756|809,2,2,0.398413476,0.398413476,0.49917601200000006,2,2,"{""LATERAL_DIAMETER"":2}",2,0
0000026a--171a0a1f5c--3:9|15,0000026a--171a0a1f5c--3,0000026a,3,9|15,9|15,3,3,1.2509850120000001,2.299583124,0.199938718,3,3,"{""DISTANCE_DIAMETER"":1,""DISTANCE_GROWTH"":1,""LATERAL_GROWTH"":1}",3,0
0000026a--171a0a1f5c--30:494|514,0000026a--171a0a1f5c--30,0000026a,30,494|514,494|514,2,1,0.399628552,0.399628552,0.299748224,2,2,"{""DISTANCE_DIAMETER"":2}",2,0
0000026a--171a0a1f5c--30:51|75,0000026a--171a0a1f5c--30,0000026a,30,51|75,51|75,2,1,0.900449351,0.900449351,0.502020825,1,1,"{""DISTANCE_DIAMETER"":2}",2,0
0000026a--171a0a1f5c--30:550|552,0000026a--171a0a1f5c--30,0000026a,30,550|552,550|552;550|552|593,4,3,0.999948869,2.399698041,0.499071817,4,4,"{""DISTANCE_DIAMETER"":3,""DISTANCE_GROWTH"":1}",4,0
0000026a--171a0a1f5c--30:730|735,0000026a--171a0a1f5c--30,0000026a,30,730|735,730|735,2,1,0.400339231,0.400339231,0.100797567,2,2,"{""DISTANCE_GROWTH"":1,""LATERAL_GROWTH"":1}",2,0
0000026a--171a0a1f5c--32:521|526,0000026a--171a0a1f5c--32,0000026a,32,521|526,521|526,2,2,1.499894702,1.499894702,0.34988100499999997,2,2,"{""DISTANCE_DIAMETER"":1,""LATERAL_GROWTH"":1}",2,0
0000026a--171a0a1f5c--33:132|172,0000026a--171a0a1f5c--33,0000026a,33,132|172,132|172,2,1,1.299997129,1.299997129,0.60029886,2,2,"{""DISTANCE_DIAMETER"":1,""DISTANCE_GROWTH"":1}",2,0
0000026a--171a0a1f5c--33:281|282,0000026a--171a0a1f5c--33,0000026a,33,281|282,281|282,2,1,2.999897167,2.999897167,0.399793107,2,2,"{""DISTANCE_DIAMETER"":1,""LATERAL_DIAMETER"":1}",2,0
0000026a--171a0a1f5c--33:524|531,0000026a--171a0a1f5c--33,0000026a,33,524|531,524|531,2,2,1.011897156,1.011897156,0.8485313270000001,2,2,"{""DISTANCE_DIAMETER"":2}",2,0
0000026a--171a0a1f5c--33:596|610,0000026a--171a0a1f5c--33,0000026a,33,596|610,596|610,2,1,0.500958042,0.500958042,0.100620028,2,2,"{""LATERAL_DIAMETER"":1,""LATERAL_GROWTH"":1}",2,0
0000026a--171a0a1f5c--34:108|109,0000026a--171a0a1f5c--34,0000026a,34,108|109,108|109,2,2,0.199025048,0.199025048,0.2002392005,2,2,"{""LATERAL_GROWTH"":2}",2,0
0000026a--171a0a1f5c--34:226|237,0000026a--171a0a1f5c--34,0000026a,34,226|237,226|234|237;226|237,3,2,0.399873233,0.499456282,0.299995148,3,2,"{""DISTANCE_GROWTH"":1,""LATERAL_GROWTH"":1,""VELOCITY_DIAMETER"":1}",3,0
0000026a--171a0a1f5c--34:274|289,0000026a--171a0a1f5c--34,0000026a,34,274|289,274|289,2,2,0.700225277,0.700225277,0.4021625475,1,1,"{""DISTANCE_DIAMETER"":1,""LATERAL_GROWTH"":1}",2,0
0000026a--171a0a1f5c--34:392|434,0000026a--171a0a1f5c--34,0000026a,34,392|434,392|434,3,2,2.05039161,3.100729317,1.4999614645,3,3,"{""LATERAL_DIAMETER"":1,""LATERAL_GROWTH"":2}",3,0
0000026a--171a0a1f5c--34:40|46,0000026a--171a0a1f5c--34,0000026a,34,40|46,40|46,2,1,0.59798131,0.59798131,0.298586731,1,2,"{""DISTANCE_DIAMETER"":2}",2,0
0000026a--171a0a1f5c--4:223|239,0000026a--171a0a1f5c--4,0000026a,4,223|239,223|239,2,1,0.499526964,0.499526964,0.299589687,2,2,"{""LATERAL_DIAMETER"":1,""LATERAL_GROWTH"":1}",2,0
0000026a--171a0a1f5c--6:1|47,0000026a--171a0a1f5c--6,0000026a,6,1|47,1|47,2,1,0.598851331,0.598851331,0.299345193,2,2,"{""DISTANCE_DIAMETER"":1,""DISTANCE_GROWTH"":1}",2,0
0000026a--171a0a1f5c--7:114|122,0000026a--171a0a1f5c--7,0000026a,7,114|122,114|122,2,1,1.299848621,1.299848621,1.199414372,1,1,"{""DISTANCE_DIAMETER"":1,""DISTANCE_GROWTH"":1}",2,0
0000026a--171a0a1f5c--7:232|236,0000026a--171a0a1f5c--7,0000026a,7,232|236,232|236;232|236|237,2,1,1.799661414,1.799661414,1.099584564,2,2,"{""DISTANCE_DIAMETER"":2}",2,0
0000026b--4dfb361eee--0:226|231,0000026b--4dfb361eee--0,0000026b,0,226|231,226|231;226|231|232,3,2,0.9044936655,0.999996084,0.795469153,4,3,"{""LATERAL_DIAMETER"":2,""LATERAL_GROWTH"":1}",3,0
0000026b--4dfb361eee--0:234|251,0000026b--4dfb361eee--0,0000026b,0,234|251,234|251;234|251|252,2,1,0.599229747,0.599229747,0.510114827,1,0,"{""DISTANCE_DIAMETER"":1,""LATERAL_GROWTH"":1}",2,0
0000026b--4dfb361eee--0:270|271,0000026b--4dfb361eee--0,0000026b,0,270|271,270|271,2,1,0.999589373,0.999589373,0.400197851,1,1,"{""DISTANCE_GROWTH"":1,""LATERAL_DIAMETER"":1}",2,0
0000026b--4dfb361eee--0:350|363,0000026b--4dfb361eee--0,0000026b,0,350|363,350|363,2,1,0.70017054,0.70017054,0.500483609,2,2,"{""DISTANCE_DIAMETER"":2}",2,0
0000026b--4dfb361eee--0:390|455,0000026b--4dfb361eee--0,0000026b,0,390|455,390|455,2,2,0.299927392,0.299927392,1.000674259,2,2,"{""DISTANCE_DIAMETER"":1,""LATERAL_GROWTH"":1}",2,0
0000026b--4dfb361eee--0:515|542,0000026b--4dfb361eee--0,0000026b,0,515|542,515|542,4,4,0.900166488,1.600826196,0.5494878544999999,4,4,"{""DISTANCE_DIAMETER"":4}",4,0
0000026b--4dfb361eee--1:185|189,0000026b--4dfb361eee--1,0000026b,1,185|189,185|189,3,2,7.1991217455,13.599319132,0.799684055,3,3,"{""LATERAL_DIAMETER"":2,""LATERAL_GROWTH"":1}",3,0
0000026b--4dfb361eee--1:185|315,0000026b--4dfb361eee--1,0000026b,1,185|315,185|315,2,2,1.299016404,1.299016404,0.1005076515,2,2,"{""DISTANCE_GROWTH"":1,""LATERAL_GROWTH"":1}",2,0
0000026b--4dfb361eee--1:186|274,0000026b--4dfb361eee--1,0000026b,1,186|274,186|274,2,1,1.000038905,1.000038905,0.900451653,2,2,"{""LATERAL_DIAMETER"":2}",2,0
0000026b--4dfb361eee--1:198|217,0000026b--4dfb361eee--1,0000026b,1,198|217,198|217,4,4,1.10075885,2.401391648,0.300191946,4,4,"{""LATERAL_DIAMETER"":1,""LATERAL_GROWTH"":3}",4,0
0000026b--4dfb361eee--1:20|57,0000026b--4dfb361eee--1,0000026b,1,20|57,20|57;20|57|87,3,2,2.1505564955,3.60040527,1.7503054095000001,3,3,"{""LATERAL_DIAMETER"":3}",3,0
0000026b--4dfb361eee--1:233|257,0000026b--4dfb361eee--1,0000026b,1,233|257,233|257,2,2,3.29922267,3.29922267,0.2000378205,2,2,"{""LATERAL_GROWTH"":2}",2,0
0000026b--4dfb361eee--1:241|258,0000026b--4dfb361eee--1,0000026b,1,241|258,241|244|258;241|258,3,3,2.6002057655,4.102946361,0.50126901,3,3,"{""LATERAL_GROWTH"":3}",3,0
0000026b--4dfb361eee--1:24|57,0000026b--4dfb361eee--1,0000026b,1,24|57,24|57,2,1,5.000481874,5.000481874,4.899984349,1,2,"{""DISTANCE_DIAMETER"":2}",2,0
0000026b--4dfb361eee--1:281|289,0000026b--4dfb361eee--1,0000026b,1,281|289,281|289,2,2,0.299316515,0.299316515,1.000097866,2,2,"{""LATERAL_GROWTH"":2}",2,0
0000026b--4dfb361eee--1:387|388,0000026b--4dfb361eee--1,0000026b,1,387|388,387|388,2,2,0.599890711,0.599890711,0.3005358225,2,2,"{""LATERAL_GROWTH"":2}",2,0
0000026b--4dfb361eee--1:403|408,0000026b--4dfb361eee--1,0000026b,1,403|408,403|408;403|408|414,2,1,1.399641365,1.399641365,1.000139706,1,2,"{""DISTANCE_DIAMETER"":2}",2,0
0000026b--4dfb361eee--1:8|31,0000026b--4dfb361eee--1,0000026b,1,8|31,8|31;8|31|32,4,2,2.802723,6.900651273,1.249704575,4,4,"{""LATERAL_DIAMETER"":3,""LATERAL_GROWTH"":1}",4,0
0000026b--4dfb361eee--10:140|144,0000026b--4dfb361eee--10,0000026b,10,140|144,140|144,2,2,0.701383642,0.701383642,0.34955515849999996,2,2,"{""LATERAL_DIAMETER"":2}",2,0
0000026b--4dfb361eee--10:150|170,0000026b--4dfb361eee--10,0000026b,10,150|170,150|170,3,2,0.8503231904999999,1.200023068,0.350529676,3,3,"{""DISTANCE_DIAMETER"":3}",3,0
0000026b--4dfb361eee--10:172|174,0000026b--4dfb361eee--10,0000026b,10,172|174,172|174;172|174|178,4,3,2.000244414,4.600337769,1.200147449,4,3,"{""LATERAL_DIAMETER"":2,""LATERAL_GROWTH"":2}",4,0
0000026b--4dfb361eee--10:174|178,0000026b--4dfb361eee--10,0000026b,10,174|178,174|178,3,3,1.3499818365,2.09889789,1.099211548,3,3,"{""LATERAL_DIAMETER"":3}",3,0
0000026b--4dfb361eee--10:200|227,0000026b--4dfb361eee--10,0000026b,10,200|227,200|227,5,4,1.3498312345,2.700612615,0.550572659,5,5,"{""DISTANCE_DIAMETER"":1,""LATERAL_DIAMETER"":4}",5,0
0000026b--4dfb361eee--10:283|300,0000026b--4dfb361eee--10,0000026b,10,283|300,283|297|300;283|300,2,0,2.400679086,2.400679086,,2,2,"{""DISTANCE_DIAMETER"":2}",2,0
0000026b--4dfb361eee--10:352|374,0000026b--4dfb361eee--10,0000026b,10,352|374,352|374,3,3,1.3507382424999999,1.49983732,0.298525808,3,3,"{""DISTANCE_DIAMETER"":2,""LATERAL_GROWTH"":1}",3,0
0000026b--4dfb361eee--10:404|446,0000026b--4dfb361eee--10,0000026b,10,404|446,404|446;404|446|493,2,1,1.800148793,1.800148793,0.299667966,0,1,"{""DISTANCE_DIAMETER"":1,""LATERAL_GROWTH"":1}",2,0
0000026b--4dfb361eee--10:411|422,0000026b--4dfb361eee--10,0000026b,10,411|422,411|419|422,2,1,0.898800413,0.898800413,0.499828201,2,1,"{""DISTANCE_DIAMETER"":2}",2,0
0000026b--4dfb361eee--10:423|426,0000026b--4dfb361eee--10,0000026b,10,423|426,423|426|427,2,2,0.398740508,0.398740508,0.1989492465,2,1,"{""LATERAL_DIAMETER"":1,""LATERAL_GROWTH"":1}",2,0
0000026b--4dfb361eee--11:315|417,0000026b--4dfb361eee--11,0000026b,11,315|417,315|417,2,1,1.19860849,1.19860849,0.698478301,2,2,"{""DISTANCE_DIAMETER"":1,""DISTANCE_GROWTH"":1}",2,0
0000026b--4dfb361eee--2:284|526,0000026b--4dfb361eee--2,0000026b,2,284|526,284|526,3,2,0.300127345,0.399580965,0.19999110199999998,3,3,"{""LATERAL_DIAMETER"":1,""LATERAL_GROWTH"":2}",3,0
0000026b--4dfb361eee--2:330|388,0000026b--4dfb361eee--2,0000026b,2,330|388,330|388,2,2,1.298835051,1.298835051,0.849991502,2,2,"{""LATERAL_DIAMETER"":1,""LATERAL_GROWTH"":1}",2,0
0000026b--4dfb361eee--2:345|360,0000026b--4dfb361eee--2,0000026b,2,345|360,345|360,3,2,3.7499828954999996,6.30056063,1.30020031,3,3,"{""LATERAL_DIAMETER"":3}",3,0
0000026b--4dfb361eee--2:423|493,0000026b--4dfb361eee--2,0000026b,2,423|493,423|493,2,1,1.599996186,1.599996186,0.299387703,1,2,"{""DISTANCE_DIAMETER"":1,""LATERAL_GROWTH"":1}",2,0
0000026b--4dfb361eee--3:140|151,0000026b--4dfb361eee--3,0000026b,3,140|151,140|151,3,2,3.8498822280000002,7.300331002,0.1502351135,3,3,"{""DISTANCE_DIAMETER"":1,""LATERAL_GROWTH"":2}",3,0
0000026b--4dfb361eee--3:183|434,0000026b--4dfb361eee--3,0000026b,3,183|434,183|402|434;183|434,3,1,1.5005182929999998,2.400243979,0.500971957,3,3,"{""DISTANCE_DIAMETER"":3}",3,0
0000026b--4dfb361eee--3:231|232,0000026b--4dfb361eee--3,0000026b,3,231|232,231|232,6,5,1.39928385,7.600501584,0.500035852,3,5,"{""LATERAL_DIAMETER"":3,""LATERAL_GROWTH"":3}",6,0
0000026b--4dfb361eee--4:10|97,0000026b--4dfb361eee--4,0000026b,4,10|97,10|97;10|97|123,3,2,3.8004673585,6.799024889,2.5496463485,3,3,"{""LATERAL_DIAMETER"":2,""LATERAL_GROWTH"":1}",3,0
0000026b--4dfb361eee--4:18|100,0000026b--4dfb361eee--4,0000026b,4,18|100,18|100,2,1,0.900247488,0.900247488,0.400721463,2,2,"{""LATERAL_DIAMETER"":1,""LATERAL_GROWTH"":1}",2,0
0000026b--4dfb361eee--4:425|426,0000026b--4dfb361eee--4,0000026b,4,425|426,425|426,5,4,1.449642769,1.80079822,0.599732378,4,5,"{""DISTANCE_DIAMETER"":2,""DISTANCE_GROWTH"":1,""LATERAL_DIAMETER"":2}",5,0
0000026b--4dfb361eee--4:522|523,0000026b--4dfb361eee--4,0000026b,4,522|523,522|523,2,2,0.399628336,0.399628336,0.249107097,2,2,"{""LATERAL_GROWTH"":2}",2,0
0000026b--4dfb361eee--5:192|194,0000026b--4dfb361eee--5,0000026b,5,192|194,192|194,2,2,0.700747883,0.700747883,0.299994584,2,2,"{""DISTANCE_GROWTH"":2}",2,0
0000026b--4dfb361eee--5:230|235,0000026b--4dfb361eee--5,0000026b,5,230|235,230|235,2,1,0.400388282,0.400388282,0.199870318,1,2,"{""DISTANCE_DIAMETER"":1,""DISTANCE_GROWTH"":1}",2,0
0000026b--4dfb361eee--5:241|246,0000026b--4dfb361eee--5,0000026b,5,241|246,241|246,2,1,0.499491761,0.499491761,0.200282443,2,2,"{""DISTANCE_DIAMETER"":1,""LATERAL_GROWTH"":1}",2,0
0000026b--4dfb361eee--5:260|268,0000026b--4dfb361eee--5,0000026b,5,260|268,260|268;260|268|270,3,2,0.350183173,0.399594419,0.1494916885,4,3,"{""DISTANCE_GROWTH"":1,""LATERAL_GROWTH"":2}",3,0
0000026b--4dfb361eee--5:50|57,0000026b--4dfb361eee--5,0000026b,5,50|57,50|57,2,1,0.600431558,0.600431558,0.500073284,2,2,"{""DISTANCE_DIAMETER"":2}",2,0
0000026b--4dfb361eee--6:15|18,0000026b--4dfb361eee--6,0000026b,6,15|18,15|18,4,4,10.290053354,22.499558333,0.3585702085,4,4,"{""LATERAL_DIAMETER"":2,""LATERAL_GROWTH"":2}",4,0
0000026b--4dfb361eee--6:2|39,0000026b--4dfb361eee--6,0000026b,6,2|39,2|39,2,2,8.699969482,8.699969482,4.449795245000001,0,1,"{""LATERAL_DIAMETER"":2}",2,0
0000026b--4dfb361eee--6:2|40,0000026b--4dfb361eee--6,0000026b,6,2|40,2|40,2,2,4.501569595,4.501569595,0.55444736,1,2,"{""LATERAL_GROWTH"":2}",2,0
0000026b--4dfb361eee--7:118|128,0000026b--4dfb361eee--7,0000026b,7,118|128,118|128,2,1,2.50005388,2.50005388,2.100190032,2,2,"{""LATERAL_DIAMETER"":2}",2,0
0000026b--4dfb361eee--7:5|6,0000026b--4dfb361eee--7,0000026b,7,5|6,5|6,5,4,3.749704862,18.508917066,0.1555319785,5,5,"{""LATERAL_DIAMETER"":1,""LATERAL_GROWTH"":3,""VELOCITY_DIAMETER"":1}",5,0
0000026b--4dfb361eee--8:191|196,0000026b--4dfb361eee--8,0000026b,8,191|196,191|196,2,1,2.100062301,2.100062301,0.10230266,2,2,"{""DISTANCE_DIAMETER"":1,""LATERAL_GROWTH"":1}",2,0
0000026b--4dfb361eee--8:198|202,0000026b--4dfb361eee--8,0000026b,8,198|202,198|202;198|202|205,2,1,0.500186865,0.500186865,0.699969907,2,2,"{""DISTANCE_DIAMETER"":2}",2,0
0000026b--4dfb361eee--8:220|232,0000026b--4dfb361eee--8,0000026b,8,220|232,220|232,2,1,0.988224953,0.988224953,0.88810131,2,2,"{""DISTANCE_DIAMETER"":2}",2,0
0000026b--4dfb361eee--8:226|241,0000026b--4dfb361eee--8,0000026b,8,226|241,226|241,2,1,2.100019972,2.100019972,0.099793777,2,2,"{""LATERAL_DIAMETER"":1,""LATERAL_GROWTH"":1}",2,0
0000026b--4dfb361eee--8:248|249,0000026b--4dfb361eee--8,0000026b,8,248|249,248|249,5,5,1.4497465625,1.611110998,0.410503669,5,5,"{""DISTANCE_DIAMETER"":5}",5,0
0000026b--4dfb361eee--8:257|287,0000026b--4dfb361eee--8,0000026b,8,257|287,257|287,2,1,1.19823909,1.19823909,0.408554648,2,2,"{""DISTANCE_DIAMETER"":2}",2,0
0000026b--4dfb361eee--8:290|295,0000026b--4dfb361eee--8,0000026b,8,290|295,290|295|300,2,1,4.012207404,4.012207404,1.799590921,2,0,"{""DISTANCE_DIAMETER"":2}",2,0
0000026b--4dfb361eee--9:18|56,0000026b--4dfb361eee--9,0000026b,9,18|56,18|56,2,1,0.289698298,0.289698298,0.189995854,2,2,"{""LATERAL_GROWTH"":2}",2,0
0000026b--4dfb361eee--9:308|319,0000026b--4dfb361eee--9,0000026b,9,308|319,308|319,2,2,3.599760492,3.599760492,0.2501212885,2,2,"{""LATERAL_GROWTH"":2}",2,0
0000026b--4dfb361eee--9:327|347,0000026b--4dfb361eee--9,0000026b,9,327|347,327|347;327|347|352,2,1,0.68968139,0.68968139,0.490212022,2,2,"{""DISTANCE_GROWTH"":1,""LATERAL_GROWTH"":1}",2,0
0000026b--4dfb361eee--9:327|352,0000026b--4dfb361eee--9,0000026b,9,327|352,327|352,2,1,1.900665889,1.900665889,0.399940745,2,2,"{""LATERAL_GROWTH"":2}",2,0
0000026b--4dfb361eee--9:357|381,0000026b--4dfb361eee--9,0000026b,9,357|381,357|381,2,1,1.199754385,1.199754385,0.799710485,1,2,"{""DISTANCE_DIAMETER"":1,""LATERAL_DIAMETER"":1}",2,0
0000026b--4dfb361eee--9:457|461,0000026b--4dfb361eee--9,0000026b,9,457|461,457|461,3,3,0.7999214644999999,1.299987106,0.200267367,3,3,"{""DISTANCE_DIAMETER"":1,""LATERAL_GROWTH"":2}",3,0
0000026b--4dfb361eee--9:513|520,0000026b--4dfb361eee--9,0000026b,9,513|520,513|520,2,1,2.300619098,2.300619098,0.200299279,0,0,"{""DISTANCE_DIAMETER"":1,""LATERAL_GROWTH"":1}",2,0
0000026b--4dfb361eee--9:535|579,0000026b--4dfb361eee--9,0000026b,9,535|579,535|579,2,1,0.499765768,0.499765768,0.199994073,2,2,"{""DISTANCE_GROWTH"":2}",2,0
0000026b--4dfb361eee--9:538|548,0000026b--4dfb361eee--9,0000026b,9,538|548,538|548;538|548|586,2,1,3.699253909,3.699253909,0.398935873,2,2,"{""DISTANCE_DIAMETER"":1,""LATERAL_DIAMETER"":1}",2,0
0000026b--4dfb361eee--9:538|586,0000026b--4dfb361eee--9,0000026b,9,538|586,538|548|586;538|586,2,1,0.400006329,0.400006329,0.100200447,1,2,"{""DISTANCE_GROWTH"":1,""LATERAL_GROWTH"":1}",2,0
0000026d--2363789071--0:8|11,0000026d--2363789071--0,0000026d,0,8|11,8|11,2,1,2.490236514,2.490236514,0.300405122,1,2,"{""DISTANCE_DIAMETER"":1,""LATERAL_GROWTH"":1}",2,0
0000026d--2363789071--1:3|5,0000026d--2363789071--1,0000026d,1,3|5,3|5,2,2,1.399497018,1.399497018,0.249601407,1,1,"{""LATERAL_GROWTH"":2}",2,0
0000026d--2363789071--10:15|23,0000026d--2363789071--10,0000026d,10,15|23,15|23,2,1,1.699974824,1.699974824,0.600081803,2,2,"{""DISTANCE_GROWTH"":2}",2,0
0000026d--2363789071--10:219|220,0000026d--2363789071--10,0000026d,10,219|220,219|220,2,1,0.80032879,0.80032879,0.700057914,2,2,"{""DISTANCE_DIAMETER"":1,""DISTANCE_GROWTH"":1}",2,0
0000026d--2363789071--14:417|418,0000026d--2363789071--14,0000026d,14,417|418,417|418,2,1,0.199302785,0.199302785,0.099691637,1,2,"{""DISTANCE_DIAMETER"":1,""DISTANCE_GROWTH"":1}",2,0
0000026d--2363789071--15:254|255,0000026d--2363789071--15,0000026d,15,254|255,254|255,2,1,0.500936321,0.500936321,0.400938097,2,2,"{""DISTANCE_DIAMETER"":2}",2,0
0000026d--2363789071--16:378|390,0000026d--2363789071--16,0000026d,16,378|390,378|390,2,2,0.908377417,0.908377417,0.2994794485,2,2,"{""DISTANCE_DIAMETER"":2}",2,0
0000026d--2363789071--18:135|137,0000026d--2363789071--18,0000026d,18,135|137,135|137,2,2,1.700548197,1.700548197,0.950009577,2,2,"{""LATERAL_DIAMETER"":2}",2,0
0000026d--2363789071--20:314|323,0000026d--2363789071--20,0000026d,20,314|323,314|323,2,2,0.200068595,0.200068595,0.0998247255,2,2,"{""DISTANCE_GROWTH"":2}",2,0
0000026d--2363789071--21:148|189,0000026d--2363789071--21,0000026d,21,148|189,148|189,2,2,0.500454859,0.500454859,0.29977023550000004,2,2,"{""DISTANCE_DIAMETER"":2}",2,0
0000026d--2363789071--21:242|258,0000026d--2363789071--21,0000026d,21,242|258,242|258,2,2,1.090319845,1.090319845,0.6003516849999999,2,2,"{""DISTANCE_DIAMETER"":2}",2,0
0000026d--2363789071--21:282|283,0000026d--2363789071--21,0000026d,21,282|283,282|283,2,2,0.399715599,0.399715599,0.249595568,2,2,"{""DISTANCE_DIAMETER"":1,""LATERAL_GROWTH"":1}",2,0
0000026d--2363789071--21:39|52,0000026d--2363789071--21,0000026d,21,39|52,39|52,2,1,0.591361308,0.591361308,0.389898207,2,2,"{""DISTANCE_DIAMETER"":2}",2,0
0000026d--2363789071--21:449|452,0000026d--2363789071--21,0000026d,21,449|452,449|452,2,1,0.902148208,0.902148208,0.299993763,2,2,"{""DISTANCE_DIAMETER"":2}",2,0
0000026d--2363789071--21:460|462,0000026d--2363789071--21,0000026d,21,460|462,460|462,2,1,1.899273589,1.899273589,0.59941742,1,2,"{""DISTANCE_DIAMETER"":2}",2,0
0000026d--2363789071--21:460|472,0000026d--2363789071--21,0000026d,21,460|472,460|472,2,1,2.099956401,2.099956401,1.299856169,0,1,"{""DISTANCE_DIAMETER"":2}",2,0
0000026d--2363789071--21:462|464,0000026d--2363789071--21,0000026d,21,462|464,462|464,2,1,2.299876828,2.299876828,1.70029258,2,2,"{""DISTANCE_DIAMETER"":2}",2,0
0000026d--2363789071--21:464|470,0000026d--2363789071--21,0000026d,21,464|470,464|470,2,1,1.199918076,1.199918076,0.299681965,1,2,"{""DISTANCE_DIAMETER"":2}",2,0
0000026d--2363789071--21:467|472,0000026d--2363789071--21,0000026d,21,467|472,467|472,3,3,0.7011472565,0.902148208,0.800420674,2,2,"{""DISTANCE_DIAMETER"":3}",3,0
0000026d--2363789071--21:494|511,0000026d--2363789071--21,0000026d,21,494|511,494|511,3,2,0.6491753920000001,0.898271374,0.299637412,3,3,"{""DISTANCE_DIAMETER"":3}",3,0
0000026d--2363789071--21:520|525,0000026d--2363789071--21,0000026d,21,520|525,520|525,2,2,2.390379787,2.390379787,0.40013963399999997,2,2,"{""DISTANCE_DIAMETER"":2}",2,0
0000026d--2363789071--21:64|69,0000026d--2363789071--21,0000026d,21,64|69,64|69,2,2,1.090393179,1.090393179,0.40011527550000003,2,2,"{""DISTANCE_DIAMETER"":1,""DISTANCE_GROWTH"":1}",2,0
0000026d--2363789071--21:91|100,0000026d--2363789071--21,0000026d,21,91|100,91|100,2,2,0.690496247,0.690496247,0.545516246,1,1,"{""DISTANCE_DIAMETER"":1,""DISTANCE_GROWTH"":1}",2,0
0000026d--2363789071--23:30|34,0000026d--2363789071--23,0000026d,23,30|34,30|34,2,1,0.199693099,0.199693099,0.0998795,2,2,"{""LATERAL_GROWTH"":2}",2,0
0000026d--2363789071--23:443|450,0000026d--2363789071--23,0000026d,23,443|450,443|450,2,2,1.199090322,1.199090322,0.7999055340000001,0,1,"{""DISTANCE_DIAMETER"":2}",2,0
0000026d--2363789071--26:312|317,0000026d--2363789071--26,0000026d,26,312|317,312|317,2,1,0.600547333,0.600547333,0.500008525,2,2,"{""DISTANCE_DIAMETER"":2}",2,0
0000026d--2363789071--29:134|144,0000026d--2363789071--29,0000026d,29,134|144,134|144,2,1,0.798635554,0.798635554,0.397938682,1,1,"{""DISTANCE_DIAMETER"":2}",2,0
0000026d--2363789071--29:46|56,0000026d--2363789071--29,0000026d,29,46|56,46|56,2,1,0.800143917,0.800143917,0.499736084,2,2,"{""DISTANCE_DIAMETER"":2}",2,0
0000026d--2363789071--3:244|248,0000026d--2363789071--3,0000026d,3,244|248,244|248;244|248|263,2,2,0.300535077,0.300535077,0.150160294,2,2,"{""LATERAL_GROWTH"":2}",2,0
0000026d--2363789071--3:60|62,0000026d--2363789071--3,0000026d,3,60|62,60|62,2,1,0.799711209,0.799711209,0.600555994,0,2,"{""DISTANCE_GROWTH"":2}",2,0
0000026d--2363789071--33:139|161,0000026d--2363789071--33,0000026d,33,139|161,139|161,2,2,0.40007779,0.40007779,0.150279496,2,2,"{""DISTANCE_GROWTH"":2}",2,0
0000026d--2363789071--34:43|51,0000026d--2363789071--34,0000026d,34,43|51,43|51,2,1,1.099693328,1.099693328,0.69941494,2,2,"{""DISTANCE_DIAMETER"":2}",2,0
0000026d--2363789071--37:120|139,0000026d--2363789071--37,0000026d,37,120|139,120|139,2,1,1.600174157,1.600174157,0.400403419,2,2,"{""DISTANCE_DIAMETER"":1,""DISTANCE_GROWTH"":1}",2,0
0000026d--2363789071--37:60|65,0000026d--2363789071--37,0000026d,37,60|65,60|65,2,1,1.510326183,1.510326183,0.700081789,2,2,"{""DISTANCE_DIAMETER"":2}",2,0
0000026d--2363789071--38:65|92,0000026d--2363789071--38,0000026d,38,65|92,65|92;65|92|93,2,1,0.799852164,0.799852164,0.499886953,2,1,"{""DISTANCE_DIAMETER"":2}",2,0
0000026d--2363789071--4:391|392,0000026d--2363789071--4,0000026d,4,391|392,391|392,2,1,1.300757061,1.300757061,0.302506019,2,2,"{""DISTANCE_DIAMETER"":2}",2,0
0000026d--2363789071--40:3|4,0000026d--2363789071--40,0000026d,40,3|4,3|4,2,2,1.100374083,1.100374083,0.6004435945,1,2,"{""DISTANCE_GROWTH"":2}",2,0
0000026d--2363789071--42:286|288,0000026d--2363789071--42,0000026d,42,286|288,286|288,2,1,0.800548117,0.800548117,0.200510844,2,2,"{""DISTANCE_DIAMETER"":1,""DISTANCE_GROWTH"":1}",2,0
0000026d--2363789071--48:154|160,0000026d--2363789071--48,0000026d,48,154|160,154|160,2,1,1.399783052,1.399783052,0.10103918,2,2,"{""DISTANCE_GROWTH"":2}",2,0
0000026d--2363789071--48:173|180,0000026d--2363789071--48,0000026d,48,173|180,173|180,2,1,0.199639155,0.199639155,0.099815853,2,2,"{""DISTANCE_GROWTH"":2}",2,0
0000026d--2363789071--48:213|217,0000026d--2363789071--48,0000026d,48,213|217,213|217,2,1,0.698642253,0.698642253,0.598595116,2,2,"{""DISTANCE_GROWTH"":2}",2,0
0000026d--2363789071--49:144|145,0000026d--2363789071--49,0000026d,49,144|145,144|145;144|145|146,2,1,0.599902215,0.599902215,0.390170791,2,1,"{""DISTANCE_GROWTH"":2}",2,0
0000026d--2363789071--49:165|166,0000026d--2363789071--49,0000026d,49,165|166,165|166,2,1,0.609089578,0.609089578,0.30885942,2,2,"{""DISTANCE_DIAMETER"":2}",2,0
0000026d--2363789071--49:329|331,0000026d--2363789071--49,0000026d,49,329|331,329|331,2,1,0.500775908,0.500775908,0.30009437,2,2,"{""DISTANCE_DIAMETER"":2}",2,0
0000026d--2363789071--49:71|74,0000026d--2363789071--49,0000026d,49,71|74,71|74,3,2,1.2448122145,1.799807634,0.7496782470000001,2,2,"{""DISTANCE_DIAMETER"":2,""DISTANCE_GROWTH"":1}",3,0
0000026d--2363789071--49:71|76,0000026d--2363789071--49,0000026d,49,71|76,71|76,2,2,0.200396827,0.200396827,0.11032022150000001,1,1,"{""DISTANCE_GROWTH"":2}",2,0
0000026d--2363789071--49:77|88,0000026d--2363789071--49,0000026d,49,77|88,77|88,4,3,0.20917035,0.890251715,0.099774411,4,4,"{""DISTANCE_DIAMETER"":1,""DISTANCE_GROWTH"":3}",4,0
0000026d--2363789071--5:22|27,0000026d--2363789071--5,0000026d,5,22|27,22|27,2,1,0.59950757,0.59950757,0.498825993,2,2,"{""DISTANCE_DIAMETER"":2}",2,0
0000026d--2363789071--5:426|437,0000026d--2363789071--5,0000026d,5,426|437,426|437,2,1,0.800887375,0.800887375,0.600821516,1,2,"{""DISTANCE_DIAMETER"":2}",2,0
0000026d--2363789071--5:63|66,0000026d--2363789071--5,0000026d,5,63|66,63|66,2,1,3.310083962,3.310083962,2.00035881,2,2,"{""DISTANCE_DIAMETER"":1,""DISTANCE_GROWTH"":1}",2,0
0000026d--2363789071--50:342|343,0000026d--2363789071--50,0000026d,50,342|343,342|343,2,2,0.500091682,0.500091682,0.20065898,2,2,"{""DISTANCE_GROWTH"":2}",2,0
0000026d--2363789071--51:20|39,0000026d--2363789071--51,0000026d,51,20|39,20|39,2,1,1.500692146,1.500692146,0.600692074,2,2,"{""DISTANCE_DIAMETER"":1,""OTHER_STATIONARY_MOVING"":1}",2,0
0000026d--2363789071--52:128|130,0000026d--2363789071--52,0000026d,52,128|130,128|130;128|130|131,2,0,1.190254681,1.190254681,,2,2,"{""DISTANCE_DIAMETER"":1,""DISTANCE_GROWTH"":1}",2,0
0000026d--2363789071--54:261|263,0000026d--2363789071--54,0000026d,54,261|263,261|263,2,2,0.899578702,0.899578702,0.3494695835,2,2,"{""DISTANCE_DIAMETER"":2}",2,0
0000026d--2363789071--55:34|85,0000026d--2363789071--55,0000026d,55,34|85,34|85,3,3,1.150084453,1.699901111,0.4000642,3,3,"{""DISTANCE_DIAMETER"":1,""LATERAL_GROWTH"":2}",3,0
0000026d--2363789071--55:60|63,0000026d--2363789071--55,0000026d,55,60|63,60|63,2,2,1.20056358,1.20056358,0.7501993775,2,2,"{""DISTANCE_DIAMETER"":2}",2,0
0000026d--2363789071--56:104|105,0000026d--2363789071--56,0000026d,56,104|105,104|105,2,2,1.599564166,1.599564166,0.599691065,2,2,"{""DISTANCE_DIAMETER"":1,""DISTANCE_GROWTH"":1}",2,0
0000026d--2363789071--57:181|182,0000026d--2363789071--57,0000026d,57,181|182,181|182,3,3,0.199710444,0.19986743,0.100009551,3,3,"{""DISTANCE_GROWTH"":3}",3,0
0000026d--2363789071--57:261|262,0000026d--2363789071--57,0000026d,57,261|262,261|262,2,1,0.699085491,0.699085491,0.500259877,2,2,"{""DISTANCE_DIAMETER"":2}",2,0
0000026d--2363789071--61:249|251,0000026d--2363789071--61,0000026d,61,249|251,249|251,2,1,1.70016593,1.70016593,0.600485184,2,2,"{""DISTANCE_DIAMETER"":2}",2,0
0000026d--2363789071--62:25|26,0000026d--2363789071--62,0000026d,62,25|26,25|26,6,5,0.698347697,1.101843662,0.200366818,5,5,"{""DISTANCE_DIAMETER"":2,""DISTANCE_GROWTH"":4}",6,0
0000026d--2363789071--66:125|127,0000026d--2363789071--66,0000026d,66,125|127,125|127,4,4,2.200113959,3.300244781,0.3004519,4,4,"{""DISTANCE_DIAMETER"":1,""LATERAL_GROWTH"":3}",4,0
0000026d--2363789071--66:256|257,0000026d--2363789071--66,0000026d,66,256|257,256|257,2,1,0.599226246,0.599226246,0.399391333,2,2,"{""DISTANCE_DIAMETER"":2}",2,0
0000026d--2363789071--66:260|267,0000026d--2363789071--66,0000026d,66,260|267,260|267,2,2,0.49948189,0.49948189,0.3003696695,2,2,"{""DISTANCE_DIAMETER"":2}",2,0
0000026d--2363789071--66:65|66,0000026d--2363789071--66,0000026d,66,65|66,65|66,2,1,0.699483006,0.699483006,0.299806263,2,2,"{""DISTANCE_DIAMETER"":2}",2,0
0000026d--2363789071--67:207|217,0000026d--2363789071--67,0000026d,67,207|217,207|217,2,1,0.200101218,0.200101218,0.100610952,2,2,"{""DISTANCE_DIAMETER"":1,""DISTANCE_GROWTH"":1}",2,0
0000026d--2363789071--68:134|142,0000026d--2363789071--68,0000026d,68,134|142,134|142,2,1,0.900050678,0.900050678,0.199807387,2,2,"{""DISTANCE_DIAMETER"":1,""DISTANCE_GROWTH"":1}",2,0
0000026d--2363789071--7:273|274,0000026d--2363789071--7,0000026d,7,273|274,273|274,3,2,1.0494418699999999,1.799154019,0.9492931805,1,2,"{""DISTANCE_GROWTH"":2,""VELOCITY_DIAMETER"":1}",3,0
0000026d--2363789071--7:476|492,0000026d--2363789071--7,0000026d,7,476|492,476|492,2,1,1.190679457,1.190679457,0.889726409,2,2,"{""DISTANCE_DIAMETER"":1,""DISTANCE_GROWTH"":1}",2,0
0000026d--2363789071--7:519|525,0000026d--2363789071--7,0000026d,7,519|525,519|525,2,1,0.200705423,0.200705423,0.100596021,2,2,"{""DISTANCE_GROWTH"":2}",2,0
0000026d--2363789071--7:537|538,0000026d--2363789071--7,0000026d,7,537|538,537|538,2,1,3.781048211,3.781048211,1.490248838,2,2,"{""DISTANCE_DIAMETER"":2}",2,0
0000026d--2363789071--72:29|30,0000026d--2363789071--72,0000026d,72,29|30,29|30,2,2,1.200975402,1.200975402,0.699621787,2,2,"{""DISTANCE_DIAMETER"":2}",2,0
0000026d--2363789071--73:267|268,0000026d--2363789071--73,0000026d,73,267|268,267|268,2,2,0.602926242,0.602926242,0.24934874099999998,2,2,"{""DISTANCE_GROWTH"":2}",2,0
0000026d--2363789071--73:397|399,0000026d--2363789071--73,0000026d,73,397|399,397|399,2,2,0.199427708,0.199427708,0.3001592775,2,2,"{""DISTANCE_GROWTH"":2}",2,0
0000026d--2363789071--76:250|252,0000026d--2363789071--76,0000026d,76,250|252,250|252,2,2,0.899318588,0.899318588,0.8454984249999999,1,2,"{""DISTANCE_GROWTH"":2}",2,0
0000026d--2363789071--76:62|63,0000026d--2363789071--76,0000026d,76,62|63,62|63,2,1,0.500559224,0.500559224,0.400479413,2,2,"{""DISTANCE_GROWTH"":2}",2,0
0000026d--2363789071--76:62|76,0000026d--2363789071--76,0000026d,76,62|76,62|76,2,1,0.790342221,0.790342221,0.590406169,1,2,"{""DISTANCE_DIAMETER"":1,""DISTANCE_GROWTH"":1}",2,0
0000026d--2363789071--76:73|76,0000026d--2363789071--76,0000026d,76,73|76,73|76,2,1,0.901859374,0.901859374,0.800201761,2,2,"{""DISTANCE_DIAMETER"":1,""DISTANCE_GROWTH"":1}",2,0
0000026d--2363789071--80:172|179,0000026d--2363789071--80,0000026d,80,172|179,172|179,3,2,1.1500485455,1.79946099,0.300100009,3,3,"{""DISTANCE_DIAMETER"":2,""VELOCITY_DIAMETER"":1}",3,0
0000026d--2363789071--80:307|308,0000026d--2363789071--80,0000026d,80,307|308,307|308,2,1,0.500635782,0.500635782,0.102445693,2,2,"{""DISTANCE_DIAMETER"":1,""DISTANCE_GROWTH"":1}",2,0
0000026d--2363789071--80:40|41,0000026d--2363789071--80,0000026d,80,40|41,40|41,2,1,0.801533393,0.801533393,0.400732822,2,2,"{""DISTANCE_DIAMETER"":1,""DISTANCE_GROWTH"":1}",2,0
0000026d--2363789071--82:204|206,0000026d--2363789071--82,0000026d,82,204|206,204|206,2,1,1.19954379,1.19954379,0.498763562,2,2,"{""LATERAL_DIAMETER"":2}",2,0
0000026d--2363789071--89:239|245,0000026d--2363789071--89,0000026d,89,239|245,239|245,2,1,0.399542821,0.399542821,0.201357952,2,2,"{""DISTANCE_GROWTH"":2}",2,0
0000026d--2363789071--9:214|225,0000026d--2363789071--9,0000026d,9,214|225,214|225,2,2,0.590125909,0.590125909,0.34996769949999995,2,2,"{""DISTANCE_GROWTH"":1,""LATERAL_DIAMETER"":1}",2,0
0000026d--2363789071--90:173|174,0000026d--2363789071--90,0000026d,90,173|174,173|174,3,3,0.3496230815,0.499801394,0.100279461,3,3,"{""DISTANCE_GROWTH"":3}",3,0
0000026d--2363789071--93:295|298,0000026d--2363789071--93,0000026d,93,295|298,295|298,2,1,0.402185218,0.402185218,0.301919831,2,2,"{""DISTANCE_DIAMETER"":2}",2,0
0000026d--2363789071--94:230|236,0000026d--2363789071--94,0000026d,94,230|236,230|236,2,1,0.600484745,0.600484745,0.300333811,2,2,"{""DISTANCE_DIAMETER"":1,""LATERAL_GROWTH"":1}",2,0
0000026d--2363789071--94:233|236,0000026d--2363789071--94,0000026d,94,233|236,233|236,2,1,1.099726014,1.099726014,0.099786161,2,2,"{""DISTANCE_DIAMETER"":1,""DISTANCE_GROWTH"":1}",2,0
0000026d--2363789071--94:237|240,0000026d--2363789071--94,0000026d,94,237|240,237|240,3,2,1.0506722785,1.199740234,0.600274312,3,3,"{""DISTANCE_DIAMETER"":3}",3,0
0000026d--2363789071--95:132|134,0000026d--2363789071--95,0000026d,95,132|134,132|134,2,1,0.799389343,0.799389343,0.700096576,1,2,"{""LATERAL_GROWTH"":2}",2,0
0000026d--2363789071--95:384|395,0000026d--2363789071--95,0000026d,95,384|395,384|395,2,1,1.590870686,1.590870686,0.392179299,1,2,"{""DISTANCE_DIAMETER"":1,""LATERAL_DIAMETER"":1}",2,0
0000026d--2363789071--95:444|490,0000026d--2363789071--95,0000026d,95,444|490,444|490,2,2,2.200883615,2.200883615,1.150323221,2,2,"{""LATERAL_DIAMETER"":1,""LATERAL_GROWTH"":1}",2,0
0000026d--2363789071--95:81|83,0000026d--2363789071--95,0000026d,95,81|83,81|83,2,1,3.000179582,3.000179582,2.402183938,2,2,"{""LATERAL_DIAMETER"":1,""LATERAL_GROWTH"":1}",2,0
0000026d--2363789071--96:229|238,0000026d--2363789071--96,0000026d,96,229|238,229|238,2,1,1.300033337,1.300033337,1.200149331,2,2,"{""LATERAL_DIAMETER"":1,""OTHER_STATIONARY_MOVING"":1}",2,0
0000026d--2363789071--96:570|582,0000026d--2363789071--96,0000026d,96,570|582,570|582,2,1,0.799774687,0.799774687,0.100763929,2,2,"{""LATERAL_GROWTH"":2}",2,0
0000026d--2363789071--98:176|185,0000026d--2363789071--98,0000026d,98,176|185,176|185,2,1,0.699374949,0.699374949,0.499193592,2,2,"{""DISTANCE_DIAMETER"":1,""LATERAL_GROWTH"":1}",2,0
0000026d--2363789071--98:190|192,0000026d--2363789071--98,0000026d,98,190|192,190|192,2,1,5.099522609,5.099522609,4.499745998,1,2,"{""DISTANCE_DIAMETER"":1,""LATERAL_GROWTH"":1}",2,0
0000026d--2363789071--98:197|201,0000026d--2363789071--98,0000026d,98,197|201,197|201,4,3,1.499953683,2.599781235,0.399647489,3,2,"{""DISTANCE_GROWTH"":1,""LATERAL_GROWTH"":3}",4,0
0000026d--2363789071--98:201|202,0000026d--2363789071--98,0000026d,98,201|202,201|202,2,1,5.099522609,5.099522609,4.799384267,1,1,"{""DISTANCE_GROWTH"":1,""LATERAL_GROWTH"":1}",2,0
0000026d--2363789071--98:491|519,0000026d--2363789071--98,0000026d,98,491|519,491|492|519,2,1,1.400184812,1.400184812,0.499480224,2,0,"{""LATERAL_DIAMETER"":2}",2,0
0000026d--2363789071--98:590|591,0000026d--2363789071--98,0000026d,98,590|591,590|591,2,2,0.399422523,0.399422523,0.200534129,2,2,"{""LATERAL_GROWTH"":2}",2,0
0000026d--2363789071--99:196|213,0000026d--2363789071--99,0000026d,99,196|213,196|206|213,2,1,0.800246424,0.800246424,0.600331019,2,1,"{""DISTANCE_DIAMETER"":1,""LATERAL_DIAMETER"":1}",2,0
0000026d--2363789071--99:325|366,0000026d--2363789071--99,0000026d,99,325|366,325|366,2,1,0.399555146,0.399555146,0.299961766,2,2,"{""DISTANCE_DIAMETER"":2}",2,0
0000026d--2363789071--99:375|384,0000026d--2363789071--99,0000026d,99,375|384,375|384,2,1,0.799508902,0.799508902,0.300487622,2,2,"{""LATERAL_DIAMETER"":2}",2,0
0000026d--2363789071--99:382|389,0000026d--2363789071--99,0000026d,99,382|389,382|389,2,2,0.199417969,0.199417969,0.150289652,2,2,"{""DISTANCE_GROWTH"":2}",2,0
0000026d--2363789071--99:389|416,0000026d--2363789071--99,0000026d,99,389|416,389|416,2,1,1.799889669,1.799889669,0.50058257,2,2,"{""DISTANCE_DIAMETER"":1,""LATERAL_DIAMETER"":1}",2,0
00000273--d384c0a41a--1:356|358,00000273--d384c0a41a--1,00000273,1,356|358,356|358,2,2,1.599751865,1.599751865,0.599521592,2,2,"{""DISTANCE_DIAMETER"":1,""LATERAL_DIAMETER"":1}",2,0
00000273--d384c0a41a--1:65|69,00000273--d384c0a41a--1,00000273,1,65|69,65|69,6,6,1.199664079,2.599828879,0.7002572305,6,6,"{""LATERAL_DIAMETER"":4,""LATERAL_GROWTH"":2}",6,0
00000273--d384c0a41a--11:3|33,00000273--d384c0a41a--11,00000273,11,3|33,3|33,2,2,1.009183917,1.009183917,0.8550198475,2,2,"{""DISTANCE_DIAMETER"":2}",2,0
00000273--d384c0a41a--11:85|112,00000273--d384c0a41a--11,00000273,11,85|112,85|112,3,2,1.9544731625,3.50952672,0.10476437499999999,3,3,"{""LATERAL_GROWTH"":3}",3,0
00000273--d384c0a41a--14:140|155,00000273--d384c0a41a--14,00000273,14,140|155,140|155,2,1,1.101404971,1.101404971,0.099987635,1,1,"{""DISTANCE_GROWTH"":1,""LATERAL_DIAMETER"":1}",2,0
00000273--d384c0a41a--17:28|29,00000273--d384c0a41a--17,00000273,17,28|29,28|29,2,1,1.300024443,1.300024443,0.900318758,0,1,"{""DISTANCE_DIAMETER"":1,""DISTANCE_GROWTH"":1}",2,0
00000273--d384c0a41a--17:38|39,00000273--d384c0a41a--17,00000273,17,38|39,38|39,2,1,1.899763664,1.899763664,1.491385613,2,2,"{""DISTANCE_DIAMETER"":2}",2,0
00000273--d384c0a41a--18:84|87,00000273--d384c0a41a--18,00000273,18,84|87,84|87,2,1,1.900209589,1.900209589,1.39954229,2,2,"{""DISTANCE_GROWTH"":1,""OTHER_STATIONARY_MOVING"":1}",2,0
00000273--d384c0a41a--21:276|280,00000273--d384c0a41a--21,00000273,21,276|280,276|280,2,2,1.099952676,1.099952676,0.4998683105,1,2,"{""DISTANCE_DIAMETER"":1,""LATERAL_GROWTH"":1}",2,0
00000273--d384c0a41a--21:30|31,00000273--d384c0a41a--21,00000273,21,30|31,30|31,3,2,1.000364517,1.200697135,0.50043392,3,3,"{""DISTANCE_DIAMETER"":3}",3,0
00000273--d384c0a41a--21:327|329,00000273--d384c0a41a--21,00000273,21,327|329,327|329,2,1,1.900588591,1.900588591,1.600654344,1,2,"{""DISTANCE_DIAMETER"":2}",2,0
00000273--d384c0a41a--22:45|47,00000273--d384c0a41a--22,00000273,22,45|47,45|47,2,1,0.698398415,0.698398415,0.398792938,2,2,"{""DISTANCE_DIAMETER"":2}",2,0
00000273--d384c0a41a--22:56|63,00000273--d384c0a41a--22,00000273,22,56|63,56|63,2,2,0.300508488,0.300508488,0.19965624999999998,2,2,"{""DISTANCE_GROWTH"":2}",2,0
00000273--d384c0a41a--23:90|91,00000273--d384c0a41a--23,00000273,23,90|91,90|91;90|91|99,3,2,0.449909252,0.700553703,0.099650371,2,1,"{""DISTANCE_GROWTH"":3}",3,0
00000273--d384c0a41a--25:314|315,00000273--d384c0a41a--25,00000273,25,314|315,314|315,2,2,1.198036,1.198036,0.100285857,2,2,"{""DISTANCE_GROWTH"":1,""LATERAL_GROWTH"":1}",2,0
00000273--d384c0a41a--26:229|231,00000273--d384c0a41a--26,00000273,26,229|231,229|231,2,1,1.297510636,1.297510636,0.697941469,2,2,"{""DISTANCE_GROWTH"":1,""OTHER_STATIONARY_MOVING"":1}",2,0
00000273--d384c0a41a--26:231|232,00000273--d384c0a41a--26,00000273,26,231|232,231|232,3,2,0.9501642065,1.00043284,0.5000191705,3,3,"{""DISTANCE_GROWTH"":3}",3,0
00000273--d384c0a41a--26:257|258,00000273--d384c0a41a--26,00000273,26,257|258,257|258,3,3,0.749831178,0.999636123,0.799534926,3,3,"{""DISTANCE_DIAMETER"":1,""DISTANCE_GROWTH"":2}",3,0
00000273--d384c0a41a--26:260|261,00000273--d384c0a41a--26,00000273,26,260|261,260|261,2,1,0.500026233,0.500026233,0.299155468,2,2,"{""DISTANCE_DIAMETER"":2}",2,0
00000273--d384c0a41a--28:133|137,00000273--d384c0a41a--28,00000273,28,133|137,133|137,2,1,0.800057373,0.800057373,0.400510096,1,2,"{""DISTANCE_DIAMETER"":2}",2,0
00000273--d384c0a41a--28:30|36,00000273--d384c0a41a--28,00000273,28,30|36,30|36,2,2,0.400537148,0.400537148,0.20078194900000002,2,2,"{""DISTANCE_GROWTH"":2}",2,0
00000273--d384c0a41a--29:263|264,00000273--d384c0a41a--29,00000273,29,263|264,263|264,3,2,1.649649,2.100485798,0.8493836545,2,2,"{""DISTANCE_DIAMETER"":1,""LATERAL_DIAMETER"":1,""OTHER_STATIONARY_MOVING"":1}",3,0
00000273--d384c0a41a--29:276|281,00000273--d384c0a41a--29,00000273,29,276|281,276|281,2,2,0.399691557,0.399691557,0.250465573,2,2,"{""LATERAL_GROWTH"":2}",2,0
00000273--d384c0a41a--31:161|190,00000273--d384c0a41a--31,00000273,31,161|190,161|190,2,2,0.501899857,0.501899857,0.299631844,2,2,"{""DISTANCE_DIAMETER"":2}",2,0
00000273--d384c0a41a--31:73|75,00000273--d384c0a41a--31,00000273,31,73|75,73|75,2,1,0.410794078,0.410794078,0.20021702,0,1,"{""DISTANCE_GROWTH"":2}",2,0
00000273--d384c0a41a--32:226|267,00000273--d384c0a41a--32,00000273,32,226|267,226|267,2,1,1.501153431,1.501153431,1.300920547,2,2,"{""DISTANCE_DIAMETER"":1,""LATERAL_GROWTH"":1}",2,0
00000273--d384c0a41a--32:336|353,00000273--d384c0a41a--32,00000273,32,336|353,336|353,2,1,1.400589041,1.400589041,0.299706219,2,2,"{""DISTANCE_DIAMETER"":2}",2,0
00000273--d384c0a41a--33:240|246,00000273--d384c0a41a--33,00000273,33,240|246,240|246,2,1,0.801276625,0.801276625,0.499050697,2,2,"{""DISTANCE_DIAMETER"":2}",2,0
00000273--d384c0a41a--35:84|93,00000273--d384c0a41a--35,00000273,35,84|93,84|93,2,1,1.69970846,1.69970846,1.599750685,2,2,"{""DISTANCE_DIAMETER"":1,""DISTANCE_GROWTH"":1}",2,0
00000273--d384c0a41a--36:3|4,00000273--d384c0a41a--36,00000273,36,3|4,3|4,3,2,0.8001832305000001,0.800443957,0.400249027,3,3,"{""DISTANCE_DIAMETER"":2,""DISTANCE_GROWTH"":1}",3,0
00000273--d384c0a41a--4:126|137,00000273--d384c0a41a--4,00000273,4,126|137,126|137,2,1,2.60878972,2.60878972,2.399527968,1,2,"{""DISTANCE_DIAMETER"":1,""LATERAL_GROWTH"":1}",2,0
00000273--d384c0a41a--4:137|143,00000273--d384c0a41a--4,00000273,4,137|143,137|143,2,1,1.599234882,1.599234882,1.108706556,1,1,"{""DISTANCE_DIAMETER"":1,""OTHER_STATIONARY_MOVING"":1}",2,0
00000273--d384c0a41a--40:106|112,00000273--d384c0a41a--40,00000273,40,106|112,106|112,2,2,0.196821006,0.196821006,0.09852409300000001,2,2,"{""DISTANCE_GROWTH"":2}",2,0
00000273--d384c0a41a--41:203|212,00000273--d384c0a41a--41,00000273,41,203|212,203|212,2,1,1.79806666,1.79806666,1.098298843,2,2,"{""DISTANCE_DIAMETER"":2}",2,0
00000273--d384c0a41a--42:158|160,00000273--d384c0a41a--42,00000273,42,158|160,158|160,2,1,2.399902064,2.399902064,1.500304674,2,2,"{""LATERAL_DIAMETER"":1,""LATERAL_GROWTH"":1}",2,0
00000273--d384c0a41a--42:158|222,00000273--d384c0a41a--42,00000273,42,158|222,158|222;158|222|242,2,1,1.200760598,1.200760598,0.900732583,2,1,"{""LATERAL_GROWTH"":2}",2,0
00000273--d384c0a41a--42:298|305,00000273--d384c0a41a--42,00000273,42,298|305,298|305;298|305|330,5,5,4.8501887395,6.899463135,0.400009475,5,5,"{""LATERAL_DIAMETER"":5}",5,0
00000273--d384c0a41a--42:311|320,00000273--d384c0a41a--42,00000273,42,311|320,311|320,8,7,1.599879663,8.602032752,0.200614818,8,8,"{""LATERAL_DIAMETER"":1,""LATERAL_GROWTH"":7}",8,0
00000273--d384c0a41a--42:321|360,00000273--d384c0a41a--42,00000273,42,321|360,321|360,2,1,1.300548,1.300548,0.201452288,2,2,"{""LATERAL_DIAMETER"":1,""LATERAL_GROWTH"":1}",2,0
00000274--d3bbe6ddcd--19:112|117,00000274--d3bbe6ddcd--19,00000274,19,112|117,112|117,2,1,1.698007422,1.698007422,1.59854231,2,2,"{""DISTANCE_DIAMETER"":2}",2,0
00000274--d3bbe6ddcd--19:21|22,00000274--d3bbe6ddcd--19,00000274,19,21|22,21|22,2,1,1.099542511,1.099542511,0.399471498,2,2,"{""DISTANCE_DIAMETER"":2}",2,0
00000274--d3bbe6ddcd--19:302|304,00000274--d3bbe6ddcd--19,00000274,19,302|304,302|304,2,1,2.500144206,2.500144206,2.401895437,2,2,"{""DISTANCE_DIAMETER"":2}",2,0
00000274--d3bbe6ddcd--19:309|311,00000274--d3bbe6ddcd--19,00000274,19,309|311,309|311,2,1,1.998984877,1.998984877,1.600800787,0,2,"{""DISTANCE_DIAMETER"":2}",2,0
00000274--d3bbe6ddcd--19:311|313,00000274--d3bbe6ddcd--19,00000274,19,311|313,311|312|313,2,1,1.60047448,1.60047448,1.300019178,2,2,"{""DISTANCE_DIAMETER"":2}",2,0
0000027f--cb2a133365--10:11|19,0000027f--cb2a133365--10,0000027f,10,11|19,11|19,2,2,1.49994137,1.49994137,0.7501233535,2,2,"{""LATERAL_DIAMETER"":2}",2,0
0000027f--cb2a133365--10:19|23,0000027f--cb2a133365--10,0000027f,10,19|23,19|23,5,5,0.800155696,1.301232534,0.400204981,5,5,"{""LATERAL_DIAMETER"":5}",5,0
0000027f--cb2a133365--10:19|42,0000027f--cb2a133365--10,0000027f,10,19|42,19|42,3,3,1.899761517,2.598295558,0.598642427,3,3,"{""LATERAL_DIAMETER"":3}",3,0
0000027f--cb2a133365--10:1|11,0000027f--cb2a133365--10,0000027f,10,1|11,1|11|13;1|6|11,2,1,1.299785258,1.299785258,0.500455137,2,2,"{""LATERAL_DIAMETER"":2}",2,0
0000027f--cb2a133365--10:4|5,0000027f--cb2a133365--10,0000027f,10,4|5,2|4|5,8,7,1.299657721,5.600534614,0.50015934,8,8,"{""LATERAL_DIAMETER"":8}",8,0
0000027f--cb2a133365--11:117|178,0000027f--cb2a133365--11,0000027f,11,117|178,117|178,2,2,0.199816237,0.199816237,0.1047457395,2,2,"{""DISTANCE_GROWTH"":2}",2,0
0000027f--cb2a133365--11:442|446,0000027f--cb2a133365--11,0000027f,11,442|446,442|446,3,3,1.5497556855,2.599582196,1.600099735,3,3,"{""LATERAL_DIAMETER"":1,""LATERAL_GROWTH"":2}",3,0
0000027f--cb2a133365--11:443|483,0000027f--cb2a133365--11,0000027f,11,443|483,443|483,2,1,3.099690197,3.099690197,0.199771057,2,2,"{""DISTANCE_DIAMETER"":1,""LATERAL_GROWTH"":1}",2,0
0000027f--cb2a133365--11:501|513,0000027f--cb2a133365--11,0000027f,11,501|513,501|513,2,1,0.400692598,0.400692598,0.3004099,2,2,"{""DISTANCE_DIAMETER"":2}",2,0
0000027f--cb2a133365--11:551|557,0000027f--cb2a133365--11,0000027f,11,551|557,540|551|557,2,1,1.599959904,1.599959904,0.79930822,2,2,"{""DISTANCE_DIAMETER"":2}",2,0
0000027f--cb2a133365--12:134|136,0000027f--cb2a133365--12,0000027f,12,134|136,134|136,2,1,7.40011951,7.40011951,2.200302604,0,1,"{""DISTANCE_DIAMETER"":1,""LATERAL_GROWTH"":1}",2,0
0000027f--cb2a133365--12:38|53,0000027f--cb2a133365--12,0000027f,12,38|53,38|53,2,1,5.299716747,5.299716747,0.799212,0,1,"{""DISTANCE_DIAMETER"":1,""DISTANCE_GROWTH"":1}",2,0
0000027f--cb2a133365--16:267|272,0000027f--cb2a133365--16,0000027f,16,267|272,267|272,2,2,1.000664909,1.000664909,0.5495266995,2,2,"{""LATERAL_DIAMETER"":1,""LATERAL_GROWTH"":1}",2,0
0000027f--cb2a133365--18:15|27,0000027f--cb2a133365--18,0000027f,18,15|27,15|27,3,2,1.0501946455,1.901024239,0.400309037,2,2,"{""DISTANCE_DIAMETER"":1,""LATERAL_DIAMETER"":1,""LATERAL_GROWTH"":1}",3,0
0000027f--cb2a133365--18:454|488,0000027f--cb2a133365--18,0000027f,18,454|488,454|488|489,3,3,2.050221033,2.300088257,0.500435354,3,2,"{""LATERAL_DIAMETER"":1,""LATERAL_GROWTH"":2}",3,0
0000027f--cb2a133365--18:456|542,0000027f--cb2a133365--18,0000027f,18,456|542,456|542,3,2,3.749867472,4.099868519,2.45043824,2,2,"{""LATERAL_DIAMETER"":3}",3,0
0000027f--cb2a133365--18:456|573,0000027f--cb2a133365--18,0000027f,18,456|573,456|573,3,2,1.2496756009999999,1.499263648,0.3997056935,3,3,"{""LATERAL_DIAMETER"":3}",3,0
0000027f--cb2a133365--18:45|65,0000027f--cb2a133365--18,0000027f,18,45|65,45|65,2,2,0.598917479,0.598917479,0.499225977,2,2,"{""DISTANCE_DIAMETER"":2}",2,0
0000027f--cb2a133365--18:61|103,0000027f--cb2a133365--18,0000027f,18,61|103,61|103,3,2,0.5496695785,0.599521183,0.349118599,3,3,"{""DISTANCE_DIAMETER"":3}",3,0
0000027f--cb2a133365--19:115|167,0000027f--cb2a133365--19,0000027f,19,115|167,115|167,2,2,1.800563682,1.800563682,0.800623402,1,1,"{""DISTANCE_GROWTH"":1,""LATERAL_GROWTH"":1}",2,0
0000027f--cb2a133365--19:13|116,0000027f--cb2a133365--19,0000027f,19,13|116,13|116|122,2,2,3.299263818,3.299263818,0.45114449349999997,2,1,"{""LATERAL_GROWTH"":2}",2,0
0000027f--cb2a133365--19:183|328,0000027f--cb2a133365--19,0000027f,19,183|328,183|328,2,1,2.50234171,2.50234171,0.499647956,1,2,"{""LATERAL_DIAMETER"":1,""LATERAL_GROWTH"":1}",2,0
0000027f--cb2a133365--19:359|609,0000027f--cb2a133365--19,0000027f,19,359|609,359|609,3,3,2.8496726235,3.000045181,1.600743998,2,3,"{""LATERAL_DIAMETER"":1,""LATERAL_GROWTH"":2}",3,0
0000027f--cb2a133365--19:365|418,0000027f--cb2a133365--19,0000027f,19,365|418,365|418,2,1,1.500111383,1.500111383,0.500482294,2,2,"{""LATERAL_DIAMETER"":1,""LATERAL_GROWTH"":1}",2,0
0000027f--cb2a133365--19:365|429,0000027f--cb2a133365--19,0000027f,19,365|429,365|429,3,2,6.099600041,11.699978541,3.79944491,3,3,"{""LATERAL_DIAMETER"":2,""LATERAL_GROWTH"":1}",3,0
0000027f--cb2a133365--19:419|429,0000027f--cb2a133365--19,0000027f,19,419|429,419|429,2,1,1.500124179,1.500124179,0.699322352,2,2,"{""LATERAL_DIAMETER"":2}",2,0
0000027f--cb2a133365--19:420|421,0000027f--cb2a133365--19,0000027f,19,420|421,420|421,2,1,0.301223178,0.301223178,0.200027099,2,2,"{""LATERAL_GROWTH"":2}",2,0
0000027f--cb2a133365--19:520|521,0000027f--cb2a133365--19,0000027f,19,520|521,520|521,3,2,1.9502013725,2.500900302,0.401423888,3,3,"{""DISTANCE_DIAMETER"":1,""LATERAL_GROWTH"":2}",3,0
0000027f--cb2a133365--2:153|164,0000027f--cb2a133365--2,0000027f,2,153|164,153|164,2,2,0.200436954,0.200436954,0.24971661499999998,2,2,"{""LATERAL_DIAMETER"":1,""LATERAL_GROWTH"":1}",2,0
0000027f--cb2a133365--2:323|325,0000027f--cb2a133365--2,0000027f,2,323|325,323|325,2,2,0.800024859,0.800024859,0.449723473,2,2,"{""LATERAL_DIAMETER"":1,""OTHER_STATIONARY_MOVING"":1}",2,0
0000027f--cb2a133365--20:149|189,0000027f--cb2a133365--20,0000027f,20,149|189,149|189,2,2,1.200563192,1.200563192,1.2494649965,0,0,"{""LATERAL_GROWTH"":2}",2,0
0000027f--cb2a133365--20:25|119,0000027f--cb2a133365--20,0000027f,20,25|119,25|119,2,1,0.699995508,0.699995508,0.49977493,2,2,"{""DISTANCE_DIAMETER"":2}",2,0
0000027f--cb2a133365--20:285|339,0000027f--cb2a133365--20,0000027f,20,285|339,285|339,2,1,0.698684327,0.698684327,0.398576837,2,2,"{""LATERAL_DIAMETER"":2}",2,0
0000027f--cb2a133365--20:370|382,0000027f--cb2a133365--20,0000027f,20,370|382,370|382,2,1,0.402381654,0.402381654,0.300750212,2,2,"{""LATERAL_DIAMETER"":1,""LATERAL_GROWTH"":1}",2,0
0000027f--cb2a133365--20:4|92,0000027f--cb2a133365--20,0000027f,20,4|92,4|92,2,1,0.890147876,0.890147876,0.800126284,2,2,"{""DISTANCE_DIAMETER"":1,""LATERAL_GROWTH"":1}",2,0
0000027f--cb2a133365--20:514|520,0000027f--cb2a133365--20,0000027f,20,514|520,514|520|529,2,1,0.402534992,0.402534992,0.202174938,2,1,"{""LATERAL_GROWTH"":2}",2,0
0000027f--cb2a133365--21:122|136,0000027f--cb2a133365--21,0000027f,21,122|136,122|136,2,2,4.200372095,4.200372095,0.5515413005,2,2,"{""LATERAL_GROWTH"":2}",2,0
0000027f--cb2a133365--21:168|177,0000027f--cb2a133365--21,0000027f,21,168|177,168|177,2,1,1.599557337,1.599557337,0.299789478,2,2,"{""LATERAL_DIAMETER"":2}",2,0
0000027f--cb2a133365--21:339|356,0000027f--cb2a133365--21,0000027f,21,339|356,339|351|356,2,1,1.399936113,1.399936113,1.200968032,2,1,"{""DISTANCE_DIAMETER"":2}",2,0
0000027f--cb2a133365--21:495|505,0000027f--cb2a133365--21,0000027f,21,495|505,495|505,2,1,3.500215556,3.500215556,0.400611371,2,2,"{""DISTANCE_DIAMETER"":1,""DISTANCE_GROWTH"":1}",2,0
0000027f--cb2a133365--21:74|81,0000027f--cb2a133365--21,0000027f,21,74|81,74|81,2,1,0.700282634,0.700282634,0.300268688,2,2,"{""DISTANCE_DIAMETER"":2}",2,0
0000027f--cb2a133365--22:113|114,0000027f--cb2a133365--22,0000027f,22,113|114,109|113|114,2,2,0.600731396,0.600731396,0.8999590935,2,2,"{""DISTANCE_DIAMETER"":2}",2,0
0000027f--cb2a133365--22:154|155,0000027f--cb2a133365--22,0000027f,22,154|155,154|155,2,1,0.400710528,0.400710528,0.300351724,2,2,"{""DISTANCE_DIAMETER"":1,""LATERAL_DIAMETER"":1}",2,0
0000027f--cb2a133365--22:195|199,0000027f--cb2a133365--22,0000027f,22,195|199,190|195|199,2,1,0.500038176,0.500038176,0.299896211,2,1,"{""DISTANCE_DIAMETER"":2}",2,0
0000027f--cb2a133365--22:213|214,0000027f--cb2a133365--22,0000027f,22,213|214,213|214,2,1,2.700254709,2.700254709,1.399824752,2,2,"{""DISTANCE_DIAMETER"":2}",2,0
0000027f--cb2a133365--22:231|232,0000027f--cb2a133365--22,0000027f,22,231|232,231|232,2,2,0.899604647,0.899604647,0.399586002,1,1,"{""DISTANCE_DIAMETER"":2}",2,0
0000027f--cb2a133365--22:247|250,0000027f--cb2a133365--22,0000027f,22,247|250,247|250,4,3,1.799641666,2.100257729,1.199076022,3,4,"{""DISTANCE_DIAMETER"":4}",4,0
0000027f--cb2a133365--22:285|294,0000027f--cb2a133365--22,0000027f,22,285|294,275|285|294,2,1,5.900067439,5.900067439,3.498951293,1,1,"{""LATERAL_GROWTH"":2}",2,0
0000027f--cb2a133365--22:285|320,0000027f--cb2a133365--22,0000027f,22,285|320,285|320,2,2,0.49870847,0.49870847,0.5996934295,2,2,"{""LATERAL_DIAMETER"":2}",2,0
0000027f--cb2a133365--24:12|35,0000027f--cb2a133365--24,0000027f,24,12|35,12|35,2,1,1.490460629,1.490460629,1.390520616,2,2,"{""DISTANCE_DIAMETER"":2}",2,0
0000027f--cb2a133365--24:12|55,0000027f--cb2a133365--24,0000027f,24,12|55,12|55,3,2,1.2005002585,1.301249989,0.850185895,3,3,"{""DISTANCE_DIAMETER"":3}",3,0
0000027f--cb2a133365--24:9|10,0000027f--cb2a133365--24,0000027f,24,9|10,9|10,4,3,9.997163566,15.190415202,8.897673933,4,4,"{""LATERAL_DIAMETER"":4}",4,0
0000027f--cb2a133365--25:14|17,0000027f--cb2a133365--25,0000027f,25,14|17,14|17,2,2,3.500659489,3.500659489,1.549695137,2,2,"{""LATERAL_GROWTH"":2}",2,0
0000027f--cb2a133365--25:325|372,0000027f--cb2a133365--25,0000027f,25,325|372,325|372,2,1,1.290453097,1.290453097,0.698969695,2,2,"{""LATERAL_DIAMETER"":2}",2,0
0000027f--cb2a133365--25:339|357,0000027f--cb2a133365--25,0000027f,25,339|357,339|357,3,2,0.449650525,0.600255027,0.15039827449999998,2,3,"{""LATERAL_GROWTH"":3}",3,0
0000027f--cb2a133365--25:37|39,0000027f--cb2a133365--25,0000027f,25,37|39,37|39,2,1,3.200171242,3.200171242,0.099719164,1,1,"{""DISTANCE_GROWTH"":1,""LATERAL_GROWTH"":1}",2,0
0000027f--cb2a133365--25:486|490,0000027f--cb2a133365--25,0000027f,25,486|490,486|490;486|490|503,2,1,1.100257056,1.100257056,0.401416654,1,2,"{""DISTANCE_GROWTH"":1,""LATERAL_GROWTH"":1}",2,0
0000027f--cb2a133365--26:244|253,0000027f--cb2a133365--26,0000027f,26,244|253,244|253,4,4,0.200448954,0.201454075,0.10018674550000001,4,4,"{""DISTANCE_GROWTH"":4}",4,0
0000027f--cb2a133365--26:268|274,0000027f--cb2a133365--26,0000027f,26,268|274,268|274,2,1,0.299658255,0.299658255,0.200350262,2,2,"{""LATERAL_GROWTH"":2}",2,0
0000027f--cb2a133365--26:52|84,0000027f--cb2a133365--26,0000027f,26,52|84,52|84,2,2,2.299971243,2.299971243,0.500209711,2,2,"{""DISTANCE_GROWTH"":1,""LATERAL_GROWTH"":1}",2,0
0000027f--cb2a133365--26:86|96,0000027f--cb2a133365--26,0000027f,26,86|96,86|96;86|96|101,2,1,1.100381832,1.100381832,0.49978999,2,2,"{""DISTANCE_DIAMETER"":2}",2,0
0000027f--cb2a133365--27:11|15,0000027f--cb2a133365--27,0000027f,27,11|15,11|15,5,5,2.2965669775000004,2.49886581,0.399431553,5,5,"{""DISTANCE_DIAMETER"":5}",5,0
0000027f--cb2a133365--27:127|130,0000027f--cb2a133365--27,0000027f,27,127|130,127|130;127|130|137,3,2,1.5492624815,2.500364593,0.7491912955000001,2,2,"{""DISTANCE_DIAMETER"":2,""LATERAL_GROWTH"":1}",3,0
0000027f--cb2a133365--4:201|204,0000027f--cb2a133365--4,0000027f,4,201|204,201|203|204,2,1,0.498870282,0.498870282,0.399178881,2,1,"{""LATERAL_DIAMETER"":2}",2,0
0000027f--cb2a133365--4:288|290,0000027f--cb2a133365--4,0000027f,4,288|290,288|290,2,2,1.200319776,1.200319776,0.25023919699999997,2,2,"{""LATERAL_GROWTH"":1,""OTHER_STATIONARY_MOVING"":1}",2,0
0000027f--cb2a133365--9:14|66,0000027f--cb2a133365--9,0000027f,9,14|66,14|42|66;14|42|66|76,5,4,3.194731975,7.700152255,1.4955302865,5,5,"{""DISTANCE_DIAMETER"":2,""LATERAL_DIAMETER"":3}",5,0
0000027f--cb2a133365--9:14|76,0000027f--cb2a133365--9,0000027f,9,14|76,14|42|76,6,5,1.898698485,4.60040669,0.599446372,6,6,"{""LATERAL_DIAMETER"":6}",6,0
0000027f--cb2a133365--9:40|41,0000027f--cb2a133365--9,0000027f,9,40|41,16|40|41,6,6,1.191430062,4.500501893,0.5551946795,6,6,"{""LATERAL_DIAMETER"":6}",6,0
0000027f--cb2a133365--9:40|67,0000027f--cb2a133365--9,0000027f,9,40|67,16|40|67,4,4,2.399729488,4.589546771,0.355265442,4,4,"{""LATERAL_DIAMETER"":3,""LATERAL_GROWTH"":1}",4,0
0000027f--cb2a133365--9:40|86,0000027f--cb2a133365--9,0000027f,9,40|86,16|40|86,2,2,0.900531041,0.900531041,0.349575532,2,2,"{""LATERAL_DIAMETER"":2}",2,0
0000027f--cb2a133365--9:40|88,0000027f--cb2a133365--9,0000027f,9,40|88,16|40|88,2,2,1.100798569,1.100798569,0.3494603335,2,2,"{""LATERAL_DIAMETER"":2}",2,0
00000280--91181081d4--10:169|187,00000280--91181081d4--10,00000280,10,169|187,169|187,2,1,0.499971231,0.499971231,0.400132647,2,2,"{""DISTANCE_DIAMETER"":1,""DISTANCE_GROWTH"":1}",2,0
00000280--91181081d4--10:467|472,00000280--91181081d4--10,00000280,10,467|472,467|472,2,1,1.300460876,1.300460876,0.299994248,2,2,"{""DISTANCE_DIAMETER"":2}",2,0
00000280--91181081d4--11:177|181,00000280--91181081d4--11,00000280,11,177|181,177|178|181;177|181|189|194,2,1,1.200618071,1.200618071,0.49989056,2,2,"{""DISTANCE_DIAMETER"":2}",2,0
00000280--91181081d4--11:189|194,00000280--91181081d4--11,00000280,11,189|194,181|189|194;189|194,3,2,1.0498501095,1.600317059,0.3496770505,3,3,"{""DISTANCE_GROWTH"":1,""LATERAL_DIAMETER"":1,""LATERAL_GROWTH"":1}",3,0
00000280--91181081d4--11:280|281,00000280--91181081d4--11,00000280,11,280|281,280|281,4,3,0.401089793,1.801048446,0.300756933,4,4,"{""LATERAL_DIAMETER"":4}",4,0
00000280--91181081d4--11:562|569,00000280--91181081d4--11,00000280,11,562|569,562|569;562|569|577,2,1,1.101131377,1.101131377,0.80048886,1,1,"{""LATERAL_DIAMETER"":1,""OTHER_STATIONARY_MOVING"":1}",2,0
00000280--91181081d4--12:1|56,00000280--91181081d4--12,00000280,12,1|56,1|56,2,2,0.409008722,0.409008722,0.649823519,2,2,"{""LATERAL_GROWTH"":2}",2,0
00000280--91181081d4--14:119|135,00000280--91181081d4--14,00000280,14,119|135,119|135,2,1,0.700084335,0.700084335,0.599736843,2,2,"{""DISTANCE_DIAMETER"":2}",2,0
00000280--91181081d4--14:179|184,00000280--91181081d4--14,00000280,14,179|184,179|184,2,1,1.599275316,1.599275316,0.399445362,0,1,"{""DISTANCE_DIAMETER"":2}",2,0
00000280--91181081d4--15:42|43,00000280--91181081d4--15,00000280,15,42|43,42|43,3,2,0.6994118985,0.799895784,0.5993587535,3,3,"{""DISTANCE_DIAMETER"":3}",3,0
00000280--91181081d4--16:25|48,00000280--91181081d4--16,00000280,16,25|48,25|48,2,1,0.900360241,0.900360241,0.500801245,2,2,"{""LATERAL_DIAMETER"":1,""LATERAL_GROWTH"":1}",2,0
00000280--91181081d4--17:446|447,00000280--91181081d4--17,00000280,17,446|447,446|447,2,1,0.599989732,0.599989732,0.399678514,2,2,"{""DISTANCE_DIAMETER"":1,""LATERAL_DIAMETER"":1}",2,0
00000280--91181081d4--17:530|545,00000280--91181081d4--17,00000280,17,530|545,530|545,2,1,0.199659561,0.199659561,0.09961001,2,2,"{""DISTANCE_DIAMETER"":1,""DISTANCE_GROWTH"":1}",2,0
00000280--91181081d4--19:24|34,00000280--91181081d4--19,00000280,19,24|34,24|34,2,1,1.398894666,1.398894666,0.399823084,2,2,"{""LATERAL_DIAMETER"":2}",2,0
00000280--91181081d4--20:148|149,00000280--91181081d4--20,00000280,20,148|149,148|149,2,1,1.100374763,1.100374763,0.800252306,2,2,"{""DISTANCE_DIAMETER"":2}",2,0
00000280--91181081d4--22:126|127,00000280--91181081d4--22,00000280,22,126|127,126|127,2,2,1.899959267,1.899959267,0.6998412005,2,2,"{""DISTANCE_DIAMETER"":2}",2,0
00000280--91181081d4--23:404|410,00000280--91181081d4--23,00000280,23,404|410,404|408|410;404|410,3,2,0.5998921865,0.600723982,0.30032144800000005,3,2,"{""DISTANCE_GROWTH"":2,""LATERAL_DIAMETER"":1}",3,0
00000280--91181081d4--24:287|298,00000280--91181081d4--24,00000280,24,287|298,287|298,3,2,0.8500665534999999,1.19998576,0.5001033665,3,3,"{""LATERAL_DIAMETER"":3}",3,0
00000280--91181081d4--24:342|348,00000280--91181081d4--24,00000280,24,342|348,342|348,2,1,1.000190015,1.000190015,0.50100893,2,2,"{""DISTANCE_DIAMETER"":1,""LATERAL_GROWTH"":1}",2,0
00000280--91181081d4--24:349|360,00000280--91181081d4--24,00000280,24,349|360,349|356|360;349|360,2,1,1.099475159,1.099475159,0.900015216,2,2,"{""DISTANCE_DIAMETER"":1,""DISTANCE_GROWTH"":1}",2,0
00000280--91181081d4--25:229|238,00000280--91181081d4--25,00000280,25,229|238,229|238,2,1,0.399936041,0.399936041,0.299573499,2,2,"{""LATERAL_DIAMETER"":2}",2,0
00000280--91181081d4--25:236|238,00000280--91181081d4--25,00000280,25,236|238,236|238,2,2,0.999876243,0.999876243,0.7520015520000001,1,2,"{""LATERAL_DIAMETER"":2}",2,0
00000280--91181081d4--25:261|275,00000280--91181081d4--25,00000280,25,261|275,261|275,2,1,1.000645752,1.000645752,0.700123751,2,2,"{""LATERAL_DIAMETER"":1,""LATERAL_GROWTH"":1}",2,0
00000280--91181081d4--25:346|378,00000280--91181081d4--25,00000280,25,346|378,346|353|378;346|378,2,0,0.599931297,0.599931297,,2,2,"{""DISTANCE_GROWTH"":1,""VELOCITY_DIAMETER"":1}",2,0
00000280--91181081d4--25:357|383,00000280--91181081d4--25,00000280,25,357|383,357|383|396;357|383|396|399,2,0,0.800529205,0.800529205,,2,1,"{""LATERAL_DIAMETER"":1,""LATERAL_GROWTH"":1}",2,0
00000280--91181081d4--25:357|399,00000280--91181081d4--25,00000280,25,357|399,357|383|399;357|396|399,2,1,1.002413032,1.002413032,0.500967372,1,0,"{""DISTANCE_DIAMETER"":1,""LATERAL_GROWTH"":1}",2,0
00000280--91181081d4--25:476|477,00000280--91181081d4--25,00000280,25,476|477,476|477,2,2,0.299319512,0.299319512,0.1407250635,2,2,"{""DISTANCE_GROWTH"":2}",2,0
00000280--91181081d4--25:634|650,00000280--91181081d4--25,00000280,25,634|650,634|650,3,3,0.2002050025,0.200384282,0.099963621,3,3,"{""LATERAL_GROWTH"":3}",3,0
00000280--91181081d4--25:9|23,00000280--91181081d4--25,00000280,25,9|23,9|23,2,2,1.799988561,1.799988561,1.9997742289999998,1,1,"{""DISTANCE_DIAMETER"":2}",2,0
00000280--91181081d4--29:41|105,00000280--91181081d4--29,00000280,29,41|105,41|105,2,2,1.399833477,1.399833477,0.549874311,2,2,"{""DISTANCE_DIAMETER"":1,""LATERAL_GROWTH"":1}",2,0
00000280--91181081d4--29:41|72,00000280--91181081d4--29,00000280,29,41|72,41|72,2,2,0.20018451,0.20018451,0.099982734,2,2,"{""LATERAL_GROWTH"":2}",2,0
00000280--91181081d4--29:97|105,00000280--91181081d4--29,00000280,29,97|105,97|105,4,3,4.200605847,11.499658319,4.000987742,4,4,"{""DISTANCE_DIAMETER"":4}",4,0
00000280--91181081d4--30:415|418,00000280--91181081d4--30,00000280,30,415|418,415|418,2,2,1.198956013,1.198956013,0.35139445599999997,2,2,"{""DISTANCE_DIAMETER"":1,""DISTANCE_GROWTH"":1}",2,0
00000280--91181081d4--30:637|638,00000280--91181081d4--30,00000280,30,637|638,637|638,2,2,1.500377096,1.500377096,0.49944131950000004,1,1,"{""DISTANCE_DIAMETER"":1,""DISTANCE_GROWTH"":1}",2,0
00000280--91181081d4--31:105|106,00000280--91181081d4--31,00000280,31,105|106,105|106,2,1,1.30088627,1.30088627,0.599919788,1,1,"{""DISTANCE_DIAMETER"":2}",2,0
00000280--91181081d4--31:145|157,00000280--91181081d4--31,00000280,31,145|157,145|157,2,1,1.099359075,1.099359075,0.998824936,2,2,"{""DISTANCE_DIAMETER"":1,""DISTANCE_GROWTH"":1}",2,0
00000280--91181081d4--31:202|209,00000280--91181081d4--31,00000280,31,202|209,202|209,2,2,1.000547376,1.000547376,0.39997858799999997,1,1,"{""DISTANCE_DIAMETER"":2}",2,0
00000280--91181081d4--31:428|434,00000280--91181081d4--31,00000280,31,428|434,428|434,2,1,1.189849852,1.189849852,0.590247222,2,2,"{""DISTANCE_DIAMETER"":2}",2,0
00000280--91181081d4--32:270|276,00000280--91181081d4--32,00000280,32,270|276,270|276,2,1,1.498572632,1.498572632,0.498551352,2,2,"{""LATERAL_GROWTH"":2}",2,0
00000280--91181081d4--33:2|3,00000280--91181081d4--33,00000280,33,2|3,2|3,3,3,0.3004278695,0.400796843,0.302151221,3,3,"{""LATERAL_DIAMETER"":1,""LATERAL_GROWTH"":2}",3,0
00000280--91181081d4--33:2|371,00000280--91181081d4--33,00000280,33,2|371,2|371,3,3,1.599587117,1.698131369,0.399942654,3,3,"{""DISTANCE_DIAMETER"":1,""LATERAL_GROWTH"":2}",3,0
00000280--91181081d4--33:405|408,00000280--91181081d4--33,00000280,33,405|408,405|408,2,1,1.000600235,1.000600235,0.899422927,2,2,"{""DISTANCE_DIAMETER"":2}",2,0
00000280--91181081d4--34:270|292,00000280--91181081d4--34,00000280,34,270|292,270|292,2,1,0.6999471,0.6999471,0.599341301,1,2,"{""DISTANCE_DIAMETER"":2}",2,0
00000280--91181081d4--34:33|46,00000280--91181081d4--34,00000280,34,33|46,33|46,2,1,2.399169094,2.399169094,0.399417339,2,2,"{""LATERAL_DIAMETER"":2}",2,0
00000280--91181081d4--35:2|3,00000280--91181081d4--35,00000280,35,2|3,2|3|7,3,2,0.5997520169999999,0.801607122,0.29869295799999995,2,2,"{""DISTANCE_DIAMETER"":3}",3,0
00000280--91181081d4--36:308|309,00000280--91181081d4--36,00000280,36,308|309,308|309,2,2,0.289672934,0.289672934,0.094991596,2,2,"{""DISTANCE_GROWTH"":2}",2,0
00000280--91181081d4--37:157|175,00000280--91181081d4--37,00000280,37,157|175,157|158|175;157|175,2,0,0.799896088,0.799896088,,2,2,"{""LATERAL_DIAMETER"":1,""LATERAL_GROWTH"":1}",2,0
00000280--91181081d4--37:158|166,00000280--91181081d4--37,00000280,37,158|166,157|158|166,2,1,1.398946532,1.398946532,0.799297448,2,2,"{""LATERAL_DIAMETER"":2}",2,0
00000280--91181081d4--37:167|177,00000280--91181081d4--37,00000280,37,167|177,167|177,3,2,1.1001929545,1.499772935,0.4500676015,3,3,"{""DISTANCE_DIAMETER"":1,""LATERAL_DIAMETER"":1,""LATERAL_GROWTH"":1}",3,0
00000280--91181081d4--37:194|195,00000280--91181081d4--37,00000280,37,194|195,193|194|195;194|195,3,2,0.9548652579999999,1.20961463,0.8040710529999999,3,3,"{""DISTANCE_DIAMETER"":2,""DISTANCE_GROWTH"":1}",3,0
00000280--91181081d4--38:195|207,00000280--91181081d4--38,00000280,38,195|207,194|195|207;195|207,2,2,0.500258533,0.500258533,0.40006680800000005,1,2,"{""LATERAL_DIAMETER"":2}",2,0
00000280--91181081d4--38:275|317,00000280--91181081d4--38,00000280,38,275|317,275|317,2,1,0.499927836,0.499927836,0.300743074,2,2,"{""DISTANCE_DIAMETER"":2}",2,0
00000280--91181081d4--38:378|389,00000280--91181081d4--38,00000280,38,378|389,378|389,2,1,2.700017887,2.700017887,0.100413318,2,2,"{""DISTANCE_DIAMETER"":1,""LATERAL_GROWTH"":1}",2,0
00000280--91181081d4--38:74|95,00000280--91181081d4--38,00000280,38,74|95,74|95,2,1,1.400644181,1.400644181,0.400284236,2,2,"{""LATERAL_DIAMETER"":2}",2,0
00000280--91181081d4--39:151|153,00000280--91181081d4--39,00000280,39,151|153,151|152|153;151|153,3,3,0.2508396155,0.301582525,0.100550024,2,3,"{""DISTANCE_GROWTH"":3}",3,0
00000280--91181081d4--39:228|229,00000280--91181081d4--39,00000280,39,228|229,228|229,2,2,0.299345082,0.299345082,0.150192518,2,2,"{""DISTANCE_GROWTH"":1,""LATERAL_GROWTH"":1}",2,0
00000280--91181081d4--39:26|33,00000280--91181081d4--39,00000280,39,26|33,26|33,2,1,0.600183773,0.600183773,0.301503939,2,2,"{""DISTANCE_DIAMETER"":1,""LATERAL_GROWTH"":1}",2,0
00000280--91181081d4--39:9|19,00000280--91181081d4--39,00000280,39,9|19,9|19,2,1,0.400639201,0.400639201,0.300582099,2,2,"{""DISTANCE_DIAMETER"":2}",2,0
00000280--91181081d4--4:116|121,00000280--91181081d4--4,00000280,4,116|121,116|121;116|121|135,2,1,0.997664082,0.997664082,0.70024987,2,2,"{""DISTANCE_DIAMETER"":2}",2,0
00000280--91181081d4--4:194|199,00000280--91181081d4--4,00000280,4,194|199,194|199,2,1,2.301078498,2.301078498,1.500784067,1,2,"{""DISTANCE_DIAMETER"":2}",2,0
00000280--91181081d4--4:210|229,00000280--91181081d4--4,00000280,4,210|229,210|229,2,2,2.499543196,2.499543196,2.400561421,2,2,"{""DISTANCE_DIAMETER"":2}",2,0
00000280--91181081d4--4:298|303,00000280--91181081d4--4,00000280,4,298|303,298|299|303,2,2,0.400140131,0.400140131,0.3994714185,2,2,"{""DISTANCE_DIAMETER"":2}",2,0
00000280--91181081d4--4:369|371,00000280--91181081d4--4,00000280,4,369|371,369|371,2,1,1.000570197,1.000570197,0.700625762,2,2,"{""DISTANCE_DIAMETER"":2}",2,0
00000280--91181081d4--4:439|453,00000280--91181081d4--4,00000280,4,439|453,439|453,2,1,1.799895802,1.799895802,1.499208522,2,2,"{""DISTANCE_DIAMETER"":1,""LATERAL_DIAMETER"":1}",2,0
00000280--91181081d4--4:49|55,00000280--91181081d4--4,00000280,4,49|55,49|55;49|55|63,4,3,0.600302695,1.69940897,0.099977903,3,4,"{""DISTANCE_GROWTH"":2,""LATERAL_GROWTH"":2}",4,0
00000280--91181081d4--4:98|102,00000280--91181081d4--4,00000280,4,98|102,98|101|102,2,1,1.605296961,1.605296961,1.400331372,2,2,"{""DISTANCE_DIAMETER"":2}",2,0
00000280--91181081d4--40:181|184,00000280--91181081d4--40,00000280,40,181|184,181|184,2,1,0.499832584,0.499832584,0.299311856,2,2,"{""LATERAL_DIAMETER"":1,""LATERAL_GROWTH"":1}",2,0
00000280--91181081d4--40:224|231,00000280--91181081d4--40,00000280,40,224|231,224|231,2,2,0.501030959,0.501030959,0.2505229525,2,2,"{""LATERAL_GROWTH"":2}",2,0
00000280--91181081d4--40:256|269,00000280--91181081d4--40,00000280,40,256|269,256|269;256|269|313,2,1,1.100096765,1.100096765,1.000217042,2,1,"{""LATERAL_DIAMETER"":1,""LATERAL_GROWTH"":1}",2,0
00000280--91181081d4--41:220|223,00000280--91181081d4--41,00000280,41,220|223,220|223,2,2,1.499814819,1.499814819,0.6001146315,1,2,"{""LATERAL_DIAMETER"":1,""LATERAL_GROWTH"":1}",2,0
00000280--91181081d4--41:227|231,00000280--91181081d4--41,00000280,41,227|231,227|231,2,1,1.100454986,1.100454986,0.300050979,2,2,"{""DISTANCE_DIAMETER"":2}",2,0
00000280--91181081d4--41:250|253,00000280--91181081d4--41,00000280,41,250|253,250|253;250|253|309,3,2,1.449989409,1.599758198,0.8002256875,3,2,"{""DISTANCE_DIAMETER"":3}",3,0
00000280--91181081d4--41:38|51,00000280--91181081d4--41,00000280,41,38|51,38|51,3,2,2.665426185,3.220899678,1.264871276,2,2,"{""LATERAL_DIAMETER"":3}",3,0
00000280--91181081d4--41:38|57,00000280--91181081d4--41,00000280,41,38|57,38|57,2,1,2.01215614,2.01215614,0.600013775,2,2,"{""DISTANCE_DIAMETER"":1,""LATERAL_GROWTH"":1}",2,0
00000280--91181081d4--41:39|43,00000280--91181081d4--41,00000280,41,39|43,39|43,2,2,0.200988714,0.200988714,0.0995852565,2,2,"{""LATERAL_GROWTH"":2}",2,0
00000280--91181081d4--42:288|292,00000280--91181081d4--42,00000280,42,288|292,288|292,2,2,1.688138916,1.688138916,1.0392627785,0,0,"{""LATERAL_DIAMETER"":1,""LATERAL_GROWTH"":1}",2,0
00000280--91181081d4--42:288|304,00000280--91181081d4--42,00000280,42,288|304,288|292|304;288|304,3,2,2.5894033905,4.778647607,0.29969080550000005,3,3,"{""DISTANCE_DIAMETER"":2,""LATERAL_DIAMETER"":1}",3,0
00000280--91181081d4--42:2|10,00000280--91181081d4--42,00000280,42,2|10,2|10,2,1,0.49915521,0.49915521,0.399940934,2,2,"{""LATERAL_DIAMETER"":2}",2,0
00000280--91181081d4--43:163|172,00000280--91181081d4--43,00000280,43,163|172,163|172,2,1,1.209158891,1.209158891,0.10003742,2,2,"{""DISTANCE_GROWTH"":1,""LATERAL_DIAMETER"":1}",2,0
00000280--91181081d4--43:549|550,00000280--91181081d4--43,00000280,43,549|550,549|550,2,2,0.599435835,0.599435835,0.35084103,2,2,"{""DISTANCE_DIAMETER"":1,""DISTANCE_GROWTH"":1}",2,0
00000280--91181081d4--43:84|118,00000280--91181081d4--43,00000280,43,84|118,84|118,2,1,4.539360097,4.539360097,2.52922125,2,2,"{""LATERAL_DIAMETER"":2}",2,0
00000280--91181081d4--44:184|228,00000280--91181081d4--44,00000280,44,184|228,184|228,2,1,2.002202189,2.002202189,1.199031932,1,1,"{""LATERAL_GROWTH"":1,""OTHER_STATIONARY_MOVING"":1}",2,0
00000280--91181081d4--44:1|14,00000280--91181081d4--44,00000280,44,1|14,1|14,2,1,0.800597637,0.800597637,0.500494255,2,2,"{""DISTANCE_GROWTH"":2}",2,0
00000280--91181081d4--44:334|343,00000280--91181081d4--44,00000280,44,334|343,334|343,2,1,0.300508226,0.300508226,0.200809475,2,2,"{""DISTANCE_GROWTH"":2}",2,0
00000280--91181081d4--44:492|496,00000280--91181081d4--44,00000280,44,492|496,492|496,2,2,1.489627681,1.489627681,1.000372328,2,2,"{""DISTANCE_DIAMETER"":1,""LATERAL_DIAMETER"":1}",2,0
00000280--91181081d4--44:583|589,00000280--91181081d4--44,00000280,44,583|589,583|589,2,2,4.280829385,4.280829385,1.195884213,1,2,"{""LATERAL_DIAMETER"":1,""LATERAL_GROWTH"":1}",2,0
00000280--91181081d4--44:638|655,00000280--91181081d4--44,00000280,44,638|655,638|655,2,1,0.701588466,0.701588466,0.399174797,2,2,"{""LATERAL_DIAMETER"":1,""LATERAL_GROWTH"":1}",2,0
00000280--91181081d4--44:657|659,00000280--91181081d4--44,00000280,44,657|659,657|659,2,2,0.502207025,0.502207025,0.250067094,2,2,"{""DISTANCE_GROWTH"":1,""LATERAL_GROWTH"":1}",2,0
00000280--91181081d4--5:17|56,00000280--91181081d4--5,00000280,5,17|56,17|56,2,1,0.399942696,0.399942696,0.299629358,2,2,"{""DISTANCE_DIAMETER"":1,""LATERAL_DIAMETER"":1}",2,0
00000280--91181081d4--5:312|317,00000280--91181081d4--5,00000280,5,312|317,312|317,4,3,1.00203457,1.097829901,0.598288856,4,4,"{""DISTANCE_DIAMETER"":4}",4,0
00000280--91181081d4--5:388|404,00000280--91181081d4--5,00000280,5,388|404,388|404,2,1,0.699711304,0.699711304,0.300214612,2,2,"{""DISTANCE_DIAMETER"":2}",2,0
00000280--91181081d4--5:479|481,00000280--91181081d4--5,00000280,5,479|481,479|481,2,2,0.399776092,0.399776092,0.20004016649999998,2,2,"{""DISTANCE_GROWTH"":2}",2,0
00000280--91181081d4--7:520|524,00000280--91181081d4--7,00000280,7,520|524,520|524,2,2,1.401373355,1.401373355,0.699639798,2,2,"{""DISTANCE_DIAMETER"":2}",2,0
00000280--91181081d4--8:281|313,00000280--91181081d4--8,00000280,8,281|313,281|313,2,1,0.699620029,0.699620029,0.589554972,0,1,"{""DISTANCE_GROWTH"":2}",2,0
00000280--91181081d4--8:285|313,00000280--91181081d4--8,00000280,8,285|313,285|313,3,3,0.499974703,0.800075066,0.410602226,2,3,"{""DISTANCE_DIAMETER"":2,""LATERAL_GROWTH"":1}",3,0
00000280--91181081d4--8:34|35,00000280--91181081d4--8,00000280,8,34|35,34|35,3,2,1.4498071865,2.499495518,1.350961787,3,3,"{""DISTANCE_DIAMETER"":2,""LATERAL_GROWTH"":1}",3,0
00000283--b395338ef9--0:178|192,00000283--b395338ef9--0,00000283,0,178|192,178|192,3,2,1.200083572,1.999730676,0.14975370200000002,3,3,"{""DISTANCE_GROWTH"":1,""LATERAL_GROWTH"":1,""VELOCITY_DIAMETER"":1}",3,0
00000283--b395338ef9--0:312|317,00000283--b395338ef9--0,00000283,0,312|317,312|317,2,1,1.699604351,1.699604351,1.099478991,2,2,"{""DISTANCE_DIAMETER"":2}",2,0
00000283--b395338ef9--0:353|390,00000283--b395338ef9--0,00000283,0,353|390,353|390,2,2,0.39972391,0.39972391,1.05018498,2,2,"{""DISTANCE_DIAMETER"":2}",2,0
00000283--b395338ef9--0:526|530,00000283--b395338ef9--0,00000283,0,526|530,526|530|537,2,1,0.999255243,0.999255243,0.89901249,1,1,"{""DISTANCE_GROWTH"":1,""OTHER_STATIONARY_MOVING"":1}",2,0
00000283--b395338ef9--0:61|64,00000283--b395338ef9--0,00000283,0,61|64,61|64,2,1,1.390396339,1.390396339,0.499600596,2,1,"{""DISTANCE_GROWTH"":1,""LATERAL_GROWTH"":1}",2,0
00000283--b395338ef9--1:138|139,00000283--b395338ef9--1,00000283,1,138|139,138|139|150,2,1,0.200277759,0.200277759,0.100306082,2,1,"{""LATERAL_GROWTH"":2}",2,0
00000283--b395338ef9--1:239|415,00000283--b395338ef9--1,00000283,1,239|415,239|415;239|415|445,2,1,2.998952718,2.998952718,1.600735347,1,0,"{""DISTANCE_GROWTH"":1,""LATERAL_GROWTH"":1}",2,0
00000283--b395338ef9--1:32|45,00000283--b395338ef9--1,00000283,1,32|45,32|45,2,2,0.900046795,0.900046795,1.449935652,2,2,"{""DISTANCE_DIAMETER"":1,""LATERAL_GROWTH"":1}",2,0
00000283--b395338ef9--1:497|500,00000283--b395338ef9--1,00000283,1,497|500,497|500,3,2,1.4501228474999999,1.599913941,0.740835429,3,3,"{""LATERAL_DIAMETER"":2,""LATERAL_GROWTH"":1}",3,0
00000283--b395338ef9--1:502|505,00000283--b395338ef9--1,00000283,1,502|505,502|505,2,1,2.298175885,2.298175885,1.897846342,0,2,"{""DISTANCE_DIAMETER"":1,""LATERAL_GROWTH"":1}",2,0
00000283--b395338ef9--1:560|599,00000283--b395338ef9--1,00000283,1,560|599,560|599,2,1,0.509948035,0.509948035,0.399521471,2,2,"{""LATERAL_DIAMETER"":2}",2,0
00000283--b395338ef9--1:77|505,00000283--b395338ef9--1,00000283,1,77|505,77|505,2,1,4.498105344,4.498105344,0.698460889,1,2,"{""DISTANCE_DIAMETER"":2}",2,0
00000283--b395338ef9--1:77|84,00000283--b395338ef9--1,00000283,1,77|84,77|84,3,2,9.55004162,10.999083557,9.150170145,1,3,"{""DISTANCE_DIAMETER"":3}",3,0
00000283--b395338ef9--10:231|233,00000283--b395338ef9--10,00000283,10,231|233,231|233,2,1,0.399589381,0.399589381,0.299092479,2,2,"{""DISTANCE_DIAMETER"":1,""LATERAL_DIAMETER"":1}",2,0
00000283--b395338ef9--10:324|332,00000283--b395338ef9--10,00000283,10,324|332,324|332,3,2,0.8498701015000001,1.099709481,0.49939359499999997,3,3,"{""DISTANCE_DIAMETER"":3}",3,0
00000283--b395338ef9--12:178|182,00000283--b395338ef9--12,00000283,12,178|182,178|182,2,1,0.198792803,0.198792803,0.099993237,1,1,"{""DISTANCE_GROWTH"":2}",2,0
00000283--b395338ef9--12:342|384,00000283--b395338ef9--12,00000283,12,342|384,342|384,2,1,0.799627015,0.799627015,0.690005137,1,2,"{""DISTANCE_DIAMETER"":2}",2,0
00000283--b395338ef9--12:382|385,00000283--b395338ef9--12,00000283,12,382|385,382|385;382|385|386,2,0,0.608000304,0.608000304,,1,2,"{""DISTANCE_DIAMETER"":1,""DISTANCE_GROWTH"":1}",2,0
00000283--b395338ef9--12:526|556,00000283--b395338ef9--12,00000283,12,526|556,526|556,3,2,0.949267467,1.700710817,0.24899045050000002,3,3,"{""LATERAL_GROWTH"":3}",3,0
00000283--b395338ef9--12:539|541,00000283--b395338ef9--12,00000283,12,539|541,539|541,2,1,1.800475423,1.800475423,1.000134757,2,2,"{""LATERAL_DIAMETER"":2}",2,0
00000283--b395338ef9--13:262|263,00000283--b395338ef9--13,00000283,13,262|263,262|263,2,1,1.199864218,1.199864218,0.600798849,2,2,"{""DISTANCE_DIAMETER"":2}",2,0
00000283--b395338ef9--14:54|67,00000283--b395338ef9--14,00000283,14,54|67,54|67,2,2,0.399765776,0.399765776,0.3995583155,2,2,"{""DISTANCE_DIAMETER"":2}",2,0
00000283--b395338ef9--16:218|219,00000283--b395338ef9--16,00000283,16,218|219,218|219,2,1,0.500479331,0.500479331,0.100206192,2,2,"{""DISTANCE_DIAMETER"":1,""DISTANCE_GROWTH"":1}",2,0
00000283--b395338ef9--17:9|15,00000283--b395338ef9--17,00000283,17,9|15,9|15,2,2,0.39854721,0.39854721,0.34890585500000004,2,2,"{""DISTANCE_GROWTH"":2}",2,0
00000283--b395338ef9--19:345|347,00000283--b395338ef9--19,00000283,19,345|347,345|347,2,1,0.300141179,0.300141179,0.100340232,2,2,"{""DISTANCE_GROWTH"":2}",2,0
00000283--b395338ef9--2:198|321,00000283--b395338ef9--2,00000283,2,198|321,198|321,4,3,1.799932808,1.900009478,0.900014969,4,4,"{""DISTANCE_DIAMETER"":2,""LATERAL_DIAMETER"":1,""LATERAL_GROWTH"":1}",4,0
00000283--b395338ef9--2:198|417,00000283--b395338ef9--2,00000283,2,198|417,198|417,2,2,3.200136501,3.200136501,0.9500972845,1,1,"{""LATERAL_DIAMETER"":1,""LATERAL_GROWTH"":1}",2,0
00000283--b395338ef9--2:303|546,00000283--b395338ef9--2,00000283,2,303|546,303|546|547,2,1,3.600110754,3.600110754,2.999696305,2,1,"{""LATERAL_DIAMETER"":1,""LATERAL_GROWTH"":1}",2,0
00000283--b395338ef9--2:43|135,00000283--b395338ef9--2,00000283,2,43|135,43|110|135,2,1,0.49989109,0.49989109,0.399400489,2,2,"{""LATERAL_DIAMETER"":2}",2,0
00000283--b395338ef9--2:543|552,00000283--b395338ef9--2,00000283,2,543|552,543|552,3,3,3.4499581215,5.700550687,0.299573542,3,3,"{""LATERAL_DIAMETER"":2,""LATERAL_GROWTH"":1}",3,0
00000283--b395338ef9--20:116|118,00000283--b395338ef9--20,00000283,20,116|118,116|118,2,1,0.900416147,0.900416147,0.700566321,2,2,"{""DISTANCE_DIAMETER"":1,""DISTANCE_GROWTH"":1}",2,0
00000283--b395338ef9--20:140|141,00000283--b395338ef9--20,00000283,20,140|141,140|141,2,2,0.197624634,0.197624634,0.249265133,2,2,"{""DISTANCE_GROWTH"":2}",2,0
00000283--b395338ef9--20:314|337,00000283--b395338ef9--20,00000283,20,314|337,314|337,2,1,0.80075398,0.80075398,0.701749918,1,2,"{""DISTANCE_DIAMETER"":1,""OTHER_STATIONARY_MOVING"":1}",2,0
00000283--b395338ef9--20:319|326,00000283--b395338ef9--20,00000283,20,319|326,319|326,2,1,3.000201293,3.000201293,0.600056689,2,2,"{""DISTANCE_DIAMETER"":1,""OTHER_STATIONARY_MOVING"":1}",2,0
00000283--b395338ef9--21:259|267,00000283--b395338ef9--21,00000283,21,259|267,259|267,2,2,0.599956831,0.599956831,0.3999416025,2,2,"{""DISTANCE_DIAMETER"":2}",2,0
00000283--b395338ef9--22:32|56,00000283--b395338ef9--22,00000283,22,32|56,32|56,2,1,0.897967695,0.897967695,0.798848834,2,2,"{""DISTANCE_DIAMETER"":2}",2,0
00000283--b395338ef9--22:79|83,00000283--b395338ef9--22,00000283,22,79|83,79|83,2,2,1.999196298,1.999196298,0.8997688135,2,2,"{""DISTANCE_DIAMETER"":2}",2,0
00000283--b395338ef9--23:114|121,00000283--b395338ef9--23,00000283,23,114|121,114|121,2,2,1.398503996,1.398503996,0.6506718015,2,2,"{""DISTANCE_DIAMETER"":2}",2,0
00000283--b395338ef9--23:303|304,00000283--b395338ef9--23,00000283,23,303|304,303|304,2,2,1.199105262,1.199105262,0.19999552650000002,2,2,"{""DISTANCE_DIAMETER"":1,""DISTANCE_GROWTH"":1}",2,0
00000283--b395338ef9--24:53|65,00000283--b395338ef9--24,00000283,24,53|65,53|65,3,2,0.800083798,0.900463826,0.4998400755,3,3,"{""DISTANCE_DIAMETER"":3}",3,0
00000283--b395338ef9--25:173|174,00000283--b395338ef9--25,00000283,25,173|174,173|174;173|174|181,2,1,0.602039751,0.602039751,0.499919782,2,2,"{""DISTANCE_DIAMETER"":2}",2,0
00000283--b395338ef9--25:405|406,00000283--b395338ef9--25,00000283,25,405|406,405|406,2,1,1.098316928,1.098316928,0.298527164,2,2,"{""DISTANCE_DIAMETER"":2}",2,0
00000283--b395338ef9--26:174|206,00000283--b395338ef9--26,00000283,26,174|206,174|206,2,1,1.300399036,1.300399036,1.100016031,2,2,"{""DISTANCE_DIAMETER"":2}",2,0
00000283--b395338ef9--26:261|263,00000283--b395338ef9--26,00000283,26,261|263,261|263,4,3,1.300625605,2.700416215,0.700607883,4,4,"{""DISTANCE_DIAMETER"":2,""LATERAL_DIAMETER"":1,""LATERAL_GROWTH"":1}",4,0
00000283--b395338ef9--26:622|630,00000283--b395338ef9--26,00000283,26,622|630,622|630,2,2,1.909093388,1.909093388,0.4542168675,2,2,"{""LATERAL_DIAMETER"":1,""LATERAL_GROWTH"":1}",2,0
00000283--b395338ef9--26:74|79,00000283--b395338ef9--26,00000283,26,74|79,74|79,2,2,1.1807584,1.1807584,0.496832548,2,2,"{""LATERAL_GROWTH"":2}",2,0
00000283--b395338ef9--28:168|169,00000283--b395338ef9--28,00000283,28,168|169,168|169;168|169|206,2,1,1.999865539,1.999865539,0.400125486,2,2,"{""DISTANCE_GROWTH"":2}",2,0
00000283--b395338ef9--29:284|292,00000283--b395338ef9--29,00000283,29,284|292,284|292,2,1,0.600395542,0.600395542,0.499819085,2,2,"{""DISTANCE_GROWTH"":2}",2,0
00000283--b395338ef9--3:128|134,00000283--b395338ef9--3,00000283,3,128|134,128|134,2,2,1.001136359,1.001136359,0.545332616,2,2,"{""DISTANCE_DIAMETER"":2}",2,0
00000283--b395338ef9--3:147|162,00000283--b395338ef9--3,00000283,3,147|162,147|162,2,2,0.40824647,0.40824647,0.15429720400000002,2,2,"{""LATERAL_GROWTH"":2}",2,0
00000283--b395338ef9--3:92|123,00000283--b395338ef9--3,00000283,3,92|123,92|123,2,1,2.800259946,2.800259946,0.199537702,2,2,"{""LATERAL_DIAMETER"":1,""LATERAL_GROWTH"":1}",2,0
00000283--b395338ef9--30:207|212,00000283--b395338ef9--30,00000283,30,207|212,207|212,2,2,0.999799879,0.999799879,0.8489488475,1,2,"{""DISTANCE_GROWTH"":2}",2,0
00000283--b395338ef9--30:224|226,00000283--b395338ef9--30,00000283,30,224|226,224|226,2,1,1.099710841,1.099710841,0.699386178,2,2,"{""DISTANCE_DIAMETER"":2}",2,0
00000283--b395338ef9--30:262|266,00000283--b395338ef9--30,00000283,30,262|266,262|266,2,1,2.000007229,2.000007229,0.299928523,2,2,"{""DISTANCE_DIAMETER"":2}",2,0
00000283--b395338ef9--30:293|300,00000283--b395338ef9--30,00000283,30,293|300,293|300,2,1,1.192299039,1.192299039,1.000442316,2,2,"{""DISTANCE_DIAMETER"":2}",2,0
00000283--b395338ef9--31:242|247,00000283--b395338ef9--31,00000283,31,242|247,242|247,2,2,0.299478891,0.299478891,0.304766026,1,1,"{""DISTANCE_GROWTH"":2}",2,0
00000283--b395338ef9--31:244|245,00000283--b395338ef9--31,00000283,31,244|245,244|245,2,1,2.010020582,2.010020582,1.610360014,2,2,"{""DISTANCE_DIAMETER"":1,""DISTANCE_GROWTH"":1}",2,0
00000283--b395338ef9--31:245|246,00000283--b395338ef9--31,00000283,31,245|246,245|246,2,1,1.310007812,1.310007812,0.600017725,0,0,"{""DISTANCE_DIAMETER"":2}",2,0
00000283--b395338ef9--31:296|309,00000283--b395338ef9--31,00000283,31,296|309,296|309,3,2,0.30040290599999997,0.400369101,0.20058165649999998,3,3,"{""DISTANCE_DIAMETER"":1,""DISTANCE_GROWTH"":2}",3,0
00000283--b395338ef9--31:304|306,00000283--b395338ef9--31,00000283,31,304|306,304|306,2,1,0.899821816,0.899821816,0.399712681,2,2,"{""DISTANCE_DIAMETER"":2}",2,0
00000283--b395338ef9--31:311|317,00000283--b395338ef9--31,00000283,31,311|317,311|317,2,1,0.799423307,0.799423307,0.299314172,2,2,"{""DISTANCE_DIAMETER"":2}",2,0
00000283--b395338ef9--31:44|51,00000283--b395338ef9--31,00000283,31,44|51,44|51,2,1,1.600246094,1.600246094,1.099698695,2,2,"{""DISTANCE_DIAMETER"":2}",2,0
00000283--b395338ef9--31:52|58,00000283--b395338ef9--31,00000283,31,52|58,52|58,2,1,1.199844162,1.199844162,0.699296763,2,2,"{""DISTANCE_DIAMETER"":2}",2,0
00000283--b395338ef9--32:104|105,00000283--b395338ef9--32,00000283,32,104|105,104|105,2,1,0.799524717,0.799524717,0.300746268,0,2,"{""DISTANCE_DIAMETER"":2}",2,0
00000283--b395338ef9--32:105|107,00000283--b395338ef9--32,00000283,32,105|107,105|107,2,1,1.200455033,1.200455033,0.699514369,2,2,"{""DISTANCE_DIAMETER"":2}",2,0
00000283--b395338ef9--32:106|107,00000283--b395338ef9--32,00000283,32,106|107,106|107,2,2,2.101881379,2.101881379,1.198774151,2,2,"{""DISTANCE_DIAMETER"":2}",2,0
00000283--b395338ef9--32:106|109,00000283--b395338ef9--32,00000283,32,106|109,106|109,2,1,1.300465381,1.300465381,0.899701415,2,2,"{""DISTANCE_DIAMETER"":2}",2,0
00000283--b395338ef9--32:132|137,00000283--b395338ef9--32,00000283,32,132|137,132|137,2,1,0.601566347,0.601566347,0.501467104,1,2,"{""DISTANCE_DIAMETER"":2}",2,0
00000283--b395338ef9--32:135|137,00000283--b395338ef9--32,00000283,32,135|137,135|137,2,1,0.500903783,0.500903783,0.399818014,1,2,"{""DISTANCE_DIAMETER"":2}",2,0
00000283--b395338ef9--32:288|289,00000283--b395338ef9--32,00000283,32,288|289,288|289,2,1,1.300941983,1.300941983,0.601646932,1,1,"{""DISTANCE_DIAMETER"":1,""DISTANCE_GROWTH"":1}",2,0
00000283--b395338ef9--32:288|299,00000283--b395338ef9--32,00000283,32,288|299,288|289|299;288|299,2,0,0.599821786,0.599821786,,2,2,"{""DISTANCE_DIAMETER"":1,""DISTANCE_GROWTH"":1}",2,0
00000283--b395338ef9--32:47|50,00000283--b395338ef9--32,00000283,32,47|50,47|50,2,1,0.599485369,0.599485369,0.400320299,1,1,"{""DISTANCE_DIAMETER"":2}",2,0
00000283--b395338ef9--32:53|66,00000283--b395338ef9--32,00000283,32,53|66,53|66,2,1,2.301184212,2.301184212,1.399869608,1,1,"{""DISTANCE_DIAMETER"":2}",2,0
00000283--b395338ef9--32:60|61,00000283--b395338ef9--32,00000283,32,60|61,60|61,2,2,1.399532566,1.399532566,0.9504305215000001,1,2,"{""DISTANCE_DIAMETER"":1,""OTHER_STATIONARY_MOVING"":1}",2,0
00000283--b395338ef9--32:60|63,00000283--b395338ef9--32,00000283,32,60|63,60|63,2,1,1.801768839,1.801768839,1.400481896,2,2,"{""DISTANCE_DIAMETER"":2}",2,0
00000283--b395338ef9--32:80|96,00000283--b395338ef9--32,00000283,32,80|96,80|96,3,2,0.9048718015,1.21099595,0.6036880235,2,2,"{""DISTANCE_DIAMETER"":3}",3,0
00000283--b395338ef9--32:91|94,00000283--b395338ef9--32,00000283,32,91|94,91|94,2,1,2.109501962,2.109501962,1.909917187,2,2,"{""DISTANCE_DIAMETER"":2}",2,0
00000283--b395338ef9--34:431|436,00000283--b395338ef9--34,00000283,34,431|436,431|436,2,1,0.999880804,0.999880804,0.299872,2,2,"{""DISTANCE_DIAMETER"":2}",2,0
00000283--b395338ef9--35:31|32,00000283--b395338ef9--35,00000283,35,31|32,31|32,3,2,0.7954456050000001,0.800388511,0.6007291214999999,3,3,"{""DISTANCE_DIAMETER"":3}",3,0
00000283--b395338ef9--36:110|115,00000283--b395338ef9--36,00000283,36,110|115,110|115,2,1,0.298615225,0.298615225,0.199084628,2,2,"{""DISTANCE_GROWTH"":2}",2,0
00000283--b395338ef9--36:151|153,00000283--b395338ef9--36,00000283,36,151|153,151|153,2,1,1.199744347,1.199744347,0.800220504,2,2,"{""DISTANCE_DIAMETER"":2}",2,0
00000283--b395338ef9--36:153|177,00000283--b395338ef9--36,00000283,36,153|177,153|177,2,1,0.398973104,0.398973104,0.299651518,2,2,"{""DISTANCE_DIAMETER"":2}",2,0
00000283--b395338ef9--36:178|181,00000283--b395338ef9--36,00000283,36,178|181,178|181,2,2,0.199836194,0.199836194,0.099987593,2,2,"{""DISTANCE_GROWTH"":2}",2,0
00000283--b395338ef9--37:303|304,00000283--b395338ef9--37,00000283,37,303|304,303|304,2,2,0.508756748,0.508756748,0.550507313,2,2,"{""DISTANCE_DIAMETER"":1,""DISTANCE_GROWTH"":1}",2,0
00000283--b395338ef9--37:541|542,00000283--b395338ef9--37,00000283,37,541|542,541|542,3,2,1.8501071975,2.199654197,0.8501226495,3,3,"{""DISTANCE_DIAMETER"":3}",3,0
00000283--b395338ef9--37:94|103,00000283--b395338ef9--37,00000283,37,94|103,94|103,2,1,1.709300429,1.709300429,0.299659348,2,2,"{""DISTANCE_DIAMETER"":2}",2,0
00000283--b395338ef9--4:2|53,00000283--b395338ef9--4,00000283,4,2|53,2|53,2,2,16.200037388,16.200037388,0.899944477,2,2,"{""DISTANCE_DIAMETER"":1,""LATERAL_DIAMETER"":1}",2,0
00000283--b395338ef9--4:6|53,00000283--b395338ef9--4,00000283,4,6|53,6|53,2,1,0.800023917,0.800023917,0.399800149,1,2,"{""LATERAL_DIAMETER"":2}",2,0
00000283--b395338ef9--41:237|249,00000283--b395338ef9--41,00000283,41,237|249,237|249,2,1,0.99965984,0.99965984,0.300078206,2,2,"{""DISTANCE_DIAMETER"":2}",2,0
00000283--b395338ef9--41:278|295,00000283--b395338ef9--41,00000283,41,278|295,278|295,2,1,2.099979974,2.099979974,0.300469327,2,2,"{""DISTANCE_DIAMETER"":2}",2,0
00000283--b395338ef9--43:379|392,00000283--b395338ef9--43,00000283,43,379|392,379|392,2,1,0.600684381,0.600684381,0.300582403,1,2,"{""DISTANCE_DIAMETER"":2}",2,0
00000283--b395338ef9--43:392|400,00000283--b395338ef9--43,00000283,43,392|400,392|400,2,1,1.000390731,1.000390731,0.502279556,1,2,"{""DISTANCE_DIAMETER"":2}",2,0
00000283--b395338ef9--43:65|67,00000283--b395338ef9--43,00000283,43,65|67,65|67,2,1,0.597616671,0.597616671,0.498415227,2,2,"{""LATERAL_DIAMETER"":2}",2,0
00000283--b395338ef9--44:391|407,00000283--b395338ef9--44,00000283,44,391|407,391|407,2,1,1.200910737,1.200910737,0.902367719,2,2,"{""DISTANCE_DIAMETER"":1,""LATERAL_GROWTH"":1}",2,0
00000283--b395338ef9--44:400|440,00000283--b395338ef9--44,00000283,44,400|440,400|440,2,1,0.500030859,0.500030859,0.412292003,2,2,"{""LATERAL_GROWTH"":2}",2,0
00000283--b395338ef9--45:177|213,00000283--b395338ef9--45,00000283,45,177|213,177|213,2,1,5.600271318,5.600271318,2.700461043,1,2,"{""LATERAL_DIAMETER"":2}",2,0
00000283--b395338ef9--45:230|237,00000283--b395338ef9--45,00000283,45,230|237,230|237,2,2,0.799779305,0.799779305,0.9497669425,2,2,"{""DISTANCE_DIAMETER"":1,""LATERAL_GROWTH"":1}",2,0
00000283--b395338ef9--45:315|316,00000283--b395338ef9--45,00000283,45,315|316,315|316,2,1,0.199467619,0.199467619,0.100405356,2,2,"{""LATERAL_GROWTH"":2}",2,0
00000283--b395338ef9--45:507|508,00000283--b395338ef9--45,00000283,45,507|508,507|508;507|508|515,2,1,1.4994489,1.4994489,1.399502641,2,1,"{""DISTANCE_DIAMETER"":2}",2,0
00000283--b395338ef9--45:582|586,00000283--b395338ef9--45,00000283,45,582|586,582|584|586;582|584|586|606,2,1,2.302512957,2.302512957,2.200302799,2,1,"{""DISTANCE_DIAMETER"":2}",2,0
00000283--b395338ef9--46:14|17,00000283--b395338ef9--46,00000283,46,14|17,14|17|36,2,2,4.399949185,4.399949185,2.1459373580000003,1,1,"{""DISTANCE_DIAMETER"":2}",2,0
00000283--b395338ef9--46:51|61,00000283--b395338ef9--46,00000283,46,51|61,51|61,2,2,0.699765098,0.699765098,0.2001187745,2,2,"{""DISTANCE_GROWTH"":1,""LATERAL_GROWTH"":1}",2,0
00000283--b395338ef9--47:216|217,00000283--b395338ef9--47,00000283,47,216|217,216|217,2,1,0.400129407,0.400129407,0.200659605,2,2,"{""DISTANCE_GROWTH"":1,""LATERAL_GROWTH"":1}",2,0
00000283--b395338ef9--47:240|245,00000283--b395338ef9--47,00000283,47,240|245,240|245,2,1,0.500104552,0.500104552,0.20079835,2,2,"{""LATERAL_DIAMETER"":1,""LATERAL_GROWTH"":1}",2,0
00000283--b395338ef9--47:255|257,00000283--b395338ef9--47,00000283,47,255|257,255|257,2,1,0.899614248,0.899614248,0.600308046,2,2,"{""DISTANCE_DIAMETER"":1,""LATERAL_GROWTH"":1}",2,0
00000283--b395338ef9--47:322|360,00000283--b395338ef9--47,00000283,47,322|360,322|360,2,2,0.200030606,0.200030606,0.700637424,1,1,"{""DISTANCE_GROWTH"":2}",2,0
00000283--b395338ef9--47:380|385,00000283--b395338ef9--47,00000283,47,380|385,380|385,2,1,2.000399074,2.000399074,0.39998683,1,2,"{""LATERAL_DIAMETER"":1,""LATERAL_GROWTH"":1}",2,0
00000283--b395338ef9--47:479|504,00000283--b395338ef9--47,00000283,47,479|504,479|504,2,2,0.701598406,0.701598406,0.354043964,2,2,"{""LATERAL_DIAMETER"":2}",2,0
00000283--b395338ef9--48:109|121,00000283--b395338ef9--48,00000283,48,109|121,109|121,2,2,1.19864189,1.19864189,0.2986714375,2,2,"{""DISTANCE_DIAMETER"":1,""LATERAL_GROWTH"":1}",2,0
00000283--b395338ef9--48:112|119,00000283--b395338ef9--48,00000283,48,112|119,112|119,2,1,0.500291039,0.500291039,0.200409187,2,2,"{""LATERAL_GROWTH"":2}",2,0
00000283--b395338ef9--48:168|177,00000283--b395338ef9--48,00000283,48,168|177,168|174|177;168|177,2,1,0.299318963,0.299318963,0.198972082,2,2,"{""DISTANCE_GROWTH"":2}",2,0
00000283--b395338ef9--48:26|51,00000283--b395338ef9--48,00000283,48,26|51,26|51;26|51|65,2,1,0.700835646,0.700835646,0.600804245,2,2,"{""DISTANCE_DIAMETER"":1,""LATERAL_GROWTH"":1}",2,0
00000283--b395338ef9--6:140|149,00000283--b395338ef9--6,00000283,6,140|149,140|149,3,2,0.399983939,0.599631009,0.2506768245,2,3,"{""DISTANCE_DIAMETER"":1,""DISTANCE_GROWTH"":2}",3,0
00000283--b395338ef9--6:20|28,00000283--b395338ef9--6,00000283,6,20|28,20|28,2,2,3.600381717,3.600381717,2.4001465335,1,1,"{""LATERAL_DIAMETER"":2}",2,0
00000283--b395338ef9--9:20|21,00000283--b395338ef9--9,00000283,9,20|21,17|18|20|21;20|21,2,0,0.699751113,0.699751113,,1,1,"{""DISTANCE_GROWTH"":1,""LATERAL_GROWTH"":1}",2,0
00000285--27dca1de75--10:193|197,00000285--27dca1de75--10,00000285,10,193|197,193|197,2,1,1.098664453,1.098664453,0.499039686,1,1,"{""DISTANCE_DIAMETER"":2}",2,0
00000285--27dca1de75--10:201|209,00000285--27dca1de75--10,00000285,10,201|209,201|209,2,1,0.599996432,0.599996432,0.499699037,2,2,"{""DISTANCE_DIAMETER"":2}",2,0
00000285--27dca1de75--10:250|273,00000285--27dca1de75--10,00000285,10,250|273,250|273,2,1,0.600093381,0.600093381,0.399469652,2,2,"{""DISTANCE_DIAMETER"":2}",2,0
00000285--27dca1de75--10:282|285,00000285--27dca1de75--10,00000285,10,282|285,282|285,2,1,1.200090589,1.200090589,0.899894395,2,2,"{""DISTANCE_DIAMETER"":2}",2,0
00000285--27dca1de75--11:278|308,00000285--27dca1de75--11,00000285,11,278|308,278|308,2,1,0.700256071,0.700256071,0.300374447,2,2,"{""DISTANCE_DIAMETER"":2}",2,0
00000285--27dca1de75--11:27|31,00000285--27dca1de75--11,00000285,11,27|31,27|31,2,1,1.390754764,1.390754764,0.59099389,2,2,"{""LATERAL_DIAMETER"":1,""LATERAL_GROWTH"":1}",2,0
00000285--27dca1de75--12:377|381,00000285--27dca1de75--12,00000285,12,377|381,377|381,2,1,0.700557619,0.700557619,0.099818774,2,2,"{""DISTANCE_DIAMETER"":1,""DISTANCE_GROWTH"":1}",2,0
00000285--27dca1de75--13:32|39,00000285--27dca1de75--13,00000285,13,32|39,32|33|39;32|39,3,1,0.8001714405,1.101295102,0.299841952,3,3,"{""DISTANCE_DIAMETER"":1,""DISTANCE_GROWTH"":2}",3,0
00000285--27dca1de75--13:331|332,00000285--27dca1de75--13,00000285,13,331|332,331|332,2,2,0.399683952,0.399683952,0.200178674,2,2,"{""DISTANCE_GROWTH"":2}",2,0
00000285--27dca1de75--13:362|364,00000285--27dca1de75--13,00000285,13,362|364,362|364,2,2,0.200418768,0.200418768,0.24955918,1,1,"{""LATERAL_GROWTH"":2}",2,0
00000285--27dca1de75--13:3|278,00000285--27dca1de75--13,00000285,13,3|278,3|278,2,2,0.699057432,0.699057432,1.9000127525,2,2,"{""LATERAL_DIAMETER"":2}",2,0
00000285--27dca1de75--14:171|172,00000285--27dca1de75--14,00000285,14,171|172,171|172,2,1,0.19976153,0.19976153,0.100101479,1,1,"{""DISTANCE_GROWTH"":2}",2,0
00000285--27dca1de75--15:132|134,00000285--27dca1de75--15,00000285,15,132|134,132|134,4,3,0.900094978,1.001258676,0.399105179,4,4,"{""DISTANCE_DIAMETER"":4}",4,0
00000285--27dca1de75--15:73|81,00000285--27dca1de75--15,00000285,15,73|81,73|81,2,1,1.289670758,1.289670758,0.890106876,0,1,"{""DISTANCE_DIAMETER"":1,""LATERAL_DIAMETER"":1}",2,0
00000285--27dca1de75--15:78|80,00000285--27dca1de75--15,00000285,15,78|80,78|80,2,1,1.59999742,1.59999742,1.000047678,1,2,"{""LATERAL_DIAMETER"":2}",2,0
00000285--27dca1de75--15:81|83,00000285--27dca1de75--15,00000285,15,81|83,81|83,2,1,0.6092158,0.6092158,0.49957185,2,2,"{""DISTANCE_GROWTH"":1,""LATERAL_DIAMETER"":1}",2,0
00000285--27dca1de75--17:111|115,00000285--27dca1de75--17,00000285,17,111|115,111|115,2,1,0.699801799,0.699801799,0.500270553,2,2,"{""DISTANCE_DIAMETER"":1,""DISTANCE_GROWTH"":1}",2,0
00000285--27dca1de75--18:161|167,00000285--27dca1de75--18,00000285,18,161|167,161|167,2,1,2.200324945,2.200324945,1.100032997,2,2,"{""DISTANCE_GROWTH"":1,""OTHER_STATIONARY_MOVING"":1}",2,0
00000285--27dca1de75--18:162|164,00000285--27dca1de75--18,00000285,18,162|164,162|164,3,2,0.2995987525,0.400079981,0.150417945,3,3,"{""DISTANCE_GROWTH"":3}",3,0
00000285--27dca1de75--18:354|359,00000285--27dca1de75--18,00000285,18,354|359,354|359,2,1,0.698912,0.698912,0.599844046,2,2,"{""DISTANCE_DIAMETER"":2}",2,0
00000285--27dca1de75--19:130|131,00000285--27dca1de75--19,00000285,19,130|131,130|131,2,1,1.197616104,1.197616104,0.497409004,0,1,"{""DISTANCE_DIAMETER"":2}",2,0
00000285--27dca1de75--19:273|275,00000285--27dca1de75--19,00000285,19,273|275,273|275,2,1,1.000702324,1.000702324,0.299847553,1,1,"{""DISTANCE_DIAMETER"":1,""DISTANCE_GROWTH"":1}",2,0
00000285--27dca1de75--19:276|277,00000285--27dca1de75--19,00000285,19,276|277,276|277,2,1,1.399987623,1.399987623,0.300999314,1,1,"{""DISTANCE_DIAMETER"":2}",2,0
00000285--27dca1de75--19:282|291,00000285--27dca1de75--19,00000285,19,282|291,282|291,2,1,1.298653437,1.298653437,0.698615602,0,1,"{""DISTANCE_DIAMETER"":2}",2,0
00000285--27dca1de75--19:283|289,00000285--27dca1de75--19,00000285,19,283|289,283|289,2,1,0.601308723,0.601308723,0.300309409,1,2,"{""DISTANCE_DIAMETER"":2}",2,0
00000285--27dca1de75--19:296|302,00000285--27dca1de75--19,00000285,19,296|302,296|302,2,2,0.602209973,0.602209973,0.5490995835,1,2,"{""DISTANCE_DIAMETER"":2}",2,0
00000285--27dca1de75--19:297|305,00000285--27dca1de75--19,00000285,19,297|305,297|305,2,1,1.700368703,1.700368703,0.400442556,2,2,"{""DISTANCE_DIAMETER"":2}",2,0
00000285--27dca1de75--2:140|145,00000285--27dca1de75--2,00000285,2,140|145,140|145,2,1,1.299591711,1.299591711,0.299484069,1,2,"{""LATERAL_DIAMETER"":1,""LATERAL_GROWTH"":1}",2,0
00000285--27dca1de75--2:140|146,00000285--27dca1de75--2,00000285,2,140|146,140|146,3,2,0.800144384,0.800578452,0.550065467,2,2,"{""DISTANCE_GROWTH"":1,""LATERAL_DIAMETER"":2}",3,0
00000285--27dca1de75--2:19|27,00000285--27dca1de75--2,00000285,2,19|27,19|27,2,1,2.000065163,2.000065163,0.300644381,2,2,"{""DISTANCE_DIAMETER"":1,""LATERAL_DIAMETER"":1}",2,0
00000285--27dca1de75--2:338|346,00000285--27dca1de75--2,00000285,2,338|346,338|346,2,1,2.999288223,2.999288223,1.099394961,2,2,"{""DISTANCE_DIAMETER"":1,""OTHER_STATIONARY_MOVING"":1}",2,0
00000285--27dca1de75--2:42|56,00000285--27dca1de75--2,00000285,2,42|56,42|56,2,1,0.800937515,0.800937515,0.601009495,1,2,"{""DISTANCE_GROWTH"":1,""LATERAL_DIAMETER"":1}",2,0
00000285--27dca1de75--2:438|443,00000285--27dca1de75--2,00000285,2,438|443,438|443,2,2,2.599817882,2.599817882,1.5496549505000001,2,2,"{""DISTANCE_DIAMETER"":2}",2,0
00000285--27dca1de75--2:477|523,00000285--27dca1de75--2,00000285,2,477|523,477|523,3,2,0.2499487155,0.299612027,0.1501668925,3,3,"{""DISTANCE_GROWTH"":3}",3,0
00000285--27dca1de75--20:229|230,00000285--27dca1de75--20,00000285,20,229|230,229|230,2,1,0.89985702,0.89985702,0.801840194,2,2,"{""LATERAL_DIAMETER"":2}",2,0
00000285--27dca1de75--20:433|443,00000285--27dca1de75--20,00000285,20,433|443,433|443,2,1,0.200350182,0.200350182,0.100114303,2,2,"{""DISTANCE_GROWTH"":2}",2,0
00000285--27dca1de75--20:536|540,00000285--27dca1de75--20,00000285,20,536|540,536|540,2,1,1.298904062,1.298904062,0.599681386,1,1,"{""DISTANCE_DIAMETER"":2}",2,0
00000285--27dca1de75--20:540|543,00000285--27dca1de75--20,00000285,20,540|543,540|543,3,3,0.899470175,0.900293681,0.598597849,1,3,"{""DISTANCE_DIAMETER"":3}",3,0
00000285--27dca1de75--20:543|551,00000285--27dca1de75--20,00000285,20,543|551,543|551,2,1,1.799673135,1.799673135,0.999186003,0,1,"{""DISTANCE_DIAMETER"":2}",2,0
00000285--27dca1de75--20:580|581,00000285--27dca1de75--20,00000285,20,580|581,580|581,2,1,0.901895616,0.901895616,0.500763228,2,2,"{""DISTANCE_DIAMETER"":2}",2,0
00000285--27dca1de75--20:602|605,00000285--27dca1de75--20,00000285,20,602|605,602|605,2,1,0.500495284,0.500495284,0.299831545,1,1,"{""DISTANCE_DIAMETER"":2}",2,0
00000285--27dca1de75--22:105|110,00000285--27dca1de75--22,00000285,22,105|110,105|110,2,2,1.600009704,1.600009704,0.541047431,1,1,"{""DISTANCE_DIAMETER"":2}",2,0
00000285--27dca1de75--23:271|272,00000285--27dca1de75--23,00000285,23,271|272,271|272,3,2,0.449753493,0.499699239,0.35033937400000004,3,3,"{""DISTANCE_DIAMETER"":3}",3,0
00000285--27dca1de75--23:58|61,00000285--27dca1de75--23,00000285,23,58|61,58|61,2,2,0.901644561,0.901644561,0.449296443,2,2,"{""DISTANCE_GROWTH"":2}",2,0
00000285--27dca1de75--24:111|115,00000285--27dca1de75--24,00000285,24,111|115,111|115,2,1,0.197937344,0.197937344,0.097876518,2,2,"{""DISTANCE_GROWTH"":2}",2,0
00000285--27dca1de75--24:312|320,00000285--27dca1de75--24,00000285,24,312|320,312|320,2,2,0.300373919,0.300373919,0.199658857,2,2,"{""DISTANCE_GROWTH"":2}",2,0
00000285--27dca1de75--25:152|155,00000285--27dca1de75--25,00000285,25,152|155,152|155,2,1,0.399552832,0.399552832,0.30110197,2,2,"{""DISTANCE_DIAMETER"":2}",2,0
00000285--27dca1de75--25:29|40,00000285--27dca1de75--25,00000285,25,29|40,29|40,2,1,1.30092148,1.30092148,0.300973978,2,2,"{""DISTANCE_DIAMETER"":2}",2,0
00000285--27dca1de75--26:248|253,00000285--27dca1de75--26,00000285,26,248|253,248|253,2,1,0.500626598,0.500626598,0.301216741,2,2,"{""DISTANCE_DIAMETER"":2}",2,0
00000285--27dca1de75--26:304|312,00000285--27dca1de75--26,00000285,26,304|312,304|312,2,1,2.200734782,2.200734782,1.199356483,2,2,"{""DISTANCE_DIAMETER"":2}",2,0
00000285--27dca1de75--26:99|104,00000285--27dca1de75--26,00000285,26,99|104,99|104,2,2,1.900555238,1.900555238,0.999808673,2,2,"{""DISTANCE_DIAMETER"":2}",2,0
00000285--27dca1de75--27:163|164,00000285--27dca1de75--27,00000285,27,163|164,163|164,2,1,1.401281818,1.401281818,0.400505407,2,2,"{""DISTANCE_DIAMETER"":2}",2,0
00000285--27dca1de75--27:260|262,00000285--27dca1de75--27,00000285,27,260|262,260|262,2,1,0.900693017,0.900693017,0.799871735,2,2,"{""DISTANCE_GROWTH"":1,""VELOCITY_DIAMETER"":1}",2,0
00000285--27dca1de75--27:345|355,00000285--27dca1de75--27,00000285,27,345|355,345|355,4,4,1.31178594,2.098634065,0.3995478945,4,4,"{""DISTANCE_DIAMETER"":4}",4,0
00000285--27dca1de75--28:14|26,00000285--27dca1de75--28,00000285,28,14|26,14|26,2,1,0.200103718,0.200103718,0.100153139,1,2,"{""LATERAL_GROWTH"":1,""OTHER_STATIONARY_MOVING"":1}",2,0
00000285--27dca1de75--28:239|248,00000285--27dca1de75--28,00000285,28,239|248,239|248,4,4,0.50129613,2.299761713,0.9004544045,4,4,"{""DISTANCE_DIAMETER"":3,""LATERAL_GROWTH"":1}",4,0
00000285--27dca1de75--28:367|372,00000285--27dca1de75--28,00000285,28,367|372,367|372,2,1,0.710553912,0.710553912,0.59989122,2,2,"{""LATERAL_DIAMETER"":2}",2,0
00000285--27dca1de75--28:492|494,00000285--27dca1de75--28,00000285,28,492|494,492|494,2,1,0.89767262,0.89767262,0.297792538,0,0,"{""DISTANCE_DIAMETER"":1,""LATERAL_GROWTH"":1}",2,0
00000285--27dca1de75--29:104|105,00000285--27dca1de75--29,00000285,29,104|105,104|105,2,1,1.400062971,1.400062971,0.201698612,2,2,"{""LATERAL_GROWTH"":2}",2,0
00000285--27dca1de75--29:135|169,00000285--27dca1de75--29,00000285,29,135|169,102|135|169,2,2,1.300775885,1.300775885,1.5496681075,2,2,"{""DISTANCE_DIAMETER"":2}",2,0
00000285--27dca1de75--29:167|170,00000285--27dca1de75--29,00000285,29,167|170,167|170,2,1,0.599961051,0.599961051,0.499519729,2,2,"{""LATERAL_DIAMETER"":1,""LATERAL_GROWTH"":1}",2,0
00000285--27dca1de75--29:210|234,00000285--27dca1de75--29,00000285,29,210|234,210|234,3,2,0.450017782,0.499352241,0.2511411635,3,3,"{""DISTANCE_GROWTH"":2,""LATERAL_GROWTH"":1}",3,0
00000285--27dca1de75--29:22|29,00000285--27dca1de75--29,00000285,29,22|29,22|29,2,1,0.600938122,0.600938122,0.500368566,2,2,"{""DISTANCE_DIAMETER"":1,""DISTANCE_GROWTH"":1}",2,0
00000285--27dca1de75--29:533|537,00000285--27dca1de75--29,00000285,29,533|537,533|537;533|537|540|546,2,1,1.300198012,1.300198012,0.502147207,3,1,"{""DISTANCE_GROWTH"":1,""LATERAL_DIAMETER"":1}",2,0
00000285--27dca1de75--29:631|690,00000285--27dca1de75--29,00000285,29,631|690,626|631|690,2,1,0.499580728,0.499580728,0.299351971,2,1,"{""DISTANCE_DIAMETER"":2}",2,0
00000285--27dca1de75--3:241|245,00000285--27dca1de75--3,00000285,3,241|245,241|245,3,2,0.5491053185,0.598430164,0.298967274,3,3,"{""DISTANCE_DIAMETER"":3}",3,0
00000285--27dca1de75--30:117|147,00000285--27dca1de75--30,00000285,30,117|147,117|147;117|147|154,3,2,0.7003386869999999,0.899907916,0.4500757045,2,3,"{""LATERAL_DIAMETER"":1,""OTHER_STATIONARY_MOVING"":2}",3,0
00000285--27dca1de75--30:198|200,00000285--27dca1de75--30,00000285,30,198|200,195|198|200;198|200,4,2,0.799068519,2.400810246,1.2497884929999998,4,3,"{""DISTANCE_DIAMETER"":1,""LATERAL_DIAMETER"":1,""LATERAL_GROWTH"":2}",4,0
00000285--27dca1de75--30:210|216,00000285--27dca1de75--30,00000285,30,210|216,210|216,2,2,0.800283152,0.800283152,0.24616235799999997,2,2,"{""DISTANCE_DIAMETER"":1,""LATERAL_GROWTH"":1}",2,0
00000285--27dca1de75--30:210|234,00000285--27dca1de75--30,00000285,30,210|234,210|234;210|234|240,3,1,1.0502903885000001,1.601000291,0.201373852,2,1,"{""DISTANCE_DIAMETER"":1,""DISTANCE_GROWTH"":1,""LATERAL_GROWTH"":1}",3,0
00000285--27dca1de75--30:234|240,00000285--27dca1de75--30,00000285,30,234|240,234|240,2,1,0.199588363,0.199588363,0.100586382,2,2,"{""LATERAL_GROWTH"":2}",2,0
00000285--27dca1de75--30:307|318,00000285--27dca1de75--30,00000285,30,307|318,307|318,2,1,1.599450186,1.599450186,0.200121467,2,2,"{""LATERAL_DIAMETER"":1,""LATERAL_GROWTH"":1}",2,0
00000285--27dca1de75--30:316|333,00000285--27dca1de75--30,00000285,30,316|333,316|333,6,5,0.599987815,2.699808796,0.499827928,6,6,"{""DISTANCE_DIAMETER"":2,""LATERAL_DIAMETER"":1,""LATERAL_GROWTH"":3}",6,0
00000285--27dca1de75--30:316|368,00000285--27dca1de75--30,00000285,30,316|368,316|368,3,2,0.7000173185,0.9994184,0.4011385785,3,3,"{""LATERAL_DIAMETER"":3}",3,0
00000285--27dca1de75--30:319|321,00000285--27dca1de75--30,00000285,30,319|321,319|321;319|321|324;319|321|390,4,2,1.301443625,6.099436232,0.8497453395,2,2,"{""DISTANCE_DIAMETER"":4}",4,0
00000285--27dca1de75--30:31|37,00000285--27dca1de75--30,00000285,30,31|37,31|37,3,2,3.850021455,5.799418304,2.9496829495,3,3,"{""DISTANCE_DIAMETER"":1,""LATERAL_DIAMETER"":1,""LATERAL_GROWTH"":1}",3,0
00000285--27dca1de75--30:321|531,00000285--27dca1de75--30,00000285,30,321|531,321|531,2,2,3.500122388,3.500122388,0.450238985,1,2,"{""DISTANCE_DIAMETER"":1,""DISTANCE_GROWTH"":1}",2,0
00000285--27dca1de75--30:324|327,00000285--27dca1de75--30,00000285,30,324|327,319|324|327,2,2,0.799578854,0.799578854,0.5499593005,0,0,"{""DISTANCE_DIAMETER"":2}",2,0
00000285--27dca1de75--30:332|409,00000285--27dca1de75--30,00000285,30,332|409,332|409,2,2,5.199696412,5.199696412,0.3500084085,1,1,"{""LATERAL_GROWTH"":2}",2,0
00000285--27dca1de75--30:332|518,00000285--27dca1de75--30,00000285,30,332|518,332|518,2,1,3.200156407,3.200156407,0.299716617,2,2,"{""LATERAL_GROWTH"":2}",2,0
00000285--27dca1de75--30:369|377,00000285--27dca1de75--30,00000285,30,369|377,369|377,2,1,1.100078604,1.100078604,0.800960048,2,2,"{""DISTANCE_DIAMETER"":2}",2,0
00000285--27dca1de75--30:377|462,00000285--27dca1de75--30,00000285,30,377|462,377|462,8,7,0.900020545,3.699729199,0.50005353,8,8,"{""DISTANCE_DIAMETER"":8}",8,0
00000285--27dca1de75--30:6|14,00000285--27dca1de75--30,00000285,30,6|14,6|14|18,2,2,0.998123749,0.998123749,0.599347598,2,1,"{""DISTANCE_DIAMETER"":2}",2,0
00000285--27dca1de75--31:16|19,00000285--27dca1de75--31,00000285,31,16|19,16|19,7,7,2.4998949195,8.500385041,0.900198271,7,7,"{""DISTANCE_DIAMETER"":7}",7,0
00000285--27dca1de75--31:20|36,00000285--27dca1de75--31,00000285,31,20|36,20|36,2,1,0.30101178,0.30101178,0.100600798,2,2,"{""LATERAL_GROWTH"":2}",2,0
00000285--27dca1de75--31:28|130,00000285--27dca1de75--31,00000285,31,28|130,28|130,2,1,4.399030702,4.399030702,3.999812463,2,2,"{""LATERAL_DIAMETER"":2}",2,0
00000285--27dca1de75--31:419|420,00000285--27dca1de75--31,00000285,31,419|420,419|420,4,3,0.899928899,2.199736501,0.799190452,4,4,"{""LATERAL_DIAMETER"":4}",4,0
00000285--27dca1de75--31:431|493,00000285--27dca1de75--31,00000285,31,431|493,431|493,3,2,2.600733688,3.501525384,1.050306663,3,3,"{""DISTANCE_DIAMETER"":3}",3,0
00000285--27dca1de75--31:431|556,00000285--27dca1de75--31,00000285,31,431|556,431|556|583,2,1,2.289566074,2.289566074,1.78946537,2,2,"{""DISTANCE_DIAMETER"":2}",2,0
00000285--27dca1de75--31:439|449,00000285--27dca1de75--31,00000285,31,439|449,439|449,2,1,0.400812593,0.400812593,0.199848755,2,2,"{""LATERAL_DIAMETER"":1,""LATERAL_GROWTH"":1}",2,0
00000285--27dca1de75--31:486|493,00000285--27dca1de75--31,00000285,31,486|493,486|493,3,2,1.2999098635,1.98903943,0.8004276265,3,3,"{""DISTANCE_DIAMETER"":3}",3,0
00000285--27dca1de75--31:84|160,00000285--27dca1de75--31,00000285,31,84|160,84|160,3,2,3.050173341,4.500093529,0.251379634,3,3,"{""DISTANCE_DIAMETER"":1,""LATERAL_DIAMETER"":1,""LATERAL_GROWTH"":1}",3,0
00000285--27dca1de75--31:9|130,00000285--27dca1de75--31,00000285,31,9|130,9|130,5,4,2.65491807,8.599981971,2.3500934715,4,5,"{""LATERAL_DIAMETER"":5}",5,0
00000285--27dca1de75--31:9|350,00000285--27dca1de75--31,00000285,31,9|350,9|350,5,4,1.550720293,1.799674391,0.6055241275000001,5,5,"{""LATERAL_DIAMETER"":2,""LATERAL_GROWTH"":3}",5,0
00000285--27dca1de75--32:13|151,00000285--27dca1de75--32,00000285,32,13|151,13|151,2,2,0.200408023,0.200408023,0.349887143,2,2,"{""LATERAL_DIAMETER"":1,""LATERAL_GROWTH"":1}",2,0
00000285--27dca1de75--32:196|200,00000285--27dca1de75--32,00000285,32,196|200,196|200,2,1,0.799332798,0.799332798,0.600917199,1,1,"{""LATERAL_DIAMETER"":1,""LATERAL_GROWTH"":1}",2,0
00000285--27dca1de75--32:296|332,00000285--27dca1de75--32,00000285,32,296|332,296|332,2,1,1.100116397,1.100116397,0.299793841,2,2,"{""DISTANCE_DIAMETER"":2}",2,0
00000285--27dca1de75--32:30|89,00000285--27dca1de75--32,00000285,32,30|89,30|89,3,3,3.09989074,4.600297879,0.801235757,3,3,"{""DISTANCE_DIAMETER"":3}",3,0
00000285--27dca1de75--32:555|559,00000285--27dca1de75--32,00000285,32,555|559,555|559;555|559|591,2,1,0.399873481,0.399873481,0.3001697,2,2,"{""LATERAL_DIAMETER"":2}",2,0
00000285--27dca1de75--32:631|646,00000285--27dca1de75--32,00000285,32,631|646,631|646,2,1,0.900003842,0.900003842,0.301866721,2,2,"{""DISTANCE_DIAMETER"":1,""LATERAL_DIAMETER"":1}",2,0
00000285--27dca1de75--32:635|637,00000285--27dca1de75--32,00000285,32,635|637,635|637;635|637|640,2,2,1.599859694,1.599859694,1.85029157,1,2,"{""DISTANCE_DIAMETER"":1,""LATERAL_GROWTH"":1}",2,0
00000285--27dca1de75--32:650|655,00000285--27dca1de75--32,00000285,32,650|655,650|655,2,1,0.99986713,0.99986713,0.099950629,2,2,"{""LATERAL_DIAMETER"":1,""LATERAL_GROWTH"":1}",2,0
00000285--27dca1de75--32:8|143,00000285--27dca1de75--32,00000285,32,8|143,8|143,2,1,0.800483171,0.800483171,0.400317411,1,2,"{""DISTANCE_DIAMETER"":1,""LATERAL_DIAMETER"":1}",2,0
00000285--27dca1de75--32:8|200,00000285--27dca1de75--32,00000285,32,8|200,8|200,5,4,1.649253774,2.601445752,0.3995790185,4,5,"{""DISTANCE_DIAMETER"":2,""LATERAL_DIAMETER"":1,""LATERAL_GROWTH"":2}",5,0
00000285--27dca1de75--32:9|142,00000285--27dca1de75--32,00000285,32,9|142,9|142,2,1,1.899896651,1.899896651,0.300620331,2,2,"{""LATERAL_DIAMETER"":1,""OTHER_STATIONARY_MOVING"":1}",2,0
00000285--27dca1de75--33:45|50,00000285--27dca1de75--33,00000285,33,45|50,45|50|103;45|50|56,2,0,6.200479022,6.200479022,,2,0,"{""DISTANCE_GROWTH"":1,""LATERAL_DIAMETER"":1}",2,0
00000285--27dca1de75--33:61|105,00000285--27dca1de75--33,00000285,33,61|105,61|105,4,4,1.699995837,3.299869394,0.3499753325,4,4,"{""LATERAL_GROWTH"":4}",4,0
00000285--27dca1de75--5:4|29,00000285--27dca1de75--5,00000285,5,4|29,4|29,2,2,2.099427749,2.099427749,1.8999526850000001,2,2,"{""LATERAL_DIAMETER"":1,""LATERAL_GROWTH"":1}",2,0
00000285--27dca1de75--6:156|159,00000285--27dca1de75--6,00000285,6,156|159,156|159,2,1,0.599907401,0.599907401,0.399758151,2,2,"{""DISTANCE_GROWTH"":1,""LATERAL_GROWTH"":1}",2,0
00000285--27dca1de75--7:228|229,00000285--27dca1de75--7,00000285,7,228|229,228|229,2,2,1.60015144,1.60015144,1.7497280905,2,2,"{""LATERAL_DIAMETER"":2}",2,0
00000285--27dca1de75--8:354|359,00000285--27dca1de75--8,00000285,8,354|359,354|359;354|359|362,2,1,0.500766843,0.500766843,0.101088358,2,2,"{""DISTANCE_GROWTH"":2}",2,0
00000285--27dca1de75--8:71|82,00000285--27dca1de75--8,00000285,8,71|82,71|82,2,1,0.988927727,0.988927727,0.889146368,2,2,"{""DISTANCE_DIAMETER"":2}",2,0
00000285--27dca1de75--9:361|366,00000285--27dca1de75--9,00000285,9,361|366,361|366,2,2,0.401985905,0.401985905,0.2502696645,2,2,"{""DISTANCE_GROWTH"":2}",2,0
00000286--de6bd2c087--11:77|81,00000286--de6bd2c087--11,00000286,11,77|81,77|81,2,1,1.200091464,1.200091464,0.101236611,1,1,"{""DISTANCE_DIAMETER"":1,""DISTANCE_GROWTH"":1}",2,0
00000286--de6bd2c087--12:104|105,00000286--de6bd2c087--12,00000286,12,104|105,104|105,2,2,2.300216152,2.300216152,0.4995660845,2,2,"{""DISTANCE_GROWTH"":2}",2,0
00000286--de6bd2c087--13:178|179,00000286--de6bd2c087--13,00000286,13,178|179,178|179,2,1,2.199412041,2.199412041,0.199853698,2,2,"{""DISTANCE_DIAMETER"":1,""LATERAL_GROWTH"":1}",2,0
00000286--de6bd2c087--13:179|184,00000286--de6bd2c087--13,00000286,13,179|184,178|179|184;179|184,2,0,1.300687844,1.300687844,,1,0,"{""DISTANCE_DIAMETER"":2}",2,0
00000286--de6bd2c087--13:181|191,00000286--de6bd2c087--13,00000286,13,181|191,181|191,2,2,0.600576783,0.600576783,0.349381884,2,2,"{""DISTANCE_DIAMETER"":2}",2,0
00000286--de6bd2c087--13:66|67,00000286--de6bd2c087--13,00000286,13,66|67,66|67,2,2,0.400959155,0.400959155,0.7008111415,2,2,"{""DISTANCE_DIAMETER"":2}",2,0
00000286--de6bd2c087--15:239|243,00000286--de6bd2c087--15,00000286,15,239|243,239|243,2,1,1.397607425,1.397607425,0.298751217,1,2,"{""DISTANCE_DIAMETER"":2}",2,0
00000286--de6bd2c087--15:239|253,00000286--de6bd2c087--15,00000286,15,239|253,239|253,2,1,2.801103589,2.801103589,2.498884211,2,2,"{""DISTANCE_DIAMETER"":2}",2,0
00000286--de6bd2c087--15:273|280,00000286--de6bd2c087--15,00000286,15,273|280,273|280,4,3,0.200096725,0.20966448,0.100842556,4,4,"{""DISTANCE_DIAMETER"":1,""DISTANCE_GROWTH"":3}",4,0
00000286--de6bd2c087--16:101|102,00000286--de6bd2c087--16,00000286,16,101|102,101|102,2,1,1.199505551,1.199505551,0.69951954,2,2,"{""DISTANCE_DIAMETER"":2}",2,0
00000286--de6bd2c087--16:108|112,00000286--de6bd2c087--16,00000286,16,108|112,108|112,2,1,1.100392187,1.100392187,0.300571783,0,1,"{""DISTANCE_DIAMETER"":2}",2,0
00000286--de6bd2c087--16:122|130,00000286--de6bd2c087--16,00000286,16,122|130,122|130,3,2,1.3500601465,2.099617844,0.34980652050000005,3,3,"{""DISTANCE_DIAMETER"":3}",3,0
00000286--de6bd2c087--16:143|158,00000286--de6bd2c087--16,00000286,16,143|158,143|158,2,1,0.499754645,0.499754645,0.300351688,2,2,"{""DISTANCE_DIAMETER"":2}",2,0
00000286--de6bd2c087--16:153|161,00000286--de6bd2c087--16,00000286,16,153|161,153|161,2,1,1.693192546,1.693192546,1.200599179,1,1,"{""DISTANCE_DIAMETER"":2}",2,0
00000286--de6bd2c087--16:155|160,00000286--de6bd2c087--16,00000286,16,155|160,155|160,2,1,0.797801172,0.797801172,0.297467461,1,2,"{""DISTANCE_DIAMETER"":2}",2,0
00000286--de6bd2c087--16:155|161,00000286--de6bd2c087--16,00000286,16,155|161,155|161,2,1,1.500589992,1.500589992,0.992927078,1,2,"{""DISTANCE_DIAMETER"":2}",2,0
00000286--de6bd2c087--16:6|11,00000286--de6bd2c087--16,00000286,16,6|11,6|11,2,1,1.098671872,1.098671872,0.298735677,2,2,"{""DISTANCE_DIAMETER"":2}",2,0
00000286--de6bd2c087--16:73|80,00000286--de6bd2c087--16,00000286,16,73|80,73|80,2,1,0.499578958,0.499578958,0.299453392,1,2,"{""DISTANCE_DIAMETER"":2}",2,0
00000286--de6bd2c087--16:89|98,00000286--de6bd2c087--16,00000286,16,89|98,89|98,2,1,1.99976634,1.99976634,1.60003608,2,2,"{""DISTANCE_DIAMETER"":2}",2,0
00000286--de6bd2c087--17:287|301,00000286--de6bd2c087--17,00000286,17,287|301,287|301,3,3,0.7000843815,0.79995667,0.499518802,0,2,"{""DISTANCE_DIAMETER"":3}",3,0
00000286--de6bd2c087--17:300|302,00000286--de6bd2c087--17,00000286,17,300|302,300|302,3,3,0.7999386635,0.900033376,0.400276721,3,3,"{""DISTANCE_DIAMETER"":3}",3,0
00000286--de6bd2c087--18:95|104,00000286--de6bd2c087--18,00000286,18,95|104,95|104,2,1,1.09978216,1.09978216,0.699686204,2,2,"{""DISTANCE_DIAMETER"":2}",2,0
00000286--de6bd2c087--19:261|270,00000286--de6bd2c087--19,00000286,19,261|270,261|270,2,1,0.400732381,0.400732381,0.29988111,2,2,"{""DISTANCE_DIAMETER"":2}",2,0
00000286--de6bd2c087--19:323|329,00000286--de6bd2c087--19,00000286,19,323|329,323|329,2,1,0.798540478,0.798540478,0.598848088,1,1,"{""DISTANCE_DIAMETER"":2}",2,0
00000286--de6bd2c087--20:346|347,00000286--de6bd2c087--20,00000286,20,346|347,346|347,2,1,0.708157291,0.708157291,0.608334488,2,2,"{""DISTANCE_DIAMETER"":2}",2,0
00000286--de6bd2c087--24:270|281,00000286--de6bd2c087--24,00000286,24,270|281,270|281,2,1,1.089904452,1.089904452,0.389411986,2,2,"{""DISTANCE_DIAMETER"":2}",2,0
00000286--de6bd2c087--24:425|442,00000286--de6bd2c087--24,00000286,24,425|442,425|442,2,1,0.489237663,0.489237663,0.289200234,2,2,"{""DISTANCE_DIAMETER"":2}",2,0
00000286--de6bd2c087--25:32|46,00000286--de6bd2c087--25,00000286,25,32|46,32|46,2,1,0.39887239,0.39887239,0.298239308,2,2,"{""DISTANCE_DIAMETER"":2}",2,0
00000286--de6bd2c087--25:373|383,00000286--de6bd2c087--25,00000286,25,373|383,373|383,2,1,2.991152281,2.991152281,2.090494197,2,2,"{""LATERAL_GROWTH"":1,""OTHER_STATIONARY_MOVING"":1}",2,0
00000286--de6bd2c087--25:403|406,00000286--de6bd2c087--25,00000286,25,403|406,403|406;403|406|409,2,0,0.399458874,0.399458874,,2,1,"{""DISTANCE_DIAMETER"":1,""DISTANCE_GROWTH"":1}",2,0
00000286--de6bd2c087--25:405|411,00000286--de6bd2c087--25,00000286,25,405|411,405|411,2,1,1.299412515,1.299412515,1.199813915,2,2,"{""DISTANCE_DIAMETER"":2}",2,0
00000286--de6bd2c087--26:206|220,00000286--de6bd2c087--26,00000286,26,206|220,206|220,2,1,2.900264196,2.900264196,2.700218416,2,2,"{""DISTANCE_DIAMETER"":2}",2,0
00000286--de6bd2c087--26:219|223,00000286--de6bd2c087--26,00000286,26,219|223,219|223,2,1,0.200191348,0.200191348,0.099951898,2,2,"{""DISTANCE_DIAMETER"":1,""DISTANCE_GROWTH"":1}",2,0
00000286--de6bd2c087--26:248|249,00000286--de6bd2c087--26,00000286,26,248|249,248|249,2,1,0.900149825,0.900149825,0.299866342,2,2,"{""DISTANCE_DIAMETER"":2}",2,0
00000286--de6bd2c087--26:309|321,00000286--de6bd2c087--26,00000286,26,309|321,309|321,2,1,0.31076684,0.31076684,0.109283944,2,2,"{""DISTANCE_GROWTH"":1,""LATERAL_DIAMETER"":1}",2,0
00000286--de6bd2c087--26:358|360,00000286--de6bd2c087--26,00000286,26,358|360,358|360,2,2,0.799606197,0.799606197,0.3998982845,2,2,"{""DISTANCE_DIAMETER"":2}",2,0
00000286--de6bd2c087--26:413|415,00000286--de6bd2c087--26,00000286,26,413|415,413|415,2,1,0.399963434,0.399963434,0.300397939,2,2,"{""DISTANCE_DIAMETER"":1,""DISTANCE_GROWTH"":1}",2,0
00000286--de6bd2c087--27:152|157,00000286--de6bd2c087--27,00000286,27,152|157,152|157,2,1,2.300603706,2.300603706,1.900246955,2,2,"{""DISTANCE_DIAMETER"":2}",2,0
00000286--de6bd2c087--27:157|174,00000286--de6bd2c087--27,00000286,27,157|174,157|174,2,1,0.399438873,0.399438873,0.298577398,2,2,"{""DISTANCE_DIAMETER"":2}",2,0
00000286--de6bd2c087--27:166|181,00000286--de6bd2c087--27,00000286,27,166|181,166|181,2,1,2.299709153,2.299709153,0.299892626,1,2,"{""DISTANCE_DIAMETER"":2}",2,0
00000286--de6bd2c087--27:179|191,00000286--de6bd2c087--27,00000286,27,179|191,179|191,2,2,1.300566171,1.300566171,0.7997772790000001,1,1,"{""DISTANCE_DIAMETER"":2}",2,0
00000286--de6bd2c087--27:183|192,00000286--de6bd2c087--27,00000286,27,183|192,183|192,2,1,0.599381696,0.599381696,0.499348776,1,2,"{""DISTANCE_DIAMETER"":2}",2,0
00000286--de6bd2c087--27:184|203,00000286--de6bd2c087--27,00000286,27,184|203,184|203,2,1,1.201106824,1.201106824,0.700460458,2,2,"{""DISTANCE_DIAMETER"":2}",2,0
00000286--de6bd2c087--27:192|214,00000286--de6bd2c087--27,00000286,27,192|214,192|214,2,1,0.701090243,0.701090243,0.300087732,2,2,"{""DISTANCE_DIAMETER"":2}",2,0
00000286--de6bd2c087--27:218|221,00000286--de6bd2c087--27,00000286,27,218|221,218|221,2,1,1.499756087,1.499756087,0.30071576,1,1,"{""DISTANCE_DIAMETER"":2}",2,0
00000286--de6bd2c087--27:230|233,00000286--de6bd2c087--27,00000286,27,230|233,230|233,2,1,1.70030333,1.70030333,0.300194185,1,1,"{""DISTANCE_DIAMETER"":2}",2,0
00000286--de6bd2c087--27:386|389,00000286--de6bd2c087--27,00000286,27,386|389,386|389,2,1,1.10902733,1.10902733,1.009602972,1,2,"{""DISTANCE_DIAMETER"":1,""DISTANCE_GROWTH"":1}",2,0
00000286--de6bd2c087--27:84|95,00000286--de6bd2c087--27,00000286,27,84|95,84|95,2,1,0.899732437,0.899732437,0.699951986,1,1,"{""DISTANCE_DIAMETER"":2}",2,0
00000286--de6bd2c087--27:88|96,00000286--de6bd2c087--27,00000286,27,88|96,88|96,3,2,0.699862376,1.000125395,0.30060523299999997,3,3,"{""DISTANCE_DIAMETER"":3}",3,0
00000286--de6bd2c087--29:315|317,00000286--de6bd2c087--29,00000286,29,315|317,315|317,2,2,0.499747974,0.499747974,0.25140417800000003,1,2,"{""DISTANCE_GROWTH"":2}",2,0
00000286--de6bd2c087--31:150|176,00000286--de6bd2c087--31,00000286,31,150|176,150|176,2,2,0.399773961,0.399773961,0.850345193,2,2,"{""DISTANCE_GROWTH"":2}",2,0
00000286--de6bd2c087--31:197|200,00000286--de6bd2c087--31,00000286,31,197|200,197|200,2,1,0.700246735,0.700246735,0.300236123,2,2,"{""DISTANCE_GROWTH"":1,""LATERAL_DIAMETER"":1}",2,0
00000286--de6bd2c087--34:168|172,00000286--de6bd2c087--34,00000286,34,168|172,168|172,2,1,1.800733485,1.800733485,0.900519397,1,2,"{""DISTANCE_DIAMETER"":1,""DISTANCE_GROWTH"":1}",2,0
00000286--de6bd2c087--34:435|436,00000286--de6bd2c087--34,00000286,34,435|436,435|436,2,2,3.400005039,3.400005039,2.1040919385,2,2,"{""DISTANCE_DIAMETER"":1,""LATERAL_DIAMETER"":1}",2,0
0000028b--ca855432c0--10:43|49,0000028b--ca855432c0--10,0000028b,10,43|49,43|49,2,1,1.099962167,1.099962167,0.399528077,2,2,"{""LATERAL_DIAMETER"":2}",2,0
0000028b--ca855432c0--10:459|460,0000028b--ca855432c0--10,0000028b,10,459|460,459|460,2,1,0.199986576,0.199986576,0.099495856,1,1,"{""DISTANCE_GROWTH"":2}",2,0
0000028b--ca855432c0--24:236|238,0000028b--ca855432c0--24,0000028b,24,236|238,236|238,2,2,0.899447992,0.899447992,0.6543626895,2,2,"{""DISTANCE_DIAMETER"":2}",2,0
0000028b--ca855432c0--33:208|210,0000028b--ca855432c0--33,0000028b,33,208|210,208|210;208|210|216,2,1,1.0997299,1.0997299,0.30012733,2,1,"{""DISTANCE_DIAMETER"":1,""DISTANCE_GROWTH"":1}",2,0
0000028b--ca855432c0--58:185|205,0000028b--ca855432c0--58,0000028b,58,185|205,185|205,2,1,0.39838875,0.39838875,0.29796543,2,2,"{""DISTANCE_DIAMETER"":2}",2,0
0000028b--ca855432c0--58:260|273,0000028b--ca855432c0--58,0000028b,58,260|273,260|273,2,2,0.799903583,0.799903583,0.4503486255,2,2,"{""DISTANCE_DIAMETER"":1,""DISTANCE_GROWTH"":1}",2,0
0000028b--ca855432c0--58:530|531,0000028b--ca855432c0--58,0000028b,58,530|531,530|531,3,2,0.7999269785,0.800046925,0.550896585,3,3,"{""DISTANCE_DIAMETER"":3}",3,0
0000028b--ca855432c0--58:6|23,0000028b--ca855432c0--58,0000028b,58,6|23,6|23,3,2,0.949316692,1.097820361,0.499121115,1,2,"{""DISTANCE_DIAMETER"":1,""DISTANCE_GROWTH"":2}",3,0
0000028b--ca855432c0--58:772|773,0000028b--ca855432c0--58,0000028b,58,772|773,772|773,3,2,0.649844086,0.999587695,0.399694184,3,3,"{""DISTANCE_GROWTH"":3}",3,0
0000028b--ca855432c0--58:86|102,0000028b--ca855432c0--58,0000028b,58,86|102,86|102,2,1,1.099976505,1.099976505,0.399640378,2,2,"{""DISTANCE_DIAMETER"":2}",2,0
0000028f--bc6e81a93a--32:334|345,0000028f--bc6e81a93a--32,0000028f,32,334|345,334|345,2,2,0.300865155,0.300865155,0.200785939,2,2,"{""DISTANCE_GROWTH"":2}",2,0
0000028f--bc6e81a93a--32:346|350,0000028f--bc6e81a93a--32,0000028f,32,346|350,346|350,2,1,0.199734546,0.199734546,0.099621,2,2,"{""LATERAL_GROWTH"":2}",2,0
0000028f--bc6e81a93a--32:391|433,0000028f--bc6e81a93a--32,0000028f,32,391|433,391|433,2,1,0.400642759,0.400642759,0.300657485,2,2,"{""DISTANCE_DIAMETER"":1,""DISTANCE_GROWTH"":1}",2,0
0000028f--bc6e81a93a--32:405|406,0000028f--bc6e81a93a--32,0000028f,32,405|406,405|406,2,1,0.99952231,0.99952231,0.599484064,0,2,"{""DISTANCE_DIAMETER"":2}",2,0
0000028f--bc6e81a93a--32:504|505,0000028f--bc6e81a93a--32,0000028f,32,504|505,504|505,3,3,0.7505494645,1.000183126,0.400532451,3,3,"{""DISTANCE_DIAMETER"":1,""DISTANCE_GROWTH"":2}",3,0
0000028f--bc6e81a93a--32:533|537,0000028f--bc6e81a93a--32,0000028f,32,533|537,533|537,2,1,0.700828636,0.700828636,0.299696797,2,2,"{""DISTANCE_DIAMETER"":2}",2,0
0000028f--bc6e81a93a--32:571|594,0000028f--bc6e81a93a--32,0000028f,32,571|594,571|594,2,1,0.599423351,0.599423351,0.500044426,1,2,"{""DISTANCE_DIAMETER"":1,""DISTANCE_GROWTH"":1}",2,0
0000028f--bc6e81a93a--32:5|9,0000028f--bc6e81a93a--32,0000028f,32,5|9,5|9,2,2,0.492855348,0.492855348,0.703548908,2,2,"{""DISTANCE_DIAMETER"":2}",2,0
0000028f--bc6e81a93a--35:262|265,0000028f--bc6e81a93a--35,0000028f,35,262|265,262|265,2,2,1.100653183,1.100653183,0.5497201495,2,2,"{""DISTANCE_DIAMETER"":1,""DISTANCE_GROWTH"":1}",2,0
0000028f--bc6e81a93a--35:268|276,0000028f--bc6e81a93a--35,0000028f,35,268|276,268|276,2,2,0.699040204,0.699040204,0.2994363635,2,2,"{""DISTANCE_DIAMETER"":2}",2,0
0000028f--bc6e81a93a--35:411|412,0000028f--bc6e81a93a--35,0000028f,35,411|412,411|412,2,2,0.200305534,0.200305534,0.10010211599999999,2,2,"{""DISTANCE_GROWTH"":2}",2,0
0000028f--bc6e81a93a--36:278|286,0000028f--bc6e81a93a--36,0000028f,36,278|286,278|286,3,3,0.40033884750000004,0.40048913,0.19990084,2,3,"{""DISTANCE_DIAMETER"":1,""DISTANCE_GROWTH"":2}",3,0
0000028f--bc6e81a93a--36:2|24,0000028f--bc6e81a93a--36,0000028f,36,2|24,2|24,2,1,0.399348226,0.399348226,0.299738754,2,2,"{""DISTANCE_DIAMETER"":2}",2,0
0000028f--bc6e81a93a--36:337|348,0000028f--bc6e81a93a--36,0000028f,36,337|348,337|348,2,1,0.600693512,0.600693512,0.299998411,2,2,"{""DISTANCE_DIAMETER"":2}",2,0
0000028f--bc6e81a93a--36:403|407,0000028f--bc6e81a93a--36,0000028f,36,403|407,401|403|407;403|407,3,2,0.3952633295,0.589711467,0.15135828899999998,3,2,"{""DISTANCE_GROWTH"":3}",3,0
0000028f--bc6e81a93a--36:451|452,0000028f--bc6e81a93a--36,0000028f,36,451|452,451|452,2,1,0.900562344,0.900562344,0.200258952,2,2,"{""DISTANCE_GROWTH"":2}",2,0
0000028f--bc6e81a93a--36:554|565,0000028f--bc6e81a93a--36,0000028f,36,554|565,554|565,2,1,1.199507825,1.199507825,0.699579125,2,2,"{""DISTANCE_DIAMETER"":1,""DISTANCE_GROWTH"":1}",2,0
0000028f--bc6e81a93a--36:613|619,0000028f--bc6e81a93a--36,0000028f,36,613|619,613|619,2,1,0.800495124,0.800495124,0.300173428,2,2,"{""DISTANCE_DIAMETER"":1,""DISTANCE_GROWTH"":1}",2,0
0000028f--bc6e81a93a--36:70|78,0000028f--bc6e81a93a--36,0000028f,36,70|78,70|78,2,2,0.200505368,0.200505368,0.0997527565,2,2,"{""DISTANCE_GROWTH"":2}",2,0
0000028f--bc6e81a93a--37:266|267,0000028f--bc6e81a93a--37,0000028f,37,266|267,266|267,2,1,0.299795986,0.299795986,0.199896558,2,2,"{""DISTANCE_GROWTH"":2}",2,0
0000028f--bc6e81a93a--37:423|430,0000028f--bc6e81a93a--37,0000028f,37,423|430,423|430,2,2,0.800730316,0.800730316,0.600796273,1,2,"{""DISTANCE_DIAMETER"":1,""DISTANCE_GROWTH"":1}",2,0
0000028f--bc6e81a93a--37:443|450,0000028f--bc6e81a93a--37,0000028f,37,443|450,438|443|450;443|450,2,0,1.698654314,1.698654314,,2,2,"{""DISTANCE_DIAMETER"":2}",2,0
0000028f--bc6e81a93a--37:530|531,0000028f--bc6e81a93a--37,0000028f,37,530|531,530|531;530|531|551,2,1,1.201233271,1.201233271,0.700388248,2,2,"{""DISTANCE_DIAMETER"":1,""DISTANCE_GROWTH"":1}",2,0
0000028f--bc6e81a93a--37:533|537,0000028f--bc6e81a93a--37,0000028f,37,533|537,533|537,2,2,1.299562663,1.299562663,0.6002377005,2,2,"{""DISTANCE_GROWTH"":2}",2,0
0000028f--bc6e81a93a--37:83|84,0000028f--bc6e81a93a--37,0000028f,37,83|84,83|84,2,1,1.301554329,1.301554329,0.799515639,0,1,"{""DISTANCE_GROWTH"":2}",2,0
0000028f--bc6e81a93a--37:84|86,0000028f--bc6e81a93a--37,0000028f,37,84|86,83|84|86;84|86,2,1,0.599850866,0.599850866,0.109328827,2,2,"{""DISTANCE_GROWTH"":2}",2,0
0000028f--bc6e81a93a--38:22|31,0000028f--bc6e81a93a--38,0000028f,38,22|31,22|31,3,3,1.300351865,2.300491601,0.599093449,1,2,"{""DISTANCE_GROWTH"":3}",3,0
0000028f--bc6e81a93a--38:22|32,0000028f--bc6e81a93a--38,0000028f,38,22|32,22|32,2,1,0.200747602,0.200747602,0.100582441,2,2,"{""DISTANCE_DIAMETER"":1,""DISTANCE_GROWTH"":1}",2,0
0000028f--bc6e81a93a--38:367|368,0000028f--bc6e81a93a--38,0000028f,38,367|368,367|368,2,2,0.309709592,0.309709592,0.3554671575,2,2,"{""DISTANCE_GROWTH"":2}",2,0
0000028f--bc6e81a93a--38:494|499,0000028f--bc6e81a93a--38,0000028f,38,494|499,494|499,2,1,0.609849295,0.609849295,0.399555266,2,2,"{""DISTANCE_DIAMETER"":2}",2,0
0000028f--bc6e81a93a--38:520|523,0000028f--bc6e81a93a--38,0000028f,38,520|523,520|523,3,2,0.3498904485,0.401765408,0.248963649,2,3,"{""DISTANCE_DIAMETER"":1,""DISTANCE_GROWTH"":2}",3,0
0000028f--bc6e81a93a--38:85|90,0000028f--bc6e81a93a--38,0000028f,38,85|90,85|90,2,1,2.000227033,2.000227033,0.799877098,2,2,"{""DISTANCE_DIAMETER"":2}",2,0
00000292--6d6fbf4d88--17:128|130,00000292--6d6fbf4d88--17,00000292,17,128|130,128|130,2,1,0.900450667,0.900450667,0.600999566,1,1,"{""DISTANCE_DIAMETER"":2}",2,0
00000292--6d6fbf4d88--17:353|360,00000292--6d6fbf4d88--17,00000292,17,353|360,353|360,2,2,0.802003015,0.802003015,0.7988204505000001,2,2,"{""DISTANCE_DIAMETER"":2}",2,0
00000294--307ed6c5e3--0:148|188,00000294--307ed6c5e3--0,00000294,0,148|188,148|188,2,1,1.100777465,1.100777465,0.499613099,2,2,"{""DISTANCE_DIAMETER"":2}",2,0
00000294--307ed6c5e3--0:154|161,00000294--307ed6c5e3--0,00000294,0,154|161,154|161,2,2,4.500023765,4.500023765,0.20019353650000002,2,2,"{""DISTANCE_GROWTH"":1,""LATERAL_DIAMETER"":1}",2,0
00000294--307ed6c5e3--0:191|193,00000294--307ed6c5e3--0,00000294,0,191|193,191|193,2,1,1.500949902,1.500949902,0.700824934,2,2,"{""LATERAL_DIAMETER"":2}",2,0
00000294--307ed6c5e3--0:322|339,00000294--307ed6c5e3--0,00000294,0,322|339,322|339,2,1,0.889349418,0.889349418,0.589401953,2,2,"{""LATERAL_DIAMETER"":2}",2,0
00000294--307ed6c5e3--0:423|424,00000294--307ed6c5e3--0,00000294,0,423|424,423|424,2,1,0.588388137,0.588388137,0.098666228,2,2,"{""DISTANCE_GROWTH"":2}",2,0
00000294--307ed6c5e3--0:501|506,00000294--307ed6c5e3--0,00000294,0,501|506,501|506,2,1,1.399922257,1.399922257,0.401309427,1,2,"{""DISTANCE_GROWTH"":2}",2,0
00000294--307ed6c5e3--0:520|556,00000294--307ed6c5e3--0,00000294,0,520|556,520|556,2,2,0.500392784,0.500392784,0.5502110855,2,2,"{""DISTANCE_DIAMETER"":2}",2,0
00000294--307ed6c5e3--1:108|130,00000294--307ed6c5e3--1,00000294,1,108|130,108|130,2,1,0.599528915,0.599528915,0.499408558,2,2,"{""LATERAL_DIAMETER"":1,""LATERAL_GROWTH"":1}",2,0
00000294--307ed6c5e3--1:115|116,00000294--307ed6c5e3--1,00000294,1,115|116,115|116;51|115|116,2,1,8.190326214,8.190326214,0.600469483,2,2,"{""DISTANCE_GROWTH"":1,""LATERAL_GROWTH"":1}",2,0
00000294--307ed6c5e3--1:158|174,00000294--307ed6c5e3--1,00000294,1,158|174,158|174,2,1,3.400177192,3.400177192,0.10047478,1,2,"{""DISTANCE_DIAMETER"":1,""DISTANCE_GROWTH"":1}",2,0
00000294--307ed6c5e3--1:55|118,00000294--307ed6c5e3--1,00000294,1,55|118,55|58|118;55|58|118|136,2,1,1.698862777,1.698862777,0.599571548,1,2,"{""DISTANCE_DIAMETER"":2}",2,0
00000294--307ed6c5e3--1:55|58,00000294--307ed6c5e3--1,00000294,1,55|58,45|55|58;55|58|91,4,3,1.099772156,1.099880805,0.200382394,4,3,"{""DISTANCE_DIAMETER"":1,""DISTANCE_GROWTH"":1,""LATERAL_GROWTH"":2}",4,0
00000294--307ed6c5e3--1:55|91,00000294--307ed6c5e3--1,00000294,1,55|91,55|58|91,2,1,0.400033053,0.400033053,0.302184066,2,1,"{""LATERAL_GROWTH"":2}",2,0
00000294--307ed6c5e3--1:58|117,00000294--307ed6c5e3--1,00000294,1,58|117,55|58|117,2,1,0.300295448,0.300295448,0.099575305,2,2,"{""LATERAL_GROWTH"":2}",2,0
00000294--307ed6c5e3--1:58|91,00000294--307ed6c5e3--1,00000294,1,58|91,55|58|91;58|91,3,2,1.249901812,1.499566424,0.250162899,2,2,"{""DISTANCE_GROWTH"":1,""LATERAL_GROWTH"":2}",3,0
00000294--307ed6c5e3--10:452|454,00000294--307ed6c5e3--10,00000294,10,452|454,452|454,3,2,1.999721701,2.299372785,1.6000725569999998,3,3,"{""LATERAL_DIAMETER"":3}",3,0
00000294--307ed6c5e3--10:472|489,00000294--307ed6c5e3--10,00000294,10,472|489,472|481|489,2,1,0.498502132,0.498502132,0.298011363,2,2,"{""LATERAL_DIAMETER"":2}",2,0
00000294--307ed6c5e3--12:160|163,00000294--307ed6c5e3--12,00000294,12,160|163,160|163,3,2,0.550037567,0.701083927,0.29994670700000003,3,3,"{""DISTANCE_DIAMETER"":2,""LATERAL_GROWTH"":1}",3,0
00000294--307ed6c5e3--13:427|444,00000294--307ed6c5e3--13,00000294,13,427|444,427|444,2,1,0.901046691,0.901046691,0.800700488,2,2,"{""LATERAL_DIAMETER"":2}",2,0
00000294--307ed6c5e3--16:517|541,00000294--307ed6c5e3--16,00000294,16,517|541,517|541,2,1,1.000527818,1.000527818,0.299702742,2,2,"{""DISTANCE_DIAMETER"":2}",2,0
00000294--307ed6c5e3--18:147|150,00000294--307ed6c5e3--18,00000294,18,147|150,147|150,2,1,1.500234798,1.500234798,0.499709004,1,2,"{""DISTANCE_DIAMETER"":1,""LATERAL_GROWTH"":1}",2,0
00000294--307ed6c5e3--19:719|736,00000294--307ed6c5e3--19,00000294,19,719|736,719|736,2,1,1.410471065,1.410471065,1.310825058,2,2,"{""DISTANCE_DIAMETER"":2}",2,0
00000294--307ed6c5e3--19:759|764,00000294--307ed6c5e3--19,00000294,19,759|764,759|764;759|764|775,2,1,0.79956683,0.79956683,0.499764561,1,2,"{""DISTANCE_GROWTH"":1,""LATERAL_DIAMETER"":1}",2,0
00000294--307ed6c5e3--2:12|40,00000294--307ed6c5e3--2,00000294,2,12|40,12|40,2,1,0.700116862,0.700116862,0.400387826,2,2,"{""DISTANCE_DIAMETER"":1,""OTHER_STATIONARY_MOVING"":1}",2,0
00000294--307ed6c5e3--2:207|218,00000294--307ed6c5e3--2,00000294,2,207|218,207|218;207|218|255,2,2,4.20135476,4.20135476,0.9997469805,2,2,"{""DISTANCE_DIAMETER"":1,""LATERAL_GROWTH"":1}",2,0
00000294--307ed6c5e3--2:207|255,00000294--307ed6c5e3--2,00000294,2,207|255,207|218|255;207|255,4,4,3.499882495,5.300091113,0.10019977199999999,3,4,"{""LATERAL_GROWTH"":4}",4,0
00000294--307ed6c5e3--20:149|166,00000294--307ed6c5e3--20,00000294,20,149|166,149|166,3,2,0.550155353,0.700016381,0.30012827799999997,2,3,"{""DISTANCE_DIAMETER"":3}",3,0
00000294--307ed6c5e3--20:175|181,00000294--307ed6c5e3--20,00000294,20,175|181,175|181,2,1,0.599381735,0.599381735,0.299751844,2,2,"{""DISTANCE_DIAMETER"":2}",2,0
00000294--307ed6c5e3--21:141|168,00000294--307ed6c5e3--21,00000294,21,141|168,141|168,3,3,0.24934154,0.298133704,0.099917366,3,3,"{""LATERAL_GROWTH"":3}",3,0
00000294--307ed6c5e3--21:396|397,00000294--307ed6c5e3--21,00000294,21,396|397,396|397,4,3,0.800138718,1.599764699,0.400046813,4,4,"{""DISTANCE_DIAMETER"":4}",4,0
00000294--307ed6c5e3--21:51|55,00000294--307ed6c5e3--21,00000294,21,51|55,51|55,2,1,0.200392851,0.200392851,0.100092375,2,2,"{""LATERAL_GROWTH"":2}",2,0
00000294--307ed6c5e3--24:363|369,00000294--307ed6c5e3--24,00000294,24,363|369,363|369;363|369|372,3,3,2.1005280295,3.00102772,0.300359151,2,2,"{""DISTANCE_DIAMETER"":2,""LATERAL_GROWTH"":1}",3,0
00000294--307ed6c5e3--26:1|89,00000294--307ed6c5e3--26,00000294,26,1|89,1|89,4,4,1.898762814,3.700412772,0.3496847985,2,3,"{""LATERAL_DIAMETER"":3,""LATERAL_GROWTH"":1}",4,0
00000294--307ed6c5e3--26:59|83,00000294--307ed6c5e3--26,00000294,26,59|83,59|83,5,5,1.3995087824999999,3.199799955,0.299748912,5,5,"{""LATERAL_DIAMETER"":2,""LATERAL_GROWTH"":3}",5,0
00000294--307ed6c5e3--27:18|32,00000294--307ed6c5e3--27,00000294,27,18|32,7|18|32,2,2,2.299732974,2.299732974,1.3500274665,2,2,"{""LATERAL_DIAMETER"":2}",2,0
00000294--307ed6c5e3--27:1|5,00000294--307ed6c5e3--27,00000294,27,1|5,1|5,11,11,1.900365469,9.899445693,0.400916939,11,11,"{""LATERAL_DIAMETER"":10,""LATERAL_GROWTH"":1}",11,0
00000294--307ed6c5e3--28:157|178,00000294--307ed6c5e3--28,00000294,28,157|178,157|178,3,2,0.899040132,1.098367603,0.30029991300000003,3,3,"{""DISTANCE_DIAMETER"":3}",3,0
00000294--307ed6c5e3--28:1|8,00000294--307ed6c5e3--28,00000294,28,1|8,1|8,3,2,4.8001889975,7.709995287,0.3512774815,3,3,"{""LATERAL_GROWTH"":2,""OTHER_STATIONARY_MOVING"":1}",3,0
00000294--307ed6c5e3--28:224|231,00000294--307ed6c5e3--28,00000294,28,224|231,224|231,2,2,5.49916284,5.49916284,0.1008024195,2,2,"{""LATERAL_GROWTH"":2}",2,0
00000294--307ed6c5e3--28:358|382,00000294--307ed6c5e3--28,00000294,28,358|382,358|382;358|382|383,2,1,2.799428693,2.799428693,2.399057881,0,2,"{""DISTANCE_GROWTH"":1,""LATERAL_GROWTH"":1}",2,0
00000294--307ed6c5e3--28:377|380,00000294--307ed6c5e3--28,00000294,28,377|380,377|380,2,1,3.60003064,3.60003064,3.199659828,2,2,"{""DISTANCE_DIAMETER"":1,""LATERAL_DIAMETER"":1}",2,0
00000294--307ed6c5e3--28:377|382,00000294--307ed6c5e3--28,00000294,28,377|382,377|382;377|382|383,2,1,0.699545428,0.699545428,0.499259815,1,1,"{""LATERAL_GROWTH"":2}",2,0
00000294--307ed6c5e3--28:3|9,00000294--307ed6c5e3--28,00000294,28,3|9,3|9,2,2,0.400393341,0.400393341,0.44666663900000003,2,2,"{""LATERAL_GROWTH"":2}",2,0
00000294--307ed6c5e3--28:481|483,00000294--307ed6c5e3--28,00000294,28,481|483,481|483,2,1,0.2997374,0.2997374,0.200543677,1,2,"{""DISTANCE_GROWTH"":1,""LATERAL_GROWTH"":1}",2,0
00000294--307ed6c5e3--28:481|498,00000294--307ed6c5e3--28,00000294,28,481|498,481|483|498;481|498,2,0,0.697710614,0.697710614,,0,2,"{""DISTANCE_GROWTH"":1,""LATERAL_GROWTH"":1}",2,0
00000294--307ed6c5e3--4:154|178,00000294--307ed6c5e3--4,00000294,4,154|178,154|178,2,2,0.499702284,0.499702284,0.200211994,2,2,"{""LATERAL_GROWTH"":2}",2,0
00000294--307ed6c5e3--5:545|558,00000294--307ed6c5e3--5,00000294,5,545|558,545|558,2,2,0.498832013,0.498832013,0.15021623350000002,2,2,"{""DISTANCE_GROWTH"":2}",2,0
00000294--307ed6c5e3--6:101|107,00000294--307ed6c5e3--6,00000294,6,101|107,101|107,2,2,0.999802268,0.999802268,0.7996380075,1,2,"{""DISTANCE_DIAMETER"":2}",2,0
00000294--307ed6c5e3--6:101|110,00000294--307ed6c5e3--6,00000294,6,101|110,101|110,3,3,0.39978371349999997,0.599519311,0.100105841,1,3,"{""DISTANCE_DIAMETER"":1,""DISTANCE_GROWTH"":2}",3,0
00000294--307ed6c5e3--6:172|191,00000294--307ed6c5e3--6,00000294,6,172|191,172|191,2,2,0.199410259,0.199410259,0.100414688,2,2,"{""DISTANCE_GROWTH"":2}",2,0
00000294--307ed6c5e3--7:386|393,00000294--307ed6c5e3--7,00000294,7,386|393,386|393,2,1,0.300841571,0.300841571,0.100345558,2,2,"{""DISTANCE_GROWTH"":2}",2,0
00000294--307ed6c5e3--8:133|140,00000294--307ed6c5e3--8,00000294,8,133|140,133|140,2,2,0.599919276,0.599919276,0.30008524999999997,2,2,"{""DISTANCE_GROWTH"":2}",2,0
00000299--4e4dc57170--0:170|175,00000299--4e4dc57170--0,00000299,0,170|175,170|175,2,1,0.600429387,0.600429387,0.400107656,2,2,"{""LATERAL_DIAMETER"":1,""OTHER_STATIONARY_MOVING"":1}",2,0
00000299--4e4dc57170--0:216|235,00000299--4e4dc57170--0,00000299,0,216|235,216|235|245,2,1,1.400324563,1.400324563,1.298466207,3,2,"{""LATERAL_DIAMETER"":1,""LATERAL_GROWTH"":1}",2,0
00000299--4e4dc57170--0:441|447,00000299--4e4dc57170--0,00000299,0,441|447,441|447,2,2,0.69914463,0.69914463,0.30037379,2,2,"{""DISTANCE_DIAMETER"":2}",2,0
00000299--4e4dc57170--0:534|546,00000299--4e4dc57170--0,00000299,0,534|546,534|546,2,1,0.399390505,0.399390505,0.300003574,2,2,"{""LATERAL_DIAMETER"":2}",2,0
00000299--4e4dc57170--1:105|111,00000299--4e4dc57170--1,00000299,1,105|111,105|111;105|111|112,4,3,0.499939952,1.89976626,0.102214081,3,4,"{""DISTANCE_DIAMETER"":1,""LATERAL_DIAMETER"":1,""LATERAL_GROWTH"":2}",4,0
00000299--4e4dc57170--1:195|215,00000299--4e4dc57170--1,00000299,1,195|215,195|215,4,4,1.000676101,2.101073221,0.4003507925,4,4,"{""LATERAL_DIAMETER"":3,""LATERAL_GROWTH"":1}",4,0
00000299--4e4dc57170--1:72|73,00000299--4e4dc57170--1,00000299,1,72|73,72|73,2,2,0.997740519,0.997740519,0.4994393185,2,2,"{""DISTANCE_DIAMETER"":2}",2,0
00000299--4e4dc57170--10:89|93,00000299--4e4dc57170--10,00000299,10,89|93,89|93,2,1,0.800260997,0.800260997,0.600385022,2,2,"{""DISTANCE_DIAMETER"":1,""OTHER_STATIONARY_MOVING"":1}",2,0
00000299--4e4dc57170--12:239|240,00000299--4e4dc57170--12,00000299,12,239|240,239|240,2,2,0.500739637,0.500739637,1.0999992025,2,2,"{""DISTANCE_DIAMETER"":2}",2,0
00000299--4e4dc57170--13:204|205,00000299--4e4dc57170--13,00000299,13,204|205,204|205,3,3,1.5498685925000002,1.59921876,0.901267237,2,3,"{""DISTANCE_DIAMETER"":1,""DISTANCE_GROWTH"":2}",3,0
00000299--4e4dc57170--13:204|207,00000299--4e4dc57170--13,00000299,13,204|207,204|207,2,1,1.80003631,1.80003631,0.898929991,1,1,"{""DISTANCE_DIAMETER"":2}",2,0
00000299--4e4dc57170--13:205|212,00000299--4e4dc57170--13,00000299,13,205|212,205|212,2,2,0.299752083,0.299752083,0.799605574,2,2,"{""DISTANCE_DIAMETER"":1,""DISTANCE_GROWTH"":1}",2,0
00000299--4e4dc57170--13:269|291,00000299--4e4dc57170--13,00000299,13,269|291,269|291,3,2,0.5002214185,0.699627165,0.349934147,2,2,"{""DISTANCE_DIAMETER"":2,""DISTANCE_GROWTH"":1}",3,0
00000299--4e4dc57170--13:301|306,00000299--4e4dc57170--13,00000299,13,301|306,301|306,2,2,0.69960578,0.69960578,0.3004943555,2,2,"{""DISTANCE_DIAMETER"":2}",2,0
00000299--4e4dc57170--13:327|337,00000299--4e4dc57170--13,00000299,13,327|337,327|337,2,1,1.700670769,1.700670769,1.60057038,2,2,"{""DISTANCE_DIAMETER"":2}",2,0
00000299--4e4dc57170--13:625|631,00000299--4e4dc57170--13,00000299,13,625|631,625|631,2,2,2.091983242,2.091983242,0.304288646,1,1,"{""DISTANCE_DIAMETER"":2}",2,0
00000299--4e4dc57170--14:190|192,00000299--4e4dc57170--14,00000299,14,190|192,190|192,2,1,2.799175645,2.799175645,2.599880195,1,1,"{""DISTANCE_DIAMETER"":2}",2,0
00000299--4e4dc57170--14:212|214,00000299--4e4dc57170--14,00000299,14,212|214,212|214,2,1,1.699328509,1.699328509,1.201367159,1,1,"{""DISTANCE_DIAMETER"":2}",2,0
00000299--4e4dc57170--14:226|227,00000299--4e4dc57170--14,00000299,14,226|227,226|227,2,1,2.700212997,2.700212997,1.399946819,1,2,"{""DISTANCE_DIAMETER"":2}",2,0
00000299--4e4dc57170--14:230|254,00000299--4e4dc57170--14,00000299,14,230|254,230|254,4,3,0.499119117,0.700133376,0.301923377,3,4,"{""DISTANCE_DIAMETER"":4}",4,0
00000299--4e4dc57170--14:232|241,00000299--4e4dc57170--14,00000299,14,232|241,232|241,3,2,1.199010584,1.99997011,0.299217633,2,3,"{""DISTANCE_DIAMETER"":3}",3,0
00000299--4e4dc57170--14:246|247,00000299--4e4dc57170--14,00000299,14,246|247,246|247,2,1,0.499889622,0.499889622,0.299772074,2,2,"{""DISTANCE_DIAMETER"":2}",2,0
00000299--4e4dc57170--14:261|264,00000299--4e4dc57170--14,00000299,14,261|264,261|264,2,1,0.600587712,0.600587712,0.301021323,2,2,"{""DISTANCE_DIAMETER"":2}",2,0
00000299--4e4dc57170--14:384|386,00000299--4e4dc57170--14,00000299,14,384|386,384|386,2,1,3.000596403,3.000596403,1.199891738,0,0,"{""DISTANCE_DIAMETER"":2}",2,0
00000299--4e4dc57170--16:348|358,00000299--4e4dc57170--16,00000299,16,348|358,348|358,2,1,0.400157531,0.400157531,0.299791064,2,2,"{""DISTANCE_DIAMETER"":2}",2,0
00000299--4e4dc57170--17:292|315,00000299--4e4dc57170--17,00000299,17,292|315,292|315,2,1,1.298483321,1.298483321,1.098667382,2,2,"{""DISTANCE_DIAMETER"":2}",2,0
00000299--4e4dc57170--17:362|372,00000299--4e4dc57170--17,00000299,17,362|372,362|372,2,1,0.699760391,0.699760391,0.300526223,2,2,"{""DISTANCE_DIAMETER"":1,""LATERAL_DIAMETER"":1}",2,0
00000299--4e4dc57170--19:41|43,00000299--4e4dc57170--19,00000299,19,41|43,41|43,2,1,0.900001772,0.900001772,0.500623989,1,2,"{""DISTANCE_DIAMETER"":1,""DISTANCE_GROWTH"":1}",2,0
00000299--4e4dc57170--19:429|435,00000299--4e4dc57170--19,00000299,19,429|435,429|435,3,3,0.35011942549999997,0.399535264,0.199788099,2,3,"{""DISTANCE_GROWTH"":3}",3,0
00000299--4e4dc57170--19:432|435,00000299--4e4dc57170--19,00000299,19,432|435,432|435,2,1,0.400723335,0.400723335,0.100915488,0,2,"{""DISTANCE_DIAMETER"":1,""DISTANCE_GROWTH"":1}",2,0
00000299--4e4dc57170--20:184|189,00000299--4e4dc57170--20,00000299,20,184|189,184|189;184|189|220,2,1,1.00023738,1.00023738,0.499261959,2,2,"{""DISTANCE_DIAMETER"":2}",2,0
00000299--4e4dc57170--21:128|129,00000299--4e4dc57170--21,00000299,21,128|129,128|129,2,1,1.600446242,1.600446242,0.099766672,2,2,"{""DISTANCE_DIAMETER"":1,""LATERAL_GROWTH"":1}",2,0
00000299--4e4dc57170--21:454|456,00000299--4e4dc57170--21,00000299,21,454|456,454|456,2,1,1.500388808,1.500388808,0.100064539,2,2,"{""LATERAL_GROWTH"":2}",2,0
00000299--4e4dc57170--22:190|230,00000299--4e4dc57170--22,00000299,22,190|230,190|230,2,2,0.802009807,0.802009807,0.999072497,2,2,"{""LATERAL_DIAMETER"":1,""LATERAL_GROWTH"":1}",2,0
00000299--4e4dc57170--22:321|326,00000299--4e4dc57170--22,00000299,22,321|326,321|326,2,1,0.599914382,0.599914382,0.40058023,1,2,"{""LATERAL_DIAMETER"":1,""LATERAL_GROWTH"":1}",2,0
00000299--4e4dc57170--23:248|253,00000299--4e4dc57170--23,00000299,23,248|253,248|253,2,2,0.599375865,0.599375865,0.250049728,2,2,"{""LATERAL_GROWTH"":2}",2,0
00000299--4e4dc57170--26:297|299,00000299--4e4dc57170--26,00000299,26,297|299,297|299,2,2,0.499490651,0.499490651,0.300337843,2,2,"{""DISTANCE_DIAMETER"":2}",2,0
00000299--4e4dc57170--27:504|510,00000299--4e4dc57170--27,00000299,27,504|510,504|510,2,1,1.798286874,1.798286874,1.598770897,2,2,"{""DISTANCE_DIAMETER"":2}",2,0
00000299--4e4dc57170--27:579|606,00000299--4e4dc57170--27,00000299,27,579|606,579|606,2,1,1.202261891,1.202261891,0.409052395,2,2,"{""DISTANCE_DIAMETER"":2}",2,0
00000299--4e4dc57170--3:440|441,00000299--4e4dc57170--3,00000299,3,440|441,440|441,2,1,0.39989254,0.39989254,0.300513964,2,2,"{""DISTANCE_DIAMETER"":2}",2,0
00000299--4e4dc57170--3:596|598,00000299--4e4dc57170--3,00000299,3,596|598,596|597|598,2,1,0.499194652,0.499194652,0.301805077,1,2,"{""DISTANCE_DIAMETER"":2}",2,0
00000299--4e4dc57170--4:231|317,00000299--4e4dc57170--4,00000299,4,231|317,231|317,2,1,1.499464593,1.499464593,0.79973109,2,2,"{""LATERAL_DIAMETER"":1,""LATERAL_GROWTH"":1}",2,0
00000299--4e4dc57170--4:362|363,00000299--4e4dc57170--4,00000299,4,362|363,362|363,2,1,2.091587129,2.091587129,0.099683178,2,2,"{""DISTANCE_DIAMETER"":1,""LATERAL_GROWTH"":1}",2,0
00000299--4e4dc57170--6:153|159,00000299--4e4dc57170--6,00000299,6,153|159,153|159,2,1,0.909484513,0.909484513,0.409506642,2,2,"{""OTHER_STATIONARY_MOVING"":1,""VELOCITY_DIAMETER"":1}",2,0
00000299--4e4dc57170--6:215|255,00000299--4e4dc57170--6,00000299,6,215|255,215|255,2,1,1.099788604,1.099788604,0.300103868,2,2,"{""DISTANCE_DIAMETER"":2}",2,0
00000299--4e4dc57170--6:230|231,00000299--4e4dc57170--6,00000299,6,230|231,230|231,2,2,2.699467993,2.699467993,1.0505435375,2,2,"{""DISTANCE_DIAMETER"":2}",2,0
00000299--4e4dc57170--6:4|9,00000299--4e4dc57170--6,00000299,6,4|9,4|9,2,1,8.500275671,8.500275671,0.100226085,2,2,"{""LATERAL_DIAMETER"":1,""LATERAL_GROWTH"":1}",2,0
00000299--4e4dc57170--6:78|81,00000299--4e4dc57170--6,00000299,6,78|81,78|81,2,2,0.898740532,0.898740532,0.44928165600000003,1,2,"{""DISTANCE_GROWTH"":2}",2,0
00000299--4e4dc57170--6:9|27,00000299--4e4dc57170--6,00000299,6,9|27,9|27,3,3,4.4999738935,7.601306853,0.599640787,3,3,"{""LATERAL_DIAMETER"":2,""LATERAL_GROWTH"":1}",3,0
00000299--4e4dc57170--7:252|260,00000299--4e4dc57170--7,00000299,7,252|260,252|260,2,1,1.70092152,1.70092152,0.60089663,2,2,"{""DISTANCE_DIAMETER"":2}",2,0
00000299--4e4dc57170--7:560|562,00000299--4e4dc57170--7,00000299,7,560|562,560|562,2,2,0.40062437,0.40062437,0.750143186,2,2,"{""DISTANCE_GROWTH"":2}",2,0
00000299--4e4dc57170--7:652|666,00000299--4e4dc57170--7,00000299,7,652|666,652|666,2,1,1.801070313,1.801070313,0.100238348,2,2,"{""DISTANCE_GROWTH"":1,""LATERAL_GROWTH"":1}",2,0
00000299--4e4dc57170--7:687|688,00000299--4e4dc57170--7,00000299,7,687|688,687|688,2,1,0.90013645,0.90013645,0.600363685,2,2,"{""DISTANCE_DIAMETER"":1,""LATERAL_GROWTH"":1}",2,0
00000299--4e4dc57170--7:91|92,00000299--4e4dc57170--7,00000299,7,91|92,91|92,2,1,0.500207818,0.500207818,0.4003156,2,2,"{""DISTANCE_DIAMETER"":2}",2,0
00000299--4e4dc57170--8:134|154,00000299--4e4dc57170--8,00000299,8,134|154,134|154;134|154|203;134|154|224,4,2,1.399436569,1.499534038,0.9003410544999999,4,3,"{""DISTANCE_DIAMETER"":4}",4,0
00000299--4e4dc57170--9:314|315,00000299--4e4dc57170--9,00000299,9,314|315,314|315,2,1,0.199536908,0.199536908,0.099900209,2,2,"{""LATERAL_GROWTH"":1,""VELOCITY_DIAMETER"":1}",2,0
00000299--4e4dc57170--9:316|343,00000299--4e4dc57170--9,00000299,9,316|343,316|343,3,2,2.700218101,4.2998579,0.25034137349999996,2,3,"{""LATERAL_GROWTH"":3}",3,0
0000029b--52f66a3abc--0:201|259,0000029b--52f66a3abc--0,0000029b,0,201|259,201|259,3,2,1.000158528,1.201294842,0.449423044,2,2,"{""DISTANCE_DIAMETER"":3}",3,0
0000029b--52f66a3abc--0:264|290,0000029b--52f66a3abc--0,0000029b,0,264|290,264|290|364,2,2,0.700376009,0.700376009,0.4968550555,2,0,"{""DISTANCE_DIAMETER"":2}",2,0
0000029b--52f66a3abc--0:384|410,0000029b--52f66a3abc--0,0000029b,0,384|410,384|410,2,2,0.599870135,0.599870135,1.0003628125,2,2,"{""DISTANCE_DIAMETER"":2}",2,0
0000029b--52f66a3abc--13:302|303,0000029b--52f66a3abc--13,0000029b,13,302|303,302|303,2,1,2.300516293,2.300516293,0.300004096,2,2,"{""DISTANCE_GROWTH"":1,""LATERAL_DIAMETER"":1}",2,0
0000029b--52f66a3abc--13:58|62,0000029b--52f66a3abc--13,0000029b,13,58|62,58|62,2,2,3.500090561,3.500090561,1.100134073,0,1,"{""DISTANCE_DIAMETER"":1,""LATERAL_GROWTH"":1}",2,0
0000029b--52f66a3abc--13:63|68,0000029b--52f66a3abc--13,0000029b,13,63|68,57|63|68;63|68;63|68|97,4,2,0.299655001,0.399846478,0.1502319855,3,2,"{""DISTANCE_GROWTH"":3,""LATERAL_GROWTH"":1}",4,0
0000029b--52f66a3abc--14:372|379,0000029b--52f66a3abc--14,0000029b,14,372|379,372|379,2,1,1.499354772,1.499354772,0.80155201,2,2,"{""DISTANCE_DIAMETER"":2}",2,0
0000029b--52f66a3abc--14:520|521,0000029b--52f66a3abc--14,0000029b,14,520|521,520|521,3,3,0.5998554825,0.697327422,0.496983151,3,3,"{""DISTANCE_DIAMETER"":3}",3,0
0000029b--52f66a3abc--15:15|26,0000029b--52f66a3abc--15,0000029b,15,15|26,15|26,2,1,0.399780335,0.399780335,0.299967877,2,2,"{""DISTANCE_DIAMETER"":2}",2,0
0000029b--52f66a3abc--15:184|186,0000029b--52f66a3abc--15,0000029b,15,184|186,184|186,3,2,1.2453735799999999,2.089486068,1.1051610455,2,3,"{""DISTANCE_DIAMETER"":3}",3,0
0000029b--52f66a3abc--15:270|272,0000029b--52f66a3abc--15,0000029b,15,270|272,270|272,2,1,0.798949008,0.798949008,0.698348124,2,2,"{""DISTANCE_DIAMETER"":2}",2,0
0000029b--52f66a3abc--15:339|342,0000029b--52f66a3abc--15,0000029b,15,339|342,339|342,3,2,0.8500568000000001,1.100317865,0.449094376,3,3,"{""DISTANCE_DIAMETER"":3}",3,0
0000029b--52f66a3abc--15:5|8,0000029b--52f66a3abc--15,0000029b,15,5|8,5|8,3,3,0.500088137,0.599274153,0.299878962,3,3,"{""DISTANCE_DIAMETER"":3}",3,0
0000029b--52f66a3abc--18:127|128,0000029b--52f66a3abc--18,0000029b,18,127|128,127|128,2,2,0.900677167,0.900677167,1.349726384,2,2,"{""DISTANCE_GROWTH"":1,""LATERAL_DIAMETER"":1}",2,0
0000029b--52f66a3abc--18:440|451,0000029b--52f66a3abc--18,0000029b,18,440|451,440|451,2,1,1.700763126,1.700763126,0.702690655,2,2,"{""LATERAL_DIAMETER"":1,""LATERAL_GROWTH"":1}",2,0
0000029b--52f66a3abc--18:647|650,0000029b--52f66a3abc--18,0000029b,18,647|650,647|650,4,4,1.700474992,1.799650677,0.8500620095,4,4,"{""DISTANCE_DIAMETER"":2,""LATERAL_DIAMETER"":1,""LATERAL_GROWTH"":1}",4,0
0000029b--52f66a3abc--19:243|252,0000029b--52f66a3abc--19,0000029b,19,243|252,243|252;243|252|269,2,1,1.199870152,1.199870152,0.70019871,3,2,"{""DISTANCE_DIAMETER"":1,""LATERAL_GROWTH"":1}",2,0
0000029b--52f66a3abc--19:589|601,0000029b--52f66a3abc--19,0000029b,19,589|601,589|601,2,2,3.300300766,3.300300766,0.600190381,0,0,"{""DISTANCE_DIAMETER"":1,""LATERAL_GROWTH"":1}",2,0
0000029b--52f66a3abc--21:134|136,0000029b--52f66a3abc--21,0000029b,21,134|136,134|136,2,1,2.400663669,2.400663669,0.100103453,2,2,"{""DISTANCE_DIAMETER"":1,""LATERAL_GROWTH"":1}",2,0
0000029b--52f66a3abc--21:34|39,0000029b--52f66a3abc--21,0000029b,21,34|39,34|39,2,1,0.599412271,0.599412271,0.299469057,2,2,"{""DISTANCE_DIAMETER"":2}",2,0
0000029b--52f66a3abc--21:384|390,0000029b--52f66a3abc--21,0000029b,21,384|390,384|390,2,2,1.29977305,1.29977305,0.5998005315,0,2,"{""DISTANCE_DIAMETER"":2}",2,0
0000029b--52f66a3abc--21:384|391,0000029b--52f66a3abc--21,0000029b,21,384|391,384|391,2,1,1.499920538,1.499920538,1.000055356,1,2,"{""DISTANCE_DIAMETER"":2}",2,0
0000029b--52f66a3abc--22:283|296,0000029b--52f66a3abc--22,0000029b,22,283|296,283|296,2,2,1.800743964,1.800743964,0.5500037215,2,2,"{""DISTANCE_DIAMETER"":2}",2,0
0000029b--52f66a3abc--22:420|520,0000029b--52f66a3abc--22,0000029b,22,420|520,420|520,2,1,1.400569993,1.400569993,0.09999001,2,2,"{""LATERAL_GROWTH"":2}",2,0
0000029b--52f66a3abc--22:424|444,0000029b--52f66a3abc--22,0000029b,22,424|444,424|444,2,2,4.000739495,4.000739495,1.7007736915,0,1,"{""LATERAL_GROWTH"":2}",2,0
0000029b--52f66a3abc--22:424|481,0000029b--52f66a3abc--22,0000029b,22,424|481,424|481,2,1,1.20104697,1.20104697,0.100050341,2,2,"{""LATERAL_GROWTH"":2}",2,0
0000029b--52f66a3abc--22:444|470,0000029b--52f66a3abc--22,0000029b,22,444|470,444|470;444|470|522,2,1,2.200008257,2.200008257,0.299424325,2,2,"{""LATERAL_GROWTH"":2}",2,0
0000029b--52f66a3abc--22:689|700,0000029b--52f66a3abc--22,0000029b,22,689|700,689|700,2,1,0.600098402,0.600098402,0.500025462,2,2,"{""DISTANCE_DIAMETER"":1,""DISTANCE_GROWTH"":1}",2,0
0000029b--52f66a3abc--22:783|808,0000029b--52f66a3abc--22,0000029b,22,783|808,783|808,2,1,0.900602084,0.900602084,0.803221862,2,2,"{""DISTANCE_DIAMETER"":2}",2,0
0000029b--52f66a3abc--23:119|253,0000029b--52f66a3abc--23,0000029b,23,119|253,119|253,4,3,1.39993163,3.400188418,0.299876583,3,4,"{""LATERAL_DIAMETER"":3,""LATERAL_GROWTH"":1}",4,0
0000029b--52f66a3abc--23:120|244,0000029b--52f66a3abc--23,0000029b,23,120|244,120|244,2,1,10.300845997,10.300845997,3.700092134,2,2,"{""LATERAL_DIAMETER"":2}",2,0
0000029b--52f66a3abc--24:100|113,0000029b--52f66a3abc--24,0000029b,24,100|113,100|113,7,7,0.5960308805,1.30026912,0.499870803,5,7,"{""DISTANCE_DIAMETER"":7}",7,0
0000029b--52f66a3abc--24:113|146,0000029b--52f66a3abc--24,0000029b,24,113|146,113|146,4,3,0.700250998,1.192867018,0.499961727,4,4,"{""DISTANCE_DIAMETER"":4}",4,0
0000029b--52f66a3abc--24:148|157,0000029b--52f66a3abc--24,0000029b,24,148|157,148|157,2,1,0.500617449,0.500617449,0.301297338,2,2,"{""DISTANCE_DIAMETER"":2}",2,0
0000029b--52f66a3abc--24:651|661,0000029b--52f66a3abc--24,0000029b,24,651|661,651|661,2,2,0.59973126,0.59973126,0.5499895834999999,2,2,"{""DISTANCE_DIAMETER"":1,""DISTANCE_GROWTH"":1}",2,0
0000029b--52f66a3abc--25:116|433,0000029b--52f66a3abc--25,0000029b,25,116|433,116|433,2,1,1.689639432,1.689639432,1.199120517,2,2,"{""LATERAL_DIAMETER"":2}",2,0
0000029b--52f66a3abc--25:58|397,0000029b--52f66a3abc--25,0000029b,25,58|397,58|397,4,3,3.899691426,6.799931642,2.199770786,4,4,"{""LATERAL_DIAMETER"":4}",4,0
0000029b--52f66a3abc--25:70|397,0000029b--52f66a3abc--25,0000029b,25,70|397,70|397,4,3,0.402020553,5.398113094,0.2001914,4,4,"{""LATERAL_DIAMETER"":2,""LATERAL_GROWTH"":2}",4,0
0000029b--52f66a3abc--26:402|403,0000029b--52f66a3abc--26,0000029b,26,402|403,402|403,2,1,0.499053217,0.499053217,0.29852438,1,2,"{""DISTANCE_GROWTH"":1,""LATERAL_GROWTH"":1}",2,0
0000029b--52f66a3abc--26:527|531,0000029b--52f66a3abc--26,0000029b,26,527|531,527|531,2,1,2.199691155,2.199691155,0.799572605,2,2,"{""DISTANCE_DIAMETER"":1,""DISTANCE_GROWTH"":1}",2,0
0000029b--52f66a3abc--26:6|56,0000029b--52f66a3abc--26,0000029b,26,6|56,6|21|56;6|56,2,1,3.898373373,3.898373373,0.799067696,2,2,"{""LATERAL_DIAMETER"":1,""LATERAL_GROWTH"":1}",2,0
0000029b--52f66a3abc--27:47|84,0000029b--52f66a3abc--27,0000029b,27,47|84,47|74|84,2,1,0.400268595,0.400268595,0.300153408,2,2,"{""DISTANCE_DIAMETER"":2}",2,0
0000029b--52f66a3abc--28:228|232,0000029b--52f66a3abc--28,0000029b,28,228|232,228|232,2,1,0.400286415,0.400286415,0.299391182,2,2,"{""DISTANCE_DIAMETER"":2}",2,0
0000029b--52f66a3abc--28:349|369,0000029b--52f66a3abc--28,0000029b,28,349|369,349|369,2,2,0.699480176,0.699480176,0.4502960115,2,2,"{""DISTANCE_GROWTH"":1,""LATERAL_GROWTH"":1}",2,0
0000029b--52f66a3abc--29:147|150,0000029b--52f66a3abc--29,0000029b,29,147|150,147|150,2,2,0.398613756,0.398613756,0.455005224,1,2,"{""DISTANCE_DIAMETER"":2}",2,0
0000029b--52f66a3abc--29:211|216,0000029b--52f66a3abc--29,0000029b,29,211|216,211|214|216;211|216,2,1,0.399877995,0.399877995,0.2991593,2,2,"{""DISTANCE_DIAMETER"":2}",2,0
0000029b--52f66a3abc--29:248|253,0000029b--52f66a3abc--29,0000029b,29,248|253,247|248|253;248|253,3,1,0.5503717075,0.599851735,0.100696436,3,3,"{""LATERAL_DIAMETER"":1,""LATERAL_GROWTH"":2}",3,0
0000029b--52f66a3abc--29:94|99,0000029b--52f66a3abc--29,0000029b,29,94|99,94|99,2,1,2.490077918,2.490077918,2.199610981,1,2,"{""DISTANCE_DIAMETER"":2}",2,0
0000029b--52f66a3abc--29:95|96,0000029b--52f66a3abc--29,0000029b,29,95|96,95|96,3,2,1.1461225275,1.890812668,0.500194908,3,3,"{""DISTANCE_DIAMETER"":3}",3,0
0000029b--52f66a3abc--30:1|28,0000029b--52f66a3abc--30,0000029b,30,1|28,1|28,2,1,1.499759103,1.499759103,0.899910417,2,2,"{""LATERAL_DIAMETER"":1,""LATERAL_GROWTH"":1}",2,0
0000029b--52f66a3abc--30:229|284,0000029b--52f66a3abc--30,0000029b,30,229|284,229|284;229|284|291,2,1,1.199221229,1.199221229,0.400933357,1,1,"{""DISTANCE_DIAMETER"":2}",2,0
0000029b--52f66a3abc--30:51|68,0000029b--52f66a3abc--30,0000029b,30,51|68,51|68,2,1,1.100062252,1.100062252,0.200084261,2,2,"{""LATERAL_GROWTH"":1,""OTHER_STATIONARY_MOVING"":1}",2,0
0000029b--52f66a3abc--4:191|193,0000029b--52f66a3abc--4,0000029b,4,191|193,191|193;191|193|195,2,0,0.299779526,0.299779526,,2,2,"{""DISTANCE_GROWTH"":2}",2,0
0000029b--52f66a3abc--4:34|42,0000029b--52f66a3abc--4,0000029b,4,34|42,34|42,2,1,1.599699037,1.599699037,0.599720561,2,2,"{""LATERAL_DIAMETER"":2}",2,0
0000029b--52f66a3abc--4:68|93,0000029b--52f66a3abc--4,0000029b,4,68|93,68|93,2,2,0.400305542,0.400305542,0.150035867,2,2,"{""DISTANCE_GROWTH"":1,""LATERAL_GROWTH"":1}",2,0
0000029b--52f66a3abc--4:85|96,0000029b--52f66a3abc--4,0000029b,4,85|96,85|96,3,2,2.000101827,3.099872338,0.7498849695,3,3,"{""DISTANCE_DIAMETER"":1,""LATERAL_DIAMETER"":2}",3,0
0000029b--52f66a3abc--8:130|137,0000029b--52f66a3abc--8,0000029b,8,130|137,130|137,2,2,1.900362453,1.900362453,0.34975731649999997,2,2,"{""DISTANCE_DIAMETER"":2}",2,0
0000029b--52f66a3abc--9:504|509,0000029b--52f66a3abc--9,0000029b,9,504|509,504|509,2,2,0.700211927,0.700211927,0.2998537775,2,2,"{""DISTANCE_DIAMETER"":1,""DISTANCE_GROWTH"":1}",2,0
0000029b--52f66a3abc--9:80|94,0000029b--52f66a3abc--9,0000029b,9,80|94,80|94,2,2,0.700149163,0.700149163,0.40117940399999996,1,2,"{""DISTANCE_DIAMETER"":2}",2,0
000002a2--b53d86b8b1--10:121|124,000002a2--b53d86b8b1--10,000002a2,10,121|124,121|124,2,2,0.300179065,0.300179065,0.19984068100000002,0,1,"{""DISTANCE_GROWTH"":2}",2,0
000002a2--b53d86b8b1--10:230|238,000002a2--b53d86b8b1--10,000002a2,10,230|238,230|238,7,7,2.6548713755,4.509535815,1.099803199,7,7,"{""DISTANCE_DIAMETER"":7}",7,0
000002a2--b53d86b8b1--11:138|148,000002a2--b53d86b8b1--11,000002a2,11,138|148,138|145|148|150;138|148;138|148|150,3,1,1.550173954,2.600552293,2.10071911,3,2,"{""DISTANCE_DIAMETER"":1,""DISTANCE_GROWTH"":1,""LATERAL_GROWTH"":1}",3,0
000002a2--b53d86b8b1--11:1|2,000002a2--b53d86b8b1--11,000002a2,11,1|2,1|2,2,1,1.400190088,1.400190088,0.499612561,2,2,"{""DISTANCE_DIAMETER"":2}",2,0
000002a2--b53d86b8b1--11:2|17,000002a2--b53d86b8b1--11,000002a2,11,2|17,2|17,3,3,2.04921284,2.498910742,1.199404162,3,3,"{""DISTANCE_DIAMETER"":3}",3,0
000002a2--b53d86b8b1--12:124|134,000002a2--b53d86b8b1--12,000002a2,12,124|134,124|134,2,1,1.800484461,1.800484461,0.701300632,2,2,"{""DISTANCE_DIAMETER"":1,""DISTANCE_GROWTH"":1}",2,0
000002a2--b53d86b8b1--12:323|328,000002a2--b53d86b8b1--12,000002a2,12,323|328,323|328;323|328|330,2,2,0.699593627,0.699593627,0.200371113,1,1,"{""DISTANCE_GROWTH"":1,""LATERAL_GROWTH"":1}",2,0
000002a2--b53d86b8b1--12:340|350,000002a2--b53d86b8b1--12,000002a2,12,340|350,340|346|350,2,1,1.39986284,1.39986284,0.389883016,1,1,"{""DISTANCE_DIAMETER"":2}",2,0
000002a2--b53d86b8b1--12:349|356,000002a2--b53d86b8b1--12,000002a2,12,349|356,349|355|356;349|356|359,2,0,1.511330364,1.511330364,,1,0,"{""DISTANCE_DIAMETER"":1,""DISTANCE_GROWTH"":1}",2,0
000002a2--b53d86b8b1--12:379|381,000002a2--b53d86b8b1--12,000002a2,12,379|381,379|380|381,2,1,0.500179465,0.500179465,0.400179782,2,0,"{""DISTANCE_DIAMETER"":1,""LATERAL_GROWTH"":1}",2,0
000002a2--b53d86b8b1--12:401|406,000002a2--b53d86b8b1--12,000002a2,12,401|406,401|403|406;401|406;401|406|414,3,0,1.3497842905000002,1.699489204,,1,0,"{""DISTANCE_DIAMETER"":3}",3,0
000002a2--b53d86b8b1--12:418|424,000002a2--b53d86b8b1--12,000002a2,12,418|424,418|421|424,2,1,0.999388134,0.999388134,0.399459901,2,1,"{""DISTANCE_DIAMETER"":2}",2,0
000002a2--b53d86b8b1--12:443|458,000002a2--b53d86b8b1--12,000002a2,12,443|458,443|458,2,1,1.500656358,1.500656358,0.100275502,2,2,"{""DISTANCE_GROWTH"":1,""VELOCITY_DIAMETER"":1}",2,0
000002a2--b53d86b8b1--12:76|81,000002a2--b53d86b8b1--12,000002a2,12,76|81,76|81,2,1,1.700345088,1.700345088,1.199927656,1,1,"{""DISTANCE_GROWTH"":2}",2,0
000002a2--b53d86b8b1--13:103|105,000002a2--b53d86b8b1--13,000002a2,13,103|105,83|103|105;90|103|105,3,3,0.5002979415,0.803110055,0.100337194,3,2,"{""DISTANCE_GROWTH"":2,""LATERAL_GROWTH"":1}",3,0
000002a2--b53d86b8b1--13:123|145,000002a2--b53d86b8b1--13,000002a2,13,123|145,123|145,2,2,0.189775437,0.189775437,0.1007048485,2,2,"{""LATERAL_GROWTH"":2}",2,0
000002a2--b53d86b8b1--13:137|165,000002a2--b53d86b8b1--13,000002a2,13,137|165,137|165,2,2,1.302192756,1.302192756,1.6493314895,2,2,"{""LATERAL_DIAMETER"":1,""LATERAL_GROWTH"":1}",2,0
000002a2--b53d86b8b1--13:170|176,000002a2--b53d86b8b1--13,000002a2,13,170|176,136|170|176;170|176,2,2,1.60015299,1.60015299,1.0015698990000002,2,1,"{""DISTANCE_DIAMETER"":1,""LATERAL_DIAMETER"":1}",2,0
000002a2--b53d86b8b1--13:43|91,000002a2--b53d86b8b1--13,000002a2,13,43|91,43|83|91;43|91|107,2,1,3.700933207,3.700933207,0.300205073,2,2,"{""LATERAL_GROWTH"":1,""OTHER_STATIONARY_MOVING"":1}",2,0
000002a2--b53d86b8b1--14:166|185,000002a2--b53d86b8b1--14,000002a2,14,166|185,166|185,4,4,6.709923187,8.009962628,1.799719777,2,4,"{""LATERAL_DIAMETER"":1,""LATERAL_GROWTH"":3}",4,0
000002a2--b53d86b8b1--14:181|185,000002a2--b53d86b8b1--14,000002a2,14,181|185,181|185,2,1,8.910523821,8.910523821,5.710267907,0,2,"{""LATERAL_DIAMETER"":2}",2,0
000002a2--b53d86b8b1--14:234|245,000002a2--b53d86b8b1--14,000002a2,14,234|245,234|245,6,6,1.900382086,7.40075826,0.900127648,6,6,"{""LATERAL_DIAMETER"":6}",6,0
000002a2--b53d86b8b1--14:37|40,000002a2--b53d86b8b1--14,000002a2,14,37|40,37|40,2,1,1.009859299,1.009859299,0.201331792,2,2,"{""LATERAL_GROWTH"":1,""OTHER_STATIONARY_MOVING"":1}",2,0
000002a2--b53d86b8b1--15:130|141,000002a2--b53d86b8b1--15,000002a2,15,130|141,130|141,3,3,3.294888867,3.790118414,1.499756277,3,3,"{""LATERAL_DIAMETER"":2,""LATERAL_GROWTH"":1}",3,0
000002a2--b53d86b8b1--15:13|25,000002a2--b53d86b8b1--15,000002a2,15,13|25,13|25,3,2,0.9002504634999999,0.999412991,0.35027755650000003,3,3,"{""DISTANCE_DIAMETER"":1,""LATERAL_GROWTH"":2}",3,0
000002a2--b53d86b8b1--15:18|22,000002a2--b53d86b8b1--15,000002a2,15,18|22,18|22,2,2,0.400385726,0.400385726,0.0996970975,2,2,"{""LATERAL_GROWTH"":2}",2,0
000002a2--b53d86b8b1--15:21|29,000002a2--b53d86b8b1--15,000002a2,15,21|29,21|29,2,1,12.090434774,12.090434774,0.100117424,1,2,"{""LATERAL_GROWTH"":2}",2,0
000002a2--b53d86b8b1--15:25|275,000002a2--b53d86b8b1--15,000002a2,15,25|275,25|275,4,3,1.300295507,3.699895219,0.199617636,4,4,"{""DISTANCE_DIAMETER"":1,""LATERAL_GROWTH"":3}",4,0
000002a2--b53d86b8b1--15:25|337,000002a2--b53d86b8b1--15,000002a2,15,25|337,25|337,2,1,2.407533603,2.407533603,2.307507952,2,2,"{""LATERAL_DIAMETER"":1,""LATERAL_GROWTH"":1}",2,0
000002a2--b53d86b8b1--15:275|337,000002a2--b53d86b8b1--15,000002a2,15,275|337,275|337,2,2,2.599877737,2.599877737,0.650219461,0,2,"{""LATERAL_GROWTH"":2}",2,0
000002a2--b53d86b8b1--15:5|26,000002a2--b53d86b8b1--15,000002a2,15,5|26,5|26,3,3,12.041243354499999,23.78005132,0.298467865,2,3,"{""LATERAL_DIAMETER"":1,""LATERAL_GROWTH"":2}",3,0
000002a2--b53d86b8b1--15:5|7,000002a2--b53d86b8b1--15,000002a2,15,5|7,5|7,2,1,18.560562643,18.560562643,10.469802568,0,1,"{""LATERAL_GROWTH"":2}",2,0
000002a2--b53d86b8b1--15:87|94,000002a2--b53d86b8b1--15,000002a2,15,87|94,87|94,2,2,0.902365561,0.902365561,1.044409648,2,2,"{""LATERAL_DIAMETER"":2}",2,0
000002a2--b53d86b8b1--15:9|16,000002a2--b53d86b8b1--15,000002a2,15,9|16,9|16,4,4,3.589784364,25.579647329,4.2503251075,4,4,"{""LATERAL_DIAMETER"":4}",4,0
000002a2--b53d86b8b1--18:71|72,000002a2--b53d86b8b1--18,000002a2,18,71|72,71|72,3,2,1.2502729595,2.300162797,0.2000581695,2,3,"{""LATERAL_DIAMETER"":2,""LATERAL_GROWTH"":1}",3,0
000002a2--b53d86b8b1--18:72|115,000002a2--b53d86b8b1--18,000002a2,18,72|115,72|115,2,1,1.89969838,1.89969838,0.800122942,2,2,"{""LATERAL_DIAMETER"":2}",2,0
000002a2--b53d86b8b1--22:102|105,000002a2--b53d86b8b1--22,000002a2,22,102|105,102|105,3,2,0.449785915,0.699507703,0.24971893,3,3,"{""LATERAL_DIAMETER"":2,""LATERAL_GROWTH"":1}",3,0
000002a2--b53d86b8b1--22:156|169,000002a2--b53d86b8b1--22,000002a2,22,156|169,156|169,2,1,1.40007175,1.40007175,0.699908917,1,2,"{""LATERAL_DIAMETER"":1,""LATERAL_GROWTH"":1}",2,0
000002a2--b53d86b8b1--22:169|175,000002a2--b53d86b8b1--22,000002a2,22,169|175,156|169|175;169|175,2,1,1.100677724,1.100677724,0.700162833,1,2,"{""DISTANCE_GROWTH"":1,""LATERAL_GROWTH"":1}",2,0
000002a2--b53d86b8b1--22:99|103,000002a2--b53d86b8b1--22,000002a2,22,99|103,99|103,2,2,0.899466729,0.899466729,0.7499979965000001,2,2,"{""LATERAL_DIAMETER"":2}",2,0
000002a2--b53d86b8b1--27:176|177,000002a2--b53d86b8b1--27,000002a2,27,176|177,176|177,2,2,1.301087643,1.301087643,1.0503300325,1,2,"{""LATERAL_DIAMETER"":1,""LATERAL_GROWTH"":1}",2,0
000002a2--b53d86b8b1--27:197|204,000002a2--b53d86b8b1--27,000002a2,27,197|204,197|204,3,2,1.650571078,2.099771385,0.50052908,3,3,"{""LATERAL_GROWTH"":3}",3,0
000002a2--b53d86b8b1--27:383|388,000002a2--b53d86b8b1--27,000002a2,27,383|388,383|388;383|388|417,2,1,2.400024359,2.400024359,2.200371557,2,1,"{""DISTANCE_DIAMETER"":2}",2,0
000002a2--b53d86b8b1--27:405|427,000002a2--b53d86b8b1--27,000002a2,27,405|427,405|427,3,2,2.7009302455000004,2.801498645,0.7502576165,0,1,"{""LATERAL_DIAMETER"":1,""LATERAL_GROWTH"":2}",3,0
000002a2--b53d86b8b1--27:407|427,000002a2--b53d86b8b1--27,000002a2,27,407|427,407|427;407|427|438,3,2,2.800000847,3.099630943,1.950672629,1,3,"{""DISTANCE_GROWTH"":1,""LATERAL_GROWTH"":2}",3,0
000002a2--b53d86b8b1--27:407|438,000002a2--b53d86b8b1--27,000002a2,27,407|438,407|438,2,2,0.299419221,0.299419221,0.5503713595,1,2,"{""DISTANCE_GROWTH"":1,""LATERAL_GROWTH"":1}",2,0
000002a2--b53d86b8b1--27:416|422,000002a2--b53d86b8b1--27,000002a2,27,416|422,416|422,2,1,1.400602726,1.400602726,1.000066835,2,2,"{""DISTANCE_DIAMETER"":1,""LATERAL_DIAMETER"":1}",2,0
000002a2--b53d86b8b1--27:490|492,000002a2--b53d86b8b1--27,000002a2,27,490|492,490|492;490|492|508,3,1,0.7499204374999999,0.899633166,0.09933241,3,3,"{""LATERAL_GROWTH"":3}",3,0
000002a2--b53d86b8b1--28:185|200,000002a2--b53d86b8b1--28,000002a2,28,185|200,185|200,2,1,1.399979615,1.399979615,0.698803881,2,2,"{""DISTANCE_DIAMETER"":1,""LATERAL_GROWTH"":1}",2,0
000002a2--b53d86b8b1--9:229|241,000002a2--b53d86b8b1--9,000002a2,9,229|241,229|241,2,1,1.101342422,1.101342422,0.899645754,1,1,"{""LATERAL_DIAMETER"":1,""LATERAL_GROWTH"":1}",2,0
000002a2--b53d86b8b1--9:649|665,000002a2--b53d86b8b1--9,000002a2,9,649|665,649|665,3,3,0.949571266,1.589678003,0.300299529,3,3,"{""DISTANCE_DIAMETER"":2,""DISTANCE_GROWTH"":1}",3,0
000002a2--b53d86b8b1--9:680|684,000002a2--b53d86b8b1--9,000002a2,9,680|684,680|684;680|684|685,2,1,0.699773547,0.699773547,0.290995071,1,1,"{""DISTANCE_DIAMETER"":2}",2,0
