event_id,key,scan,scan_ns,pid,category,old_members,new_members,old_representative,new_representative,old_rep_still_member,required_change,delta_d,delta_y,delta_v,abs_delta_d,abs_delta_y,abs_delta_v,old_published,new_published,old_alias,new_alias,publication_effect,publication_delta_d,publication_delta_y,publication_delta_v,publication_delta_aLead,radarstate_effect,radarstate_affected,score_delta,old_cost,new_cost,best_vision,old_vision,best_oem,old_oem,support_superiority,group_size_before,group_size_after,old_d,old_y,old_v,old_age,new_d,new_y,new_v,new_age,old_aRel,new_aRel,old_member_current_d,old_member_current_y,old_member_current_v,old_member_current_age,old_member_current_slot,old_member_current_measurement_ns,new_member_current_d,new_member_current_y,new_member_current_v,new_member_current_age,new_member_current_slot,new_member_current_measurement_ns,old_published_aLead,new_published_aLead,lead_role_before,lead_role_after,previous_rep_dwell_scans,previous_rep_dwell_s
0000026b--4dfb361eee--11:133:1000153,0000026b--4dfb361eee--11,133,2969294293073,1000153,R1_STABLE_GROUP_REP_CHANGE,144|147,144|147,144,147,1,0,-2.25,-4.46875,0.5,2.25,4.46875,0.5,1,1,41,41,P2_PUBLISHED_COORDINATE_CHANGE,-2.2361602783203125,-4.46875,0.5,1.2000000000000002,NO_DOWNSTREAM_EFFECT,0,0.5206630173639866,1.7698574507021299,1.2491944333381433,0,0,0,0,0,2,2,58.5,-13.46875,-4.25,9,56.25,-17.9375,-3.75,10,N/A_NAN,N/A_NAN,58.0,-17.75,-3.0,10,29,2969294293073,56.25,-17.9375,-3.75,7,3,2969294293073,-4.043528903553088,-2.8435289035530875,,,9,0.800088515
00000257--d1cacb63a0--15:61:1000074,00000257--d1cacb63a0--15,61,992034592245,1000074,R1_STABLE_GROUP_REP_CHANGE,72|82,72|82,72,82,1,0,-2.75,-4.0625,1.0,2.75,4.0625,1.0,1,1,65,65,P2_PUBLISHED_COORDINATE_CHANGE,-2.6871910095214844,-4.0625,1.0,1.2000000000000002,NO_DOWNSTREAM_EFFECT,0,0.13547327816426247,1.5677366390821312,1.4322633609178688,0,0,0,0,0,2,2,66.25,-14.1875,-8.75,22,63.5,-18.25,-7.75,23,N/A_NAN,N/A_NAN,65.25,-19.5,-8.5,23,22,992034592245,63.5,-18.25,-7.75,13,24,992034592245,-5.163680535640178,-3.9636805356401776,,,22,2.102220647
00000254--0ac259250e--3:373:1000525,00000254--0ac259250e--3,373,272860944028,1000525,R1_STABLE_GROUP_REP_CHANGE,471|474,471|474,471,474,1,0,-2.0,-4.03125,0.0,2.0,4.03125,0.0,1,1,83,83,P2_PUBLISHED_COORDINATE_CHANGE,-2.005931854248047,-4.03125,0.0,1.2000000000000002,NO_DOWNSTREAM_EFFECT,0,0.20070443308632946,1.090832730542525,0.8901282974561955,0,0,0,0,0,2,2,59.75,-15.5,-5.0,27,57.75,-19.53125,-5.0,28,N/A_NAN,N/A_NAN,59.25,-19.0625,-5.0,28,21,272860944028,57.75,-19.53125,-5.0,26,6,272860944028,-3.4090079302487792,-2.209007930248779,,,26,2.500233183
00000259--f920fb6ddd--9:141:1000071,00000259--f920fb6ddd--9,141,626599357662,1000071,R1_STABLE_GROUP_REP_CHANGE,71|75,71|75,71,75,1,0,-1.5,-3.5625,-1.5,1.5,3.5625,1.5,1,1,44,44,P2_PUBLISHED_COORDINATE_CHANGE,-1.5464706420898438,-3.5625,-1.5,-1.2000000000000002,NO_DOWNSTREAM_EFFECT,0,0.109375,2.20919100296927,2.09981600296927,0,0,0,0,0,2,2,50.75,-7.8125,-9.25,9,49.25,-11.375,-10.75,10,N/A_NAN,N/A_NAN,48.75,-10.84375,-10.5,10,30,626599357662,49.25,-11.375,-10.75,9,24,626599357662,-3.266362160439214,-4.466362160439214,,,9,0.79981422
00000264--31b802e87a--24:210:1000341,00000264--31b802e87a--24,210,1533891234309,1000341,R1_STABLE_GROUP_REP_CHANGE,322|323,322|323,322,323,1,0,-2.25,3.46875,-0.75,2.25,3.46875,0.75,1,1,44,44,P2_PUBLISHED_COORDINATE_CHANGE,-2.520519256591797,3.46875,-0.75,-0.11354148834117161,NO_DOWNSTREAM_EFFECT,0,0.17813533573303175,1.8271675787972264,1.6490322430641946,0,0,0,0,0,2,2,47.75,16.5,-13.0,8,45.5,19.96875,-13.75,9,N/A_NAN,N/A_NAN,46.5,19.21875,-14.25,9,22,1533891234309,45.5,19.96875,-13.75,9,26,1533881462406,-4.886592865446163,-5.000134353787335,,,8,0.6999116190000001
00000257--d1cacb63a0--15:156:1000191,00000257--d1cacb63a0--15,156,1001535094009,1000191,R1_STABLE_GROUP_REP_CHANGE,177|181,177|181,177,181,1,0,0.75,-0.875,-1.75,0.75,0.875,1.75,1,1,51,51,P2_PUBLISHED_COORDINATE_CHANGE,0.7016105651855469,-0.875,-1.75,-4.1463458519523755,NO_DOWNSTREAM_EFFECT,0,0.23551778943927282,1.4380713947196364,1.2025536052803636,0,0,0,0,0,2,2,36.5,11.53125,2.0,5,37.25,10.65625,0.25,6,N/A_NAN,N/A_NAN,36.5,10.375,0.25,6,4,1001535094009,37.25,10.65625,0.25,5,9,1001535094009,0.0,-4.1463458519523755,,,5,0.40012574900000003
00000261--4ff9c41127--3:587:1000461,00000261--4ff9c41127--3,587,405827433587,1000461,R1_STABLE_GROUP_REP_CHANGE,440|449,440|449,440,449,1,0,-0.5,2.9375,-1.0,0.5,2.9375,1.0,1,1,77,77,P2_PUBLISHED_COORDINATE_CHANGE,-0.5377044677734375,2.9375,-1.0,-0.6299803505617909,NO_DOWNSTREAM_EFFECT,0,1.1058672841579238,2.9393107266325496,1.8334434424746258,0,0,0,0,0,2,2,53.5,12.90625,-8.5,14,53.0,15.84375,-9.5,15,N/A_NAN,N/A_NAN,51.5,16.84375,-10.5,15,5,405827433587,53.0,15.84375,-9.5,9,17,405827433587,-5.59819469266329,-6.228175043225081,,,14,1.3103057960000002
00000247--b657952782--2:232:1000297,00000247--b657952782--2,232,214343350890,1000297,R1_STABLE_GROUP_REP_CHANGE,244|278,244|278,244,278,1,0,-2.0,-2.875,0.0,2.0,2.875,0.0,1,1,78,78,P2_PUBLISHED_COORDINATE_CHANGE,-2.002471923828125,-2.875,0.0,1.0202617603577482,NO_DOWNSTREAM_EFFECT,0,1.006027798938721,1.4795763994693605,0.4735486005306395,0,0,0,0,0,2,2,61.0,-19.5625,-5.75,21,59.0,-22.4375,-5.75,22,N/A_NAN,N/A_NAN,60.5,-23.09375,-6.0,47,23,214343350890,59.0,-22.4375,-5.75,6,22,214343350890,-2.9665140708456432,-1.946252310487895,,,5,0.400651527
00000247--b657952782--38:544:1000731,00000247--b657952782--38,544,2405533213134,1000731,R1_STABLE_GROUP_REP_CHANGE,693|728,693|728,693,728,1,0,-2.0,-2.875,-0.5,2.0,2.875,0.5,1,1,81,81,P2_PUBLISHED_COORDINATE_CHANGE,-2.022216796875,-2.875,-0.5,0.421704977429723,NO_DOWNSTREAM_EFFECT,0,0.728791192766252,1.372208096383126,0.643416903616874,0,0,0,0,0,2,2,38.25,-16.125,-9.5,24,36.25,-19.0,-10.0,25,N/A_NAN,N/A_NAN,37.5,-18.21875,-9.75,25,18,2405533213134,36.25,-19.0,-10.0,4,20,2405533213134,-6.987305583291353,-6.56560060586163,,,24,2.301773018
00000247--b657952782--38:414:1000552,00000247--b657952782--38,414,2392532468228,1000552,R1_STABLE_GROUP_REP_CHANGE,526|527,526|527,526,527,1,0,-1.5,2.75,-0.25,1.5,2.75,0.25,1,1,42,42,P2_PUBLISHED_COORDINATE_CHANGE,-1.5046844482421875,2.75,-0.25,0.0,NO_DOWNSTREAM_EFFECT,0,0.5333146639138278,1.0652676546024598,0.531952990688632,0,0,0,0,0,2,2,51.75,8.15625,-6.25,4,50.25,10.90625,-6.5,5,N/A_NAN,N/A_NAN,51.25,11.21875,-6.75,5,22,2392532468228,50.25,10.90625,-6.5,5,24,2392532468228,0.0,0.0,,,4,0.299819698
00000261--4ff9c41127--27:92:1000128,00000261--4ff9c41127--27,92,1796337287507,1000128,R1_STABLE_GROUP_REP_CHANGE,124|134|140,124|134|140,124,140,1,0,0.0,2.71875,-0.25,0.0,2.71875,0.25,1,1,64,64,P2_PUBLISHED_COORDINATE_CHANGE,-0.003662109375,2.71875,-0.25,-0.03794370280932258,NO_DOWNSTREAM_EFFECT,0,0.3444215967489299,1.6689806046241982,1.3245590078752683,0,0,0,0,0,3,3,58.25,0.21875,-4.5,7,58.25,2.9375,-4.75,8,N/A_NAN,N/A_NAN,57.25,3.25,-5.0,8,25,1796337287507,58.25,2.9375,-4.75,4,13,1796337287507,-3.6300185320401015,-3.667962234849424,,,7,0.599659293
00000261--4ff9c41127--27:92:1000132,00000261--4ff9c41127--27,92,1796337287507,1000132,R1_STABLE_GROUP_REP_CHANGE,128|141,128|141,128,141,1,0,0.25,2.71875,0.0,0.25,2.71875,0.0,1,1,67,67,P2_PUBLISHED_COORDINATE_CHANGE,0.25275421142578125,2.71875,0.0,-2.1506417853073843,NO_DOWNSTREAM_EFFECT,0,0.027367228518997422,1.566471683083906,1.5391044545649086,0,0,0,0,0,2,2,42.25,-1.15625,-4.0,5,42.5,1.5625,-4.0,6,N/A_NAN,N/A_NAN,41.25,1.15625,-4.5,6,7,1796337287507,42.5,1.5625,-4.0,4,17,1796337287507,0.0,-2.1506417853073843,,,5,0.39992236400000003
00000261--4ff9c41127--7:63:1000067,00000261--4ff9c41127--7,63,593447272512,1000067,R1_STABLE_GROUP_REP_CHANGE,65|69,65|69,65,69,1,0,-2.0,2.71875,0.5,2.0,2.71875,0.5,1,1,53,53,P2_PUBLISHED_COORDINATE_CHANGE,-2.1057090759277344,2.71875,0.5,1.2000000000000002,NO_DOWNSTREAM_EFFECT,0,0.6536994224619264,1.1226342783233232,0.4689348558613968,0,0,0,0,0,2,2,65.0,14.96875,-11.25,11,63.0,17.6875,-10.75,12,N/A_NAN,N/A_NAN,64.0,17.59375,-11.5,10,27,593447272512,63.0,17.6875,-10.75,8,2,593436825921,-7.7006628881947865,-6.500662888194786,,,1,0.0
00000283--b395338ef9--26:535:1000683,00000283--b395338ef9--26,535,2499159917726,1000683,R1_STABLE_GROUP_REP_CHANGE,654|665,654|665,665,654,1,0,-1.5,-2.59375,0.5,1.5,2.59375,0.5,1,1,62,62,P2_PUBLISHED_COORDINATE_CHANGE,-1.4987106323242188,-2.59375,0.5,1.1410936015845492,NO_DOWNSTREAM_EFFECT,0,2.046875,3.9388085207603605,1.8919335207603605,0,0,0,0,0,2,2,55.25,7.5625,-11.25,23,53.75,4.96875,-10.75,24,N/A_NAN,N/A_NAN,51.0,6.125,-11.0,14,16,2499159917726,53.75,4.96875,-10.75,25,0,2499159917726,-0.3789757615106073,0.7621178400739419,,,3,0.20121782600000002
00000250--8354d55131--1:416:1000737,00000250--8354d55131--1,416,157528016518,1000737,R1_STABLE_GROUP_REP_CHANGE,673|678,673|678,673,678,1,0,0.5,1.125,-1.5,0.5,1.125,1.5,1,1,33,33,P2_PUBLISHED_COORDINATE_CHANGE,0.4717531204223633,1.125,-1.5,-1.2000000000000002,NO_DOWNSTREAM_EFFECT,0,0.5781250000000002,2.4820282378210132,1.903903237821013,0,0,0,0,0,2,2,7.75,1.125,-1.75,8,8.25,2.25,-3.25,9,N/A_NAN,N/A_NAN,9.75,1.40625,-2.25,15,27,157528016518,8.25,2.25,-3.25,9,20,157528016518,0.8951938713850722,-0.30480612861492795,,,1,0.0
0000025d--70dff69b9d--5:588:1000850,0000025d--70dff69b9d--5,588,430472074491,1000850,R1_STABLE_GROUP_REP_CHANGE,806|807,806|807,807,806,1,0,-2.0,-0.21875,1.5,2.0,0.21875,1.5,1,1,77,77,P2_PUBLISHED_COORDINATE_CHANGE,-1.9682426452636719,-0.21875,1.5,1.2000000000000002,NO_DOWNSTREAM_EFFECT,0,1.1471689758039352,2.4019276515106642,1.254758675706729,0,0,0,0,0,2,2,32.25,6.6875,-24.0,11,30.25,6.46875,-22.5,12,N/A_NAN,N/A_NAN,32.25,6.6875,-24.0,11,23,430472074491,30.25,6.46875,-22.5,12,19,430472074491,0.12733729694636065,1.3273372969463608,,,1,0.0
00000267--5bcd0e5bb8--13:506:1000672,00000267--5bcd0e5bb8--13,506,3039705615300,1000672,R1_STABLE_GROUP_REP_CHANGE,614|617,614|617,614,617,1,0,-0.25,2.5,-1.5,0.25,2.5,1.5,1,1,85,85,P2_PUBLISHED_COORDINATE_CHANGE,-0.2771568298339844,2.5,-1.5,-1.2000000000000006,NO_DOWNSTREAM_EFFECT,0,0.47596641930186934,2.4234175444674038,1.9474511251655344,0,0,0,0,0,2,2,58.0,5.84375,-8.75,6,57.75,8.34375,-10.25,7,N/A_NAN,N/A_NAN,56.25,9.625,-10.25,7,27,3039696151951,57.75,8.34375,-10.25,6,31,3039705615300,-3.297685851119788,-4.497685851119789,,,6,0.499993801
00000269--4014745f93--20:134:1000187,00000269--4014745f93--20,134,1284146261374,1000187,R1_STABLE_GROUP_REP_CHANGE,183|184,183|184,184,183,1,0,-2.25,-0.03125,-1.5,2.25,0.03125,1.5,1,1,95,95,P2_PUBLISHED_COORDINATE_CHANGE,-2.257753372192383,-0.03125,-1.5,-1.2000000000000002,NO_DOWNSTREAM_EFFECT,0,1.5028033126450122,2.282475832387946,0.7796725197429337,0,0,0,0,0,2,2,14.5,2.65625,-22.75,11,12.25,2.625,-24.25,12,N/A_NAN,N/A_NAN,14.5,2.65625,-22.75,11,14,1284146261374,12.25,2.625,-24.25,12,13,1284146261374,0.12890686652492067,-1.0710931334750795,,,1,0.0
0000026d--2363789071--39:204:1000101,0000026d--2363789071--39,204,2463922068201,1000101,R1_STABLE_GROUP_REP_CHANGE,101|110,101|110,101,110,1,0,-3.25,0.0,1.5,3.25,0.0,1.5,1,1,75,75,P2_PUBLISHED_COORDINATE_CHANGE,-3.2799224853515625,0.0,1.5,1.2000000000000002,NO_DOWNSTREAM_EFFECT,0,0.2395153258900029,1.9750379940341918,1.7355226681441889,0,0,0,0,0,2,2,72.75,-5.78125,-23.25,38,69.5,-5.78125,-21.75,39,N/A_NAN,N/A_NAN,68.5,-5.875,-23.25,39,11,2463922068201,69.5,-5.78125,-21.75,18,6,2463922068201,0.42486665051097905,1.6248666505109792,,,1,0.0
00000280--91181081d4--6:265:1000410,00000280--91181081d4--6,265,2851860432522,1000410,R1_STABLE_GROUP_REP_CHANGE,386|390,386|390,386,390,1,0,-1.25,0.0625,1.5,1.25,0.0625,1.5,1,1,68,68,P2_PUBLISHED_COORDINATE_CHANGE,-1.1847076416015625,0.0625,1.5,0.0,NO_DOWNSTREAM_EFFECT,0,0.5312499999999999,1.4687347047951942,0.9374847047951943,0,0,0,0,0,2,2,46.5,-1.6875,-12.75,3,45.25,-1.625,-11.25,4,N/A_NAN,N/A_NAN,46.5,-1.6875,-12.75,4,0,2851860432522,45.25,-1.625,-11.25,4,16,2851860432522,0.0,0.0,,,3,0.20104876500000002
00000283--b395338ef9--25:256:1000198,00000283--b395338ef9--25,256,2411277840267,1000198,R1_STABLE_GROUP_REP_CHANGE,192|195,192|195,192,195,1,0,-0.5,2.5625,-0.5,0.5,2.5625,0.5,1,1,55,55,P2_PUBLISHED_COORDINATE_CHANGE,-0.5150604248046875,2.5625,-0.5,-0.8352309659938272,NO_DOWNSTREAM_EFFECT,0,0.10491825870127514,2.2066260134477704,2.1017077547464953,0,0,0,0,0,2,2,108.25,-4.9375,-16.25,8,107.75,-2.375,-16.75,9,N/A_NAN,N/A_NAN,105.25,-2.59375,-16.5,9,1,2411277840267,107.75,-2.375,-16.75,4,6,2411277840267,-0.5055895521744956,-1.3408205181683228,,,8,0.699306235
00000259--f920fb6ddd--4:211:1000140,00000259--f920fb6ddd--4,211,333669268050,1000140,R1_STABLE_GROUP_REP_CHANGE,134|139,134|139,134,139,1,0,-1.25,-2.53125,-1.25,1.25,2.53125,1.25,1,1,34,34,P2_PUBLISHED_COORDINATE_CHANGE,-1.302581787109375,-2.53125,-1.25,-1.2000000000000002,NO_DOWNSTREAM_EFFECT,0,0.16913114837841903,1.7575508982412211,1.588419749862802,0,0,0,0,0,2,2,28.75,-11.5,-10.0,26,27.5,-14.03125,-11.25,27,N/A_NAN,N/A_NAN,26.5,-13.1875,-10.75,27,30,333669268050,27.5,-14.03125,-11.25,21,3,333669268050,-2.501132085307979,-3.701132085307979,,,26,2.500039199
00000261--4ff9c41127--11:280:1000197,00000261--4ff9c41127--11,280,855037474984,1000197,R1_STABLE_GROUP_REP_CHANGE,180|190,180|190,180,190,1,0,-1.5,-2.53125,-1.0,1.5,2.53125,1.0,1,1,77,77,P2_PUBLISHED_COORDINATE_CHANGE,-1.4162673950195312,-2.53125,-1.0,-1.2000000000000002,NO_DOWNSTREAM_EFFECT,0,0.15625,1.175038492163929,1.018788492163929,0,0,0,0,0,2,2,35.0,-11.78125,-9.75,14,33.5,-14.3125,-10.75,15,N/A_NAN,N/A_NAN,34.0,-13.625,-10.75,15,18,855037474984,33.5,-14.3125,-10.75,7,5,855037474984,-6.675977880871731,-7.875977880871731,,,14,1.300230181
00000267--5bcd0e5bb8--18:589:1000790,00000267--5bcd0e5bb8--18,589,3348096436364,1000790,R1_STABLE_GROUP_REP_CHANGE,646|650,646|650,646,650,1,0,0.0,2.53125,-0.5,0.0,2.53125,0.5,1,1,74,74,P2_PUBLISHED_COORDINATE_CHANGE,-0.01264190673828125,2.53125,-0.5,-1.051468508225061,NO_DOWNSTREAM_EFFECT,0,1.0050205069838396,2.522822337320659,1.5178018303368195,0,0,0,0,0,2,2,33.75,-3.90625,1.5,8,33.75,-1.375,1.0,9,N/A_NAN,N/A_NAN,35.75,-2.34375,1.25,9,13,3348096436364,33.75,-1.375,1.0,6,29,3348096436364,0.8735708162859558,-0.1778976919391052,,,5,0.39927415000000005
00000254--0ac259250e--3:275:1000423,00000254--0ac259250e--3,275,263060764974,1000423,R1_STABLE_GROUP_REP_CHANGE,374|382,374|382,374,382,1,0,-0.75,2.5,-1.0,0.75,2.5,1.0,1,1,41,41,P2_PUBLISHED_COORDINATE_CHANGE,-0.7265586853027344,2.5,-1.0,-1.2000000000000002,NO_DOWNSTREAM_EFFECT,0,2.859375,3.5492698999066032,0.6898948999066032,0,0,0,0,0,2,2,63.75,6.625,-5.5,6,63.0,9.125,-6.5,7,N/A_NAN,N/A_NAN,65.5,9.84375,-6.5,7,26,263060764974,63.0,9.125,-6.5,4,31,263060764974,-6.000000000000001,-7.200000000000001,,,6,0.49993583900000005
00000254--0ac259250e--0:453:1000249,00000254--0ac259250e--0,453,98820414863,1000249,R1_STABLE_GROUP_REP_CHANGE,218|226,218|226,218,226,1,0,0.0,2.40625,-0.25,0.0,2.40625,0.25,1,1,39,39,P2_PUBLISHED_COORDINATE_CHANGE,-0.019208908081054688,2.40625,-0.25,-0.43709136823636197,NO_DOWNSTREAM_EFFECT,0,0.79605428868274,2.187170664074583,1.391116375391843,0,0,0,0,0,2,2,21.25,-3.03125,0.75,8,21.25,-0.625,0.5,9,N/A_NAN,N/A_NAN,22.75,-1.71875,0.5,9,22,98820414863,21.25,-0.625,0.5,5,30,98820414863,-0.33559715032300674,-0.7726885185593687,,,8,0.700630136
00000264--31b802e87a--21:321:1000548,00000264--31b802e87a--21,321,1364991879679,1000548,R1_STABLE_GROUP_REP_CHANGE,521|526,521|526,526,521,1,0,-0.75,-2.40625,-0.5,0.75,2.40625,0.5,1,1,61,61,P2_PUBLISHED_COORDINATE_CHANGE,-0.7656631469726562,-2.40625,-0.5,-0.4772911665910091,NO_DOWNSTREAM_EFFECT,0,0.24674798895625827,1.5220815014737958,1.2753335125175376,0,0,0,0,0,2,2,111.75,10.59375,-13.5,6,111.0,8.1875,-14.0,7,N/A_NAN,N/A_NAN,109.75,8.5,-14.25,5,2,1364991879679,111.0,8.1875,-14.0,7,27,1364991879679,-2.343889599750672,-2.8211807663416812,,,2,0.09995624900000001
0000027f--cb2a133365--20:441:1000604,0000027f--cb2a133365--20,441,1316348086696,1000604,R1_STABLE_GROUP_REP_CHANGE,548|564,548|564,548,564,1,0,-2.75,2.40625,-1.0,2.75,2.40625,1.0,1,1,47,47,P2_PUBLISHED_COORDINATE_CHANGE,-2.8212203979492188,2.40625,-1.0,-0.8254876612613371,NO_DOWNSTREAM_EFFECT,0,0.1442380323702821,2.111206342182898,1.966968309812616,0,0,0,0,0,2,2,42.0,14.84375,-9.5,7,39.25,17.25,-10.5,8,N/A_NAN,N/A_NAN,40.5,18.5625,-11.5,19,0,1316348086696,39.25,17.25,-10.5,6,26,1316348086696,-5.219444501666631,-6.044932162927968,,,7,0.599708676
0000028b--ca855432c0--78:350:1000209,0000028b--ca855432c0--78,350,4785731107765,1000209,R1_STABLE_GROUP_REP_CHANGE,199|201,199|201,199,201,1,0,-1.0,-2.375,-1.0,1.0,2.375,1.0,1,1,88,88,P2_PUBLISHED_COORDINATE_CHANGE,-0.9437332153320312,-2.375,-1.0,-1.1392731681591939,NO_DOWNSTREAM_EFFECT,0,0.25569365190066407,1.789580297110013,1.533886645209349,0,0,0,0,0,2,2,32.75,-11.46875,-10.75,12,31.75,-13.84375,-11.75,13,N/A_NAN,N/A_NAN,30.75,-13.6875,-11.75,13,9,4785731107765,31.75,-13.84375,-11.75,12,11,4785731107765,-3.724130114388976,-4.86340328254817,,,12,1.100424215
0000025c--0795289e2c--2:45:1000070,0000025c--0795289e2c--2,45,178465126991,1000070,R1_STABLE_GROUP_REP_CHANGE,66|67,66|67,66,67,1,0,-1.0,2.34375,-0.25,1.0,2.34375,0.25,1,1,55,55,P2_PUBLISHED_COORDINATE_CHANGE,-1.0254592895507812,2.34375,-0.25,0.1910080674803769,NO_DOWNSTREAM_EFFECT,0,0.33275295645262293,1.0665912549222485,0.7338382984696256,0,0,0,0,0,2,2,93.5,-1.1875,-11.5,8,92.5,1.15625,-11.75,9,N/A_NAN,N/A_NAN,91.75,0.625,-12.0,9,3,178465126991,92.5,1.15625,-11.75,9,4,178465126991,-3.129504029459719,-2.938495961979342,,,8,0.7000467170000001
0000026a--171a0a1f5c--25:209:1000386,0000026a--171a0a1f5c--25,209,1574823598233,1000386,R1_STABLE_GROUP_REP_CHANGE,368|370,368|370,368,370,1,0,-1.5,2.34375,-0.25,1.5,2.34375,0.25,1,1,79,79,P2_PUBLISHED_COORDINATE_CHANGE,-1.462249755859375,2.34375,-0.25,-0.35525983913843506,NO_DOWNSTREAM_EFFECT,0,0.220056789139619,1.118642667556017,0.898585878416398,0,0,0,0,0,2,2,119.5,-5.9375,-16.0,9,118.0,-3.59375,-16.25,10,N/A_NAN,N/A_NAN,117.25,-4.46875,-16.25,10,4,1574814154020,118.0,-3.59375,-16.25,7,2,1574814154020,-0.18571542582902179,-0.5409752649674568,,,9,0.799713498
00000259--f920fb6ddd--41:63:1000106,00000259--f920fb6ddd--41,63,2538749600935,1000106,R1_STABLE_GROUP_REP_CHANGE,103|106,103|106,103,106,1,0,-0.5,2.3125,-0.5,0.5,2.3125,0.5,1,1,66,66,P2_PUBLISHED_COORDINATE_CHANGE,-0.5128326416015625,2.3125,-0.5,0.0,NO_DOWNSTREAM_EFFECT,0,0.09367316154832928,0.6883495142660321,0.5946763527177028,0,0,0,0,0,2,2,55.5,5.875,-4.0,3,55.0,8.1875,-4.5,4,N/A_NAN,N/A_NAN,55.25,7.625,-4.5,4,14,2538749600935,55.0,8.1875,-4.5,4,17,2538749600935,0.0,0.0,,,3,0.201903504
00000267--5bcd0e5bb8--2:168:1000073,00000267--5bcd0e5bb8--2,168,2345965866202,1000073,R1_STABLE_GROUP_REP_CHANGE,63|100,63|100,63,100,1,0,-0.75,2.3125,0.5,0.75,2.3125,0.5,1,1,49,49,P2_PUBLISHED_COORDINATE_CHANGE,-0.7356414794921875,2.3125,0.5,1.0,NO_DOWNSTREAM_EFFECT,0,0.15625,2.3132741084349595,2.1570241084349595,0,0,0,0,0,2,2,85.75,7.59375,0.0,74,85.0,9.90625,0.5,75,N/A_NAN,N/A_NAN,84.25,8.71875,0.5,75,20,2345965866202,85.0,9.90625,0.5,14,31,2345965866202,0.0,1.0,,,74,7.299521676
00000247--b657952782--38:412:1000521,00000247--b657952782--38,412,2392333128779,1000521,R1_STABLE_GROUP_REP_CHANGE,496|511,496|511,496,511,1,0,-1.0,2.21875,-0.5,1.0,2.21875,0.5,1,1,39,39,P2_PUBLISHED_COORDINATE_CHANGE,-1.01214599609375,2.21875,-0.5,0.3452292112928319,NO_DOWNSTREAM_EFFECT,0,0.1341657758211099,1.390270497896143,1.2561047220750332,0,0,0,0,0,2,2,48.5,18.25,-10.0,28,47.5,20.46875,-10.5,29,N/A_NAN,N/A_NAN,47.0,21.4375,-11.0,29,12,2392333128779,47.5,20.46875,-10.5,14,15,2392333128779,-8.082188500711101,-7.7369592894182695,,,28,2.7003360140000003
00000261--4ff9c41127--8:220:1000277,00000261--4ff9c41127--8,220,669077054759,1000277,R1_STABLE_GROUP_REP_CHANGE,241|242,241|242,241,242,1,0,-1.0,2.1875,-0.25,1.0,2.1875,0.25,1,1,40,40,P2_PUBLISHED_COORDINATE_CHANGE,-1.124298095703125,2.1875,-0.25,-2.3274892684646113,NO_DOWNSTREAM_EFFECT,0,0.30795899323677656,0.7867919966183883,0.4788330033816117,0,0,0,0,0,2,2,143.25,-3.84375,-12.25,5,142.25,-1.65625,-12.5,6,N/A_NAN,N/A_NAN,141.75,-0.875,-12.75,6,7,669077054759,142.25,-1.65625,-12.5,6,8,669067386975,0.0,-2.3274892684646113,,,5,0.39952705200000005
00000247--b657952782--35:582:1000390,00000247--b657952782--35,582,2229323131085,1000390,R1_STABLE_GROUP_REP_CHANGE,369|376,369|376,369,376,1,0,-0.75,-0.03125,-1.25,0.75,0.03125,1.25,1,1,39,39,P2_PUBLISHED_COORDINATE_CHANGE,-0.7573795318603516,-0.03125,-1.25,-1.2000000000000002,NO_DOWNSTREAM_EFFECT,0,0.566043872025098,1.3062353703696035,0.7401914983445055,0,0,0,0,0,2,2,32.25,-14.0,-8.5,15,31.5,-14.03125,-9.75,16,N/A_NAN,N/A_NAN,30.25,-14.0625,-8.75,16,12,2229323131085,31.5,-14.03125,-9.75,10,22,2229323131085,0.1429830337400675,-1.0570169662599327,,,15,1.400262388
00000254--0ac259250e--29:291:1000282,00000254--0ac259250e--29,291,1824540752788,1000282,R1_STABLE_GROUP_REP_CHANGE,275|287,275|287,287,275,1,0,-1.75,0.3125,-1.25,1.75,0.3125,1.25,1,1,92,92,P2_PUBLISHED_COORDINATE_CHANGE,-1.1012859344482422,0.3125,-1.25,-1.2000000000000002,NO_DOWNSTREAM_EFFECT,0,0.140625,1.0381371150000014,0.8975121150000014,0,0,0,0,0,2,2,20.5,-10.625,-16.25,66,18.75,-10.3125,-17.5,67,N/A_NAN,N/A_NAN,18.0,-10.71875,-16.5,33,14,1824540752788,18.75,-10.3125,-17.5,43,6,1824540752788,0.3896343227762504,-0.8103656772237497,,,4,0.30001419700000004
00000254--0ac259250e--8:270:1000183,00000254--0ac259250e--8,270,562570629938,1000183,R1_STABLE_GROUP_REP_CHANGE,162|167,162|167,167,162,1,0,-0.25,-1.0625,-1.25,0.25,1.0625,1.25,1,1,92,92,P2_PUBLISHED_COORDINATE_CHANGE,-0.2804107666015625,-1.0625,-1.25,0.0,NO_DOWNSTREAM_EFFECT,0,0.29507954950166493,1.602496844410222,1.3074172949085572,0,0,0,0,0,2,2,22.5,-0.1875,-7.5,4,22.25,-1.25,-8.75,5,N/A_NAN,N/A_NAN,21.0,-1.65625,-8.5,5,27,562560797941,22.25,-1.25,-8.75,8,26,562560797941,0.0,0.0,,,4,0.30023055200000004
00000254--0ac259250e--8:340:1000247,00000254--0ac259250e--8,340,569570744194,1000247,R1_STABLE_GROUP_REP_CHANGE,201|225,201|225,225,201,1,0,-1.75,0.53125,1.25,1.75,0.53125,1.25,1,1,62,62,P2_PUBLISHED_COORDINATE_CHANGE,-1.7502727508544922,0.53125,1.25,1.2000000000000002,NO_DOWNSTREAM_EFFECT,0,0.2081452590008439,1.46621250669728,1.258067247696436,0,0,0,0,0,2,2,19.25,-3.5,-14.0,37,17.5,-2.96875,-12.75,38,N/A_NAN,N/A_NAN,19.25,-3.5,-14.0,38,14,569560917220,17.5,-2.96875,-12.75,47,10,569560917220,-0.32694436010425865,0.8730556398957415,,,9,0.799679706
00000257--d1cacb63a0--25:538:1000701,00000257--d1cacb63a0--25,538,1639695052024,1000701,R1_STABLE_GROUP_REP_CHANGE,658|679,658|679,658,679,1,0,-1.5,-0.78125,1.25,1.5,0.78125,1.25,1,1,63,63,P2_PUBLISHED_COORDINATE_CHANGE,-1.467620849609375,-0.78125,1.25,1.2000000000000002,NO_DOWNSTREAM_EFFECT,0,0.484375,1.5067972403860055,1.0224222403860055,0,0,0,0,0,2,2,21.25,3.0,-15.0,15,19.75,2.21875,-13.75,16,N/A_NAN,N/A_NAN,21.25,3.0,-15.0,16,28,1639695052024,19.75,2.21875,-13.75,4,15,1639695052024,-1.5715950886376246,-0.37159508863762447,,,15,1.4004136390000002
00000257--d1cacb63a0--3:507:1000242,00000257--d1cacb63a0--3,507,316542825665,1000242,R1_STABLE_GROUP_REP_CHANGE,250|281,250|281,250,281,1,0,-1.5,-0.25,-1.25,1.5,0.25,1.25,1,1,60,60,P2_PUBLISHED_COORDINATE_CHANGE,-1.5913047790527344,-0.25,-1.25,-1.2000000000000002,NO_DOWNSTREAM_EFFECT,0,0.015625,0.796431796688732,0.780806796688732,0,0,0,0,0,2,2,50.75,-11.6875,-14.75,59,49.25,-11.9375,-16.0,60,N/A_NAN,N/A_NAN,48.5,-11.71875,-14.75,39,28,316542825665,49.25,-11.9375,-16.0,7,3,316533160699,0.5928806739385006,-0.6071193260614995,,,25,2.400638219
00000259--f920fb6ddd--15:306:1000235,00000259--f920fb6ddd--15,306,1003108832166,1000235,R1_STABLE_GROUP_REP_CHANGE,229|230,229|230,229,230,1,0,-1.5,0.0,-1.25,1.5,0.0,1.25,1,1,86,86,P2_PUBLISHED_COORDINATE_CHANGE,-1.5531139373779297,0.0,-1.25,-1.2000000000000002,NO_DOWNSTREAM_EFFECT,0,0.1053700401584079,0.997997520079204,0.892627479920796,0,0,0,0,0,2,2,32.0,6.28125,-17.75,12,30.5,6.28125,-19.0,13,N/A_NAN,N/A_NAN,29.25,6.25,-17.75,13,30,1003108832166,30.5,6.28125,-19.0,11,10,1003108832166,0.6086198089632773,-0.5913801910367229,,,12,1.100325653
00000259--f920fb6ddd--15:308:1000235,00000259--f920fb6ddd--15,308,1003309164935,1000235,R1_STABLE_GROUP_REP_CHANGE,229|230,229|230,230,229,1,0,-1.0,-0.0625,1.25,1.0,0.0625,1.25,1,1,86,86,P2_PUBLISHED_COORDINATE_CHANGE,-0.9731788635253906,-0.0625,1.25,1.2000000000000002,NO_DOWNSTREAM_EFFECT,0,0.346960358412872,1.9268656134823452,1.5799052550694732,0,0,0,0,0,2,2,27.5,6.28125,-19.25,14,26.5,6.21875,-18.0,15,N/A_NAN,N/A_NAN,27.5,6.28125,-19.25,13,10,1003309164935,26.5,6.21875,-18.0,15,30,1003309164935,-1.791380191036723,-0.5913801910367229,,,2,0.10027829
00000259--f920fb6ddd--40:353:1000206,00000259--f920fb6ddd--40,353,2507758532710,1000206,R1_STABLE_GROUP_REP_CHANGE,195|204,195|204,195,204,1,0,-2.0,0.875,-1.25,2.0,0.875,1.25,1,1,65,65,P2_PUBLISHED_COORDINATE_CHANGE,-2.0067825317382812,0.875,-1.25,-0.8229177527196514,NO_DOWNSTREAM_EFFECT,0,0.09015949548760815,1.279454747743804,1.189295252256196,0,0,0,0,0,2,2,51.25,19.0625,-11.75,28,49.25,19.9375,-13.0,29,N/A_NAN,N/A_NAN,50.0,21.125,-12.75,29,13,2507758532710,49.25,19.9375,-13.0,17,22,2507758532710,-7.9983417827786925,-8.821259535498344,,,20,1.898622593
00000259--f920fb6ddd--40:363:1000249,00000259--f920fb6ddd--40,363,2508758986572,1000249,R1_STABLE_GROUP_REP_CHANGE,228|237,228|237,228,237,1,0,-0.75,0.34375,-1.25,0.75,0.34375,1.25,1,1,92,92,P2_PUBLISHED_COORDINATE_CHANGE,-0.7364416122436523,0.34375,-1.25,-1.4420112156612064,NO_DOWNSTREAM_EFFECT,0,1.703125,2.5672236735103513,0.8640986735103513,0,0,0,0,0,2,2,15.5,2.875,-5.0,5,14.75,3.21875,-6.25,6,N/A_NAN,N/A_NAN,13.25,2.3125,-5.75,12,4,2508758986572,14.75,3.21875,-6.25,5,20,2508758986572,0.0,-1.4420112156612064,,,5,0.400317425
0000025c--0795289e2c--7:116:1000131,0000025c--0795289e2c--7,116,485490730647,1000131,R1_STABLE_GROUP_REP_CHANGE,132|150,132|150,132,150,1,0,-2.5,0.0625,1.25,2.5,0.0625,1.25,1,1,89,89,P2_PUBLISHED_COORDINATE_CHANGE,-2.4581995010375977,0.0625,1.25,1.2000000000000002,NO_DOWNSTREAM_EFFECT,0,1.7851478634121651,2.4799039858406333,0.6947561224284682,0,0,0,0,0,2,2,15.75,2.75,-24.5,13,13.25,2.8125,-23.25,14,N/A_NAN,N/A_NAN,11.0,2.59375,-24.25,14,5,485481008932,13.25,2.8125,-23.25,4,23,485490730647,-0.13914804180699655,1.0608519581930036,,,13,1.1984378580000001
0000025d--70dff69b9d--5:587:1000850,0000025d--70dff69b9d--5,587,430372069449,1000850,R1_STABLE_GROUP_REP_CHANGE,806|807,806|807,806,807,1,0,-2.0,0.1875,-1.25,2.0,0.1875,1.25,1,1,77,77,P2_PUBLISHED_COORDINATE_CHANGE,-2.0493011474609375,0.1875,-1.25,-1.2000000000000002,NO_DOWNSTREAM_EFFECT,0,0.8945112768006984,1.8769431384003492,0.9824318615996508,0,0,0,0,0,2,2,34.25,6.5,-22.75,10,32.25,6.6875,-24.0,11,N/A_NAN,N/A_NAN,30.25,6.46875,-22.5,11,19,430372069449,32.25,6.6875,-24.0,10,23,430372069449,1.3273372969463608,0.12733729694636065,,,10,0.899734503
00000261--4ff9c41127--14:106:1000156,00000261--4ff9c41127--14,106,1017577531859,1000156,R1_STABLE_GROUP_REP_CHANGE,148|168,148|168,168,148,1,0,-2.0,-0.03125,-1.25,2.0,0.03125,1.25,1,1,86,86,P2_PUBLISHED_COORDINATE_CHANGE,-2.044234275817871,-0.03125,-1.25,-1.2000000000000002,NO_DOWNSTREAM_EFFECT,0,1.3593749999999998,2.448012667890824,1.088637667890824,0,0,0,0,0,2,2,16.25,2.875,-24.5,12,14.25,2.84375,-25.75,13,N/A_NAN,N/A_NAN,16.25,2.875,-24.5,4,30,1017577531859,14.25,2.84375,-25.75,13,21,1017577531859,1.1197654294893848,-0.08023457051061533,,,1,0.0
00000261--4ff9c41127--24:318:1000284,00000261--4ff9c41127--24,318,1638747585318,1000284,R1_STABLE_GROUP_REP_CHANGE,265|366,265|366,265,366,1,0,-1.0,-0.21875,1.25,1.0,0.21875,1.25,1,1,84,84,P2_PUBLISHED_COORDINATE_CHANGE,-0.974822998046875,-0.21875,1.25,1.2000000000000002,NO_DOWNSTREAM_EFFECT,0,0.16474817333291547,0.9695072808735814,0.8047591075406659,0,0,0,0,0,2,2,56.75,-6.21875,-8.0,127,55.75,-6.4375,-6.75,128,N/A_NAN,N/A_NAN,55.25,-6.78125,-8.25,128,13,1638747585318,55.75,-6.4375,-6.75,24,29,1638747585318,-0.6722015048176961,0.527798495182304,,,127,12.610729050000002
00000264--31b802e87a--18:513:1000417,00000264--31b802e87a--18,513,1204181078313,1000417,R1_STABLE_GROUP_REP_CHANGE,407|410,407|410,407,410,1,0,-3.5,0.28125,1.25,3.5,0.28125,1.25,1,1,57,57,P2_PUBLISHED_COORDINATE_CHANGE,-3.4970273971557617,0.28125,1.25,0.4486763828366991,NO_DOWNSTREAM_EFFECT,0,0.004305948046185115,1.9302777562872593,1.9259718082410742,0,0,0,0,0,2,2,20.0,2.375,-23.25,5,16.5,2.65625,-22.0,6,N/A_NAN,N/A_NAN,15.75,2.40625,-23.25,6,23,1204181078313,16.5,2.65625,-22.0,5,27,1204181078313,0.0,0.4486763828366991,,,5,0.399559637
00000269--4014745f93--20:133:1000187,00000269--4014745f93--20,133,1284046162386,1000187,R1_STABLE_GROUP_REP_CHANGE,183|184,183|184,183,184,1,0,-2.5,0.0,1.25,2.5,0.0,1.25,1,1,95,95,P2_PUBLISHED_COORDINATE_CHANGE,-2.486177444458008,0.0,1.25,1.2000000000000002,NO_DOWNSTREAM_EFFECT,0,1.7530402372758793,2.4702654889034523,0.717225251627573,0,0,0,0,0,2,2,17.0,2.65625,-24.0,10,14.5,2.65625,-22.75,11,N/A_NAN,N/A_NAN,12.25,2.625,-24.25,11,13,1284046162386,14.5,2.65625,-22.75,10,14,1284046162386,-1.0710931334750795,0.12890686652492067,,,1,0.0
00000269--4014745f93--7:116:1000103,00000269--4014745f93--7,116,502447078071,1000103,R1_STABLE_GROUP_REP_CHANGE,114|154,114|154,154,114,1,0,-1.25,0.15625,1.25,1.25,0.15625,1.25,1,1,50,50,P2_PUBLISHED_COORDINATE_CHANGE,-1.26959228515625,0.15625,1.25,1.2000000000000002,NO_DOWNSTREAM_EFFECT,0,0.4922922769551743,1.2930211384775872,0.8007288615224128,0,0,0,0,0,2,2,76.75,-2.8125,-13.5,47,75.5,-2.65625,-12.25,48,N/A_NAN,N/A_NAN,74.75,-3.34375,-12.75,13,28,502447078071,75.5,-2.65625,-12.25,38,20,502447078071,-1.1446816481609041,0.05531835183909606,,,3,0.20116117
0000026a--171a0a1f5c--2:550:1000395,0000026a--171a0a1f5c--2,550,228895603682,1000395,R1_STABLE_GROUP_REP_CHANGE,360|363,360|363,360,363,1,0,-1.25,0.125,1.25,1.25,0.125,1.25,1,1,32,32,P2_PUBLISHED_COORDINATE_CHANGE,-1.3093643188476562,0.125,1.25,1.2000000000000002,NO_DOWNSTREAM_EFFECT,0,0.41154107674967566,1.1745205383748378,0.7629794616251622,0,0,0,0,0,2,2,60.0,4.34375,-11.25,14,58.75,4.46875,-10.0,15,N/A_NAN,N/A_NAN,60.0,4.34375,-11.25,15,28,228895603682,58.75,4.46875,-10.0,11,9,228895603682,-0.9642770808637171,0.23572291913628307,,,14,1.300334467
0000026a--171a0a1f5c--24:557:1000661,0000026a--171a0a1f5c--24,557,1549614320117,1000661,R1_STABLE_GROUP_REP_CHANGE,622|671,622|671,622,671,1,0,-0.75,-0.25,1.25,0.75,0.25,1.25,1,1,89,89,P2_PUBLISHED_COORDINATE_CHANGE,-0.7232418060302734,-0.25,1.25,1.2000000000000002,NO_DOWNSTREAM_EFFECT,0,0.01024100784150761,1.8660986542145501,1.8558576463730425,0,0,0,0,0,2,2,26.0,-4.125,-18.5,30,25.25,-4.375,-17.25,31,N/A_NAN,N/A_NAN,26.0,-4.125,-18.5,45,19,1549614320117,25.25,-4.375,-17.25,12,5,1549614320117,-0.5863962795932992,0.613603720406701,,,3,0.19932944100000002
0000026a--171a0a1f5c--25:587:1000799,0000026a--171a0a1f5c--25,587,1612624741715,1000799,R1_STABLE_GROUP_REP_CHANGE,764|765,764|765,764,765,1,0,-2.0,0.25,1.25,2.0,0.25,1.25,1,1,83,83,P2_PUBLISHED_COORDINATE_CHANGE,-1.93218994140625,0.25,1.25,1.2000000000000002,NO_DOWNSTREAM_EFFECT,0,0.03656709779078948,1.3932835488953947,1.3567164511046053,0,0,0,0,0,2,2,41.5,6.53125,-13.75,9,39.5,6.78125,-12.5,10,N/A_NAN,N/A_NAN,41.5,6.53125,-13.75,10,26,1612624741715,39.5,6.78125,-12.5,10,27,1612624741715,-1.0522434822854274,0.14775651771457277,,,9,0.799533416
0000026d--2363789071--39:202:1000101,0000026d--2363789071--39,202,2463723070247,1000101,R1_STABLE_GROUP_REP_CHANGE,101|110,101|110,101,110,1,0,-2.75,0.03125,1.25,2.75,0.03125,1.25,1,1,75,75,P2_PUBLISHED_COORDINATE_CHANGE,-2.7130813598632812,0.03125,1.25,1.2000000000000002,NO_DOWNSTREAM_EFFECT,0,0.09833951907198646,1.1654872028928986,1.0671476838209122,0,0,0,0,0,2,2,76.25,-5.75,-23.25,36,73.5,-5.71875,-22.0,37,N/A_NAN,N/A_NAN,72.75,-5.78125,-23.25,37,11,2463723070247,73.5,-5.71875,-22.0,16,6,2463723070247,0.4248666505109791,1.6248666505109792,,,10,0.9005403540000001
0000026d--2363789071--39:203:1000101,0000026d--2363789071--39,203,2463823641216,1000101,R1_STABLE_GROUP_REP_CHANGE,101|110,101|110,110,101,1,0,-0.75,-0.0625,-1.25,0.75,0.0625,1.25,1,1,75,75,P2_PUBLISHED_COORDINATE_CHANGE,-0.7569656372070312,-0.0625,-1.25,-1.2000000000000002,NO_DOWNSTREAM_EFFECT,0,0.14312198743430748,2.2412251901023668,2.0981032026680593,0,0,0,0,0,2,2,73.5,-5.71875,-22.0,37,72.75,-5.78125,-23.25,38,N/A_NAN,N/A_NAN,73.5,-5.71875,-22.0,17,6,2463823641216,72.75,-5.78125,-23.25,38,11,2463823641216,1.6248666505109792,0.42486665051097905,,,1,0.0
0000026d--2363789071--90:104:1000057,0000026d--2363789071--90,104,5514102722024,1000057,R1_STABLE_GROUP_REP_CHANGE,58|60,58|60,60,58,1,0,-2.75,-0.28125,-1.25,2.75,0.28125,1.25,1,1,89,89,P2_PUBLISHED_COORDINATE_CHANGE,-2.7548828125,-0.28125,-1.25,-1.2000000000000002,NO_DOWNSTREAM_EFFECT,0,2.1887275016404644,2.9361839770589135,0.7474564754184492,0,0,0,0,0,2,2,128.0,-16.9375,-27.0,11,125.25,-17.21875,-28.25,12,N/A_NAN,N/A_NAN,122.5,-16.96875,-27.25,11,30,5514102722024,125.25,-17.21875,-28.25,12,27,5514102722024,0.8739880892460214,-0.32601191075397873,,,1,0.0
00000273--d384c0a41a--29:97:1000038,00000273--d384c0a41a--29,97,1803759849724,1000038,R1_STABLE_GROUP_REP_CHANGE,39|47,39|47,39,47,1,0,-2.75,0.375,1.25,2.75,0.375,1.25,1,1,70,70,P2_PUBLISHED_COORDINATE_CHANGE,-2.159393310546875,0.375,1.25,1.2000000000000002,NO_DOWNSTREAM_EFFECT,0,0.5570547650867752,1.5340242997621374,0.9769695346753622,0,0,0,0,0,2,2,101.5,-9.46875,-29.25,17,98.75,-9.09375,-28.0,18,N/A_NAN,N/A_NAN,97.25,-9.0625,-29.25,18,4,1803750369194,98.75,-9.09375,-28.0,4,18,1803759849724,0.31403070945108574,1.5140307094510859,,,17,1.609411044
00000273--d384c0a41a--29:98:1000038,00000273--d384c0a41a--29,98,1803860789827,1000038,R1_STABLE_GROUP_REP_CHANGE,39|47,39|47,47,39,1,0,-1.5,0.03125,-1.25,1.5,0.03125,1.25,1,1,70,70,P2_PUBLISHED_COORDINATE_CHANGE,-1.7684860229492188,0.03125,-1.25,-1.2000000000000002,NO_DOWNSTREAM_EFFECT,0,0.8903470985046535,2.8388777634107596,1.948530664906106,0,0,0,0,0,2,2,98.75,-9.09375,-28.0,18,97.25,-9.0625,-29.25,19,N/A_NAN,N/A_NAN,98.75,-9.09375,-28.0,5,18,1803860789827,97.25,-9.0625,-29.25,19,4,1803860789827,1.5140307094510859,0.3140307094510857,,,1,0.0
00000280--91181081d4--4:99:1000110,00000280--91181081d4--4,99,2715281875066,1000110,R1_STABLE_GROUP_REP_CHANGE,98|114,98|114,114,98,1,0,-0.75,0.21875,-1.25,0.75,0.21875,1.25,1,1,71,71,P2_PUBLISHED_COORDINATE_CHANGE,-0.7487373352050781,0.21875,-1.25,-1.2000000000000002,NO_DOWNSTREAM_EFFECT,0,0.015625,0.9942597444306522,0.9786347444306522,0,0,0,0,0,2,2,49.5,-4.78125,-9.75,10,48.75,-4.5625,-11.0,11,N/A_NAN,N/A_NAN,49.5,-4.78125,-9.75,6,24,2715281875066,48.75,-4.5625,-11.0,17,28,2715281875066,2.7696403802737426,1.5696403802737424,,,2,0.10029131200000001
00000294--307ed6c5e3--21:380:1000322,00000294--307ed6c5e3--21,380,1406413616912,1000322,R1_STABLE_GROUP_REP_CHANGE,301|304,301|304,301,304,1,0,-0.75,0.3125,-1.25,0.75,0.3125,1.25,1,1,48,48,P2_PUBLISHED_COORDINATE_CHANGE,-0.809173583984375,0.3125,-1.25,-1.2000000000000002,NO_DOWNSTREAM_EFFECT,0,1.1380438158547825,2.2877719079273913,1.1497280920726087,0,0,0,0,0,2,2,66.25,-10.46875,-11.25,15,65.5,-10.15625,-12.5,16,N/A_NAN,N/A_NAN,63.75,-10.78125,-12.75,16,24,1406413616912,65.5,-10.15625,-12.5,13,18,1406413616912,1.3762454230928305,0.1762454230928303,,,15,1.400225831
00000254--0ac259250e--38:480:1000608,00000254--0ac259250e--38,480,2383500581133,1000608,R1_STABLE_GROUP_REP_CHANGE,516|518,516|518,518,516,1,0,-0.75,-2.125,0.0,0.75,2.125,0.0,1,1,79,79,P2_PUBLISHED_COORDINATE_CHANGE,-0.8414649963378906,-2.125,0.0,-0.0040379573058447775,NO_DOWNSTREAM_EFFECT,0,0.18983953940382037,1.7123535912494876,1.5225140518456672,0,0,0,0,0,2,2,42.5,-1.1875,-2.5,18,41.75,-3.3125,-2.5,19,N/A_NAN,N/A_NAN,43.25,-2.6875,-2.5,17,14,2383500581133,41.75,-3.3125,-2.5,19,3,2383500581133,0.010094893264611944,0.006056935958767167,,,8,0.700083659
00000254--0ac259250e--4:360:1000203,00000254--0ac259250e--4,360,331500761276,1000203,R1_STABLE_GROUP_REP_CHANGE,182|185,182|185,182,185,1,0,-0.75,-2.125,-0.5,0.75,2.125,0.5,1,1,71,71,P2_PUBLISHED_COORDINATE_CHANGE,-0.6610832214355469,-2.125,-0.5,0.13878089933576998,NO_DOWNSTREAM_EFFECT,0,0.7275027002262959,1.945222014213126,1.21771931398683,0,0,0,0,0,2,2,43.25,-4.59375,-9.25,12,42.5,-6.71875,-9.75,13,N/A_NAN,N/A_NAN,41.25,-6.6875,-9.75,13,19,331500761276,42.5,-6.71875,-9.75,11,24,331500761276,-4.545201102187101,-4.406420202851331,,,12,1.108758013
00000257--d1cacb63a0--1:181:1000266,00000257--d1cacb63a0--1,181,163952510079,1000266,R1_STABLE_GROUP_REP_CHANGE,236|245,236|245,236,245,1,0,-1.75,2.125,-0.5,1.75,2.125,0.5,1,1,47,47,P2_PUBLISHED_COORDINATE_CHANGE,-1.692352294921875,2.125,-0.5,0.10000505308532048,NO_DOWNSTREAM_EFFECT,0,0.24810659646189137,0.9521782982309457,0.7040717017690543,0,0,0,0,0,2,2,72.25,15.03125,-8.25,14,70.5,17.15625,-8.75,15,N/A_NAN,N/A_NAN,71.5,17.21875,-9.0,15,3,163952510079,70.5,17.15625,-8.75,7,23,163952510079,-6.8441501068717185,-6.744145053786398,,,14,1.300316446
00000247--b657952782--38:65:1000043,00000247--b657952782--38,65,2357632767670,1000043,R1_STABLE_GROUP_REP_CHANGE,44|46,44|46,44,46,1,0,-1.5,2.09375,-0.5,1.5,2.09375,0.5,1,1,75,75,P2_PUBLISHED_COORDINATE_CHANGE,-1.4917678833007812,2.09375,-0.5,-1.1475771216550923,NO_DOWNSTREAM_EFFECT,0,0.07077419168836485,0.7644234426487593,0.6936492509603944,0,0,0,0,0,2,2,91.25,22.84375,-12.75,22,89.75,24.9375,-13.25,23,N/A_NAN,N/A_NAN,89.5,25.625,-13.5,23,10,2357623265401,89.75,24.9375,-13.25,23,13,2357623265401,-3.657015143634065,-4.804592265289157,,,2,0.10061687700000001
0000026a--171a0a1f5c--34:223:1000339,0000026a--171a0a1f5c--34,223,2116235035747,1000339,R1_STABLE_GROUP_REP_CHANGE,321|325|327,321|325|327,321,325,1,0,-2.5,-2.09375,-1.0,2.5,2.09375,1.0,1,1,53,53,P2_PUBLISHED_COORDINATE_CHANGE,-2.52813720703125,-2.09375,-1.0,-0.8954530348759802,NO_DOWNSTREAM_EFFECT,0,0.07812202719770056,1.2968735135988503,1.2187514864011497,0,0,0,0,0,3,3,66.0,-22.28125,-10.25,21,63.5,-24.375,-11.25,22,N/A_NAN,N/A_NAN,65.0,-24.40625,-11.25,22,14,2116235035747,63.5,-24.375,-11.25,20,23,2116235035747,-7.416594404973998,-8.312047439849978,,,21,2.0006528770000003
0000029b--52f66a3abc--14:558:1000632,0000029b--52f66a3abc--14,558,992928896360,1000632,R1_STABLE_GROUP_REP_CHANGE,613|621,613|621,621,613,1,0,-1.75,2.0625,-0.5,1.75,2.0625,0.5,1,1,91,91,P2_PUBLISHED_COORDINATE_CHANGE,-1.567291259765625,2.0625,-0.5,-0.820406365957149,NO_DOWNSTREAM_EFFECT,0,0.004350344555025032,0.8416973001759605,0.8373469556209354,0,0,0,0,0,2,2,134.25,-9.8125,-20.0,13,132.5,-7.75,-20.5,14,N/A_NAN,N/A_NAN,132.75,-9.21875,-20.25,7,29,992928896360,132.5,-7.75,-20.5,14,16,992928896360,-0.6377323163439399,-1.458138682301089,,,1,0.0
00000264--31b802e87a--21:324:1000548,00000264--31b802e87a--21,324,1365291624579,1000548,R1_STABLE_GROUP_REP_CHANGE,521|526,521|526,526,521,1,0,-1.0,-2.03125,-0.25,1.0,2.03125,0.25,1,1,61,61,P2_PUBLISHED_COORDINATE_CHANGE,-1.0326080322265625,-2.03125,-0.25,0.39134422254349843,NO_DOWNSTREAM_EFFECT,0,0.05120299226561542,0.9771349907125582,0.9259319984469427,0,0,0,0,0,2,2,108.25,6.71875,-14.5,9,107.25,4.6875,-14.75,10,N/A_NAN,N/A_NAN,106.5,4.8125,-15.0,8,2,1365291624579,107.25,4.6875,-14.75,10,27,1365291624579,-2.604624437284197,-2.2132802147406987,,,1,0.0
0000029b--52f66a3abc--1:26:1000020,0000029b--52f66a3abc--1,26,159791666112,1000020,R1_STABLE_GROUP_REP_CHANGE,20|33,20|33,20,33,1,0,-2.0,2.0,-0.5,2.0,2.0,0.5,1,1,52,52,P2_PUBLISHED_COORDINATE_CHANGE,-2.180126190185547,2.0,-0.5,0.5423642162607916,NO_DOWNSTREAM_EFFECT,0,0.2605936553117516,0.9885353767303648,0.7279417214186132,0,0,0,0,0,2,2,64.75,16.0,-10.0,16,62.75,18.0,-10.5,17,N/A_NAN,N/A_NAN,63.75,18.15625,-10.75,17,22,159791666112,62.75,18.0,-10.5,10,10,159779064793,-7.542387630271575,-7.0000234140107835,,,16,1.4987630710000002
00000280--91181081d4--30:416:1000651,00000280--91181081d4--30,416,4306860248500,1000651,R1_STABLE_GROUP_REP_CHANGE,612|614,612|614,614,612,1,0,-5.25,1.96875,0.0,5.25,1.96875,0.0,1,1,33,33,P2_PUBLISHED_COORDINATE_CHANGE,-5.300483703613281,1.96875,0.0,0.046943818558256245,NO_DOWNSTREAM_EFFECT,0,0.09375,3.4809192685589125,3.3871692685589125,0,0,0,0,0,2,2,94.5,-7.21875,-26.25,8,89.25,-5.25,-26.25,9,N/A_NAN,N/A_NAN,88.75,-6.0625,-26.25,9,15,4306860248500,89.25,-5.25,-26.25,9,11,4306860248500,-0.61959766865739,-0.5726538500991337,,,6,0.49992846
00000254--0ac259250e--37:298:1000411,00000254--0ac259250e--37,298,2305300931843,1000411,R1_STABLE_GROUP_REP_CHANGE,361|373,361|373,373,361,1,0,0.0,-1.9375,0.25,0.0,1.9375,0.25,1,1,86,86,P2_PUBLISHED_COORDINATE_CHANGE,0.015987396240234375,-1.9375,0.25,0.0,NO_DOWNSTREAM_EFFECT,0,0.109375,1.2258348128783512,1.1164598128783512,0,0,0,0,0,2,2,53.5,5.71875,-0.25,4,53.5,3.78125,0.0,5,N/A_NAN,N/A_NAN,54.0,4.5625,0.0,5,26,2305300931843,53.5,3.78125,0.0,10,10,2305300931843,0.0,0.0,,,4,0.290410942
00000259--f920fb6ddd--41:305:1000453,00000259--f920fb6ddd--41,305,2562949247137,1000453,R1_STABLE_GROUP_REP_CHANGE,420|448,420|448,420,448,1,0,-0.75,1.9375,-0.75,0.75,1.9375,0.75,1,1,51,51,P2_PUBLISHED_COORDINATE_CHANGE,-0.7414741516113281,1.9375,-0.75,-1.2000000000000002,NO_DOWNSTREAM_EFFECT,0,0.46875,1.5497440060090666,1.0809940060090666,0,0,0,0,0,2,2,31.0,2.4375,-4.25,25,30.25,4.375,-5.0,26,N/A_NAN,N/A_NAN,29.5,4.3125,-4.5,26,0,2562938605209,30.25,4.375,-5.0,10,14,2562938605209,-2.09459272078128,-3.29459272078128,,,3,0.198949707
0000026d--2363789071--24:131:1000114,0000026d--2363789071--24,131,1556722473297,1000114,R1_STABLE_GROUP_REP_CHANGE,112|115,112|115,115,112,1,0,-2.0,1.9375,0.25,2.0,1.9375,0.25,1,1,86,86,P2_PUBLISHED_COORDINATE_CHANGE,-2.01153564453125,1.9375,0.25,0.5763393873348316,NO_DOWNSTREAM_EFFECT,0,0.2340103238647373,1.9214639171268146,1.6874535932620773,0,0,0,0,0,2,2,130.25,-5.34375,-28.0,9,128.25,-3.40625,-27.75,10,N/A_NAN,N/A_NAN,125.75,-4.59375,-28.0,10,29,1556722473297,128.25,-3.40625,-27.75,9,31,1556722473297,-0.2141611853163951,0.3621782020184365,,,9,0.8002813390000001
00000273--d384c0a41a--7:470:1000200,00000273--d384c0a41a--7,470,521143238972,1000200,R1_STABLE_GROUP_REP_CHANGE,201|204,201|204,204,201,1,0,-6.75,0.875,-0.25,6.75,0.875,0.25,1,1,95,95,P2_PUBLISHED_COORDINATE_CHANGE,-6.804691314697266,0.875,-0.25,-0.5639733253194207,NO_DOWNSTREAM_EFFECT,0,1.28125,3.2994109567925145,2.0181609567925145,0,0,0,0,0,2,2,44.5,14.65625,-52.25,20,37.75,15.53125,-52.5,21,N/A_NAN,N/A_NAN,36.0,14.84375,-52.25,11,19,521143238972,37.75,15.53125,-52.5,16,17,521143238972,-0.07526353229104321,-0.6392368576104639,,,6,0.50184435
0000026d--2363789071--74:584:1000279,0000026d--2363789071--74,584,4602042679263,1000279,R1_STABLE_GROUP_REP_CHANGE,280|281,280|281,281,280,1,0,-6.5,0.15625,0.0,6.5,0.15625,0.0,1,1,67,67,P2_PUBLISHED_COORDINATE_CHANGE,-6.566215515136719,0.15625,0.0,-0.3330478167758467,NO_DOWNSTREAM_EFFECT,0,2.078125,3.269552663502547,1.1914276635025471,0,0,0,0,0,2,2,54.5,10.84375,-53.25,17,48.0,11.0,-53.25,18,N/A_NAN,N/A_NAN,46.0,10.90625,-53.0,11,7,4602042679263,48.0,11.0,-53.25,14,0,4602042679263,0.16175060504117011,-0.1712972117346766,,,4,0.298940388
00000257--d1cacb63a0--30:314:1000471,00000257--d1cacb63a0--30,314,1917284785407,1000471,R1_STABLE_GROUP_REP_CHANGE,424|428,424|428,424,428,1,0,-2.75,-1.84375,-0.25,2.75,1.84375,0.25,1,1,90,90,P2_PUBLISHED_COORDINATE_CHANGE,-2.73486328125,-1.84375,-0.25,1.1739942247236286,NO_DOWNSTREAM_EFFECT,0,0.46503329670110105,1.3965791483505505,0.9315458516494495,0,0,0,0,0,2,2,66.75,-27.03125,-11.75,15,64.0,-28.875,-12.0,16,N/A_NAN,N/A_NAN,65.5,-29.53125,-12.5,16,21,1917284785407,64.0,-28.875,-12.0,15,2,1917284785407,-8.695825481138034,-7.521831256414405,,,15,1.399633984
00000280--91181081d4--44:342:1000283,00000280--91181081d4--44,342,5139740138775,1000283,R1_STABLE_GROUP_REP_CHANGE,262|272,262|272,262,272,1,0,-1.0,-1.84375,-0.75,1.0,1.84375,0.75,1,1,57,57,P2_PUBLISHED_COORDINATE_CHANGE,-1.0284652709960938,-1.84375,-0.75,-1.2000000000000002,NO_DOWNSTREAM_EFFECT,0,1.6139766578502392,2.4774171802027043,0.863440522352465,0,0,0,0,0,2,2,54.5,-0.15625,-5.75,11,53.5,-2.0,-6.5,12,N/A_NAN,N/A_NAN,51.75,-1.40625,-6.0,12,2,5139740138775,53.5,-2.0,-6.5,4,15,5139740138775,-2.164404722455476,-3.3644047224554763,,,11,1.000094035
0000025d--70dff69b9d--5:118:1000207,0000025d--70dff69b9d--5,118,383462251326,1000207,R1_STABLE_GROUP_REP_CHANGE,198|206,198|206,198,206,1,0,-1.5,-1.8125,-0.25,1.5,1.8125,0.25,1,1,63,63,P2_PUBLISHED_COORDINATE_CHANGE,-1.50592041015625,-1.8125,-0.25,-0.14654162014831518,NO_DOWNSTREAM_EFFECT,0,0.7939796203065727,1.6285859924296946,0.8346063721231219,0,0,0,0,0,2,2,90.25,-1.21875,-15.25,18,88.75,-3.03125,-15.5,19,N/A_NAN,N/A_NAN,87.5,-2.1875,-15.5,19,16,383462251326,88.75,-3.03125,-15.5,17,19,383462251326,-0.4745445998510144,-0.6210862199993296,,,1,0.0
0000029b--52f66a3abc--22:419:1000592,0000029b--52f66a3abc--22,419,1459080761906,1000592,R1_STABLE_GROUP_REP_CHANGE,556|567,556|567,567,556,1,0,-1.5,1.8125,-0.75,1.5,1.8125,0.75,1,1,66,66,P2_PUBLISHED_COORDINATE_CHANGE,-1.6290550231933594,1.8125,-0.75,-0.2965421297532984,NO_DOWNSTREAM_EFFECT,0,0.15584512401074946,1.1563383930719464,1.000493269061197,0,0,0,0,0,2,2,59.75,17.125,-13.25,16,58.25,18.9375,-14.0,17,N/A_NAN,N/A_NAN,58.25,19.53125,-14.25,11,21,1459080761906,58.25,18.9375,-14.0,17,15,1459071798689,-7.9076021655378685,-8.204144295291167,,,6,0.500441935
00000247--b657952782--1:338:1000446,00000247--b657952782--1,338,164862695450,1000446,R1_STABLE_GROUP_REP_CHANGE,404|410,404|410,410,404,1,0,-0.75,-1.78125,-0.5,0.75,1.78125,0.5,1,1,67,67,P2_PUBLISHED_COORDINATE_CHANGE,-0.7669181823730469,-1.78125,-0.5,0.21719304626480884,NO_DOWNSTREAM_EFFECT,0,0.2976028412645917,1.0596688090652808,0.7620659678006891,0,0,0,0,0,2,2,24.25,-4.03125,-6.25,8,23.5,-5.8125,-6.75,9,N/A_NAN,N/A_NAN,23.0,-5.75,-6.5,6,10,164862695450,23.5,-5.8125,-6.75,9,0,164862695450,-4.489635903703486,-4.272442857438677,,,1,0.0
00000264--31b802e87a--16:128:1000140,00000264--31b802e87a--16,128,1045692558582,1000140,R1_STABLE_GROUP_REP_CHANGE,139|140,139|140,140,139,1,0,-6.25,0.21875,0.0,6.25,0.21875,0.0,1,1,56,56,P2_PUBLISHED_COORDINATE_CHANGE,-6.2063140869140625,0.21875,0.0,0.12395586273033032,NO_DOWNSTREAM_EFFECT,0,0.53125,2.715413416179854,2.184163416179854,0,0,0,0,0,2,2,101.25,11.0625,-40.25,14,95.0,11.28125,-40.25,15,N/A_NAN,N/A_NAN,94.5,11.21875,-40.25,15,6,1045692558582,95.0,11.28125,-40.25,15,5,1045692558582,-0.6527367578521923,-0.528780895121862,,,3,0.18956367500000001
0000026d--2363789071--74:580:1000279,0000026d--2363789071--74,580,4601643133861,1000279,R1_STABLE_GROUP_REP_CHANGE,280|281,280|281,280,281,1,0,-6.25,-0.0625,0.25,6.25,0.0625,0.25,1,1,67,67,P2_PUBLISHED_COORDINATE_CHANGE,-6.280464172363281,-0.0625,0.25,0.47068849857240236,NO_DOWNSTREAM_EFFECT,0,0.0748832537275348,1.1477652136472383,1.0728819599197035,0,0,0,0,0,2,2,75.25,10.65625,-53.75,13,69.0,10.59375,-53.5,14,N/A_NAN,N/A_NAN,71.0,10.75,-53.75,10,0,4601643133861,69.0,10.59375,-53.5,7,7,4601643133861,0.41653632997399825,0.8872248285464006,,,6,0.500581057
0000026d--2363789071--74:585:1000279,0000026d--2363789071--74,585,4602142849893,1000279,R1_STABLE_GROUP_REP_CHANGE,280|281,280|281,280,281,1,0,-6.25,-0.03125,0.5,6.25,0.03125,0.5,1,1,67,67,P2_PUBLISHED_COORDINATE_CHANGE,-6.063175201416016,-0.03125,0.5,0.8039416569813369,NO_DOWNSTREAM_EFFECT,0,0.03526168758800452,1.227713320880711,1.1924516332927064,0,0,0,0,0,2,2,48.0,11.0,-53.25,18,41.75,10.96875,-52.75,19,N/A_NAN,N/A_NAN,43.75,11.03125,-53.0,15,0,4602142849893,41.75,10.96875,-52.75,12,7,4602142849893,-0.1712972117346766,0.6326444452466603,,,1,0.0
00000285--27dca1de75--16:105:1000049,00000285--27dca1de75--16,105,1138571794876,1000049,R1_STABLE_GROUP_REP_CHANGE,51|59,51|59,51,59,1,0,-6.25,0.375,-0.25,6.25,0.375,0.25,1,1,81,81,P2_PUBLISHED_COORDINATE_CHANGE,-6.738372802734375,0.375,-0.25,-0.5990145278900358,NO_DOWNSTREAM_EFFECT,0,0.14508236103958438,1.3809015270634943,1.23581916602391,0,0,0,0,0,2,2,70.75,5.875,-52.25,15,64.5,6.25,-52.5,16,N/A_NAN,N/A_NAN,66.75,6.09375,-52.5,15,18,1138571794876,64.5,6.25,-52.5,7,19,1138571794876,-0.5363516283024783,-1.1353661561925141,,,7,0.599929887
0000025c--0795289e2c--1:63:1000082,0000025c--0795289e2c--1,63,120283959871,1000082,R1_STABLE_GROUP_REP_CHANGE,70|81|82,70|81|82,70,82,1,0,-0.25,1.75,-0.5,0.25,1.75,0.5,1,1,48,48,P2_PUBLISHED_COORDINATE_CHANGE,-0.2142486572265625,1.75,-0.5,-1.2000000000000002,NO_DOWNSTREAM_EFFECT,0,0.506274123777871,1.3859658669015653,0.8796917431236944,0,0,0,0,0,3,3,67.0,1.65625,-5.5,6,66.75,3.40625,-6.0,7,N/A_NAN,N/A_NAN,65.75,3.78125,-6.0,19,31,120283959871,66.75,3.40625,-6.0,7,18,120283959871,-1.0651423389570707,-2.265142338957071,,,1,0.0
00000261--4ff9c41127--0:576:1000450,00000261--4ff9c41127--0,576,223037610461,1000450,R1_STABLE_GROUP_REP_CHANGE,430|434,430|434,430,434,1,0,-1.0,1.75,0.0,1.0,1.75,0.0,1,1,43,43,P2_PUBLISHED_COORDINATE_CHANGE,-1.0030975341796875,1.75,0.0,-0.014041777094832737,NO_DOWNSTREAM_EFFECT,0,0.609375,1.8964369224166988,1.2870619224166988,0,0,0,0,0,2,2,40.75,-3.09375,-5.5,56,39.75,-1.34375,-5.5,57,N/A_NAN,N/A_NAN,38.75,-2.375,-5.25,39,3,223037610461,39.75,-1.34375,-5.5,33,26,223037610461,0.03510444273708184,0.021062665642249102,,,31,2.998143411
00000261--4ff9c41127--28:336:1000223,00000261--4ff9c41127--28,336,1880657522046,1000223,R1_STABLE_GROUP_REP_CHANGE,176|212,176|212,212,176,1,0,-2.0,1.75,0.0,2.0,1.75,0.0,1,1,69,69,P2_PUBLISHED_COORDINATE_CHANGE,-1.9998564720153809,1.75,0.0,0.05563804925950666,NO_DOWNSTREAM_EFFECT,0,0.265625,3.1663536906580503,2.9007286906580503,1,1,0,0,0,2,2,8.5,-1.34375,0.25,157,6.5,0.40625,0.25,158,N/A_NAN,N/A_NAN,6.0,-0.0625,0.25,70,23,1880657522046,6.5,0.40625,0.25,187,7,1880657522046,-0.2415938357186298,-0.18595578645912314,,,33,3.200061551
0000025d--70dff69b9d--7:364:1000488,0000025d--70dff69b9d--7,364,527971956297,1000488,R1_STABLE_GROUP_REP_CHANGE,454|474,454|474,454,474,1,0,-0.5,1.71875,-0.5,0.5,1.71875,0.5,1,1,46,46,P2_PUBLISHED_COORDINATE_CHANGE,-0.5202484130859375,1.71875,-0.5,-0.6583636951480463,NO_DOWNSTREAM_EFFECT,0,0.16194224450683237,1.5741546343892878,1.4122123898824555,0,0,0,0,0,2,2,56.0,22.125,-9.25,25,55.5,23.84375,-9.75,26,N/A_NAN,N/A_NAN,54.0,25.03125,-10.0,26,18,527971956297,55.5,23.84375,-9.75,16,7,527971956297,-2.6762816561523866,-3.334645351300433,,,3,0.19993070300000002
00000269--4014745f93--26:66:1000071,00000269--4014745f93--26,66,1637326159442,1000071,R1_STABLE_GROUP_REP_CHANGE,68|75|83,68|75|83,68,83,1,0,-2.25,1.71875,0.25,2.25,1.71875,0.25,1,1,49,49,P2_PUBLISHED_COORDINATE_CHANGE,-2.245960235595703,1.71875,0.25,1.2000000000000002,NO_DOWNSTREAM_EFFECT,0,0.12638816295166855,0.9850690814758343,0.8586809185241657,0,0,0,0,0,3,3,56.75,12.96875,-11.25,18,54.5,14.6875,-11.0,19,N/A_NAN,N/A_NAN,55.5,15.125,-12.25,19,27,1637326159442,54.5,14.6875,-11.0,9,21,1637326159442,-7.270408295514915,-6.070408295514915,,,18,1.699730234
00000286--de6bd2c087--31:202:1000197,00000286--de6bd2c087--31,202,5099226810061,1000197,R1_STABLE_GROUP_REP_CHANGE,197|200,197|200,200,197,1,0,-1.25,1.71875,0.0,1.25,1.71875,0.0,1,1,86,86,P2_PUBLISHED_COORDINATE_CHANGE,-1.248626708984375,1.71875,0.0,0.2529953946098959,NO_DOWNSTREAM_EFFECT,0,0.08047878385121976,1.2291522760245495,1.1486734921733297,0,0,0,0,0,2,2,95.75,7.40625,-16.25,32,94.5,9.125,-16.25,33,N/A_NAN,N/A_NAN,93.0,7.625,-16.5,33,17,5099226810061,94.5,9.125,-16.25,32,14,5099226810061,-0.6324884865247398,-0.37949309191484387,,,1,0.0
00000247--b657952782--17:29:1000022,00000247--b657952782--17,29,1093963012836,1000022,R1_STABLE_GROUP_REP_CHANGE,23|25,23|25,23,25,1,0,-2.25,0.0,-1.0,2.25,0.0,1.0,1,1,54,54,P2_PUBLISHED_COORDINATE_CHANGE,-2.2770605087280273,0.0,-1.0,-1.2000000000000002,NO_DOWNSTREAM_EFFECT,0,0.9517684361058336,1.8511283365302253,0.8993599004243917,0,0,0,0,0,2,2,7.5,2.46875,-18.5,21,5.25,2.46875,-19.5,22,N/A_NAN,N/A_NAN,7.5,2.46875,-18.5,22,18,1093963012836,5.25,2.46875,-19.5,21,23,1093963012836,-0.04652979055502746,-1.2465297905550277,,,21,1.9991691360000001
00000247--b657952782--21:371:1000351,00000247--b657952782--21,371,1368153317940,1000351,R1_STABLE_GROUP_REP_CHANGE,338|339,338|339,338,339,1,0,-3.75,-0.0625,-1.0,3.75,0.0625,1.0,1,1,81,81,P2_PUBLISHED_COORDINATE_CHANGE,-3.723796844482422,-0.0625,-1.0,-1.2000000000000002,NO_DOWNSTREAM_EFFECT,0,0.19829781715133699,1.3785573381657672,1.1802595210144302,0,0,0,0,0,2,2,46.75,-9.0625,-31.25,9,43.0,-9.125,-32.25,10,N/A_NAN,N/A_NAN,42.25,-9.0,-31.25,10,26,1368153317940,43.0,-9.125,-32.25,9,29,1368153317940,0.18794009612253676,-1.0120599038774634,,,2,0.099979207
00000247--b657952782--24:52:1000036,00000247--b657952782--24,52,1516243235161,1000036,R1_STABLE_GROUP_REP_CHANGE,37|70,37|70,70,37,1,0,-1.0,0.1875,1.0,1.0,0.1875,1.0,1,1,68,68,P2_PUBLISHED_COORDINATE_CHANGE,-0.9862518310546875,0.1875,1.0,1.2000000000000002,NO_DOWNSTREAM_EFFECT,0,0.40625,1.6533040887166806,1.2470540887166806,0,0,0,0,0,2,2,35.75,9.59375,-16.25,34,34.75,9.78125,-15.25,35,N/A_NAN,N/A_NAN,35.75,9.59375,-16.25,16,12,1516243235161,34.75,9.78125,-15.25,35,7,1516243235161,-0.15770073076741942,1.0422992692325808,,,2,0.100979732
00000247--b657952782--28:531:1000649,00000247--b657952782--28,531,1804122567755,1000649,R1_STABLE_GROUP_REP_CHANGE,624|630,624|630,624,630,1,0,-2.0,0.25,1.0,2.0,0.25,1.0,1,1,79,79,P2_PUBLISHED_COORDINATE_CHANGE,-2.1867446899414062,0.25,1.0,1.2000000000000002,NO_DOWNSTREAM_EFFECT,0,0.8650107418843698,1.8700053709421849,1.0049946290578151,0,0,0,0,0,2,2,15.5,2.90625,-23.75,14,13.5,3.15625,-22.75,15,N/A_NAN,N/A_NAN,11.25,2.90625,-23.75,15,13,1804122567755,13.5,3.15625,-22.75,6,22,1804122567755,0.1760624081298865,1.3760624081298867,,,14,1.296878875
00000254--0ac259250e--20:225:1000324,00000254--0ac259250e--20,225,1277980437540,1000324,R1_STABLE_GROUP_REP_CHANGE,313|326,313|326,326,313,1,0,-1.5,-0.09375,1.0,1.5,0.09375,1.0,1,1,71,71,P2_PUBLISHED_COORDINATE_CHANGE,-1.5217475891113281,-0.09375,1.0,1.2000000000000002,NO_DOWNSTREAM_EFFECT,0,0.953125,1.6868172802999952,0.7336922802999952,0,0,0,0,0,2,2,36.0,-14.75,-16.75,12,34.5,-14.84375,-15.75,13,N/A_NAN,N/A_NAN,36.0,-14.75,-16.75,7,8,1277980437540,34.5,-14.84375,-15.75,13,11,1277980437540,-0.5490175378418933,0.6509824621581068,,,3,0.198049309
00000254--0ac259250e--20:233:1000357,00000254--0ac259250e--20,233,1278780700579,1000357,R1_STABLE_GROUP_REP_CHANGE,326|346,326|346,346,326,1,0,-2.0,0.15625,-1.0,2.0,0.15625,1.0,1,1,83,83,P2_PUBLISHED_COORDINATE_CHANGE,-1.4601669311523438,0.15625,-1.0,0.0,NO_DOWNSTREAM_EFFECT,0,0.47090752593224217,1.524516262966121,1.053608737033879,0,0,0,0,0,2,2,25.25,-13.84375,-15.25,4,23.25,-13.6875,-16.25,5,N/A_NAN,N/A_NAN,25.25,-13.84375,-15.25,5,1,1278780700579,23.25,-13.6875,-16.25,15,8,1278780700579,0.0,0.0,,,4,0.29964219400000003
00000254--0ac259250e--22:421:1000480,00000254--0ac259250e--22,421,1417569973236,1000480,R1_STABLE_GROUP_REP_CHANGE,464|505,464|505,464,505,1,0,-0.75,-0.375,1.0,0.75,0.375,1.0,1,1,37,37,P2_PUBLISHED_COORDINATE_CHANGE,-0.5594863891601562,-0.375,1.0,1.2000000000000002,NO_DOWNSTREAM_EFFECT,0,0.10044372675211921,1.4954639089844517,1.3950201822323325,0,0,0,0,0,2,2,14.25,-6.53125,-14.75,38,13.5,-6.90625,-13.75,39,N/A_NAN,N/A_NAN,14.25,-6.53125,-14.75,31,6,1417569973236,13.5,-6.90625,-13.75,4,29,1417569973236,-1.1559491611492552,0.04405083885074501,,,25,2.400232384
00000254--0ac259250e--26:501:1000523,00000254--0ac259250e--26,501,1665550629726,1000523,R1_STABLE_GROUP_REP_CHANGE,471|481,471|481,471,481,1,0,-2.5,1.1875,-1.0,2.5,1.1875,1.0,1,1,84,84,P2_PUBLISHED_COORDINATE_CHANGE,-2.187030792236328,1.1875,-1.0,-0.4810667259264516,NO_DOWNSTREAM_EFFECT,0,0.11402512862472491,1.2523250643123625,1.1382999356876375,0,0,0,0,0,2,2,49.0,23.375,-12.5,40,46.5,24.5625,-13.5,41,N/A_NAN,N/A_NAN,47.75,25.09375,-13.25,41,31,1665550629726,46.5,24.5625,-13.5,26,22,1665550629726,-6.707969443849737,-7.189036169776188,,,40,3.8998878720000003
00000255--d1d0ee73c5--33:102:1000103,00000255--d1d0ee73c5--33,102,5743360578345,1000103,R1_STABLE_GROUP_REP_CHANGE,90|92,90|92,90,92,1,0,-2.25,-0.25,-1.0,2.25,0.25,1.0,1,1,86,86,P2_PUBLISHED_COORDINATE_CHANGE,-2.2858924865722656,-0.25,-1.0,-1.2000000000000002,NO_DOWNSTREAM_EFFECT,0,0.6517434823352248,1.7633717411676124,1.1116282588323876,0,0,0,0,0,2,2,16.5,-5.6875,-15.75,39,14.25,-5.9375,-16.75,40,N/A_NAN,N/A_NAN,16.5,-5.6875,-15.75,40,14,5743350158633,14.25,-5.9375,-16.75,38,24,5743350158633,-0.004920378231943023,-1.204920378231943,,,1,0.0
00000257--d1cacb63a0--14:265:1000305,00000257--d1cacb63a0--14,265,952434419476,1000305,R1_STABLE_GROUP_REP_CHANGE,291|324,291|324,291,324,1,0,-1.25,0.09375,1.0,1.25,0.09375,1.0,1,1,69,69,P2_PUBLISHED_COORDINATE_CHANGE,-1.2259254455566406,0.09375,1.0,1.2000000000000002,NO_DOWNSTREAM_EFFECT,0,0.7406755915102856,1.420144559228456,0.6794689677181704,0,0,0,0,0,2,2,43.75,-8.71875,-14.25,57,42.5,-8.625,-13.25,58,N/A_NAN,N/A_NAN,43.75,-8.71875,-14.25,69,28,952434419476,42.5,-8.625,-13.25,28,9,952434419476,-0.5326236924137698,0.6673763075862303,,,9,0.800677843
00000257--d1cacb63a0--22:390:1000487,00000257--d1cacb63a0--22,390,1444904642016,1000487,R1_STABLE_GROUP_REP_CHANGE,438|439,438|439,438,439,1,0,-3.0,1.34375,-1.0,3.0,1.34375,1.0,1,1,84,84,P2_PUBLISHED_COORDINATE_CHANGE,-3.0438079833984375,1.34375,-1.0,-0.37951831389905344,NO_DOWNSTREAM_EFFECT,0,0.0023770746947455734,1.5480635373473728,1.5456864626526272,0,0,0,0,0,2,2,61.5,26.21875,-13.75,15,58.5,27.5625,-14.75,16,N/A_NAN,N/A_NAN,60.25,28.5,-14.5,16,28,1444904642016,58.5,27.5625,-14.75,16,31,1444904642016,-7.499252735744714,-7.878771049643768,,,15,1.400346353
00000257--d1cacb63a0--4:409:1000168,00000257--d1cacb63a0--4,409,366733896618,1000168,R1_STABLE_GROUP_REP_CHANGE,165|176,165|176,165,176,1,0,-1.0,0.0625,1.0,1.0,0.0625,1.0,1,1,81,81,P2_PUBLISHED_COORDINATE_CHANGE,-0.9562263488769531,0.0625,1.0,1.2000000000000002,NO_DOWNSTREAM_EFFECT,0,0.46875,1.4404757537188244,0.9717257537188244,0,0,0,0,0,2,2,41.75,-9.0625,-14.25,30,40.75,-9.0,-13.25,31,N/A_NAN,N/A_NAN,41.75,-9.0625,-14.25,31,24,366733896618,40.75,-9.0,-13.25,26,3,366733896618,-0.03594356726335931,1.164056432736641,,,23,2.190097519
00000259--f920fb6ddd--10:393:1000359,00000259--f920fb6ddd--10,393,711799077623,1000359,R1_STABLE_GROUP_REP_CHANGE,367|436,367|436,436,367,1,0,-1.0,-0.25,-1.0,1.0,0.25,1.0,1,1,48,48,P2_PUBLISHED_COORDINATE_CHANGE,-1.0097808837890625,-0.25,-1.0,-1.2000000000000002,NO_DOWNSTREAM_EFFECT,0,0.036577987875784146,1.1677693574507375,1.1311913695749534,0,0,0,0,0,2,2,8.5,-3.4375,-15.0,59,7.5,-3.6875,-16.0,60,N/A_NAN,N/A_NAN,6.0,-3.53125,-14.75,12,23,711799077623,7.5,-3.6875,-16.0,54,17,711799077623,-0.0009250391428180821,-1.2009250391428183,,,5,0.399793504
00000259--f920fb6ddd--19:233:1000350,00000259--f920fb6ddd--19,233,1235908512422,1000350,R1_STABLE_GROUP_REP_CHANGE,321|322,321|322,322,321,1,0,-3.0,0.03125,1.0,3.0,0.03125,1.0,1,1,85,85,P2_PUBLISHED_COORDINATE_CHANGE,-2.7824344635009766,0.03125,1.0,1.2000000000000002,NO_DOWNSTREAM_EFFECT,0,0.40461027858968945,1.9601176392948447,1.5555073607051553,0,0,0,0,0,2,2,17.75,3.71875,-19.5,44,14.75,3.75,-18.5,45,N/A_NAN,N/A_NAN,17.75,3.71875,-19.5,45,7,1235899151537,14.75,3.75,-18.5,46,28,1235899151537,-0.24577801904781965,0.9542219809521806,,,44,4.299523638
00000259--f920fb6ddd--22:43:1000032,00000259--f920fb6ddd--22,43,1396888912258,1000032,R1_STABLE_GROUP_REP_CHANGE,32|33,32|33,33,32,1,0,-2.25,0.40625,1.0,2.25,0.40625,1.0,1,1,64,64,P2_PUBLISHED_COORDINATE_CHANGE,-2.229238510131836,0.40625,1.0,1.2000000000000002,NO_DOWNSTREAM_EFFECT,0,0.5020103545173846,1.7275676772586923,1.2255573227413077,0,0,0,0,0,2,2,29.75,-9.15625,-17.25,29,27.5,-8.75,-16.25,30,N/A_NAN,N/A_NAN,29.75,-9.15625,-17.25,30,25,1396888912258,27.5,-8.75,-16.25,29,28,1396888912258,0.23729410496123804,1.4372941049612382,,,29,2.8003199210000003
00000259--f920fb6ddd--23:62:1000077,00000259--f920fb6ddd--23,62,1458778661827,1000077,R1_STABLE_GROUP_REP_CHANGE,70|72,70|72,70,72,1,0,-2.5,-1.1875,1.0,2.5,1.1875,1.0,1,1,59,59,P2_PUBLISHED_COORDINATE_CHANGE,-2.4856033325195312,-1.1875,1.0,1.2000000000000002,NO_DOWNSTREAM_EFFECT,0,1.078125,3.745088883755191,2.666963883755191,0,0,0,0,0,2,2,19.75,1.5,-10.75,6,17.25,0.3125,-9.75,7,N/A_NAN,N/A_NAN,15.75,0.90625,-10.0,7,13,1458778661827,17.25,0.3125,-9.75,5,2,1458778661827,-1.9130251200587085,-0.7130251200587083,,,6,0.5000142000000001
00000259--f920fb6ddd--7:5:1000025,00000259--f920fb6ddd--7,5,492979488362,1000025,R1_STABLE_GROUP_REP_CHANGE,26|27,26|27,26,27,1,0,-1.0,0.375,1.0,1.0,0.375,1.0,1,1,57,57,P2_PUBLISHED_COORDINATE_CHANGE,-0.9696578979492188,0.375,1.0,0.9752122985300957,NO_DOWNSTREAM_EFFECT,0,0.3125,1.3567599786946687,1.0442599786946687,0,0,0,0,0,2,2,95.0,24.625,-13.5,5,94.0,25.0,-12.5,6,N/A_NAN,N/A_NAN,95.0,24.625,-13.5,6,28,492979488362,94.0,25.0,-12.5,6,29,492979488362,0.0,0.9752122985300957,,,5,0.399717089
0000025c--0795289e2c--2:7:1000000,0000025c--0795289e2c--2,7,174665245405,1000000,R1_STABLE_GROUP_REP_CHANGE,1|18|19,1|18|19,1,19,1,0,-1.0,0.46875,-1.0,1.0,0.46875,1.0,1,1,32,32,P2_PUBLISHED_COORDINATE_CHANGE,-1.0442657470703125,0.46875,-1.0,-1.2000000000000002,NO_DOWNSTREAM_EFFECT,0,0.734375,1.417716473990498,0.6833414739904979,0,0,0,0,0,3,3,81.25,-12.1875,-12.0,7,80.25,-11.71875,-13.0,8,N/A_NAN,N/A_NAN,81.25,-12.1875,-12.0,8,1,174665245405,80.25,-11.71875,-13.0,8,29,174665245405,1.0064422911405915,-0.1935577088594087,,,3,0.200790874
0000025c--0795289e2c--2:541:1000750,0000025c--0795289e2c--2,541,228055398833,1000750,R1_STABLE_GROUP_REP_CHANGE,704|726,704|726,704,726,1,0,-2.5,-0.25,-1.0,2.5,0.25,1.0,1,1,48,48,P2_PUBLISHED_COORDINATE_CHANGE,-2.5309524536132812,-0.25,-1.0,-1.2000000000000002,NO_DOWNSTREAM_EFFECT,0,0.9355956590086718,2.030297829504336,1.094702170495664,0,0,0,0,0,2,2,16.0,3.09375,-20.25,29,13.5,2.84375,-21.25,30,N/A_NAN,N/A_NAN,16.0,3.09375,-20.25,24,14,228055398833,13.5,2.84375,-21.25,13,11,228055398833,1.097132927886018,-0.10286707211398216,,,9,0.800217393
0000025c--0795289e2c--7:117:1000131,0000025c--0795289e2c--7,117,485592306859,1000131,R1_STABLE_GROUP_REP_CHANGE,132|150,132|150,150,132,1,0,-2.25,-0.21875,-1.0,2.25,0.21875,1.0,1,1,89,89,P2_PUBLISHED_COORDINATE_CHANGE,-2.504776954650879,-0.21875,-1.0,-1.2000000000000002,NO_DOWNSTREAM_EFFECT,0,1.649412229972512,2.3637745530623686,0.7143623230898566,0,0,0,0,0,2,2,13.25,2.8125,-23.25,14,11.0,2.59375,-24.25,15,N/A_NAN,N/A_NAN,13.25,2.8125,-23.25,5,23,485592306859,11.0,2.59375,-24.25,15,5,485581249452,1.0608519581930036,-0.13914804180699658,,,1,0.0
0000025c--0795289e2c--8:540:1000539,0000025c--0795289e2c--8,540,587871062551,1000539,R1_STABLE_GROUP_REP_CHANGE,528|540,528|540,540,528,1,0,-2.5,0.0625,-1.0,2.5,0.0625,1.0,1,1,82,82,P2_PUBLISHED_COORDINATE_CHANGE,-2.4953155517578125,0.0625,-1.0,-1.2000000000000002,NO_DOWNSTREAM_EFFECT,0,1.7836104699269129,2.422165568108567,0.6385550981816541,0,0,0,0,0,2,2,82.5,-3.4375,-23.5,20,80.0,-3.375,-24.5,21,N/A_NAN,N/A_NAN,82.5,-3.4375,-23.5,12,30,587871062551,80.0,-3.375,-24.5,21,20,587871062551,0.4922941953971609,-0.7077058046028393,,,1,0.0
00000261--4ff9c41127--18:526:1000694,00000261--4ff9c41127--18,526,1299517857221,1000694,R1_STABLE_GROUP_REP_CHANGE,642|661,642|661,642,661,1,0,-1.25,0.5625,1.0,1.25,0.5625,1.0,1,1,70,70,P2_PUBLISHED_COORDINATE_CHANGE,-1.2258071899414062,0.5625,1.0,1.2000000000000002,NO_DOWNSTREAM_EFFECT,0,0.6393418186885023,1.3352959093442511,0.6959540906557489,0,0,0,0,0,2,2,78.0,2.09375,-13.0,18,76.75,2.65625,-12.0,19,N/A_NAN,N/A_NAN,78.0,2.09375,-13.0,19,2,1299517857221,76.75,2.65625,-12.0,7,4,1299517857221,-2.948553734504948,-1.7485537345049478,,,6,0.499519937
00000261--4ff9c41127--19:465:1000569,00000261--4ff9c41127--19,465,1353307126387,1000569,R1_STABLE_GROUP_REP_CHANGE,530|540,530|540,540,530,1,0,-2.75,-0.28125,-1.0,2.75,0.28125,1.0,1,1,89,89,P2_PUBLISHED_COORDINATE_CHANGE,-3.0002880096435547,-0.28125,-1.0,-1.2000000000000002,NO_DOWNSTREAM_EFFECT,0,1.3125,2.5310945636640048,1.2185945636640048,0,0,0,0,0,2,2,35.25,8.8125,-21.5,40,32.5,8.53125,-22.5,41,N/A_NAN,N/A_NAN,30.75,8.65625,-21.75,36,18,1353307126387,32.5,8.53125,-22.5,41,8,1353297340286,0.6286555054746105,-0.5713444945253897,,,30,2.8994376830000004
00000264--31b802e87a--10:68:1000098,00000264--31b802e87a--10,68,679761904522,1000098,R1_STABLE_GROUP_REP_CHANGE,96|104,96|104,96,104,1,0,-2.75,0.09375,1.0,2.75,0.09375,1.0,1,1,84,84,P2_PUBLISHED_COORDINATE_CHANGE,-2.4412450790405273,0.09375,1.0,1.2000000000000002,NO_DOWNSTREAM_EFFECT,0,1.5084874824876309,2.157388707445591,0.6489012249579602,0,0,0,0,0,2,2,13.0,2.875,-28.5,16,10.25,2.96875,-27.5,17,N/A_NAN,N/A_NAN,8.0,2.90625,-28.5,17,1,679751266424,10.25,2.96875,-27.5,9,8,679751266424,0.39295129709499155,1.5929512970949917,,,14,1.300110066
00000264--31b802e87a--10:69:1000098,00000264--31b802e87a--10,69,679861599993,1000098,R1_STABLE_GROUP_REP_CHANGE,96|104,96|104,104,96,1,0,-2.25,-0.0625,-1.0,2.25,0.0625,1.0,1,1,84,84,P2_PUBLISHED_COORDINATE_CHANGE,-2.5530872344970703,-0.0625,-1.0,-1.2000000000000002,NO_DOWNSTREAM_EFFECT,0,1.720522214085137,2.741811082385165,1.021288868300028,0,0,0,0,0,2,2,10.25,2.96875,-27.5,17,8.0,2.90625,-28.5,18,N/A_NAN,N/A_NAN,10.25,2.96875,-27.5,10,8,679852986480,8.0,2.90625,-28.5,18,1,679852986480,1.5929512970949917,0.39295129709499155,,,1,0.0
00000264--31b802e87a--19:369:1000460,00000264--31b802e87a--19,369,1249791661365,1000460,R1_STABLE_GROUP_REP_CHANGE,442|453,442|453,442,453,1,0,-2.25,-0.375,1.0,2.25,0.375,1.0,1,1,80,80,P2_PUBLISHED_COORDINATE_CHANGE,-2.463104248046875,-0.375,1.0,1.2000000000000002,NO_DOWNSTREAM_EFFECT,0,0.479541557642591,1.3222968184448494,0.8427552608022584,0,0,0,0,0,2,2,79.75,19.125,-24.75,25,77.5,18.75,-23.75,26,N/A_NAN,N/A_NAN,76.0,19.0,-24.75,29,30,1249791661365,77.5,18.75,-23.75,24,11,1249781809526,-0.06811944283786056,1.1318805571621395,,,6,0.5001771230000001
00000264--31b802e87a--19:370:1000460,00000264--31b802e87a--19,370,1249890854999,1000460,R1_STABLE_GROUP_REP_CHANGE,442|453,442|453,453,442,1,0,-1.5,0.25,-1.0,1.5,0.25,1.0,1,1,80,80,P2_PUBLISHED_COORDINATE_CHANGE,-1.3071746826171875,0.25,-1.0,-1.2000000000000002,NO_DOWNSTREAM_EFFECT,0,0.875,2.3818478266950205,1.5068478266950205,0,0,0,0,0,2,2,77.5,18.75,-23.75,26,76.0,19.0,-24.75,27,N/A_NAN,N/A_NAN,77.5,18.75,-23.75,25,11,1249881399555,76.0,19.0,-24.75,30,30,1249890854999,1.1318805571621395,-0.06811944283786064,,,1,0.0
00000264--31b802e87a--19:371:1000460,00000264--31b802e87a--19,371,1249991809761,1000460,R1_STABLE_GROUP_REP_CHANGE,442|453,442|453,442,453,1,0,-3.75,-0.46875,1.0,3.75,0.46875,1.0,1,1,80,80,P2_PUBLISHED_COORDINATE_CHANGE,-3.9503097534179688,-0.46875,1.0,1.2000000000000002,NO_DOWNSTREAM_EFFECT,0,0.875,2.8385173321163393,1.9635173321163393,0,0,0,0,0,2,2,76.0,19.0,-24.75,27,72.25,18.53125,-23.75,28,N/A_NAN,N/A_NAN,70.75,18.78125,-24.75,31,30,1249991809761,72.25,18.53125,-23.75,26,11,1249982055488,-0.06811944283786064,1.1318805571621395,,,1,0.0
00000264--31b802e87a--19:372:1000460,00000264--31b802e87a--19,372,1250091774016,1000460,R1_STABLE_GROUP_REP_CHANGE,442|453,442|453,453,442,1,0,-1.5,0.25,-1.0,1.5,0.25,1.0,1,1,80,80,P2_PUBLISHED_COORDINATE_CHANGE,-1.2858352661132812,0.25,-1.0,-1.2000000000000002,NO_DOWNSTREAM_EFFECT,0,0.875,2.395306948286702,1.5203069482867022,0,0,0,0,0,2,2,72.25,18.53125,-23.75,28,70.75,18.78125,-24.75,29,N/A_NAN,N/A_NAN,72.25,18.53125,-23.75,27,11,1250082354982,70.75,18.78125,-24.75,32,30,1250091774016,1.1318805571621395,-0.06811944283786064,,,1,0.0
00000266--f9c40304ea--11:380:1000544,00000266--f9c40304ea--11,380,770726156888,1000544,R1_STABLE_GROUP_REP_CHANGE,481|482,481|482,482,481,1,0,-2.5,-0.5625,-1.0,2.5,0.5625,1.0,1,1,43,43,P2_PUBLISHED_COORDINATE_CHANGE,-2.7426929473876953,-0.5625,-1.0,-1.2000000000000004,NO_DOWNSTREAM_EFFECT,0,0.7148704578181073,1.9980602289090537,1.2831897710909463,0,0,0,0,0,2,2,23.25,-3.09375,-19.75,6,20.75,-3.65625,-20.75,7,N/A_NAN,N/A_NAN,23.25,-3.09375,-19.75,7,10,770716571681,20.75,-3.65625,-20.75,8,0,770716571681,-1.530665412044655,-2.7306654120446554,,,4,0.300073745
00000266--f9c40304ea--7:492:1000608,00000266--f9c40304ea--7,492,541976604961,1000608,R1_STABLE_GROUP_REP_CHANGE,555|557,555|557,557,555,1,0,-1.75,0.0,-1.0,1.75,0.0,1.0,1,1,56,56,P2_PUBLISHED_COORDINATE_CHANGE,-1.7514877319335938,0.0,-1.0,-1.1669302282577938,NO_DOWNSTREAM_EFFECT,0,0.24486197479660632,1.6571724929720126,1.4123105181754063,0,0,0,0,0,2,2,115.5,-32.0,-14.25,20,113.75,-32.0,-15.25,21,N/A_NAN,N/A_NAN,113.0,-32.0,-14.75,21,29,541976604961,113.75,-32.0,-15.25,21,26,541976604961,-3.906075652630383,-5.073005880888177,,,15,1.3999693830000002
00000267--5bcd0e5bb8--4:202:1000285,00000267--5bcd0e5bb8--4,202,2469366251872,1000285,R1_STABLE_GROUP_REP_CHANGE,269|274,269|274,274,269,1,0,-0.75,-0.3125,-1.0,0.75,0.3125,1.0,1,1,91,91,P2_PUBLISHED_COORDINATE_CHANGE,-0.7545852661132812,-0.3125,-1.0,-1.2000000000000002,NO_DOWNSTREAM_EFFECT,0,0.09681962851654724,1.1747035870034876,1.0778839584869404,0,0,0,0,0,2,2,66.75,-10.4375,-11.75,11,66.0,-10.75,-12.75,12,N/A_NAN,N/A_NAN,66.75,-10.4375,-11.75,9,31,2469366251872,66.0,-10.75,-12.75,12,23,2469366251872,-0.00022836163934103482,-1.2002283616393412,,,1,0.0
00000267--5bcd0e5bb8--6:330:1000301,00000267--5bcd0e5bb8--6,330,2602176246844,1000301,R1_STABLE_GROUP_REP_CHANGE,293|301,293|301,293,301,1,0,-1.5,-0.28125,1.0,1.5,0.28125,1.0,1,1,48,48,P2_PUBLISHED_COORDINATE_CHANGE,-1.6889762878417969,-0.28125,1.0,1.2000000000000002,NO_DOWNSTREAM_EFFECT,0,0.5500577015661747,2.1109663507830874,1.5609086492169126,0,0,0,0,0,2,2,48.75,-11.75,-24.25,36,47.25,-12.03125,-23.25,37,N/A_NAN,N/A_NAN,44.25,-11.6875,-24.25,37,23,2602176246844,47.25,-12.03125,-23.25,28,15,2602166508011,0.22924358169414522,1.4292435816941453,,,36,3.4998979080000003
00000269--4014745f93--11:108:1000149,00000269--4014745f93--11,108,741606049324,1000149,R1_STABLE_GROUP_REP_CHANGE,147|148,147|148,148,147,1,0,5.0,0.375,1.0,5.0,0.375,1.0,1,1,74,74,P2_PUBLISHED_COORDINATE_CHANGE,4.960968017578125,0.375,1.0,0.0,NO_DOWNSTREAM_EFFECT,0,0.421875,2.987831836260988,2.565956836260988,0,0,0,0,0,2,2,131.25,-2.0625,30.25,3,136.25,-1.6875,31.25,4,N/A_NAN,N/A_NAN,136.75,-1.84375,31.25,4,23,741606049324,136.25,-1.6875,31.25,4,20,741606049324,0.0,0.0,,,1,0.0
00000269--4014745f93--14:466:1000517,00000269--4014745f93--14,466,957395924040,1000517,R1_STABLE_GROUP_REP_CHANGE,485|488,485|488,485,488,1,0,-2.25,0.78125,1.0,2.25,0.78125,1.0,1,1,62,62,P2_PUBLISHED_COORDINATE_CHANGE,-2.209808349609375,0.78125,1.0,1.2000000000000002,NO_DOWNSTREAM_EFFECT,0,0.23686528344620683,1.3310201941316913,1.0941549106854844,0,0,0,0,0,2,2,143.5,1.0625,-24.5,6,141.25,1.84375,-23.5,7,N/A_NAN,N/A_NAN,139.75,1.125,-24.5,7,31,957395924040,141.25,1.84375,-23.5,4,2,957395924040,-0.1320213723305359,1.0679786276694643,,,5,0.39992116
00000269--4014745f93--19:285:1000399,00000269--4014745f93--19,285,1239255682833,1000399,R1_STABLE_GROUP_REP_CHANGE,379|408,379|408,379,408,1,0,-1.5,0.25,1.0,1.5,0.25,1.0,1,1,67,67,P2_PUBLISHED_COORDINATE_CHANGE,-1.7182836532592773,0.25,1.0,1.2000000000000002,NO_DOWNSTREAM_EFFECT,0,0.8817619490844402,2.3247269328404956,1.4429649837560554,0,0,0,0,0,2,2,10.25,2.4375,-23.25,28,8.75,2.6875,-22.25,29,N/A_NAN,N/A_NAN,10.25,2.4375,-23.25,29,22,1239255682833,8.75,2.6875,-22.25,6,9,1239246119526,-1.3366101301370295,-0.13661013013702927,,,28,2.699863626
00000269--4014745f93--20:131:1000187,00000269--4014745f93--20,131,1283846020695,1000187,R1_STABLE_GROUP_REP_CHANGE,183|184,183|184,183,184,1,0,-2.25,-0.0625,1.0,2.25,0.0625,1.0,1,1,95,95,P2_PUBLISHED_COORDINATE_CHANGE,-2.2426280975341797,-0.0625,1.0,1.2000000000000002,NO_DOWNSTREAM_EFFECT,0,1.203118501979766,1.877822542818071,0.6747040408383049,0,0,0,0,0,2,2,21.25,2.71875,-24.0,8,19.0,2.65625,-23.0,9,N/A_NAN,N/A_NAN,17.0,2.65625,-24.0,9,13,1283846020695,19.0,2.65625,-23.0,8,14,1283846020695,-1.0710931334750795,0.12890686652492067,,,8,0.700349856
00000269--4014745f93--20:132:1000187,00000269--4014745f93--20,132,1283945480982,1000187,R1_STABLE_GROUP_REP_CHANGE,183|184,183|184,184,183,1,0,-2.0,0.0,-1.0,2.0,0.0,1.0,1,1,95,95,P2_PUBLISHED_COORDINATE_CHANGE,-2.0093860626220703,0.0,-1.0,-1.2000000000000002,NO_DOWNSTREAM_EFFECT,0,1.5,2.2912010860762795,0.7912010860762795,0,0,0,0,0,2,2,19.0,2.65625,-23.0,9,17.0,2.65625,-24.0,10,N/A_NAN,N/A_NAN,19.0,2.65625,-23.0,9,14,1283945480982,17.0,2.65625,-24.0,10,13,1283945480982,0.12890686652492067,-1.0710931334750795,,,1,0.0
00000269--4014745f93--3:263:1000382,00000269--4014745f93--3,263,277026730534,1000382,R1_STABLE_GROUP_REP_CHANGE,353|399,353|399,353,399,1,0,-1.5,-0.78125,-1.0,1.5,0.78125,1.0,1,1,57,57,P2_PUBLISHED_COORDINATE_CHANGE,-1.6589012145996094,-0.78125,-1.0,-1.2000000000000002,NO_DOWNSTREAM_EFFECT,0,0.8579342478607703,1.6806782552104105,0.8227440073496401,0,0,0,0,0,2,2,43.25,-15.125,-13.25,29,41.75,-15.90625,-14.25,30,N/A_NAN,N/A_NAN,43.25,-15.125,-13.25,30,13,277015835103,41.75,-15.90625,-14.25,5,16,277015835103,-0.17794236242494885,-1.377942362424949,,,29,2.789358904
00000269--4014745f93--7:294:1000344,00000269--4014745f93--7,294,520255995054,1000344,R1_STABLE_GROUP_REP_CHANGE,326|396,326|396,326,396,1,0,0.0,-0.21875,-1.0,0.0,0.21875,1.0,1,1,42,42,P2_PUBLISHED_COORDINATE_CHANGE,0.022251129150390625,-0.21875,-1.0,-1.2000000000000002,NO_DOWNSTREAM_EFFECT,0,1.1519791726224435,2.755614827625889,1.6036356550034456,0,0,0,0,0,2,2,42.5,0.5625,-10.75,40,42.5,0.34375,-11.75,41,N/A_NAN,N/A_NAN,43.0,-0.84375,-12.0,41,1,520246396644,42.5,0.34375,-11.75,4,19,520246396644,0.17286941291060384,-1.0271305870893963,,,34,3.310295259
0000026a--171a0a1f5c--27:16:1000022,0000026a--171a0a1f5c--27,16,1675534643588,1000022,R1_STABLE_GROUP_REP_CHANGE,22|23,22|23,23,22,1,0,-1.75,0.03125,1.0,1.75,0.03125,1.0,1,1,54,54,P2_PUBLISHED_COORDINATE_CHANGE,-1.5584373474121094,0.03125,1.0,1.2000000000000002,NO_DOWNSTREAM_EFFECT,0,0.9719198355352816,1.6427254327010838,0.6708055971658022,0,0,0,0,0,2,2,29.75,7.28125,-16.25,12,28.0,7.3125,-15.25,13,N/A_NAN,N/A_NAN,29.75,7.28125,-16.25,13,29,1675534643588,28.0,7.3125,-15.25,14,27,1675534643588,-0.032541072692871084,1.1674589273071292,,,12,1.100157488
0000026d--2363789071--57:247:1000129,0000026d--2363789071--57,247,3548452681648,1000129,R1_STABLE_GROUP_REP_CHANGE,129|130,129|130,129,130,1,0,-2.75,0.40625,1.0,2.75,0.40625,1.0,1,1,83,83,P2_PUBLISHED_COORDINATE_CHANGE,-2.6987686157226562,0.40625,1.0,1.2000000000000002,NO_DOWNSTREAM_EFFECT,0,1.25,2.0785417980273753,0.8285417980273753,0,0,0,0,0,2,2,89.5,-13.0625,-25.5,14,86.75,-12.65625,-24.5,15,N/A_NAN,N/A_NAN,85.0,-12.65625,-25.5,15,23,3548452681648,86.75,-12.65625,-24.5,15,15,3548452681648,-0.1224431637969694,1.0775568362030308,,,1,0.0
0000026d--2363789071--87:18:1000003,0000026d--2363789071--87,18,5325482478245,1000003,R1_STABLE_GROUP_REP_CHANGE,4|20,4|20,4,20,1,0,-3.0,-0.03125,-1.0,3.0,0.03125,1.0,1,1,35,35,P2_PUBLISHED_COORDINATE_CHANGE,-3.06577205657959,-0.03125,-1.0,-1.2000000000000002,NO_DOWNSTREAM_EFFECT,0,0.7419859394195152,1.836820774103391,1.0948348346838759,0,0,0,0,0,2,2,17.25,4.03125,-24.25,16,14.25,4.0,-25.25,17,N/A_NAN,N/A_NAN,13.0,4.03125,-24.25,17,16,5325482478245,14.25,4.0,-25.25,8,13,5325482478245,0.059091789199757425,-1.1409082108002429,,,3,0.200533761
0000026d--2363789071--9:341:1000368,0000026d--2363789071--9,341,677534498788,1000368,R1_STABLE_GROUP_REP_CHANGE,366|373,366|373,366,373,1,0,-2.5,0.28125,1.0,2.5,0.28125,1.0,1,1,63,63,P2_PUBLISHED_COORDINATE_CHANGE,-2.3829193115234375,0.28125,1.0,1.2000000000000002,NO_DOWNSTREAM_EFFECT,0,1.3617692357582696,2.263175005829314,0.9014057700710443,0,0,0,0,0,2,2,15.25,3.53125,-24.5,17,12.75,3.8125,-23.5,18,N/A_NAN,N/A_NAN,10.75,3.46875,-24.5,18,19,677534498788,12.75,3.8125,-23.5,12,31,677534498788,-0.23271009375679103,0.9672899062432092,,,17,1.5999723380000002
0000026d--2363789071--90:103:1000057,0000026d--2363789071--90,103,5514002432999,1000057,R1_STABLE_GROUP_REP_CHANGE,58|60,58|60,58,60,1,0,-2.75,0.1875,1.0,2.75,0.1875,1.0,1,1,89,89,P2_PUBLISHED_COORDINATE_CHANGE,-2.7078704833984375,0.1875,1.0,1.2000000000000002,NO_DOWNSTREAM_EFFECT,0,2.15625,2.8237730958378453,0.6675230958378453,0,0,0,0,0,2,2,130.75,-17.125,-28.0,10,128.0,-16.9375,-27.0,11,N/A_NAN,N/A_NAN,130.75,-17.125,-28.0,11,27,5514002432999,128.0,-16.9375,-27.0,10,30,5514002432999,-0.32601191075397873,0.8739880892460214,,,1,0.0
0000026d--2363789071--92:127:1000129,0000026d--2363789071--92,127,5636392456055,1000129,R1_STABLE_GROUP_REP_CHANGE,129|132,129|132,132,129,1,0,-3.25,-0.75,1.0,3.25,0.75,1.0,1,1,38,38,P2_PUBLISHED_COORDINATE_CHANGE,-3.19573974609375,-0.75,1.0,1.2000000000000002,NO_DOWNSTREAM_EFFECT,0,1.53125,2.987804986988336,1.456554986988336,0,0,0,0,0,2,2,132.5,-9.25,-26.5,8,129.25,-10.0,-25.5,9,N/A_NAN,N/A_NAN,127.0,-9.3125,-26.25,8,15,5636392456055,129.25,-10.0,-25.5,9,8,5636392456055,-0.5887855828772826,0.6112144171227176,,,1,0.0
0000026d--2363789071--96:89:1000137,0000026d--2363789071--96,89,5872522746340,1000137,R1_STABLE_GROUP_REP_CHANGE,133|163,133|163,133,163,1,0,-1.5,0.375,1.0,1.5,0.375,1.0,1,1,81,81,P2_PUBLISHED_COORDINATE_CHANGE,-1.4510650634765625,0.375,1.0,1.2000000000000002,NO_DOWNSTREAM_EFFECT,0,0.0373602364576584,0.9199584555584241,0.8825982191007657,0,0,0,0,0,2,2,62.25,8.25,-17.0,21,60.75,8.625,-16.0,22,N/A_NAN,N/A_NAN,59.75,8.28125,-17.25,22,23,5872522746340,60.75,8.625,-16.0,4,24,5872522746340,-0.055315708662612234,1.144684291337388,,,21,1.999206212
00000273--d384c0a41a--16:555:1000359,00000273--d384c0a41a--16,555,1069560967788,1000359,R1_STABLE_GROUP_REP_CHANGE,358|364,358|364,358,364,1,0,-6.0,-0.625,0.0,6.0,0.625,0.0,1,1,54,54,P2_PUBLISHED_COORDINATE_CHANGE,-5.750267028808594,-0.625,0.0,0.21892699710951302,NO_DOWNSTREAM_EFFECT,0,0.26448291953825986,3.574707997519507,3.310225077981247,0,0,0,0,0,2,2,100.75,7.03125,-29.25,14,94.75,6.40625,-29.25,15,N/A_NAN,N/A_NAN,94.75,7.71875,-29.25,15,11,1069560967788,94.75,6.40625,-29.25,7,12,1069560967788,-0.5473174927737826,-0.3283904956642696,,,14,1.300014999
00000273--d384c0a41a--7:464:1000200,00000273--d384c0a41a--7,464,520541535880,1000200,R1_STABLE_GROUP_REP_CHANGE,201|204,201|204,201,204,1,0,-6.0,0.125,0.25,6.0,0.125,0.25,1,1,95,95,P2_PUBLISHED_COORDINATE_CHANGE,-6.096458435058594,0.125,0.25,0.536146637143176,NO_DOWNSTREAM_EFFECT,0,0.6590400294347347,1.5482700147173674,0.8892299852826326,0,0,0,0,0,2,2,72.75,13.8125,-52.25,14,66.75,13.9375,-52.0,15,N/A_NAN,N/A_NAN,69.0,14.0625,-52.25,10,17,520541535880,66.75,13.9375,-52.0,5,19,520541535880,-0.3357939499193888,0.20035268722378718,,,4,0.300079763
0000027f--cb2a133365--18:7:1000008,0000027f--cb2a133365--18,7,1152969364018,1000008,R1_STABLE_GROUP_REP_CHANGE,9|11,9|11,11,9,1,0,-1.0,-0.46875,1.0,1.0,0.46875,1.0,1,1,40,40,P2_PUBLISHED_COORDINATE_CHANGE,-0.9392509460449219,-0.46875,1.0,1.2000000000000002,NO_DOWNSTREAM_EFFECT,0,0.265625,1.319162936097559,1.053537936097559,0,0,0,0,0,2,2,37.25,-12.0625,-12.0,7,36.25,-12.53125,-11.0,8,N/A_NAN,N/A_NAN,37.25,-12.0625,-12.0,8,28,1152969364018,36.25,-12.53125,-11.0,8,26,1152969364018,-1.304705043041112,-0.10470504304111183,,,3,0.19231994100000002
0000027f--cb2a133365--25:189:1000095,0000027f--cb2a133365--25,189,1591218457077,1000095,R1_STABLE_GROUP_REP_CHANGE,87|92|106,87|92|106,106,92,1,0,-1.0,-0.5625,1.0,1.0,0.5625,1.0,1,1,75,75,P2_PUBLISHED_COORDINATE_CHANGE,-0.8548660278320312,-0.5625,1.0,1.2000000000000002,NO_DOWNSTREAM_EFFECT,0,0.3101167268052567,1.4384872883457804,1.1283705615405237,0,0,0,0,0,3,3,66.5,-8.15625,-13.75,31,65.5,-8.71875,-12.75,32,N/A_NAN,N/A_NAN,66.5,-8.15625,-13.75,22,6,1591218457077,65.5,-8.71875,-12.75,31,20,1591218457077,-1.0196342366343594,0.1803657633656408,,,15,1.399944494
00000280--91181081d4--25:226:1000276,00000280--91181081d4--25,226,3987810112873,1000276,R1_STABLE_GROUP_REP_CHANGE,260|276,260|276,260,276,1,0,-1.25,-0.0625,-1.0,1.25,0.0625,1.0,1,1,86,86,P2_PUBLISHED_COORDINATE_CHANGE,-1.4447574615478516,-0.0625,-1.0,-1.2000000000000002,NO_DOWNSTREAM_EFFECT,0,0.028765261886849913,0.725320130943425,0.696554869056575,0,0,0,0,0,2,2,19.5,-10.21875,-14.0,75,18.25,-10.28125,-15.0,76,N/A_NAN,N/A_NAN,17.5,-10.375,-13.75,76,19,3987810112873,18.25,-10.28125,-15.0,59,16,3987800417341,-0.030611609026735848,-1.230611609026736,,,14,1.3001749850000002
00000283--b395338ef9--14:102:1000054,00000283--b395338ef9--14,102,1735697968741,1000054,R1_STABLE_GROUP_REP_CHANGE,54|67,54|67,54,67,1,0,-2.75,-0.4375,-1.0,2.75,0.4375,1.0,1,1,86,86,P2_PUBLISHED_COORDINATE_CHANGE,-2.4844894409179688,-0.4375,-1.0,-1.2000000000000002,NO_DOWNSTREAM_EFFECT,0,2.03125,2.8021627678368404,0.7709127678368404,0,0,0,0,0,2,2,47.0,11.0,-27.25,36,44.25,10.5625,-28.25,37,N/A_NAN,N/A_NAN,47.0,11.0,-27.25,37,28,1735688510455,44.25,10.5625,-28.25,31,29,1735688510455,1.3352553517661858,0.13525535176618564,,,35,3.4000244850000003
00000283--b395338ef9--30:128:1000084,00000283--b395338ef9--30,128,2698208155992,1000084,R1_STABLE_GROUP_REP_CHANGE,81|86,81|86,81,86,1,0,-2.5,-0.21875,-1.0,2.5,0.21875,1.0,1,1,39,39,P2_PUBLISHED_COORDINATE_CHANGE,-2.5388031005859375,-0.21875,-1.0,-1.2000000000000002,NO_DOWNSTREAM_EFFECT,0,1.0589915506136443,2.210795707102148,1.1518041564885038,0,0,0,0,0,2,2,16.5,-5.59375,-27.75,32,14.0,-5.8125,-28.75,33,N/A_NAN,N/A_NAN,11.25,-5.6875,-27.75,33,29,2698197572518,14.0,-5.8125,-28.75,30,6,2698197572518,0.12699544741042967,-1.0730045525895706,,,1,0.0
00000285--27dca1de75--10:132:1000093,00000285--27dca1de75--10,132,781311565075,1000093,R1_STABLE_GROUP_REP_CHANGE,87|91,87|91,91,87,1,0,-2.5,-0.1875,1.0,2.5,0.1875,1.0,1,1,69,69,P2_PUBLISHED_COORDINATE_CHANGE,-2.501962661743164,-0.1875,1.0,1.2000000000000002,NO_DOWNSTREAM_EFFECT,0,0.09877869039781473,0.7226609441825227,0.623882253784708,0,0,0,0,0,2,2,34.0,-11.0,-25.0,50,31.5,-11.1875,-24.0,51,N/A_NAN,N/A_NAN,32.25,-11.0,-25.0,47,22,781311565075,31.5,-11.1875,-24.0,51,16,781311565075,-0.02973705203151914,1.170262947968481,,,43,4.2002600590000005
00000285--27dca1de75--18:131:1000109,00000285--27dca1de75--18,131,1261163867781,1000109,R1_STABLE_GROUP_REP_CHANGE,110|111,110|111,110,111,1,0,-6.0,-0.46875,0.0,6.0,0.46875,0.0,1,1,92,92,P2_PUBLISHED_COORDINATE_CHANGE,-5.9879302978515625,-0.46875,0.0,0.0,NO_DOWNSTREAM_EFFECT,0,1.2700521685809596,1.6321719135017996,0.36211974492084,0,0,0,0,0,2,2,115.5,6.8125,-55.25,4,109.5,6.34375,-55.25,5,N/A_NAN,N/A_NAN,111.0,6.9375,-55.25,5,20,1261152512082,109.5,6.34375,-55.25,4,24,1261152512082,0.0,0.0,,,4,0.290968808
00000285--27dca1de75--2:301:1000421,00000285--27dca1de75--2,301,318192505313,1000421,R1_STABLE_GROUP_REP_CHANGE,380|418,380|418,418,380,1,0,-1.5,0.09375,-1.0,1.5,0.09375,1.0,1,1,32,32,P2_PUBLISHED_COORDINATE_CHANGE,-1.6927146911621094,0.09375,-1.0,-1.2000000000000002,NO_DOWNSTREAM_EFFECT,0,0.216580195008234,0.9500746818918326,0.7334944868835986,0,0,0,0,0,2,2,32.25,-17.75,-17.25,52,30.75,-17.65625,-18.25,53,N/A_NAN,N/A_NAN,29.75,-17.71875,-17.5,19,19,318192505313,30.75,-17.65625,-18.25,53,16,318192505313,0.1952768277278396,-1.0047231722721606,,,1,0.0
00000285--27dca1de75--2:303:1000452,00000285--27dca1de75--2,303,318392768964,1000452,R1_STABLE_GROUP_REP_CHANGE,407|408,407|408,407,408,1,0,-0.75,-0.375,1.0,0.75,0.375,1.0,1,1,78,78,P2_PUBLISHED_COORDINATE_CHANGE,-0.7675247192382812,-0.375,1.0,1.2000000000000002,NO_DOWNSTREAM_EFFECT,0,0.06725297786518425,1.8108459018821694,1.7435929240169852,0,0,0,0,0,2,2,69.0,-16.625,-18.0,33,68.25,-17.0,-17.0,34,N/A_NAN,N/A_NAN,69.0,-16.625,-18.0,34,8,318392768964,68.25,-17.0,-17.0,34,22,318392768964,-1.5260212698294957,-0.32602126982949553,,,2,0.099858471
00000285--27dca1de75--2:304:1000452,00000285--27dca1de75--2,304,318492600769,1000452,R1_STABLE_GROUP_REP_CHANGE,407|408,407|408,408,407,1,0,-1.75,0.375,-1.0,1.75,0.375,1.0,1,1,78,78,P2_PUBLISHED_COORDINATE_CHANGE,-1.726226806640625,0.375,-1.0,-1.093681988524114,NO_DOWNSTREAM_EFFECT,0,0.0625,0.8046602627646919,0.7421602627646919,0,0,0,0,0,2,2,68.25,-17.0,-17.0,34,66.5,-16.625,-18.0,35,N/A_NAN,N/A_NAN,65.75,-17.0,-17.0,35,22,318492600769,66.5,-16.625,-18.0,35,8,318492600769,-0.32602126982949553,-1.4197032583536096,,,1,0.0
00000286--de6bd2c087--15:143:1000078,00000286--de6bd2c087--15,143,4133236129787,1000078,R1_STABLE_GROUP_REP_CHANGE,75|76,75|76,75,76,1,0,-6.0,0.65625,0.0,6.0,0.65625,0.0,1,1,42,42,P2_PUBLISHED_COORDINATE_CHANGE,-5.9512176513671875,0.65625,0.0,-0.3096350734645974,NO_DOWNSTREAM_EFFECT,0,0.5530195655852879,1.4225964441821541,0.8695768785968663,0,0,0,0,0,2,2,120.0,4.5,-52.5,5,114.0,5.15625,-52.5,6,N/A_NAN,N/A_NAN,116.0,4.84375,-52.75,6,21,4133236129787,114.0,5.15625,-52.5,6,22,4133236129787,0.0,-0.3096350734645974,,,5,0.40036882100000004
00000286--de6bd2c087--32:337:1000228,00000286--de6bd2c087--32,337,5172736611538,1000228,R1_STABLE_GROUP_REP_CHANGE,227|239,227|239,227,239,1,0,-4.75,-0.5625,-1.0,4.75,0.5625,1.0,1,1,53,53,P2_PUBLISHED_COORDINATE_CHANGE,-4.746978759765625,-0.5625,-1.0,-0.9000557743109856,NO_DOWNSTREAM_EFFECT,0,0.796875,3.4000197740456874,2.6031447740456874,0,0,0,0,0,2,2,108.25,-6.5,-27.25,19,103.5,-7.0625,-28.25,20,N/A_NAN,N/A_NAN,102.25,-7.15625,-27.25,20,0,5172736611538,103.5,-7.0625,-28.25,9,17,5172736611538,-1.000376031648491,-1.9004318059594767,,,1,0.0
0000028b--ca855432c0--11:331:1000219,0000028b--ca855432c0--11,331,764170715509,1000219,R1_STABLE_GROUP_REP_CHANGE,217|229,217|229,217,229,1,0,-2.25,0.28125,1.0,2.25,0.28125,1.0,1,1,49,49,P2_PUBLISHED_COORDINATE_CHANGE,-2.3221912384033203,0.28125,1.0,1.2000000000000002,NO_DOWNSTREAM_EFFECT,0,1.609375,2.685827907214044,1.076452907214044,0,0,0,0,0,2,2,26.5,-9.65625,-27.0,44,24.25,-9.375,-26.0,45,N/A_NAN,N/A_NAN,26.5,-9.65625,-27.0,44,26,764170715509,24.25,-9.375,-26.0,35,18,764170715509,-0.7547466640688919,0.4452533359311083,,,7,0.6005866790000001
00000294--307ed6c5e3--1:11:1000001,00000294--307ed6c5e3--1,11,169534619159,1000001,R1_STABLE_GROUP_REP_CHANGE,2|13,2|13,2,13,1,0,-2.25,-0.625,1.0,2.25,0.625,1.0,1,1,33,33,P2_PUBLISHED_COORDINATE_CHANGE,-2.236541748046875,-0.625,1.0,1.2000000000000002,NO_DOWNSTREAM_EFFECT,0,0.11971816981650818,1.591238909162882,1.4715207393463738,0,0,0,0,0,2,2,58.25,-4.90625,-16.0,11,56.0,-5.53125,-15.0,12,N/A_NAN,N/A_NAN,58.25,-4.90625,-16.0,12,1,169534619159,56.0,-5.53125,-15.0,12,16,169534619159,0.010011134456599399,1.2100111344565996,,,11,1.000564885
00000299--4e4dc57170--0:387:1000390,00000299--4e4dc57170--0,387,107383174243,1000390,R1_STABLE_GROUP_REP_CHANGE,374|375,374|375,374,375,1,0,-1.25,1.15625,-1.0,1.25,1.15625,1.0,1,1,55,55,P2_PUBLISHED_COORDINATE_CHANGE,-1.2778854370117188,1.15625,-1.0,-0.6814200412821148,NO_DOWNSTREAM_EFFECT,0,1.0700598891146598,2.139271410404919,1.069211521290259,0,0,0,0,0,2,2,55.75,9.59375,-7.25,8,54.5,10.75,-8.25,9,N/A_NAN,N/A_NAN,55.75,9.59375,-7.25,9,23,107383174243,54.5,10.75,-8.25,9,24,107383174243,-5.684543349233249,-6.365963390515364,,,8,0.698494735
00000299--4e4dc57170--11:104:1000148,00000299--4e4dc57170--11,104,741013947131,1000148,R1_STABLE_GROUP_REP_CHANGE,141|166,141|166,166,141,1,0,-1.25,0.0625,1.0,1.25,0.0625,1.0,1,1,63,63,P2_PUBLISHED_COORDINATE_CHANGE,-1.199509620666504,0.0625,1.0,1.071433876756363,NO_DOWNSTREAM_EFFECT,0,0.7230917705376483,2.2791187675746825,1.5560269970370342,0,0,0,0,0,2,2,12.75,2.59375,-22.75,30,11.5,2.65625,-21.75,31,N/A_NAN,N/A_NAN,12.75,2.59375,-22.75,10,17,741013947131,11.5,2.65625,-21.75,31,25,741013947131,-0.006053656168520938,1.065380220587842,,,1,0.0
00000299--4e4dc57170--16:385:1000489,00000299--4e4dc57170--16,385,1069194273601,1000489,R1_STABLE_GROUP_REP_CHANGE,469|489,469|489,469,489,1,0,-3.25,0.84375,-1.0,3.25,0.84375,1.0,1,1,74,74,P2_PUBLISHED_COORDINATE_CHANGE,-3.2587013244628906,0.84375,-1.0,-1.2000000000000002,NO_DOWNSTREAM_EFFECT,0,0.78125,2.7908255238873902,2.0095755238873902,0,0,0,0,0,2,2,48.75,10.125,-19.5,31,45.5,10.96875,-20.5,32,N/A_NAN,N/A_NAN,44.25,10.78125,-19.75,32,14,1069194273601,45.5,10.96875,-20.5,21,10,1069194273601,0.021041119217135695,-1.1789588807828646,,,31,2.998258197
00000299--4e4dc57170--7:38:1000069,00000299--4e4dc57170--7,38,494393409677,1000069,R1_STABLE_GROUP_REP_CHANGE,47|49,47|49,49,47,1,0,-2.0,-0.28125,-1.0,2.0,0.28125,1.0,1,1,63,63,P2_PUBLISHED_COORDINATE_CHANGE,-2.088376998901367,-0.28125,-1.0,-1.2000000000000002,NO_DOWNSTREAM_EFFECT,0,0.5606732879037182,1.600649143951859,1.039975856048141,0,0,0,0,0,2,2,23.25,-12.28125,-16.0,18,21.25,-12.5625,-17.0,19,N/A_NAN,N/A_NAN,23.25,-12.28125,-16.0,32,30,494393409677,21.25,-12.5625,-17.0,32,12,494393409677,-0.5596989752118222,-1.7596989752118224,,,18,1.70056771
0000029b--52f66a3abc--12:108:1000116,0000029b--52f66a3abc--12,108,827938897940,1000116,R1_STABLE_GROUP_REP_CHANGE,114|115,114|115,114,115,1,0,1.25,-0.03125,1.0,1.25,0.03125,1.0,1,1,45,45,P2_PUBLISHED_COORDINATE_CHANGE,1.3828926086425781,-0.03125,1.0,0.0,NO_DOWNSTREAM_EFFECT,0,0.625,1.2216180878221556,0.5966180878221556,0,0,0,0,0,2,2,33.0,4.46875,12.5,4,34.25,4.4375,13.5,5,N/A_NAN,N/A_NAN,35.0,4.4375,13.25,5,1,827938897940,34.25,4.4375,13.5,5,5,827938897940,0.0,0.0,,,4,0.30227088300000005
0000029b--52f66a3abc--22:501:1000721,0000029b--52f66a3abc--22,501,1467279362596,1000721,R1_STABLE_GROUP_REP_CHANGE,677|701,677|701,677,701,1,0,-1.5,0.0,-1.0,1.5,0.0,1.0,1,1,64,64,P2_PUBLISHED_COORDINATE_CHANGE,-1.360870361328125,0.0,-1.0,-1.2000000000000002,NO_DOWNSTREAM_EFFECT,0,0.8709550218953268,1.386446770249246,0.5154917483539192,0,0,0,0,0,2,2,73.5,13.21875,-15.0,45,72.0,13.21875,-16.0,46,N/A_NAN,N/A_NAN,71.0,13.1875,-15.75,46,8,1467269904097,72.0,13.21875,-16.0,31,19,1467279362596,0.656463129071434,-0.5435368709285662,,,2,0.099765159
0000029b--52f66a3abc--30:133:1000084,0000029b--52f66a3abc--30,133,1910431812651,1000084,R1_STABLE_GROUP_REP_CHANGE,79|93,79|93,79,93,1,0,-1.5,0.28125,-1.0,1.5,0.28125,1.0,1,1,62,62,P2_PUBLISHED_COORDINATE_CHANGE,-1.666128158569336,0.28125,-1.0,-1.2000000000000002,NO_DOWNSTREAM_EFFECT,0,0.10993614417024133,1.338554931675489,1.2286187875052477,0,0,0,0,0,2,2,29.75,10.59375,-7.0,24,28.25,10.875,-8.0,25,N/A_NAN,N/A_NAN,29.75,10.59375,-7.0,25,30,1910431812651,28.25,10.875,-8.0,14,29,1910431812651,-2.7719228162210796,-3.97192281622108,,,24,2.2999752730000003
00000245--2c15eb5d45--32:277:1000168,00000245--2c15eb5d45--32,277,2003709864224,1000168,R1_STABLE_GROUP_REP_CHANGE,159|163,159|163,159,163,1,0,-1.5,1.6875,0.0,1.5,1.6875,0.0,1,1,95,95,P2_PUBLISHED_COORDINATE_CHANGE,-1.4931793212890625,1.6875,0.0,0.5463405016697478,NO_DOWNSTREAM_EFFECT,0,0.4375,1.5482161594718016,1.1107161594718016,0,0,0,0,0,2,2,44.5,4.40625,-6.75,6,43.0,6.09375,-6.75,7,N/A_NAN,N/A_NAN,43.0,6.71875,-7.0,7,3,2003709864224,43.0,6.09375,-6.75,4,10,2003709864224,-2.231670786461392,-1.685330284791644,,,6,0.49992086
0000025d--70dff69b9d--5:149:1000263,0000025d--70dff69b9d--5,149,386562742032,1000263,R1_STABLE_GROUP_REP_CHANGE,246|251,246|251,251,246,1,0,-1.75,1.6875,-0.5,1.75,1.6875,0.5,1,1,82,82,P2_PUBLISHED_COORDINATE_CHANGE,-1.8951339721679688,1.6875,-0.5,-1.0550773001408664,NO_DOWNSTREAM_EFFECT,0,0.171875,0.8954023667137025,0.7235273667137025,0,0,0,0,0,2,2,113.75,-3.59375,-17.0,22,112.0,-1.90625,-17.5,23,N/A_NAN,N/A_NAN,111.5,-2.3125,-17.25,18,15,386562742032,112.0,-1.90625,-17.5,23,30,386562742032,-0.15768943746861783,-1.2127667376094842,,,5,0.40253758700000003
0000026a--171a0a1f5c--34:254:1000414,0000026a--171a0a1f5c--34,254,2119334485460,1000414,R1_STABLE_GROUP_REP_CHANGE,389|394,389|394,389,394,1,0,-0.25,-1.6875,-0.5,0.25,1.6875,0.5,1,1,83,83,P2_PUBLISHED_COORDINATE_CHANGE,-0.26168060302734375,-1.6875,-0.5,-0.043130497521629785,NO_DOWNSTREAM_EFFECT,0,1.0328703532719317,1.5661673525840503,0.5332969993121186,0,0,0,0,0,2,2,62.25,0.5,-3.0,6,62.0,-1.1875,-3.5,7,N/A_NAN,N/A_NAN,61.0,-1.46875,-3.5,7,21,2119334485460,62.0,-1.1875,-3.5,6,27,2119334485460,-5.442073553216591,-5.485204050738221,,,4,0.29977388800000004
00000283--b395338ef9--36:372:1000268,00000283--b395338ef9--36,372,3082577455551,1000268,R1_STABLE_GROUP_REP_CHANGE,248|254,248|254,248,254,1,0,-4.25,-1.6875,0.0,4.25,1.6875,0.0,1,1,59,59,P2_PUBLISHED_COORDINATE_CHANGE,-4.7668914794921875,-1.6875,0.0,0.05007395893930218,NO_DOWNSTREAM_EFFECT,0,1.734375,3.1511316530132025,1.4167566530132025,0,0,0,0,0,2,2,129.0,5.03125,-33.25,9,124.75,3.34375,-33.25,10,N/A_NAN,N/A_NAN,123.0,3.375,-33.25,10,17,3082577455551,124.75,3.34375,-33.25,5,0,3082568526648,-0.12518489734825544,-0.07511093840895326,,,9,0.7995686350000001
00000285--27dca1de75--11:40:1000026,00000285--27dca1de75--11,40,832104579139,1000026,R1_STABLE_GROUP_REP_CHANGE,27|31,27|31,27,31,1,0,-2.0,1.6875,0.0,2.0,1.6875,0.0,1,1,58,58,P2_PUBLISHED_COORDINATE_CHANGE,-1.8502655029296875,1.6875,0.0,0.008244964163996338,NO_DOWNSTREAM_EFFECT,0,0.05038792382583779,1.7420353090944491,1.6916473852686114,0,0,0,0,0,2,2,115.75,7.3125,-29.5,12,113.75,9.0,-29.5,13,N/A_NAN,N/A_NAN,111.0,7.75,-29.5,13,2,832104579139,113.75,9.0,-29.5,10,11,832104579139,-0.046292624655916395,-0.03804766049192006,,,12,1.0902740100000001
0000029b--52f66a3abc--19:404:1000654,0000029b--52f66a3abc--19,404,1277508955235,1000654,R1_STABLE_GROUP_REP_CHANGE,627|630,627|630,627,630,1,0,-1.25,-1.6875,-0.5,1.25,1.6875,0.5,1,1,92,92,P2_PUBLISHED_COORDINATE_CHANGE,-1.2397537231445312,-1.6875,-0.5,-1.1438950422183702,NO_DOWNSTREAM_EFFECT,0,0.02720965738305381,1.3569614889766246,1.3297518315935708,0,0,0,0,0,2,2,88.0,-3.875,-16.0,6,86.75,-5.5625,-16.5,7,N/A_NAN,N/A_NAN,85.5,-4.8125,-16.25,7,20,1277508955235,86.75,-5.5625,-16.5,4,29,1277508955235,0.6935608092629639,-0.4503342329554063,,,6,0.499404426
00000269--4014745f93--25:565:1000451,00000269--4014745f93--25,565,1627227765267,1000451,R1_STABLE_GROUP_REP_CHANGE,436|439,436|439,439,436,1,0,-0.25,-1.65625,-0.75,0.25,1.65625,0.75,1,1,40,40,P2_PUBLISHED_COORDINATE_CHANGE,-0.2813243865966797,-1.65625,-0.75,-1.902461553665702,NO_DOWNSTREAM_EFFECT,0,0.28542938776837445,1.8419566522483293,1.5565272644799548,0,0,0,0,0,2,2,23.75,0.46875,-9.0,5,23.5,-1.1875,-9.75,6,N/A_NAN,N/A_NAN,21.75,-1.09375,-9.5,4,17,1627227765267,23.5,-1.1875,-9.75,6,10,1627227765267,0.0,-1.902461553665702,,,1,0.0
0000026d--2363789071--58:423:1000280,0000026d--2363789071--58,423,3626022864472,1000280,R1_STABLE_GROUP_REP_CHANGE,276|278,276|278,276,278,1,0,-4.75,-1.65625,-0.75,4.75,1.65625,0.75,1,1,88,88,P2_PUBLISHED_COORDINATE_CHANGE,-4.735572814941406,-1.65625,-0.75,-1.2000000000000002,NO_DOWNSTREAM_EFFECT,0,0.59375,3.5032954899289495,2.9095454899289495,0,0,0,0,0,2,2,109.0,-12.625,-29.0,18,104.25,-14.28125,-29.75,19,N/A_NAN,N/A_NAN,102.75,-12.96875,-29.25,19,0,3626022864472,104.25,-14.28125,-29.75,16,9,3626022864472,-0.07649733700546768,-1.276497337005468,,,1,0.0
0000027f--cb2a133365--20:267:1000307,0000027f--cb2a133365--20,267,1298948497660,1000307,R1_STABLE_GROUP_REP_CHANGE,286|310,286|310,310,286,1,0,-0.75,-1.65625,0.0,0.75,1.65625,0.0,1,1,86,86,P2_PUBLISHED_COORDINATE_CHANGE,-0.7595901489257812,-1.65625,0.0,-0.02208828728642609,NO_DOWNSTREAM_EFFECT,0,0.30142483904870687,1.06747395052186,0.7660491114731531,0,0,0,0,0,2,2,105.25,5.78125,-10.5,26,104.5,4.125,-10.5,27,N/A_NAN,N/A_NAN,103.5,4.71875,-10.75,9,7,1298948497660,104.5,4.125,-10.5,27,18,1298948497660,-0.28716376870315374,-0.30925205598957983,,,5,0.400437345
00000280--91181081d4--24:422:1000442,00000280--91181081d4--24,422,3947410907775,1000442,R1_STABLE_GROUP_REP_CHANGE,410|431,410|431,410,431,1,0,-1.25,1.65625,-0.25,1.25,1.65625,0.25,1,1,36,36,P2_PUBLISHED_COORDINATE_CHANGE,-1.2279205322265625,1.65625,-0.25,-0.082545373125259,NO_DOWNSTREAM_EFFECT,0,0.5148618188571561,1.111684165815669,0.596822346958513,0,0,0,0,0,2,2,54.75,3.90625,-12.0,12,53.5,5.5625,-12.25,13,N/A_NAN,N/A_NAN,52.75,5.125,-12.25,13,14,3947410907775,53.5,5.5625,-12.25,4,3,3947410907775,-1.7359596625568747,-1.8185050356821337,,,12,1.1008090940000002
00000280--91181081d4--39:246:1000237,00000280--91181081d4--39,246,4829789944112,1000237,R1_STABLE_GROUP_REP_CHANGE,214|220,214|220,214,220,1,0,-0.25,1.65625,-0.5,0.25,1.65625,0.5,1,1,55,55,P2_PUBLISHED_COORDINATE_CHANGE,-0.27663421630859375,1.65625,-0.5,0.0,NO_DOWNSTREAM_EFFECT,0,0.8809645268562072,1.6279822634281036,0.7470177365718964,0,0,0,0,0,2,2,52.75,2.34375,-6.25,4,52.5,4.0,-6.75,5,N/A_NAN,N/A_NAN,51.5,4.75,-7.75,5,21,4829789944112,52.5,4.0,-6.75,4,28,4829789944112,0.0,0.0,,,4,0.298988815
00000283--b395338ef9--6:151:1000160,00000283--b395338ef9--6,151,1260648083978,1000160,R1_STABLE_GROUP_REP_CHANGE,150|152,150|152,150,152,1,0,-1.5,-1.65625,-0.75,1.5,1.65625,0.75,1,1,54,54,P2_PUBLISHED_COORDINATE_CHANGE,-1.4242687225341797,-1.65625,-0.75,0.0,NO_DOWNSTREAM_EFFECT,0,0.4063413304786776,1.9844206652393388,1.5780793347606612,0,0,0,0,0,2,2,31.75,2.40625,-8.25,4,30.25,0.75,-9.0,5,N/A_NAN,N/A_NAN,32.5,1.875,-9.0,5,1,1260638574913,30.25,0.75,-9.0,4,26,1260648083978,0.0,0.0,,,4,0.300488586
00000264--31b802e87a--16:122:1000140,00000264--31b802e87a--16,122,1045091958772,1000140,R1_STABLE_GROUP_REP_CHANGE,139|140,139|140,140,139,1,0,-5.75,0.3125,-0.25,5.75,0.3125,0.25,1,1,56,56,P2_PUBLISHED_COORDINATE_CHANGE,-5.8006134033203125,0.3125,-0.25,-0.33018244254475937,NO_DOWNSTREAM_EFFECT,0,0.8125,2.6842765890602704,1.8717765890602704,0,0,0,0,0,2,2,125.75,9.53125,-39.75,8,120.0,9.84375,-40.0,9,N/A_NAN,N/A_NAN,119.25,9.71875,-40.0,9,6,1045091958772,120.0,9.84375,-40.0,9,5,1045091958772,-0.5712708825157458,-0.9014533250605051,,,3,0.189528256
00000264--31b802e87a--16:140:1000140,00000264--31b802e87a--16,140,1046891835312,1000140,R1_STABLE_GROUP_REP_CHANGE,139|140,139|140,140,139,1,0,-5.75,-0.25,0.0,5.75,0.25,0.0,1,1,56,56,P2_PUBLISHED_COORDINATE_CHANGE,-5.729930877685547,-0.25,0.0,0.019566227494081545,NO_DOWNSTREAM_EFFECT,0,0.75,2.608783975249769,1.8587839752497688,0,0,0,0,0,2,2,53.0,11.15625,-40.0,26,47.25,10.90625,-40.0,27,N/A_NAN,N/A_NAN,46.5,10.90625,-40.0,27,6,1046891835312,47.25,10.90625,-40.0,27,5,1046891835312,0.16032507912351063,0.17989130661759217,,,2,0.08985831600000001
00000264--31b802e87a--9:548:1000602,00000264--31b802e87a--9,548,667761934932,1000602,R1_STABLE_GROUP_REP_CHANGE,577|578,577|578,578,577,1,0,-5.75,0.09375,0.0,5.75,0.09375,0.0,1,1,63,63,P2_PUBLISHED_COORDINATE_CHANGE,-5.721219062805176,0.09375,0.0,0.00444043678914359,NO_DOWNSTREAM_EFFECT,0,0.7187496302934075,3.3137866000724747,2.595036969779067,0,0,0,0,0,2,2,20.25,2.625,-32.0,21,14.5,2.71875,-32.0,22,N/A_NAN,N/A_NAN,13.75,2.59375,-32.0,20,7,667761934932,14.5,2.71875,-32.0,22,9,667761934932,0.053350042648778545,0.057790479437922135,,,1,0.0
00000273--d384c0a41a--22:66:1000047,00000273--d384c0a41a--22,66,1380730720805,1000047,R1_STABLE_GROUP_REP_CHANGE,46|50,46|50,46,50,1,0,-5.75,0.0625,0.0,5.75,0.0625,0.0,1,1,79,79,P2_PUBLISHED_COORDINATE_CHANGE,-5.7969512939453125,0.0625,0.0,-0.0144066189486034,NO_DOWNSTREAM_EFFECT,0,0.5098287334554712,2.7481817969590274,2.2383530635035562,0,0,0,0,0,2,2,50.25,-6.0625,-32.25,19,44.5,-6.0,-32.25,20,N/A_NAN,N/A_NAN,44.0,-6.15625,-32.25,20,19,1380719890743,44.5,-6.0,-32.25,16,25,1380719890743,0.06853073105723043,0.054124112108627026,,,1,0.0
00000273--d384c0a41a--27:517:1000347,00000273--d384c0a41a--27,517,1725770496189,1000347,R1_STABLE_GROUP_REP_CHANGE,337|338,337|338,337,338,1,0,-5.75,-0.5,-0.25,5.75,0.5,0.25,1,1,37,37,P2_PUBLISHED_COORDINATE_CHANGE,-5.715599060058594,-0.5,-0.25,-0.43728561468179805,NO_DOWNSTREAM_EFFECT,0,0.23994622251566966,1.309438602407904,1.0694923798922344,0,0,0,0,0,2,2,73.25,13.6875,-50.25,17,67.5,13.1875,-50.5,18,N/A_NAN,N/A_NAN,69.5,13.6875,-50.25,18,5,1725770496189,67.5,13.1875,-50.5,15,7,1725770496189,-0.0904000286713065,-0.5276856433531045,,,17,1.5997159550000002
00000273--d384c0a41a--27:525:1000347,00000273--d384c0a41a--27,525,1726569975789,1000347,R1_STABLE_GROUP_REP_CHANGE,337|338,337|338,337,338,1,0,-5.75,-0.40625,-0.25,5.75,0.40625,0.25,1,1,37,37,P2_PUBLISHED_COORDINATE_CHANGE,-5.764894485473633,-0.40625,-0.25,-0.30578297818055944,NO_DOWNSTREAM_EFFECT,0,0.2922241614388916,1.3101745807194458,1.0179504192805542,0,0,0,0,0,2,2,32.75,13.6875,-50.5,25,27.0,13.28125,-50.75,26,N/A_NAN,N/A_NAN,29.0,13.6875,-50.5,26,5,1726569975789,27.0,13.28125,-50.75,23,7,1726569975789,-0.13181250084077956,-0.437595479021339,,,1,0.0
00000273--d384c0a41a--28:446:1000372,00000273--d384c0a41a--28,446,1778629890242,1000372,R1_STABLE_GROUP_REP_CHANGE,355|356,355|356,356,355,1,0,-5.75,-0.03125,0.0,5.75,0.03125,0.0,1,1,84,84,P2_PUBLISHED_COORDINATE_CHANGE,-5.758857727050781,-0.03125,0.0,0.002176883869492219,NO_DOWNSTREAM_EFFECT,0,0.499258043477683,3.2401508226709703,2.7408927791932873,0,0,0,0,0,2,2,107.5,-6.25,-30.75,16,101.75,-6.28125,-30.75,17,N/A_NAN,N/A_NAN,101.25,-6.40625,-30.75,16,31,1778629890242,101.75,-6.28125,-30.75,16,0,1778629890242,0.01174904048028184,0.01392592434977406,,,1,0.0
00000273--d384c0a41a--7:471:1000200,00000273--d384c0a41a--7,471,521242548609,1000200,R1_STABLE_GROUP_REP_CHANGE,201|204,201|204,201,204,1,0,-5.75,-0.625,0.25,5.75,0.625,0.25,1,1,95,95,P2_PUBLISHED_COORDINATE_CHANGE,-5.740665435791016,-0.625,0.25,0.5126629306926418,NO_DOWNSTREAM_EFFECT,0,0.5495224607605476,1.5247612303802738,0.9752387696197262,0,0,0,0,0,2,2,37.75,15.53125,-52.5,21,32.0,14.90625,-52.25,22,N/A_NAN,N/A_NAN,34.0,15.65625,-52.5,17,17,521242548609,32.0,14.90625,-52.25,12,19,521242548609,-0.6392368576104639,-0.1265739269178221,,,1,0.0
00000283--b395338ef9--20:558:1000434,00000283--b395338ef9--20,558,2141429501267,1000434,R1_STABLE_GROUP_REP_CHANGE,415|420,415|420,415,420,1,0,-5.75,0.0,0.0,5.75,0.0,0.0,1,1,36,36,P2_PUBLISHED_COORDINATE_CHANGE,-5.783721923828125,0.0,0.0,0.14692222818458808,NO_DOWNSTREAM_EFFECT,0,0.011034263557382573,2.7674641427423294,2.756429879184947,0,0,0,0,0,2,2,128.75,7.28125,-31.25,11,123.0,7.28125,-31.25,12,N/A_NAN,N/A_NAN,123.0,7.875,-31.25,12,18,2141429501267,123.0,7.28125,-31.25,8,6,2141429501267,-0.15815967744730708,-0.011237449262718996,,,11,1.0015484110000001
00000283--b395338ef9--36:346:1000228,00000283--b395338ef9--36,346,3079976313906,1000228,R1_STABLE_GROUP_REP_CHANGE,214|220,214|220,220,214,1,0,-5.75,-0.90625,0.0,5.75,0.90625,0.0,1,1,79,79,P2_PUBLISHED_COORDINATE_CHANGE,-6.031341552734375,-0.90625,0.0,0.1038177262437345,NO_DOWNSTREAM_EFFECT,0,0.65625,3.250471046455095,2.594221046455095,0,0,0,0,0,2,2,112.0,0.9375,-33.25,14,106.25,0.03125,-33.25,15,N/A_NAN,N/A_NAN,105.75,-0.03125,-33.5,7,2,3079976313906,106.25,0.03125,-33.25,13,19,3079976313906,-0.24764968855549446,-0.14383196231175996,,,4,0.297549017
0000028f--bc6e81a93a--32:511:1000525,0000028f--bc6e81a93a--32,511,6573169698341,1000525,R1_STABLE_GROUP_REP_CHANGE,485|487,485|487,487,485,1,0,-5.75,0.34375,0.0,5.75,0.34375,0.0,1,1,91,91,P2_PUBLISHED_COORDINATE_CHANGE,-5.463218688964844,0.34375,0.0,0.06414457918069427,NO_DOWNSTREAM_EFFECT,0,0.07782945636590277,2.965777231800579,2.887947775434676,0,0,0,0,0,2,2,95.0,4.59375,-30.75,11,89.25,4.9375,-30.75,12,N/A_NAN,N/A_NAN,89.0,4.375,-30.75,11,24,6573158880769,89.25,4.9375,-30.75,12,29,6573169698341,-0.1705519612181981,-0.10640738203750383,,,5,0.40034228200000005
0000028f--bc6e81a93a--38:529:1000707,0000028f--bc6e81a93a--38,529,6934949630217,1000707,R1_STABLE_GROUP_REP_CHANGE,653|657,653|657,653,657,1,0,-5.75,-0.53125,0.0,5.75,0.53125,0.0,1,1,58,58,P2_PUBLISHED_COORDINATE_CHANGE,-5.800270080566406,-0.53125,0.0,0.13750974138474012,NO_DOWNSTREAM_EFFECT,0,0.359375,3.3778466380872696,3.0184716380872696,0,0,0,0,0,2,2,95.25,4.09375,-29.75,10,89.5,3.5625,-29.75,11,N/A_NAN,N/A_NAN,89.0,3.84375,-29.75,11,8,6934949630217,89.5,3.5625,-29.75,7,18,6934949630217,-0.2141188706181174,-0.07660912923337729,,,1,0.0
00000247--b657952782--38:89:1000122,00000247--b657952782--38,89,2360032180498,1000122,R1_STABLE_GROUP_REP_CHANGE,117|119,117|119,117,119,1,0,-1.0,-1.625,-0.75,1.0,1.625,0.75,1,1,60,60,P2_PUBLISHED_COORDINATE_CHANGE,-0.9358997344970703,-1.625,-0.75,-0.7529791546093447,NO_DOWNSTREAM_EFFECT,0,2.109375,3.7529251640386256,1.6435501640386256,0,0,0,0,0,2,2,18.5,4.1875,-7.0,6,17.5,2.5625,-7.75,7,N/A_NAN,N/A_NAN,15.25,3.59375,-8.5,7,12,2360032180498,17.5,2.5625,-7.75,6,21,2360032180498,-1.2139443850263332,-1.966923539635678,,,6,0.49972797
00000254--0ac259250e--40:32:1000012,00000254--0ac259250e--40,32,2458690616909,1000012,R1_STABLE_GROUP_REP_CHANGE,19|33,19|33,19,33,1,0,-1.75,1.625,-0.25,1.75,1.625,0.25,1,1,44,44,P2_PUBLISHED_COORDINATE_CHANGE,-1.7231292724609375,1.625,-0.25,0.2623390492424056,NO_DOWNSTREAM_EFFECT,0,0.07209120030725558,1.0597971111010853,0.9877059107938297,0,0,0,0,0,2,2,66.75,15.40625,-5.0,32,65.0,17.03125,-5.25,33,N/A_NAN,N/A_NAN,66.25,17.34375,-6.0,30,1,2458690616909,65.0,17.03125,-5.25,22,30,2458690616909,-4.760787806496576,-4.49844875725417,,,26,2.4999729480000004
00000254--0ac259250e--8:277:1000193,00000254--0ac259250e--8,277,563262570285,1000193,R1_STABLE_GROUP_REP_CHANGE,174|175,174|175,174,175,1,0,-1.0,-1.625,-0.5,1.0,1.625,0.5,1,1,48,48,P2_PUBLISHED_COORDINATE_CHANGE,-1.0376663208007812,-1.625,-0.5,-2.288790988102697,NO_DOWNSTREAM_EFFECT,0,0.3125,1.2165479758356528,0.9040479758356528,0,0,0,0,0,2,2,18.25,-1.1875,-9.0,5,17.25,-2.8125,-9.5,6,N/A_NAN,N/A_NAN,16.5,-1.9375,-9.5,6,10,563262570285,17.25,-2.8125,-9.5,6,11,563262570285,0.0,-2.288790988102697,,,5,0.39171833
0000025d--70dff69b9d--2:377:1000303,0000025d--70dff69b9d--2,377,229142066711,1000303,R1_STABLE_GROUP_REP_CHANGE,293|310,293|310,293,310,1,0,-4.25,1.625,0.5,4.25,1.625,0.5,1,1,51,51,P2_PUBLISHED_COORDINATE_CHANGE,-4.246028900146484,1.625,0.5,1.0709501824513374,NO_DOWNSTREAM_EFFECT,0,0.015625,2.23475528433811,2.21913028433811,0,0,0,0,0,2,2,42.25,-20.9375,-31.25,35,38.0,-19.3125,-30.75,36,N/A_NAN,N/A_NAN,37.0,-20.78125,-31.25,36,0,229142066711,38.0,-19.3125,-30.75,27,13,229142066711,-0.16050614462689242,0.910444037824445,,,35,3.45059809
00000261--4ff9c41127--24:592:1000445,00000261--4ff9c41127--24,592,1666167827375,1000445,R1_STABLE_GROUP_REP_CHANGE,421|455,421|455,421,455,1,0,0.25,-1.625,0.0,0.25,1.625,0.0,1,1,57,57,P2_PUBLISHED_COORDINATE_CHANGE,0.244384765625,-1.625,0.0,0.4014186368619428,NO_DOWNSTREAM_EFFECT,0,0.05599667469532221,0.8886221197305122,0.83262544503519,0,0,0,0,0,2,2,52.75,-3.28125,2.75,229,53.0,-4.90625,2.75,230,N/A_NAN,N/A_NAN,53.5,-3.875,3.0,230,10,1666157192980,53.0,-4.90625,2.75,90,28,1666167827375,0.8503541470145319,1.2517727838764747,,,229,22.818563047
00000261--4ff9c41127--3:156:1000206,00000261--4ff9c41127--3,156,362737818520,1000206,R1_STABLE_GROUP_REP_CHANGE,196|206,196|206,196,206,1,0,0.5,1.625,-0.75,0.5,1.625,0.75,1,1,82,82,P2_PUBLISHED_COORDINATE_CHANGE,0.43367576599121094,1.625,-0.75,-1.2000000000000002,NO_DOWNSTREAM_EFFECT,0,0.84375,2.9454747442233185,2.1017247442233185,0,0,0,0,0,2,2,32.0,2.5625,-5.5,7,32.5,4.1875,-6.25,8,N/A_NAN,N/A_NAN,33.5,3.875,-6.25,8,14,362737818520,32.5,4.1875,-6.25,4,3,362737818520,-0.13400447472541477,-1.334004474725415,,,7,0.6000648160000001
00000266--f9c40304ea--3:77:1000129,00000266--f9c40304ea--3,77,260388330942,1000129,R1_STABLE_GROUP_REP_CHANGE,119|131,119|131,119,131,1,0,-2.75,-1.625,0.0,2.75,1.625,0.0,1,1,81,81,P2_PUBLISHED_COORDINATE_CHANGE,-2.8052825927734375,-1.625,0.0,1.2000000000000002,NO_DOWNSTREAM_EFFECT,0,0.321690258487612,1.356157629243806,1.034467370756194,0,0,0,0,0,2,2,30.75,-13.6875,-8.75,18,28.0,-15.3125,-8.75,19,N/A_NAN,N/A_NAN,30.0,-16.09375,-8.75,19,24,260388330942,28.0,-15.3125,-8.75,14,9,260377757972,-7.196345752095131,-5.996345752095131,,,18,1.6989898860000001
00000269--4014745f93--11:255:1000318,00000269--4014745f93--11,255,756307142265,1000318,R1_STABLE_GROUP_REP_CHANGE,309|320,309|320,309,320,1,0,-2.5,1.625,0.5,2.5,1.625,0.5,1,1,34,34,P2_PUBLISHED_COORDINATE_CHANGE,-2.2263107299804688,1.625,0.5,1.0135021536657853,NO_DOWNSTREAM_EFFECT,0,1.8198057256050788,2.9826730421018866,1.1628673164968077,0,0,0,0,0,2,2,105.25,-12.46875,-26.75,21,102.75,-10.84375,-26.25,22,N/A_NAN,N/A_NAN,99.75,-12.09375,-26.75,22,10,756307142265,102.75,-10.84375,-26.25,17,30,756307142265,-0.008458065653802724,1.0050440880119826,,,21,2.001574961
00000255--d1d0ee73c5--29:417:1000339,00000255--d1d0ee73c5--29,417,5534870597720,1000339,R1_STABLE_GROUP_REP_CHANGE,335|337,335|337,335,337,1,0,-1.75,1.59375,-0.25,1.75,1.59375,0.25,1,1,85,85,P2_PUBLISHED_COORDINATE_CHANGE,-1.9724578857421875,1.59375,-0.25,-0.44668020357143223,NO_DOWNSTREAM_EFFECT,0,0.5711227416923634,1.9076736963980618,1.3365509547056984,0,0,0,0,0,2,2,135.5,-6.3125,-21.5,11,133.75,-4.71875,-21.75,12,N/A_NAN,N/A_NAN,131.5,-6.21875,-21.5,12,5,5534860954095,133.75,-4.71875,-21.75,11,7,5534860954095,-0.2753994093094789,-0.7220796128809112,,,1,0.0
0000025d--70dff69b9d--5:31:1000003,0000025d--70dff69b9d--5,31,374762270693,1000003,R1_STABLE_GROUP_REP_CHANGE,4|8,4|8,4,8,1,0,-2.0,-1.59375,-0.75,2.0,1.59375,0.75,1,1,35,35,P2_PUBLISHED_COORDINATE_CHANGE,-2.0121803283691406,-1.59375,-0.75,-1.1854687687552292,NO_DOWNSTREAM_EFFECT,0,0.11474946509078165,1.0470758494002261,0.9323263843094445,0,0,0,0,0,2,2,55.25,-26.84375,-17.5,31,53.25,-28.4375,-18.25,32,N/A_NAN,N/A_NAN,52.5,-28.125,-18.0,32,3,374762270693,53.25,-28.4375,-18.25,32,8,374762270693,-1.8050759051404424,-2.9905446738956716,,,31,2.999470725
0000026b--4dfb361eee--8:518:1000365,0000026b--4dfb361eee--8,518,2827794817927,1000365,R1_STABLE_GROUP_REP_CHANGE,340|393,340|393,393,340,1,0,-0.75,-1.59375,-0.5,0.75,1.59375,0.5,1,1,56,56,P2_PUBLISHED_COORDINATE_CHANGE,-0.7571907043457031,-1.59375,-0.5,-0.7700941807565409,NO_DOWNSTREAM_EFFECT,0,0.5687587356461776,1.5622809648809746,0.9935222292347969,0,0,0,0,0,2,2,28.0,-6.125,-9.5,73,27.25,-7.71875,-10.0,74,N/A_NAN,N/A_NAN,26.0,-7.59375,-9.75,15,24,2827794817927,27.25,-7.71875,-10.0,74,23,2827794817927,-1.7004213701408222,-2.470515550897363,,,3,0.20017414800000002
0000026d--2363789071--2:562:1000550,0000026d--2363789071--2,562,279893012974,1000550,R1_STABLE_GROUP_REP_CHANGE,546|547,546|547,547,546,1,0,-2.5,1.59375,0.0,2.5,1.59375,0.0,1,1,56,56,P2_PUBLISHED_COORDINATE_CHANGE,-2.622100830078125,1.59375,0.0,0.0,NO_DOWNSTREAM_EFFECT,0,1.140625,1.9105686514588425,0.7699436514588426,0,0,0,0,0,2,2,32.5,-1.65625,-23.5,4,30.0,-0.0625,-23.5,5,N/A_NAN,N/A_NAN,29.25,0.46875,-23.75,5,7,279893012974,30.0,-0.0625,-23.5,5,8,279893012974,0.0,0.0,,,1,0.0
00000286--de6bd2c087--25:556:1000380,00000286--de6bd2c087--25,556,4774366171051,1000380,R1_STABLE_GROUP_REP_CHANGE,373|383,373|383,373,383,1,0,-3.5,1.59375,0.25,3.5,1.59375,0.25,1,1,43,43,P2_PUBLISHED_COORDINATE_CHANGE,-3.496673583984375,1.59375,0.25,0.6634917196853628,NO_DOWNSTREAM_EFFECT,0,0.75,2.1369314427364046,1.3869314427364046,0,0,0,0,0,2,2,50.0,-11.09375,-30.25,37,46.5,-9.5,-30.0,38,N/A_NAN,N/A_NAN,45.0,-11.0,-30.5,38,28,4774366171051,46.5,-9.5,-30.0,26,13,4774366171051,-0.46736067748229027,0.19613104220307254,,,37,3.590886857
00000286--de6bd2c087--25:558:1000380,00000286--de6bd2c087--25,558,4774565687140,1000380,R1_STABLE_GROUP_REP_CHANGE,373|383,373|383,373,383,1,0,-4.25,1.59375,0.5,4.25,1.59375,0.5,1,1,43,43,P2_PUBLISHED_COORDINATE_CHANGE,-4.2540435791015625,1.59375,0.5,0.8563574862474923,NO_DOWNSTREAM_EFFECT,0,0.5,2.7415707161030083,2.2415707161030083,0,0,0,0,0,2,2,45.0,-11.0,-30.5,39,40.75,-9.40625,-30.0,40,N/A_NAN,N/A_NAN,39.25,-10.90625,-30.5,40,28,4774565687140,40.75,-9.40625,-30.0,28,13,4774565687140,-0.6349430216580457,0.22141446458944658,,,1,0.0
0000028b--ca855432c0--58:90:1000219,0000028b--ca855432c0--58,90,3559731122297,1000219,R1_STABLE_GROUP_REP_CHANGE,202|215,202|215,202,215,1,0,-3.25,-1.59375,0.25,3.25,1.59375,0.25,1,1,92,92,P2_PUBLISHED_COORDINATE_CHANGE,-3.188446044921875,-1.59375,0.25,0.5472499660828859,NO_DOWNSTREAM_EFFECT,0,0.15625,1.3325071992057658,1.1762571992057658,0,0,0,0,0,2,2,121.5,-3.59375,-29.75,12,118.25,-5.1875,-29.5,13,N/A_NAN,N/A_NAN,117.25,-3.75,-29.75,13,23,3559731122297,118.25,-5.1875,-29.5,5,7,3559731122297,-0.2584217127954961,0.2888282532873898,,,12,1.099602234
