key,policy,pid,scan,scan_ns,stable_members,old_raw,new_raw,abs_delta_d,abs_delta_y,abs_delta_v
00000243--a4d9c0a5dd--0,P0,1000080,93,166802937368,1,81,83,2.6191253662109375,0.875,0.25
00000243--a4d9c0a5dd--0,P0,1000090,109,168402954697,1,100,91,2.0486907958984375,0.21875,0.25
00000243--a4d9c0a5dd--0,P0,1000095,112,168705200338,1,96,105,1.7633895874023438,0.28125,0.25
00000243--a4d9c0a5dd--0,P0,1000100,119,169403459478,1,101,103,2.8844528198242188,0.125,0.0
00000243--a4d9c0a5dd--0,P0,1000094,121,169602823762,1,99,95,0.7481536865234375,0.53125,0.0
00000243--a4d9c0a5dd--0,P0,1000094,122,169703097234,1,95,99,1.4969329833984375,0.625,0.25
00000243--a4d9c0a5dd--0,P0,1000090,138,171293627913,1,91,134,1.3752288818359375,0.28125,0.25
00000243--a4d9c0a5dd--0,P0,1000130,162,173692851228,1,144,129,2.0002212524414062,0.53125,0.0
00000243--a4d9c0a5dd--0,P0,1000427,543,211813187350,1,399,403,1.7515144348144531,0.375,0.25
00000243--a4d9c0a5dd--0,P0,1000450,556,213113626980,1,397,421,2.0004730224609375,0.125,0.0
00000243--a4d9c0a5dd--0,P0,1000459,562,213712909298,1,430,440,2.0029640197753906,0.1875,0.0
00000243--a4d9c0a5dd--0,P0,1000483,601,217613019321,1,453,464,1.0032024383544922,0.03125,0.25
00000243--a4d9c0a5dd--0,P0,1000475,602,217713343550,1,445,456,1.2379837036132812,0.0625,0.0
00000243--a4d9c0a5dd--0,P0,1000475,619,219422563171,1,456,465,1.4213218688964844,0.21875,0.0
00000245--2c15eb5d45--12,P0,1000012,24,778329007398,1,13,16,3.5232162475585938,0.09375,0.25
00000245--2c15eb5d45--12,P0,1000012,25,778428828018,1,16,13,2.9819107055664062,0.09375,0.0
00000245--2c15eb5d45--12,P0,1000095,171,793018904861,1,95,99,2.4912338256835938,0.0,0.0
00000245--2c15eb5d45--12,P0,1000095,173,793219394190,1,99,95,2.994150161743164,0.0625,0.0
00000245--2c15eb5d45--12,P0,1000095,179,793819495161,1,95,99,3.0068893432617188,0.03125,0.0
00000245--2c15eb5d45--12,P0,1000095,181,794019507657,1,99,95,3.2456655502319336,0.03125,0.25
00000245--2c15eb5d45--12,P0,1000095,182,794118913098,1,95,99,3.0112714767456055,0.03125,0.0
00000245--2c15eb5d45--12,P0,1000169,296,805518995474,1,167,171,3.2493019104003906,0.4375,0.0
00000245--2c15eb5d45--12,P0,1000206,329,808818970141,1,202,204,1.4818572998046875,0.03125,0.0
00000245--2c15eb5d45--12,P0,1000206,330,808919099003,1,204,202,2.017822265625,0.09375,0.25
00000245--2c15eb5d45--12,P0,1000206,331,809019225522,1,202,204,2.4908065795898438,0.1875,0.25
00000245--2c15eb5d45--12,P0,1000219,356,811518819624,1,235,213,1.964792251586914,0.0625,0.25
00000245--2c15eb5d45--12,P0,1000250,366,812519317577,1,244,252,1.9859085083007812,0.125,0.0
00000245--2c15eb5d45--12,P0,1000250,367,812619914731,1,252,244,1.9984130859375,0.0625,0.25
00000245--2c15eb5d45--12,P0,1000250,368,812720271801,1,244,252,2.7416915893554688,0.1875,0.25
00000245--2c15eb5d45--12,P0,1000255,368,812720271801,1,249,253,2.9971790313720703,0.09375,0.0
00000245--2c15eb5d45--12,P0,1000257,375,813419437417,1,251,258,2.2415313720703125,0.53125,0.0
00000245--2c15eb5d45--12,P0,1000257,377,813618999575,1,258,251,3.4893646240234375,0.46875,0.0
00000245--2c15eb5d45--12,P0,1000297,427,818619445662,1,290,296,1.9895210266113281,0.09375,0.0
00000245--2c15eb5d45--12,P0,1000332,452,821119931236,1,323,325,2.759328842163086,0.09375,0.25
00000245--2c15eb5d45--12,P0,1000327,453,821219609509,1,318,328,1.762420654296875,0.09375,0.0
00000245--2c15eb5d45--12,P0,1000332,453,821219609509,1,325,323,1.7568340301513672,0.03125,0.25
00000245--2c15eb5d45--12,P0,1000332,456,821518867435,1,323,325,3.2265491485595703,0.03125,0.25
00000245--2c15eb5d45--19,P0,1000016,5,1196398856545,1,17,21,2.499359130859375,0.25,0.0
00000245--2c15eb5d45--19,P0,1000011,40,1199899072038,1,31,55,1.7744865417480469,0.0,0.25
00000245--2c15eb5d45--19,P0,1000011,48,1200699058261,1,55,31,1.0193443298339844,0.0,0.0
00000245--2c15eb5d45--19,P0,1000011,49,1200799336176,1,31,55,1.7766437530517578,0.09375,0.25
00000245--2c15eb5d45--19,P0,1000116,64,1202299217177,1,114,126,1.0417861938476562,0.65625,0.0
00000245--2c15eb5d45--19,P0,1000116,65,1202398723397,1,126,114,1.5199737548828125,0.46875,0.0
00000245--2c15eb5d45--19,P0,1000116,66,1202498845679,1,114,126,1.248291015625,0.65625,0.0
00000245--2c15eb5d45--19,P0,1000083,79,1203800264102,1,151,105,1.7397003173828125,0.40625,0.0
00000245--2c15eb5d45--19,P0,1000083,81,1203999325401,1,105,151,0.4949378967285156,0.25,0.0
00000245--2c15eb5d45--19,P0,1000083,82,1204099362110,1,151,105,2.2458648681640625,0.46875,0.0
00000245--2c15eb5d45--19,P0,1000150,82,1204099362110,1,147,148,0.7459335327148438,0.34375,0.0
00000245--2c15eb5d45--19,P0,1000150,84,1204299057441,1,148,147,1.5253753662109375,0.25,0.0
00000245--2c15eb5d45--19,P0,1000150,85,1204398878104,1,147,148,0.9905548095703125,0.1875,0.0
00000245--2c15eb5d45--19,P0,1000150,87,1204599572535,1,148,147,1.4789886474609375,0.28125,0.0
00000245--2c15eb5d45--19,P0,1000150,88,1204699045323,1,147,148,1.01959228515625,0.09375,0.0
00000245--2c15eb5d45--19,P0,1000150,91,1204999470622,1,148,147,1.97900390625,0.34375,0.0
00000245--2c15eb5d45--19,P0,1000150,93,1205200155262,1,147,148,0.9856452941894531,0.25,0.0
00000245--2c15eb5d45--19,P0,1000150,95,1205399202980,1,148,147,1.2900428771972656,0.34375,0.0
00000245--2c15eb5d45--19,P0,1000083,98,1205698644253,1,105,82,2.4969940185546875,0.53125,0.0
00000245--2c15eb5d45--19,P0,1000238,141,1210000290326,1,245,229,0.237152099609375,0.5625,0.0
00000245--2c15eb5d45--19,P0,1000209,145,1210398953079,1,202,242,0.7242507934570312,0.03125,0.0
00000245--2c15eb5d45--19,P0,1000209,148,1210698740910,1,242,202,1.0161399841308594,0.40625,0.0
00000245--2c15eb5d45--19,P0,1000247,148,1210698740910,1,238,264,2.2661361694335938,0.0,0.0
00000245--2c15eb5d45--19,P0,1000209,149,1210799284821,1,202,242,0.9983253479003906,0.3125,0.0
00000245--2c15eb5d45--19,P0,1000209,151,1210998787966,1,242,202,1.4952430725097656,0.0625,0.0
00000245--2c15eb5d45--19,P0,1000326,185,1214399196510,1,315,319,1.7448272705078125,0.125,0.0
00000245--2c15eb5d45--19,P0,1000333,205,1216399331361,1,321,326,1.76544189453125,0.59375,0.25
00000245--2c15eb5d45--19,P0,1000326,212,1217098650752,1,319,334,2.2518539428710938,1.34375,0.0
00000245--2c15eb5d45--19,P0,1000445,361,1231999035765,1,430,433,2.9861907958984375,0.15625,0.0
00000245--2c15eb5d45--19,P0,1000451,361,1231999035765,1,436,440,2.9802913665771484,0.09375,0.25
00000245--2c15eb5d45--19,P0,1000439,365,1232398949970,1,425,438,2.011688232421875,0.96875,0.0
00000245--2c15eb5d45--19,P0,1000445,369,1232799521074,1,433,441,2.980854034423828,0.4375,0.0
00000245--2c15eb5d45--19,P0,1000421,375,1233399670154,1,407,436,2.9734606742858887,0.03125,0.0
00000245--2c15eb5d45--19,P0,1000468,375,1233399670154,1,451,421,2.7234601974487305,0.09375,0.0
00000245--2c15eb5d45--19,P0,1000467,386,1234498968168,1,450,447,2.779481887817383,0.15625,0.0
00000245--2c15eb5d45--19,P0,1000479,386,1234498968168,1,460,461,2.2845993041992188,0.28125,0.25
00000245--2c15eb5d45--19,P0,1000499,401,1235998893328,1,480,485,1.7430076599121094,0.0625,0.0
00000245--2c15eb5d45--19,P0,1000499,408,1236699253472,1,485,480,2.7592735290527344,0.3125,0.0
00000245--2c15eb5d45--19,P0,1000479,434,1239298770848,1,461,460,1.2619438171386719,0.1875,0.0
00000245--2c15eb5d45--19,P0,1000479,435,1239399635075,1,460,461,1.7325019836425781,0.03125,0.0
00000245--2c15eb5d45--19,P0,1000565,464,1242298839504,1,555,559,1.5124893188476562,0.25,0.25
00000245--2c15eb5d45--19,P0,1000599,464,1242298839504,1,575,583,0.7624893188476562,0.15625,0.25
00000245--2c15eb5d45--19,P0,1000599,465,1242399306892,1,583,575,1.7249526977539062,0.0625,0.0
00000245--2c15eb5d45--19,P0,1000568,476,1243500507046,1,537,538,1.9796371459960938,0.03125,0.25
00000245--2c15eb5d45--19,P0,1000609,476,1243500507046,1,585,593,2.4796371459960938,0.65625,0.25
00000245--2c15eb5d45--19,P0,1000619,476,1243500507046,1,536,576,2.485240936279297,0.1875,0.0
00000245--2c15eb5d45--19,P0,1000643,508,1246699869989,1,629,612,0.9888916015625,0.03125,0.0
00000245--2c15eb5d45--19,P0,1000643,509,1246800060652,1,612,629,1.2408294677734375,0.03125,0.25
00000245--2c15eb5d45--19,P0,1000643,510,1246900106731,1,629,612,1.0080795288085938,0.125,0.25
00000245--2c15eb5d45--19,P0,1000643,513,1247199126998,1,612,629,1.2164077758789062,0.03125,0.0
00000245--2c15eb5d45--19,P0,1000643,542,1250098544923,1,629,612,0.7841634750366211,0.3125,0.0
00000245--2c15eb5d45--19,P0,1000752,548,1250699195448,1,718,721,1.7461929321289062,0.53125,0.25
00000245--2c15eb5d45--19,P0,1000772,563,1252198874078,1,737,753,1.9957695007324219,0.90625,0.0
00000245--2c15eb5d45--19,P0,1000784,568,1252699529601,1,765,749,0.5170669555664062,0.15625,0.0
00000245--2c15eb5d45--19,P0,1000787,568,1252699529601,1,752,755,0.26837921142578125,0.75,0.0
00000245--2c15eb5d45--19,P0,1000784,569,1252799222832,1,749,765,0.9996089935302734,0.40625,0.0
00000245--2c15eb5d45--19,P0,1000787,569,1252799222832,1,755,752,1.4995803833007812,0.4375,0.0
00000245--2c15eb5d45--19,P0,1000735,572,1253099531639,1,701,758,2.8797483444213867,0.34375,0.0
00000245--2c15eb5d45--19,P0,1000784,572,1253099531639,1,765,749,0.8797492980957031,0.1875,0.0
00000245--2c15eb5d45--19,P0,1000787,572,1253099531639,1,752,755,0.3893623352050781,0.75,0.0
00000245--2c15eb5d45--19,P0,1000784,573,1253199838671,1,749,765,1.2296619415283203,0.25,0.0
00000245--2c15eb5d45--19,P0,1000784,576,1253498763377,1,765,749,1.2505292892456055,0.375,0.25
00000245--2c15eb5d45--19,P0,1000809,581,1253999611952,1,774,777,1.488311767578125,0.8125,0.5
00000245--2c15eb5d45--19,P0,1000784,582,1254098693784,1,749,765,1.5311288833618164,0.1875,0.75
00000245--2c15eb5d45--19,P0,1000809,584,1254298983954,1,777,786,1.7653923034667969,0.25,0.0
00000245--2c15eb5d45--19,P0,1000803,586,1254499192000,1,768,737,2.0963339805603027,0.375,0.25
00000245--2c15eb5d45--19,P0,1000809,586,1254499192000,1,786,777,0.16637802124023438,1.21875,0.25
00000245--2c15eb5d45--19,P0,1000827,586,1254499192000,1,791,801,1.3547697067260742,0.21875,0.0
00000245--2c15eb5d45--19,P0,1000809,588,1254700779678,1,777,786,1.964508056640625,0.125,0.25
00000245--2c15eb5d45--19,P0,1000840,592,1255099472964,1,803,811,2.502073287963867,0.65625,0.0
00000245--2c15eb5d45--19,P0,1000852,593,1255199086468,1,815,819,0.7653694152832031,0.59375,0.25
00000245--2c15eb5d45--21,P0,1000055,40,1319899057907,1,53,59,2.5372467041015625,0.125,0.0
00000245--2c15eb5d45--21,P0,1000058,40,1319899057907,1,56,55,2.28765869140625,0.03125,0.25
00000245--2c15eb5d45--21,P0,1000032,41,1319999200020,1,31,34,2.4811363220214844,0.15625,0.0
00000245--2c15eb5d45--21,P0,1000033,41,1319999200020,1,32,43,2.7311325073242188,0.40625,0.0
00000245--2c15eb5d45--21,P0,1000051,41,1319999200020,1,49,51,2.4611282348632812,0.53125,0.0
00000245--2c15eb5d45--21,P0,1000055,41,1319999200020,1,59,53,2.4611282348632812,0.28125,0.0
00000245--2c15eb5d45--21,P0,1000058,41,1319999200020,1,55,56,2.4868927001953125,0.0,0.25
00000245--2c15eb5d45--21,P0,1000063,41,1319999200020,1,61,62,2.4529647827148438,0.03125,0.25
00000245--2c15eb5d45--21,P0,1000032,42,1320099192657,1,34,31,2.4801559448242188,0.0625,0.25
00000245--2c15eb5d45--21,P0,1000033,42,1320099192657,1,43,32,1.9914779663085938,0.59375,0.0
00000245--2c15eb5d45--21,P0,1000051,42,1320099192657,1,51,49,2.256072998046875,0.5625,0.25
00000245--2c15eb5d45--21,P0,1000055,42,1320099192657,1,53,59,2.2616729736328125,0.28125,0.0
00000245--2c15eb5d45--21,P0,1000058,42,1320099192657,1,56,55,2.2357177734375,0.21875,0.25
00000245--2c15eb5d45--21,P0,1000063,42,1320099192657,1,62,61,2.26983642578125,0.0625,0.25
00000245--2c15eb5d45--21,P0,1000066,42,1320099192657,1,66,64,2.2385025024414062,0.09375,0.25
00000245--2c15eb5d45--21,P0,1000079,53,1321199485211,1,76,74,2.498626708984375,0.3125,0.25
00000245--2c15eb5d45--21,P0,1000034,57,1321599498354,1,40,69,1.0022735595703125,0.1875,0.0
00000245--2c15eb5d45--21,P0,1000034,58,1321699397576,1,69,40,2.7500534057617188,0.125,0.25
00000245--2c15eb5d45--21,P0,1000071,65,1322399126997,1,68,62,2.719127655029297,0.21875,0.0
00000245--2c15eb5d45--21,P0,1000073,65,1322399126997,1,70,66,2.9775009155273438,0.1875,0.5
00000245--2c15eb5d45--21,P0,1000073,66,1322498812145,1,66,70,2.2979469299316406,0.1875,0.5
00000245--2c15eb5d45--21,P0,1000079,66,1322498812145,1,74,76,2.5211257934570312,0.34375,0.25
00000245--2c15eb5d45--21,P0,1000080,66,1322498812145,1,77,105,3.0241165161132812,0.03125,0.0
00000245--2c15eb5d45--21,P0,1000091,66,1322498812145,1,88,97,2.7701416015625,0.03125,0.0
00000245--2c15eb5d45--21,P0,1000073,67,1322599347275,1,70,66,2.9532737731933594,0.21875,0.5
00000245--2c15eb5d45--21,P0,1000079,67,1322599347275,1,76,74,2.7311630249023438,0.34375,0.5
00000245--2c15eb5d45--21,P0,1000080,67,1322599347275,1,105,77,2.2252025604248047,0.03125,0.0
00000245--2c15eb5d45--21,P0,1000086,67,1322599347275,1,83,78,2.4866943359375,0.03125,0.25
00000245--2c15eb5d45--21,P0,1000091,67,1322599347275,1,97,88,2.4810638427734375,0.0625,0.0
00000245--2c15eb5d45--21,P0,1000155,111,1326999812340,1,152,168,2.024261474609375,0.0625,0.25
00000245--2c15eb5d45--21,P0,1000155,115,1327398744339,1,168,152,2.244457244873047,0.03125,0.25
00000245--2c15eb5d45--21,P0,1000155,116,1327499453452,1,152,168,1.7568168640136719,0.0625,0.25
00000245--2c15eb5d45--21,P0,1000292,278,1343698884415,1,287,282,2.8010635375976562,0.03125,0.0
00000245--2c15eb5d45--21,P0,1000314,282,1344099057151,1,309,302,2.957164764404297,0.0,0.0
00000245--2c15eb5d45--21,P0,1000314,292,1345099011317,1,302,304,2.954631805419922,0.03125,0.0
00000245--2c15eb5d45--21,P0,1000311,296,1345499159717,1,306,325,2.533824920654297,0.15625,0.25
00000245--2c15eb5d45--21,P0,1000325,296,1345499159717,1,320,323,3.2100830078125,0.1875,0.0
00000245--2c15eb5d45--21,P0,1000325,299,1345790406798,1,323,322,2.9886016845703125,0.40625,0.0
00000245--2c15eb5d45--21,P0,1000334,299,1345790406798,1,327,320,3.196063995361328,0.15625,0.0
00000245--2c15eb5d45--21,P0,1000304,302,1346100105038,1,316,298,2.7918758392333984,0.0,0.25
00000245--2c15eb5d45--21,P0,1000330,310,1346899431197,1,326,327,2.9948272705078125,0.09375,0.25
00000245--2c15eb5d45--21,P0,1000343,310,1346899431197,1,335,324,3.000720977783203,0.125,0.25
00000245--2c15eb5d45--21,P0,1000348,310,1346899431197,1,338,334,2.9910964965820312,0.28125,0.0
00000245--2c15eb5d45--21,P0,1000353,310,1346899431197,1,342,343,2.4910964965820312,0.21875,0.0
00000245--2c15eb5d45--21,P0,1000350,313,1347199463766,1,340,338,2.7319679260253906,0.09375,0.0
00000245--2c15eb5d45--21,P0,1000357,313,1347199463766,1,346,347,2.509735107421875,0.28125,0.25
00000245--2c15eb5d45--21,P0,1000355,317,1347600476597,1,344,345,2.7796287536621094,0.15625,0.0
00000245--2c15eb5d45--21,P0,1000340,320,1347898783347,1,332,340,2.8924102783203125,0.09375,0.25
00000245--2c15eb5d45--21,P0,1000337,323,1348199598688,1,329,335,2.5385255813598633,0.0625,0.0
00000245--2c15eb5d45--21,P0,1000343,323,1348199598688,1,324,326,3.001193046569824,0.15625,0.0
00000245--2c15eb5d45--21,P0,1000365,327,1348599035721,1,341,332,2.813264846801758,0.3125,0.0
00000245--2c15eb5d45--21,P0,1000361,336,1349498783954,1,349,352,2.9748992919921875,0.25,0.0
00000245--2c15eb5d45--21,P0,1000390,341,1349999579469,1,375,385,2.4701004028320312,0.15625,0.0
00000245--2c15eb5d45--21,P0,1000415,391,1354999633520,1,402,452,2.2526321411132812,1.25,0.25
00000245--2c15eb5d45--21,P0,1000505,416,1357498593440,1,487,488,0.7447280883789062,0.84375,0.25
00000245--2c15eb5d45--21,P0,1000525,430,1358889646728,1,507,508,2.5380630493164062,0.59375,0.0
00000245--2c15eb5d45--21,P0,1000549,447,1360598839600,1,530,524,2.524017333984375,0.3125,0.0
00000245--2c15eb5d45--21,P0,1000584,475,1363390487934,1,563,582,2.4604263305664062,0.1875,0.0
00000245--2c15eb5d45--21,P0,1000592,477,1363590183478,1,571,572,2.5166397094726562,0.125,0.0
00000245--2c15eb5d45--21,P0,1000592,478,1363699181356,1,572,571,2.51263427734375,0.375,0.0
00000245--2c15eb5d45--21,P0,1000595,482,1364099410528,1,573,589,2.480884552001953,0.125,0.0
00000245--2c15eb5d45--21,P0,1000627,491,1364999533738,1,603,601,2.7584228515625,0.46875,0.0
00000245--2c15eb5d45--21,P0,1000627,494,1365289566122,1,601,603,2.5039825439453125,0.1875,0.0
00000245--2c15eb5d45--21,P0,1000634,497,1365599800778,1,607,616,2.481365203857422,0.25,0.0
00000245--2c15eb5d45--21,P0,1000616,503,1366199640014,1,591,557,2.552353858947754,0.25,0.0
00000245--2c15eb5d45--21,P0,1000656,503,1366199640014,1,628,601,2.4995384216308594,0.34375,0.0
00000245--2c15eb5d45--21,P0,1000641,509,1366790800537,1,622,625,2.5004539489746094,0.125,0.25
00000245--2c15eb5d45--21,P0,1000645,509,1366790800537,1,618,609,2.4902725219726562,0.09375,0.25
00000245--2c15eb5d45--21,P0,1000648,509,1366790800537,1,621,632,2.490337371826172,0.21875,0.25
00000245--2c15eb5d45--21,P0,1000672,523,1368190541743,1,641,647,2.4771881103515625,0.46875,0.0
00000245--2c15eb5d45--21,P0,1000684,534,1369289620029,1,652,651,2.6541481018066406,0.125,0.0
00000245--2c15eb5d45--21,P0,1000695,538,1369690683004,1,660,665,2.657825469970703,0.15625,0.25
00000245--2c15eb5d45--21,P0,1000704,544,1370289556389,1,669,670,2.468730926513672,0.375,0.25
00000245--2c15eb5d45--21,P0,1000722,553,1371199433790,1,686,679,2.7161865234375,0.0,0.0
00000245--2c15eb5d45--21,P0,1000725,570,1372889944055,1,690,707,2.430938720703125,0.09375,0.0
00000245--2c15eb5d45--21,P0,1000735,581,1373989345383,1,697,734,2.497364044189453,0.09375,0.0
00000245--2c15eb5d45--21,P0,1000786,587,1374589517313,1,745,746,2.0649185180664062,0.625,0.25
00000245--2c15eb5d45--21,P0,1000788,593,1375199883278,1,747,745,2.5076675415039062,0.375,0.0
00000245--2c15eb5d45--32,P0,1000037,79,1983909726577,1,36,33,0.0019741058349609375,0.3125,0.0
00000245--2c15eb5d45--32,P0,1000028,80,1984009469496,1,30,37,0.24672508239746094,0.0,0.25
00000245--2c15eb5d45--32,P0,1000058,188,1994808942623,1,55,59,0.2572946548461914,0.03125,0.25
00000245--2c15eb5d45--32,P0,1000168,277,2003709864224,1,159,163,1.4931793212890625,1.6875,0.0
00000245--2c15eb5d45--32,P0,1000168,281,2004109056768,1,163,159,0.0025177001953125,0.625,0.25
00000245--2c15eb5d45--7,P0,1000022,10,476959258242,1,23,32,1.508291244506836,0.03125,0.25
00000245--2c15eb5d45--7,P0,1000028,10,476959258242,1,29,39,1.5025787353515625,0.21875,0.0
00000245--2c15eb5d45--7,P0,1000015,11,477059496448,1,16,13,1.9973983764648438,0.25,0.0
00000245--2c15eb5d45--7,P0,1000022,11,477059496448,1,32,23,1.9973983764648438,0.09375,0.0
00000245--2c15eb5d45--7,P0,1000028,11,477059496448,1,39,29,2.25311279296875,0.1875,0.25
00000245--2c15eb5d45--7,P0,1000037,11,477059496448,1,40,38,1.9973983764648438,0.03125,0.0
00000245--2c15eb5d45--7,P0,1000014,18,477760485755,1,15,36,2.2404327392578125,0.25,0.0
00000245--2c15eb5d45--7,P0,1000014,19,477859676097,1,36,15,3.8074874877929688,0.125,0.0
00000245--2c15eb5d45--7,P0,1000028,19,477859676097,1,29,39,4.057487487792969,0.15625,0.0
00000245--2c15eb5d45--7,P0,1000014,20,477959059658,1,15,36,2.2903366088867188,0.125,0.0
00000245--2c15eb5d45--7,P0,1000028,20,477959059658,1,39,29,2.0403366088867188,0.15625,0.0
00000245--2c15eb5d45--7,P0,1000014,24,478359025875,1,36,15,1.5281906127929688,0.09375,0.0
00000245--2c15eb5d45--7,P0,1000043,27,478658736103,1,51,42,2.2748031616210938,0.5625,0.0
00000245--2c15eb5d45--7,P0,1000056,27,478658736103,1,55,40,2.0304694175720215,0.09375,0.25
00000245--2c15eb5d45--7,P0,1000061,27,478658736103,1,59,68,2.0304698944091797,0.15625,0.25
00000245--2c15eb5d45--7,P0,1000078,37,479658835591,1,74,89,1.7527618408203125,0.09375,0.0
00000245--2c15eb5d45--7,P0,1000078,40,479958982875,1,89,74,1.9981193542480469,0.125,0.0
00000245--2c15eb5d45--7,P0,1000079,40,479958982875,1,75,97,1.9924545288085938,0.09375,0.25
00000245--2c15eb5d45--7,P0,1000089,40,479958982875,1,84,86,1.9981155395507812,0.09375,0.0
00000245--2c15eb5d45--7,P0,1000078,41,480059238938,1,74,89,3.5070724487304688,0.15625,0.25
00000245--2c15eb5d45--7,P0,1000079,41,480059238938,1,97,75,1.7570724487304688,0.125,0.25
00000245--2c15eb5d45--7,P0,1000089,41,480059238938,1,86,84,1.7514114379882812,0.03125,0.0
00000245--2c15eb5d45--7,P0,1000078,42,480159371830,1,89,74,1.967453956604004,0.3125,0.25
00000245--2c15eb5d45--7,P0,1000079,42,480159371830,1,75,97,1.7228565216064453,0.15625,0.0
00000245--2c15eb5d45--7,P0,1000089,42,480159371830,1,84,86,1.723114013671875,0.125,0.0
00000245--2c15eb5d45--7,P0,1000079,50,480959844288,1,97,75,2.0137081146240234,0.25,0.25
00000245--2c15eb5d45--7,P0,1000099,55,481459654074,1,95,94,2.9986648559570312,0.03125,0.0
00000245--2c15eb5d45--7,P0,1000138,63,482259314161,1,131,132,2.7804183959960938,0.0,0.0
00000245--2c15eb5d45--7,P0,1000135,64,482359491603,1,128,136,1.9744606018066406,0.0625,0.0
00000245--2c15eb5d45--7,P0,1000138,64,482359491603,1,132,131,1.9801025390625,0.0625,0.25
00000245--2c15eb5d45--7,P0,1000138,65,482460621002,1,131,132,2.7137603759765625,0.09375,0.25
00000245--2c15eb5d45--7,P0,1000147,71,483059427117,1,140,141,2.7780189514160156,0.03125,0.0
00000245--2c15eb5d45--7,P0,1000154,73,483259087676,1,147,148,2.2740478515625,0.125,0.0
00000245--2c15eb5d45--7,P0,1000138,78,483759775970,1,132,131,1.2185096740722656,0.0625,0.0
00000245--2c15eb5d45--7,P0,1000154,78,483759775970,1,148,147,1.463104248046875,0.03125,0.25
00000245--2c15eb5d45--7,P0,1000138,79,483859208019,1,131,132,4.532958984375,0.03125,0.0
00000245--2c15eb5d45--7,P0,1000138,80,483959455490,1,132,131,1.4718666076660156,0.0625,0.25
00000245--2c15eb5d45--7,P0,1000150,80,483959455490,1,147,143,2.966463088989258,0.0,0.0
00000245--2c15eb5d45--7,P0,1000138,82,484161310721,1,131,132,3.0499114990234375,0.0,0.25
00000245--2c15eb5d45--7,P0,1000167,89,484859514975,1,160,169,0.4894580841064453,0.03125,0.25
00000245--2c15eb5d45--7,P0,1000174,89,484859514975,1,172,166,1.9894142150878906,0.15625,0.25
00000245--2c15eb5d45--7,P0,1000174,90,484958890624,1,166,172,1.748239517211914,0.09375,0.25
00000245--2c15eb5d45--7,P0,1000179,91,485059037062,1,173,171,1.7406158447265625,0.1875,0.25
00000245--2c15eb5d45--7,P0,1000179,92,485159592644,1,171,173,3.97589111328125,0.21875,0.25
00000245--2c15eb5d45--7,P0,1000179,93,485259428631,1,173,171,1.529937744140625,0.09375,0.25
00000245--2c15eb5d45--7,P0,1000179,99,485859812068,1,171,173,2.8373565673828125,0.21875,0.25
00000245--2c15eb5d45--7,P0,1000221,121,488059385341,1,211,212,3.506265640258789,0.03125,0.25
00000245--2c15eb5d45--7,P0,1000232,131,489059115688,1,222,221,4.589250564575195,0.09375,0.0
00000245--2c15eb5d45--7,P0,1000254,163,492259309630,1,243,251,3.5886993408203125,0.3125,0.0
00000245--2c15eb5d45--7,P0,1000257,178,493759840952,1,248,246,2.7704734802246094,0.0625,0.0
00000245--2c15eb5d45--7,P0,1000257,181,494059275811,1,246,248,2.97833251953125,0.28125,0.0
00000245--2c15eb5d45--7,P0,1000257,184,494359412164,1,248,246,2.9629287719726562,0.0,0.0
00000245--2c15eb5d45--7,P0,1000257,185,494458986100,1,246,248,3.027667999267578,0.25,0.0
00000245--2c15eb5d45--7,P0,1000257,188,494759365358,1,248,246,5.251102447509766,0.09375,0.0
00000245--2c15eb5d45--7,P0,1000302,188,494759365358,1,287,290,4.751092910766602,0.28125,0.0
00000245--2c15eb5d45--7,P0,1000257,189,494859645865,1,246,248,3.222024917602539,0.21875,0.0
00000245--2c15eb5d45--7,P0,1000302,193,495260686023,1,290,287,3.021045684814453,0.03125,0.0
00000245--2c15eb5d45--7,P0,1000298,197,495658775066,1,283,289,2.7304840087890625,1.09375,0.25
00000245--2c15eb5d45--7,P0,1000333,218,497759125439,1,314,322,3.239382743835449,0.125,0.25
00000245--2c15eb5d45--7,P0,1000333,219,497859661120,1,322,314,3.4695816040039062,0.09375,0.0
00000245--2c15eb5d45--7,P0,1000365,252,501159646865,1,345,350,1.9778785705566406,0.03125,0.0
00000245--2c15eb5d45--7,P0,1000372,268,502759580382,1,352,360,2.470916748046875,0.125,0.25
00000245--2c15eb5d45--7,P0,1000372,269,502859450600,1,360,352,2.7796993255615234,0.15625,0.25
00000245--2c15eb5d45--7,P0,1000393,279,503859174016,1,372,380,2.5348992347717285,0.1875,0.0
00000245--2c15eb5d45--7,P0,1000408,299,505858962192,1,387,401,1.529500961303711,0.03125,0.0
00000245--2c15eb5d45--7,P0,1000425,304,506359159746,1,404,405,1.7278594970703125,0.25,0.25
00000245--2c15eb5d45--7,P0,1000452,359,511859451397,1,431,444,3.5331268310546875,0.09375,0.0
00000245--2c15eb5d45--7,P0,1000452,360,511959532906,1,444,431,2.2178421020507812,0.0,0.0
00000245--2c15eb5d45--7,P0,1000452,363,512259405322,1,431,444,2.2856674194335938,0.0625,0.0
00000245--2c15eb5d45--7,P0,1000552,447,520659049715,1,528,545,2.7417640686035156,0.0625,0.25
00000245--2c15eb5d45--7,P0,1000564,447,520659049715,1,540,551,2.5210342407226562,0.0625,0.25
00000245--2c15eb5d45--7,P0,1000565,447,520659049715,1,541,532,2.738605499267578,0.1875,0.0
00000245--2c15eb5d45--7,P0,1000564,448,520759329899,1,551,540,2.980255126953125,0.15625,0.25
00000245--2c15eb5d45--7,P0,1000564,449,520859645705,1,540,551,2.4921531677246094,0.09375,0.25
00000245--2c15eb5d45--7,P0,1000564,450,520959892766,1,551,540,2.750263214111328,0.03125,0.25
00000245--2c15eb5d45--7,P0,1000564,451,521059830527,1,540,551,2.5400238037109375,0.125,0.25
00000245--2c15eb5d45--7,P0,1000543,452,521159855468,1,519,543,2.792525291442871,0.15625,0.25
00000245--2c15eb5d45--7,P0,1000587,455,521459335762,1,561,562,2.4922561645507812,0.0625,0.25
00000245--2c15eb5d45--7,P0,1000564,462,522158903848,1,551,540,2.783754348754883,0.03125,0.0
00000245--2c15eb5d45--7,P0,1000587,462,522158903848,1,562,561,2.5280075073242188,0.0,0.25
00000245--2c15eb5d45--7,P0,1000564,463,522258865381,1,540,551,1.992060661315918,0.0625,0.0
00000245--2c15eb5d45--7,P0,1000572,463,522258865381,1,572,548,2.491842269897461,0.03125,0.0
00000245--2c15eb5d45--7,P0,1000579,463,522258865381,1,555,567,2.2420616149902344,0.15625,0.0
00000245--2c15eb5d45--7,P0,1000587,463,522258865381,1,561,562,2.4978103637695312,0.03125,0.25
00000245--2c15eb5d45--7,P0,1000572,466,522560631810,1,548,572,2.2696666717529297,0.1875,0.25
00000245--2c15eb5d45--7,P0,1000587,466,522560631810,1,562,561,2.2746753692626953,0.09375,0.0
00000245--2c15eb5d45--7,P0,1000586,467,522660538372,1,560,574,3.0447998046875,0.4375,0.25
00000245--2c15eb5d45--7,P0,1000587,467,522660538372,1,561,562,2.515552520751953,0.0625,0.25
00000245--2c15eb5d45--7,P0,1000601,472,523159231866,1,573,579,2.7632675170898438,0.15625,0.25
00000245--2c15eb5d45--7,P0,1000614,493,525258895756,1,595,583,2.520296096801758,0.125,0.25
00000245--2c15eb5d45--7,P0,1000614,494,525359427468,1,583,595,2.224306106567383,0.09375,0.25
00000245--2c15eb5d45--7,P0,1000623,510,526959027044,1,592,610,2.2547054290771484,0.03125,0.0
00000245--2c15eb5d45--7,P0,1000684,542,530159328993,1,660,652,2.2553024291992188,0.03125,0.5
00000245--2c15eb5d45--7,P0,1000684,555,531459267207,1,652,660,2.7378311157226562,0.125,0.0
00000245--2c15eb5d45--7,P0,1000704,555,531459267207,1,667,668,1.9827613830566406,0.125,0.25
00000245--2c15eb5d45--7,P0,1000684,556,531559903854,1,660,652,1.9820556640625,0.09375,0.0
00000245--2c15eb5d45--7,P0,1000704,556,531559903854,1,668,667,2.5016212463378906,0.3125,0.25
00000245--2c15eb5d45--7,P0,1000704,557,531659288926,1,667,668,2.4928627014160156,0.1875,0.0
00000245--2c15eb5d45--7,P0,1000704,558,531759409986,1,668,667,2.7559280395507812,0.21875,0.0
00000245--2c15eb5d45--7,P0,1000704,559,531858729021,1,667,668,2.244487762451172,0.125,0.0
00000245--2c15eb5d45--7,P0,1000684,560,531959668511,1,652,674,2.2606706619262695,0.03125,0.0
00000245--2c15eb5d45--7,P0,1000704,560,531959668511,1,668,667,2.495677947998047,0.15625,0.0
00000245--2c15eb5d45--7,P0,1000738,587,534659551907,1,699,700,2.4951648712158203,0.03125,0.0
00000245--2c15eb5d45--7,P0,1000738,588,534759168248,1,700,699,2.481334686279297,0.03125,0.0
00000245--2c15eb5d45--7,P0,1000733,589,534859328247,1,705,695,2.4732894897460938,0.15625,0.5
00000245--2c15eb5d45--7,P0,1000738,589,534859328247,1,699,700,2.7648258209228516,0.0625,0.0
00000247--b657952782--0,P0,1000054,57,74792830534,1,64,51,0.2536630630493164,0.125,0.0
00000247--b657952782--0,P0,1000072,66,75693205280,1,70,78,0.2545318603515625,0.65625,0.0
00000247--b657952782--0,P0,1000205,134,82493365129,1,171,190,0.7466964721679688,0.0625,0.0
00000247--b657952782--0,P0,1000233,148,83893027592,1,205,209,0.2844514846801758,0.625,0.25
00000247--b657952782--0,P0,1000301,183,87392766405,1,266,271,0.24947738647460938,0.34375,0.25
00000247--b657952782--0,P0,1000394,287,97783841300,1,351,407,0.9920749664306641,0.3125,0.25
00000247--b657952782--0,P0,1000474,305,99583003090,1,420,421,0.5028839111328125,0.3125,0.0
00000247--b657952782--0,P0,1000524,344,103483280358,1,468,469,0.9894943237304688,0.15625,0.0
00000247--b657952782--0,P0,1000507,370,106082654355,1,452,508,0.5033683776855469,0.25,0.25
00000247--b657952782--0,P0,1000597,435,112582762765,1,533,548,1.2531719207763672,0.09375,0.0
00000247--b657952782--0,P0,1000644,469,115982673740,1,575,625,0.9953041076660156,0.28125,0.25
00000247--b657952782--0,P0,1000627,495,118582777928,1,559,570,0.5008144378662109,0.03125,0.0
00000247--b657952782--0,P0,1000644,496,118683216411,1,575,625,1.2389659881591797,0.0625,0.0
00000247--b657952782--0,P0,1000681,509,119982810014,1,609,613,1.0003089904785156,0.125,0.0
00000247--b657952782--0,P0,1000694,529,121982801152,1,621,702,1.2540302276611328,0.125,0.0
00000247--b657952782--0,P0,1000785,538,122883262038,1,694,707,1.2422523498535156,0.40625,0.25
00000247--b657952782--0,P0,1000765,553,124485236792,1,682,715,1.4789724349975586,0.1875,0.0
00000247--b657952782--0,P0,1000796,553,124485236792,1,722,727,1.4738502502441406,0.09375,0.25
00000247--b657952782--0,P0,1000822,553,124485236792,1,666,713,1.4840943813323975,0.0,0.25
00000247--b657952782--0,P0,1000796,559,125082577204,1,722,727,1.2298660278320312,0.53125,0.0
00000247--b657952782--0,P0,1000796,581,127282539709,1,728,727,0.9921722412109375,0.125,0.25
00000247--b657952782--0,P0,1000854,590,128182734598,1,755,762,1.2549781799316406,0.09375,0.0
00000247--b657952782--0,P0,1000888,596,128782766684,1,785,761,1.0086841583251953,0.25,0.0
00000247--b657952782--0,P0,1000847,598,128983293189,1,757,748,0.74359130859375,0.03125,0.0
00000247--b657952782--0,P0,1000854,612,130383134303,1,755,748,0.7467308044433594,0.0,0.25
00000247--b657952782--1,P0,1000001,20,133083317502,1,2,10,0.7298450469970703,0.28125,0.0
00000247--b657952782--1,P0,1000063,39,134982971064,1,52,57,1.25380277633667,0.03125,0.0
00000247--b657952782--1,P0,1000069,39,134982971064,1,60,65,1.0035400390625,0.34375,0.0
00000247--b657952782--1,P0,1000094,67,137782714271,1,84,102,0.26787567138671875,0.84375,0.0
00000247--b657952782--1,P0,1000106,74,138483430676,1,95,107,1.0541000366210938,0.4375,0.25
00000247--b657952782--1,P0,1000112,74,138483430676,1,101,115,0.052867889404296875,0.5,0.0
00000247--b657952782--1,P0,1000145,93,140382928868,1,141,140,1.2532806396484375,0.46875,0.25
00000247--b657952782--1,P0,1000149,93,140382928868,1,135,142,0.6927108764648438,0.34375,0.25
00000247--b657952782--1,P0,1000182,117,142782976293,1,164,165,0.4548301696777344,0.28125,0.0
00000247--b657952782--1,P0,1000182,118,142882882643,1,165,164,0.2963371276855469,0.3125,0.0
00000247--b657952782--1,P0,1000287,210,152073151855,1,245,265,0.996307373046875,0.1875,0.25
00000247--b657952782--1,P0,1000314,243,155373075937,1,285,290,0.9227676391601562,0.1875,0.5
00000247--b657952782--1,P0,1000335,264,157463507457,1,317,307,0.99066162109375,0.09375,0.0
00000247--b657952782--1,P0,1000307,265,157562592878,1,278,282,1.2585945129394531,0.03125,0.0
00000247--b657952782--1,P0,1000314,265,157562592878,1,259,312,1.0089130401611328,0.28125,0.0
00000247--b657952782--1,P0,1000335,277,158762771080,1,307,317,1.2526130676269531,0.15625,0.0
00000247--b657952782--1,P0,1000346,295,160562778607,1,318,344,1.0090599060058594,0.15625,0.0
00000247--b657952782--1,P0,1000367,295,160562778607,1,335,340,1.0090579986572266,0.03125,0.0
00000247--b657952782--1,P0,1000335,298,160862893887,1,317,307,0.5006790161132812,0.03125,0.0
00000247--b657952782--1,P0,1000335,305,161562978392,1,307,317,1.0047264099121094,0.0625,0.0
00000247--b657952782--1,P0,1000330,318,162863824216,1,300,355,1.9959068298339844,0.4375,0.25
00000247--b657952782--1,P0,1000427,323,163362656356,1,386,387,0.5131874084472656,1.0625,0.25
00000247--b657952782--1,P0,1000354,327,163762545476,1,361,323,2.5224647521972656,1.53125,0.75
00000247--b657952782--1,P0,1000446,337,164763193229,1,404,410,0.5014209747314453,0.03125,0.25
00000247--b657952782--1,P0,1000446,338,164862695450,1,410,404,0.7669181823730469,1.78125,0.5
00000247--b657952782--1,P0,1000446,339,164962857922,1,404,410,0.9994373321533203,0.75,0.0
00000247--b657952782--1,P0,1000571,442,175262406738,1,513,469,0.4909076690673828,0.28125,0.25
00000247--b657952782--1,P0,1000672,475,178552962133,1,605,601,0.501154899597168,0.5,0.0
00000247--b657952782--1,P0,1000792,545,185552713107,1,663,713,0.2487335205078125,0.21875,0.0
00000247--b657952782--1,P0,1000689,555,186552913609,1,638,713,0.49010276794433594,0.03125,0.5
00000247--b657952782--1,P0,1000804,573,188354499582,1,723,726,0.00554656982421875,0.84375,0.0
00000247--b657952782--1,P0,1000852,583,189352953641,1,758,752,0.000148773193359375,0.03125,0.0
00000247--b657952782--12,P0,1000224,486,839683753040,1,198,205,1.9888381958007812,0.28125,0.0
00000247--b657952782--12,P0,1000225,487,839783353915,1,200,199,0.9965591430664062,0.125,0.0
00000247--b657952782--12,P0,1000225,490,840082438185,1,199,200,0.00475311279296875,0.6875,0.25
00000247--b657952782--12,P0,1000221,495,840582389919,1,205,195,1.7475605010986328,0.03125,0.25
00000247--b657952782--12,P0,1000261,501,841182300840,1,233,235,2.2621726989746094,0.125,0.25
00000247--b657952782--12,P0,1000269,507,841783257271,1,240,247,1.9724655151367188,0.4375,0.25
00000247--b657952782--12,P0,1000287,524,843483101800,1,258,269,1.9970703125,0.15625,0.0
00000247--b657952782--12,P0,1000320,555,846582413446,1,291,296,2.0015029907226562,0.03125,0.0
00000247--b657952782--12,P0,1000339,564,847482895507,1,310,311,1.506378173828125,0.03125,0.25
00000247--b657952782--12,P0,1000339,570,848083037708,1,311,310,1.2131118774414062,0.125,0.25
00000247--b657952782--12,P0,1000344,577,848782976184,1,314,312,1.7564315795898438,0.03125,0.0
00000247--b657952782--12,P0,1000365,591,850183244761,1,327,333,1.489645004272461,0.25,0.0
00000247--b657952782--13,P0,1000030,11,852182855139,1,30,32,2.0044021606445312,0.03125,0.0
00000247--b657952782--13,P0,1000037,25,853583121962,1,35,30,1.8638153076171875,0.34375,0.0
00000247--b657952782--13,P0,1000045,25,853583121962,1,43,45,1.8638153076171875,0.0625,0.0
00000247--b657952782--13,P0,1000026,31,854182623924,1,27,42,2.0429229736328125,0.1875,0.25
00000247--b657952782--13,P0,1000052,31,854182623924,1,50,52,2.042919158935547,0.15625,0.25
00000247--b657952782--13,P0,1000056,36,854683210494,1,53,57,1.739370346069336,0.21875,0.25
00000247--b657952782--13,P0,1000080,54,856483097265,1,75,77,0.49932098388671875,0.1875,0.0
00000247--b657952782--13,P0,1000088,64,857482843984,1,83,89,2.0064773559570312,0.03125,0.25
00000247--b657952782--13,P0,1000117,85,859582917863,1,111,114,1.2646408081054688,0.0,0.0
00000247--b657952782--13,P0,1000144,109,861982639150,1,138,145,1.2700557708740234,0.03125,0.0
00000247--b657952782--13,P0,1000155,122,863282565104,1,148,152,1.0209388732910156,0.0,0.25
00000247--b657952782--13,P0,1000182,155,866583332961,1,175,179,0.9039783477783203,0.03125,0.0
00000247--b657952782--13,P0,1000228,211,872183340981,1,219,220,0.8899993896484375,0.03125,0.0
00000247--b657952782--13,P0,1000230,211,872183340981,1,221,222,0.892730712890625,0.03125,0.0
00000247--b657952782--13,P0,1000224,219,872982262285,1,216,215,1.6314067840576172,0.0625,0.25
00000247--b657952782--13,P0,1000250,225,873582446490,1,239,243,2.006826400756836,0.0625,0.25
00000247--b657952782--13,P0,1000258,233,874382243377,1,247,261,1.756509780883789,0.0625,0.0
00000247--b657952782--13,P0,1000242,236,874682553780,1,233,240,1.754887580871582,0.15625,0.25
00000247--b657952782--13,P0,1000296,248,875882897673,1,282,297,2.27142333984375,0.125,0.0
00000247--b657952782--13,P0,1000314,250,876082777731,1,300,303,1.8807907104492188,0.15625,0.25
00000247--b657952782--13,P0,1000293,251,876182728488,1,279,304,1.8536643981933594,0.125,0.0
00000247--b657952782--13,P0,1000321,256,876683189263,1,307,279,2.3709850311279297,0.03125,0.0
00000247--b657952782--13,P0,1000331,270,878082832507,1,319,317,1.8616294860839844,0.03125,0.25
00000247--b657952782--13,P0,1000319,276,878682655735,1,305,334,1.8704948425292969,0.1875,0.25
00000247--b657952782--13,P0,1000335,290,880083037226,1,321,328,1.3811492919921875,0.0625,0.0
00000247--b657952782--13,P0,1000373,299,880983255308,1,358,359,1.2798614501953125,0.375,0.0
00000247--b657952782--13,P0,1000424,368,887883189161,1,409,412,0.8315048217773438,0.03125,0.0
00000247--b657952782--13,P0,1000462,413,892382392947,1,447,456,1.5103836059570312,0.03125,0.25
00000247--b657952782--13,P0,1000504,460,897073131202,1,488,494,0.9993667602539062,0.0,0.0
00000247--b657952782--13,P0,1000504,463,897383175225,1,494,505,0.39725685119628906,0.21875,0.0
00000247--b657952782--14,P0,1000026,66,917672446353,1,58,70,1.5024375915527344,0.0625,0.25
00000247--b657952782--14,P0,1000122,128,923872884373,1,120,141,1.2477569580078125,1.03125,0.0
00000247--b657952782--14,P0,1000096,151,926173907425,1,95,163,2.2411727905273438,0.25,0.25
00000247--b657952782--14,P0,1000129,170,928073211953,1,127,173,1.4938545227050781,0.65625,0.0
00000247--b657952782--14,P0,1000127,172,928273197300,1,125,186,2.4915504455566406,0.5625,0.25
00000247--b657952782--14,P0,1000183,180,929072693262,1,180,193,1.9876976013183594,0.0625,0.25
00000247--b657952782--14,P0,1000302,307,941772612461,1,295,302,1.1488037109375,1.09375,0.0
00000247--b657952782--14,P0,1000428,399,950973143826,1,378,413,1.7993354797363281,0.59375,0.25
00000247--b657952782--14,P0,1000460,432,954272948199,1,430,438,0.17874526977539062,0.28125,0.0
00000247--b657952782--15,P0,1000340,400,1011062796172,1,331,332,2.0003814697265625,0.125,0.0
00000247--b657952782--15,P0,1000339,404,1011462774359,1,330,340,1.9970169067382812,0.6875,0.0
00000247--b657952782--15,P0,1000363,440,1015063380334,1,354,393,2.3603038787841797,0.53125,0.0
00000247--b657952782--15,P0,1000413,440,1015063380334,1,400,399,1.8590240478515625,0.375,0.25
00000247--b657952782--15,P0,1000474,470,1018063147749,1,459,471,1.9996261596679688,0.0625,0.25
00000247--b657952782--15,P0,1000473,476,1018662515924,1,465,473,1.986968994140625,0.03125,0.0
00000247--b657952782--15,P0,1000475,476,1018662515924,1,460,477,1.9813766479492188,0.4375,0.25
00000247--b657952782--15,P0,1000510,484,1019463393326,1,492,465,1.9953689575195312,0.25,0.0
00000247--b657952782--15,P0,1000473,488,1019863313944,1,473,500,2.1173019409179688,1.125,0.0
00000247--b657952782--15,P0,1000541,496,1020663388136,1,522,523,0.7413101196289062,1.09375,0.25
00000247--b657952782--15,P0,1000531,507,1021762683159,1,538,513,2.001598358154297,0.03125,0.0
00000247--b657952782--15,P0,1000531,509,1021962509550,1,513,538,2.0216064453125,0.78125,0.0
00000247--b657952782--15,P0,1000533,509,1021962509550,1,515,510,2.0216064453125,0.96875,0.0
00000247--b657952782--15,P0,1000525,517,1022762415750,1,537,515,1.8980655670166016,0.09375,0.0
00000247--b657952782--15,P0,1000571,527,1023763058643,1,551,572,2.012805938720703,1.03125,0.25
00000247--b657952782--16,P0,1000080,87,1039762653173,1,86,81,1.0240859985351562,0.125,0.0
00000247--b657952782--16,P0,1000080,89,1039963109956,1,81,86,2.0782852172851562,0.125,0.0
00000247--b657952782--16,P0,1000080,93,1040362679115,1,86,81,0.7397689819335938,0.0625,0.25
00000247--b657952782--16,P0,1000077,94,1040463523260,1,88,78,2.1786956787109375,0.21875,0.25
00000247--b657952782--16,P0,1000090,94,1040463523260,1,91,97,2.2255172729492188,0.03125,0.0
00000247--b657952782--16,P0,1000095,94,1040463523260,1,96,100,1.9755172729492188,0.15625,0.0
00000247--b657952782--16,P0,1000077,95,1040563704114,1,78,88,2.2944412231445312,0.1875,0.25
00000247--b657952782--16,P0,1000090,95,1040563704114,1,97,91,2.49761962890625,0.0,0.0
00000247--b657952782--16,P0,1000095,95,1040563704114,1,100,96,2.74761962890625,0.125,0.0
00000247--b657952782--16,P0,1000104,103,1041363330507,1,105,108,1.7492828369140625,0.0625,0.0
00000247--b657952782--16,P0,1000095,108,1041863153706,1,96,100,1.2061958312988281,0.125,0.0
00000247--b657952782--16,P0,1000194,237,1054762872048,1,194,199,2.73431396484375,0.21875,0.0
00000247--b657952782--16,P0,1000194,240,1055062841997,1,199,194,1.7774505615234375,0.1875,0.25
00000247--b657952782--16,P0,1000209,261,1057162881836,1,209,219,2.2616195678710938,1.0625,0.25
00000247--b657952782--16,P0,1000209,262,1057263154029,1,219,209,2.4910888671875,1.0,0.0
00000247--b657952782--16,P0,1000521,596,1090662699396,1,518,527,2.2470169067382812,0.0625,0.0
00000247--b657952782--17,P0,1000034,22,1093263680475,1,35,36,1.9780426025390625,0.3125,0.0
00000247--b657952782--17,P0,1000037,22,1093263680475,1,38,40,1.9726390838623047,0.0,0.25
00000247--b657952782--17,P0,1000022,29,1093963012836,1,23,25,2.2770605087280273,0.0,1.0
00000247--b657952782--17,P0,1000074,55,1096564899498,1,75,80,1.8102912902832031,0.09375,0.0
00000247--b657952782--17,P0,1000094,64,1097462973022,1,93,98,1.9862709045410156,0.15625,0.25
00000247--b657952782--17,P0,1000098,69,1097962760400,1,97,96,2.006572723388672,0.15625,0.0
00000247--b657952782--17,P0,1000066,87,1099764020078,1,70,113,1.7377662658691406,0.0,0.0
00000247--b657952782--17,P0,1000117,87,1099764020078,1,116,119,1.9877662658691406,0.0,0.0
00000247--b657952782--17,P0,1000131,95,1100562606511,1,130,133,2.0012245178222656,0.03125,0.0
00000247--b657952782--17,P0,1000141,117,1102764982164,1,140,153,2.249375343322754,0.09375,0.25
00000247--b657952782--17,P0,1000141,118,1102865117688,1,153,140,1.9482450485229492,0.03125,0.25
00000247--b657952782--17,P0,1000159,128,1103862554565,1,158,162,1.9890131950378418,0.1875,0.0
00000247--b657952782--17,P0,1000174,146,1105663141584,1,173,174,2.751291275024414,0.09375,0.0
00000247--b657952782--17,P0,1000169,147,1105763305514,1,168,171,1.974264144897461,0.15625,0.0
00000247--b657952782--17,P0,1000169,148,1105862922953,1,171,168,2.5238685607910156,0.125,0.0
00000247--b657952782--17,P0,1000206,161,1107163036910,1,202,204,2.7596893310546875,0.09375,0.0
00000247--b657952782--17,P0,1000201,165,1107563973954,1,198,201,2.2368812561035156,0.03125,0.0
00000247--b657952782--17,P0,1000201,166,1107664520419,1,201,198,1.9695606231689453,0.0625,0.25
00000247--b657952782--17,P0,1000226,181,1109162867056,1,220,237,0.7630538940429688,0.125,0.0
00000247--b657952782--17,P0,1000229,181,1109162867056,1,223,224,1.7654228210449219,0.0625,0.0
00000247--b657952782--17,P0,1000249,193,1110362544330,1,243,245,2.7578659057617188,0.15625,0.0
00000247--b657952782--17,P0,1000249,194,1110463219990,1,245,243,2.7173614501953125,0.15625,0.0
00000247--b657952782--17,P0,1000276,206,1111663111962,1,264,268,2.23687744140625,0.1875,0.25
00000247--b657952782--17,P0,1000276,213,1112364138786,1,268,264,0.7561264038085938,0.0,0.0
00000247--b657952782--17,P0,1000276,215,1112563961872,1,264,268,2.514556884765625,0.125,0.0
00000247--b657952782--17,P0,1000269,219,1112962686169,1,261,262,2.4650650024414062,0.125,0.0
00000247--b657952782--17,P0,1000288,219,1112962686169,1,280,283,2.7090225219726562,0.28125,0.25
00000247--b657952782--17,P0,1000313,234,1114463180464,1,306,305,2.7380218505859375,0.28125,0.0
00000247--b657952782--17,P0,1000378,317,1122763198127,1,369,394,2.7668685913085938,0.03125,0.5
00000247--b657952782--17,P0,1000393,317,1122763198127,1,384,392,1.7668094635009766,0.0,0.5
00000247--b657952782--17,P0,1000378,318,1122863203901,1,394,369,1.9832134246826172,0.0625,0.5
00000247--b657952782--17,P0,1000393,318,1122863203901,1,392,384,2.7332725524902344,0.03125,0.5
00000247--b657952782--17,P0,1000405,318,1122863203901,1,396,398,2.5003662109375,0.09375,0.25
00000247--b657952782--17,P0,1000378,319,1122962697670,1,369,394,2.7669906616210938,0.03125,0.5
00000247--b657952782--17,P0,1000393,319,1122962697670,1,384,392,2.0111894607543945,0.03125,0.25
00000247--b657952782--17,P0,1000405,319,1122962697670,1,398,396,1.9940929412841797,0.03125,0.5
00000247--b657952782--17,P0,1000405,320,1123062587866,1,396,398,2.7477989196777344,0.0,0.25
00000247--b657952782--17,P0,1000405,321,1123163020537,1,398,396,2.0078792572021484,0.0,0.0
00000247--b657952782--17,P0,1000409,323,1123362626571,1,400,404,0.7534332275390625,0.03125,0.0
00000247--b657952782--17,P0,1000406,324,1123463191290,1,397,396,2.499187469482422,0.0625,0.25
00000247--b657952782--17,P0,1000406,327,1123762988526,1,396,397,2.052907943725586,0.0,0.0
00000247--b657952782--17,P0,1000414,327,1123762988526,1,405,406,2.5701308250427246,0.4375,0.75
00000247--b657952782--17,P0,1000405,328,1123863139630,1,398,407,1.9718303680419922,0.03125,0.25
00000247--b657952782--17,P0,1000409,328,1123863139630,1,404,400,1.9715747833251953,0.09375,0.25
00000247--b657952782--17,P0,1000405,329,1123962988531,1,407,398,2.020284652709961,0.03125,0.0
00000247--b657952782--17,P0,1000409,329,1123962988531,1,400,404,2.0205154418945312,0.09375,0.0
00000247--b657952782--17,P0,1000468,372,1128263197921,1,456,472,2.0190067291259766,0.03125,0.0
00000247--b657952782--17,P0,1000475,372,1128263197921,1,463,467,1.774658203125,0.125,0.25
00000247--b657952782--17,P0,1000477,372,1128263197921,1,465,470,2.0192222595214844,0.03125,0.0
00000247--b657952782--17,P0,1000475,373,1128362248136,1,467,463,2.751736640930176,0.03125,0.0
00000247--b657952782--17,P0,1000490,386,1129662377003,1,476,479,1.9924774169921875,0.25,0.25
00000247--b657952782--17,P0,1000503,397,1130762357135,1,488,496,2.2861328125,0.0625,0.25
00000247--b657952782--17,P0,1000469,409,1131962455142,1,479,457,3.57977294921875,0.03125,0.0
00000247--b657952782--17,P0,1000469,410,1132062450174,1,457,479,2.196634292602539,0.03125,0.0
00000247--b657952782--17,P0,1000565,563,1147362502401,1,550,551,1.4974136352539062,0.8125,0.25
00000247--b657952782--18,P0,1000045,97,1160762675736,1,71,64,2.2948532104492188,0.0625,0.0
00000247--b657952782--18,P0,1000131,193,1170362749458,1,126,133,1.7734222412109375,0.09375,0.0
00000247--b657952782--18,P0,1000131,194,1170462560338,1,133,126,2.50640869140625,0.0625,0.0
00000247--b657952782--18,P0,1000214,268,1177863166440,1,216,232,2.4726028442382812,0.4375,0.25
00000247--b657952782--18,P0,1000242,269,1177963107184,1,235,250,2.2802276611328125,0.0625,0.0
00000247--b657952782--18,P0,1000242,270,1178063520807,1,250,235,2.2222366333007812,0.4375,0.0
00000247--b657952782--18,P0,1000242,271,1178163873908,1,235,250,2.4917449951171875,0.03125,0.0
00000247--b657952782--18,P0,1000242,272,1178262582966,1,250,235,2.2921295166015625,0.4375,0.0
00000247--b657952782--18,P0,1000242,283,1179362976885,1,235,250,2.497528076171875,0.09375,0.25
00000247--b657952782--18,P0,1000242,284,1179463075638,1,250,235,2.4958267211914062,0.75,0.25
00000247--b657952782--18,P0,1000242,285,1179562184831,1,235,250,2.273944854736328,0.53125,0.25
00000247--b657952782--18,P0,1000242,286,1179663168610,1,250,235,2.4542922973632812,0.90625,0.25
00000247--b657952782--18,P0,1000242,287,1179763307781,1,235,250,2.2511749267578125,0.59375,0.0
00000247--b657952782--18,P0,1000242,292,1180263428378,1,250,235,2.7241287231445312,0.84375,0.25
00000247--b657952782--18,P0,1000242,293,1180362691604,1,235,250,1.773468017578125,0.625,0.25
00000247--b657952782--18,P0,1000320,333,1184363044634,1,342,312,2.7806358337402344,0.3125,0.0
00000247--b657952782--18,P0,1000372,352,1186262998945,1,360,365,2.2728347778320312,0.03125,0.25
00000247--b657952782--18,P0,1000372,361,1187162692443,1,365,360,1.7549724578857422,0.15625,0.0
00000247--b657952782--18,P0,1000420,399,1190962490147,1,411,408,2.5528793334960938,0.21875,0.0
00000247--b657952782--18,P0,1000420,402,1191262792145,1,408,411,2.0016822814941406,0.34375,0.75
00000247--b657952782--18,P0,1000489,412,1192262438575,1,474,480,3.0216445922851562,0.34375,0.0
00000247--b657952782--18,P0,1000476,413,1192365213421,1,461,466,2.9607887268066406,0.4375,0.0
00000247--b657952782--18,P0,1000489,413,1192365213421,1,480,474,0.45867919921875,0.625,0.0
00000247--b657952782--18,P0,1000476,414,1192463487216,1,466,461,2.0107498168945312,0.78125,0.0
00000247--b657952782--18,P0,1000509,427,1193763275512,1,497,493,2.2868423461914062,0.0625,0.25
00000247--b657952782--18,P0,1000509,428,1193863131710,1,493,497,2.492950439453125,0.25,0.25
00000247--b657952782--18,P0,1000509,429,1193963044056,1,497,493,2.509654998779297,0.09375,0.25
00000247--b657952782--18,P0,1000540,465,1197562893578,1,524,529,1.7503509521484375,0.0625,0.0
00000247--b657952782--18,P0,1000652,541,1205164147895,1,635,646,2.2403945922851562,0.34375,0.0
00000247--b657952782--18,P0,1000652,549,1205962740647,1,646,635,2.2619857788085938,0.25,0.25
00000247--b657952782--18,P0,1000652,552,1206263157364,1,635,646,2.7333106994628906,0.1875,0.25
00000247--b657952782--18,P0,1000652,553,1206362849557,1,646,635,2.011566162109375,0.21875,0.25
00000247--b657952782--18,P0,1000682,566,1207662642199,1,664,668,2.7468185424804688,0.46875,0.0
00000247--b657952782--19,P0,1000083,85,1219562390325,1,83,91,2.3241806030273438,0.0,0.25
00000247--b657952782--19,P0,1000083,86,1219662765630,1,91,83,2.9533615112304688,0.03125,0.0
00000247--b657952782--19,P0,1000313,209,1231963187614,1,310,317,2.7956085205078125,0.15625,0.25
00000247--b657952782--19,P0,1000318,209,1231963187614,1,315,316,2.5403289794921875,0.0625,0.0
00000247--b657952782--19,P0,1000313,210,1232063144393,1,317,310,2.99664306640625,0.15625,0.25
00000247--b657952782--19,P0,1000313,211,1232162388350,1,310,317,2.5419921875,0.21875,0.0
00000247--b657952782--19,P0,1000313,222,1233263691264,1,310,323,3.2726211547851562,0.28125,0.0
00000247--b657952782--19,P0,1000321,246,1235663151156,1,318,332,0.7203025817871094,0.0625,0.0
00000247--b657952782--19,P0,1000350,246,1235663151156,1,343,362,2.7145309448242188,0.0625,0.25
00000247--b657952782--19,P0,1000366,246,1235663151156,1,357,359,1.7257843017578125,0.0625,0.25
00000247--b657952782--19,P0,1000321,254,1236463240682,1,332,318,2.4769515991210938,0.0625,0.0
00000247--b657952782--19,P0,1000321,255,1236564906094,1,318,332,2.6752090454101562,0.09375,0.0
00000247--b657952782--19,P0,1000321,256,1236664257572,1,332,318,2.800142288208008,0.0625,0.0
00000247--b657952782--19,P0,1000391,279,1238962742166,1,378,391,3.7773284912109375,0.0625,0.0
00000247--b657952782--19,P0,1000433,309,1241962532035,1,415,416,2.7516098022460938,0.125,0.25
00000247--b657952782--19,P0,1000471,328,1243862471483,1,453,454,1.27801513671875,0.1875,0.25
00000247--b657952782--19,P0,1000471,330,1244063264866,1,454,455,0.7172317504882812,0.03125,0.25
00000247--b657952782--19,P0,1000477,330,1244063264866,1,459,453,0.7227554321289062,0.03125,0.0
00000247--b657952782--19,P0,1000500,353,1246362904947,1,486,480,2.2805099487304688,0.15625,0.25
00000247--b657952782--19,P0,1000523,363,1247362453425,1,502,501,2.0009231567382812,0.09375,0.0
00000247--b657952782--19,P0,1000523,371,1248163347495,1,501,502,2.690692901611328,0.15625,0.0
00000247--b657952782--19,P0,1000523,376,1248663390096,1,502,501,0.7149505615234375,0.0,0.0
00000247--b657952782--19,P0,1000523,378,1248862724192,1,501,502,3.246257781982422,0.03125,0.0
00000247--b657952782--19,P0,1000647,486,1259662925897,1,624,626,3.7517547607421875,1.1875,0.0
00000247--b657952782--19,P0,1000647,495,1260564585336,1,624,626,3.769378662109375,0.5625,0.25
00000247--b657952782--19,P0,1000647,499,1260962827931,1,626,634,2.7724075317382812,0.875,0.25
00000247--b657952782--19,P0,1000647,510,1262063090973,1,626,624,3.3257064819335938,0.46875,0.25
00000247--b657952782--2,P0,1000271,196,210742690843,1,237,247,0.24054336547851562,0.15625,0.5
00000247--b657952782--2,P0,1000275,228,213942637565,1,241,262,0.7480173110961914,0.5,0.0
00000247--b657952782--2,P0,1000297,232,214343350890,1,244,278,2.002471923828125,2.875,0.0
00000247--b657952782--2,P0,1000375,277,218843406908,1,331,327,0.0269012451171875,0.59375,0.0
00000247--b657952782--2,P0,1000431,341,225243357980,1,379,394,0.9809532165527344,0.71875,0.25
00000247--b657952782--2,P0,1000431,343,225443267596,1,394,379,0.5070037841796875,0.25,0.5
00000247--b657952782--2,P0,1000431,344,225542684343,1,379,394,0.9943580627441406,0.6875,0.5
00000247--b657952782--2,P0,1000449,350,226143096723,1,396,405,0.6849174499511719,0.25,0.25
00000247--b657952782--2,P0,1000529,411,232243295484,1,473,481,1.8377981185913086,0.125,0.0
00000247--b657952782--2,P0,1000535,411,232243295484,1,479,501,1.8377981185913086,0.15625,0.0
00000247--b657952782--2,P0,1000598,468,237943404725,1,542,543,2.3220596313476562,0.34375,0.0
00000247--b657952782--2,P0,1000617,478,238943290893,1,560,571,2.471912384033203,0.3125,0.0
00000247--b657952782--2,P0,1000584,494,240542978625,1,565,581,1.4801406860351562,0.375,0.25
00000247--b657952782--2,P0,1000707,553,246442788266,1,646,651,1.9114608764648438,0.40625,0.0
00000247--b657952782--20,P0,1000000,3,1271363148884,1,11,1,2.0000953674316406,0.03125,0.25
00000247--b657952782--20,P0,1000003,3,1271363148884,1,4,12,0.244720458984375,0.71875,0.0
00000247--b657952782--20,P0,1000006,3,1271363148884,1,18,7,2.0000953674316406,0.1875,0.25
00000247--b657952782--20,P0,1000000,4,1271463436300,1,1,11,3.501941680908203,0.03125,0.25
00000247--b657952782--20,P0,1000003,4,1271463436300,1,12,4,5.5073394775390625,0.71875,0.0
00000247--b657952782--20,P0,1000006,4,1271463436300,1,7,18,3.2465476989746094,0.0,0.5
00000247--b657952782--20,P0,1000000,5,1271562338503,1,11,1,2.2621898651123047,0.03125,0.25
00000247--b657952782--20,P0,1000006,5,1271562338503,1,18,7,2.034374237060547,0.09375,0.25
00000247--b657952782--20,P0,1000000,6,1271662945034,1,1,11,2.779627799987793,0.03125,0.25
00000247--b657952782--20,P0,1000035,28,1273862826610,1,36,39,1.9673690795898438,0.75,0.0
00000247--b657952782--20,P0,1000029,29,1273962497831,1,30,34,3.0281448364257812,0.71875,0.0
00000247--b657952782--20,P0,1000035,29,1273962497831,1,39,36,3.0281448364257812,1.0,0.0
00000247--b657952782--20,P0,1000029,30,1274063161502,1,34,30,2.4748306274414062,0.46875,0.0
00000247--b657952782--20,P0,1000035,30,1274063161502,1,36,39,2.4748306274414062,0.96875,0.0
00000247--b657952782--20,P0,1000088,85,1279562472186,1,86,89,1.4990310668945312,0.71875,0.25
00000247--b657952782--20,P0,1000088,86,1279664264937,1,89,86,3.6959228515625,0.15625,0.25
00000247--b657952782--20,P0,1000079,87,1279764253258,1,90,77,1.9822616577148438,1.0625,0.0
00000247--b657952782--20,P0,1000088,87,1279764253258,1,86,89,1.7374801635742188,0.625,0.25
00000247--b657952782--20,P0,1000094,87,1279764253258,1,92,94,1.73748779296875,0.21875,0.25
00000247--b657952782--20,P0,1000079,88,1279863986110,1,77,90,3.2833099365234375,0.65625,0.0
00000247--b657952782--20,P0,1000088,88,1279863986110,1,89,86,3.5333099365234375,0.0,0.0
00000247--b657952782--20,P0,1000094,88,1279863986110,1,94,92,3.5279541015625,0.125,0.25
00000247--b657952782--20,P0,1000079,89,1279962790159,1,90,77,1.8034896850585938,1.09375,0.0
00000247--b657952782--20,P0,1000088,89,1279962790159,1,86,89,1.5534896850585938,0.375,0.0
00000247--b657952782--20,P0,1000094,89,1279962790159,1,92,94,1.808837890625,0.09375,0.25
00000247--b657952782--20,P0,1000079,92,1280262856144,1,77,90,2.7655181884765625,0.28125,0.0
00000247--b657952782--20,P0,1000088,92,1280262856144,1,89,86,3.2745590209960938,0.03125,0.25
00000247--b657952782--20,P0,1000094,92,1280262856144,1,94,92,3.2655181884765625,0.28125,0.0
00000247--b657952782--20,P0,1000088,102,1281264598795,1,86,89,2.9525299072265625,0.28125,0.0
00000247--b657952782--20,P0,1000088,104,1281463673782,1,89,86,4.298152923583984,0.0625,0.0
00000247--b657952782--20,P0,1000088,105,1281563041692,1,86,89,2.245380401611328,0.25,0.0
00000247--b657952782--20,P0,1000289,296,1300662680514,1,287,317,1.7616195678710938,0.09375,0.0
00000247--b657952782--20,P0,1000293,296,1300662680514,1,291,300,2.2673683166503906,0.0625,0.25
00000247--b657952782--20,P0,1000308,296,1300662680514,1,306,312,2.0058670043945312,0.09375,0.25
00000247--b657952782--20,P0,1000328,309,1301962411432,1,324,325,2.2459793090820312,0.09375,0.0
00000247--b657952782--20,P0,1000358,343,1305362804040,1,350,351,1.4318313598632812,0.375,0.25
00000247--b657952782--20,P0,1000358,344,1305463321060,1,351,350,2.8219947814941406,0.5625,0.0
00000247--b657952782--20,P0,1000364,345,1305563174748,1,359,357,1.9270172119140625,0.25,0.0
00000247--b657952782--20,P0,1000373,351,1306162421255,1,365,370,4.011466979980469,0.03125,0.0
00000247--b657952782--20,P0,1000373,352,1306263417629,1,370,365,3.2655563354492188,0.0,0.0
00000247--b657952782--20,P0,1000369,356,1306662712770,1,366,362,2.5676116943359375,0.03125,0.0
00000247--b657952782--20,P0,1000373,356,1306662712770,1,365,370,3.3142013549804688,0.09375,0.25
00000247--b657952782--20,P0,1000373,359,1306962527262,1,370,365,2.5147857666015625,0.125,0.0
00000247--b657952782--20,P0,1000389,366,1307662530801,1,380,379,3.52081298828125,0.40625,0.0
00000247--b657952782--20,P0,1000373,368,1307864306835,1,365,370,3.207172393798828,0.25,0.0
00000247--b657952782--20,P0,1000401,380,1309063211248,1,391,395,3.0711517333984375,0.4375,0.0
00000247--b657952782--20,P0,1000418,401,1311164253181,1,408,407,4.081672668457031,0.03125,0.0
00000247--b657952782--20,P0,1000418,403,1311362517145,1,407,408,2.69927978515625,0.0,0.0
00000247--b657952782--20,P0,1000421,403,1311362517145,1,411,412,3.73992919921875,0.03125,0.0
00000247--b657952782--20,P0,1000421,404,1311463546798,1,412,411,3.2092361450195312,0.03125,0.0
00000247--b657952782--20,P0,1000421,408,1311863591107,1,411,412,4.505622863769531,0.03125,0.0
00000247--b657952782--20,P0,1000421,409,1311962606239,1,412,411,3.5297164916992188,0.15625,0.0
00000247--b657952782--20,P0,1000421,413,1312362386450,1,411,412,3.535869598388672,0.09375,0.25
00000247--b657952782--20,P0,1000449,428,1313862761553,1,438,442,3.4408416748046875,0.1875,0.0
00000247--b657952782--20,P0,1000473,450,1316063469034,1,463,462,3.310882568359375,1.15625,0.0
00000247--b657952782--20,P0,1000473,451,1316162958197,1,462,463,2.1964874267578125,0.84375,0.0
00000247--b657952782--20,P0,1000498,476,1318664592821,1,485,492,2.7719802856445312,0.375,0.25
00000247--b657952782--20,P0,1000519,486,1319663154472,1,505,504,2.7537612915039062,0.0625,0.0
00000247--b657952782--20,P0,1000519,487,1319756314331,1,504,505,3.2196044921875,0.0,0.25
00000247--b657952782--20,P0,1000550,528,1323863601915,1,536,542,5.4960479736328125,0.375,0.0
00000247--b657952782--20,P0,1000563,558,1326863594037,1,550,558,4.013786315917969,0.09375,0.25
00000247--b657952782--20,P0,1000563,560,1327062883912,1,558,550,2.479825973510742,0.125,0.25
00000247--b657952782--21,P0,1000075,50,1336062615908,1,72,75,1.7033233642578125,0.125,0.0
00000247--b657952782--21,P0,1000075,53,1336362501574,1,75,72,2.991302490234375,0.1875,0.0
00000247--b657952782--21,P0,1000146,103,1341362494156,1,144,143,2.739837646484375,0.28125,0.0
00000247--b657952782--21,P0,1000149,110,1342054842762,1,146,154,2.7385635375976562,0.21875,0.0
00000247--b657952782--21,P0,1000155,110,1342054842762,1,151,152,2.7437591552734375,0.0625,0.25
00000247--b657952782--21,P0,1000149,111,1342153269413,1,154,146,3.2901382446289062,0.0,0.0
00000247--b657952782--21,P0,1000149,122,1343263142425,1,146,154,2.441497802734375,0.125,0.0
00000247--b657952782--21,P0,1000155,127,1343764775706,1,152,151,3.4830093383789062,0.03125,0.0
00000247--b657952782--21,P0,1000217,183,1349353126817,1,208,214,4.02313232421875,0.03125,0.0
00000247--b657952782--21,P0,1000217,184,1349462593917,1,214,208,3.2642822265625,0.0625,0.0
00000247--b657952782--21,P0,1000217,188,1349853960304,1,208,214,4.2238006591796875,0.125,0.0
00000247--b657952782--21,P0,1000217,193,1350362813708,1,214,208,3.458812713623047,0.09375,0.25
00000247--b657952782--21,P0,1000329,335,1364552532641,1,316,317,3.2219161987304688,0.0625,0.25
00000247--b657952782--21,P0,1000329,337,1364753040833,1,317,316,4.4856109619140625,0.25,0.25
00000247--b657952782--21,P0,1000329,343,1365352807592,1,317,320,3.7384872436523438,0.0625,0.0
00000247--b657952782--21,P0,1000329,347,1365754291663,1,320,317,2.9536972045898438,0.125,0.25
00000247--b657952782--21,P0,1000329,351,1366152888539,1,317,320,3.524749755859375,0.09375,0.0
00000247--b657952782--21,P0,1000338,351,1366152888539,1,325,327,3.2686538696289062,0.0625,0.25
00000247--b657952782--21,P0,1000329,355,1366552665437,1,320,317,3.4894256591796875,0.0,0.0
00000247--b657952782--21,P0,1000338,355,1366552665437,1,327,325,3.9894256591796875,0.03125,0.0
00000247--b657952782--21,P0,1000338,356,1366652628880,1,325,327,3.2612037658691406,0.03125,0.0
00000247--b657952782--21,P0,1000329,358,1366853369711,1,317,320,3.4644908905029297,0.03125,0.0
00000247--b657952782--21,P0,1000329,360,1367052800510,1,320,317,3.812192916870117,0.0,0.0
00000247--b657952782--21,P0,1000338,360,1367052800510,1,327,325,4.31219482421875,0.03125,0.0
00000247--b657952782--21,P0,1000329,361,1367152216513,1,317,320,3.5090694427490234,0.03125,0.0
00000247--b657952782--21,P0,1000338,361,1367152216513,1,325,327,3.015003204345703,0.03125,0.25
00000247--b657952782--21,P0,1000338,365,1367552912966,1,327,325,4.0478515625,0.0625,0.25
00000247--b657952782--21,P0,1000338,366,1367653024359,1,325,327,3.2486438751220703,0.0,0.25
00000247--b657952782--21,P0,1000344,368,1367853006366,1,331,336,2.972553253173828,0.03125,0.0
00000247--b657952782--21,P0,1000351,368,1367853006366,1,338,339,3.733783721923828,0.09375,0.5
00000247--b657952782--21,P0,1000351,369,1367952937033,1,339,338,3.521747589111328,0.15625,0.5
00000247--b657952782--21,P0,1000351,371,1368153317940,1,338,339,3.723796844482422,0.0625,1.0
00000247--b657952782--21,P0,1000344,374,1368453031924,1,336,331,3.972257614135742,0.09375,0.0
00000247--b657952782--21,P0,1000344,375,1368553232570,1,331,336,3.000772476196289,0.03125,0.25
00000247--b657952782--21,P0,1000344,379,1368954032392,1,336,331,3.984243392944336,0.09375,0.25
00000247--b657952782--21,P0,1000357,388,1369852588454,1,343,348,2.7486724853515625,0.15625,0.0
00000247--b657952782--21,P0,1000384,453,1376352751496,1,370,371,2.540985107421875,0.84375,0.25
00000247--b657952782--21,P0,1000397,480,1379052763496,1,384,383,4.7530670166015625,0.25,0.0
00000247--b657952782--21,P0,1000397,481,1379152480657,1,383,384,2.733428955078125,0.09375,0.0
00000247--b657952782--21,P0,1000397,483,1379352536344,1,384,383,4.47711181640625,0.375,0.0
00000247--b657952782--21,P0,1000397,484,1379452675512,1,383,384,2.7536239624023438,0.0625,0.0
00000247--b657952782--21,P0,1000431,543,1385353536290,1,416,419,2.7392349243164062,0.40625,0.25
00000247--b657952782--22,P0,1000001,9,1391953219590,1,2,10,2.7559814453125,0.09375,0.0
00000247--b657952782--22,P0,1000002,9,1391953219590,1,3,13,1.2559814453125,0.90625,0.0
00000247--b657952782--22,P0,1000001,18,1392852790807,1,10,2,0.75177001953125,0.0,0.25
00000247--b657952782--22,P0,1000003,18,1392852790807,1,4,7,0.75177001953125,0.25,0.25
00000247--b657952782--22,P0,1000007,18,1392852790807,1,23,8,0.4960441589355469,0.09375,0.5
00000247--b657952782--22,P0,1000016,18,1392852790807,1,17,24,0.745941162109375,1.34375,0.5
00000247--b657952782--22,P0,1000001,21,1393152420704,1,2,10,2.990568161010742,0.3125,0.0
00000247--b657952782--22,P0,1000003,21,1393152420704,1,7,4,2.7405662536621094,0.03125,0.0
00000247--b657952782--22,P0,1000016,21,1393152420704,1,24,17,2.746540069580078,0.75,0.25
00000247--b657952782--22,P0,1000044,45,1395552654717,1,45,47,1.249094009399414,0.375,0.25
00000247--b657952782--22,P0,1000044,47,1395753174909,1,47,45,0.735382080078125,0.0625,0.5
00000247--b657952782--22,P0,1000044,49,1395952581165,1,45,47,2.0076026916503906,0.375,0.5
00000247--b657952782--22,P0,1000132,133,1404352569255,1,120,124,1.2686076164245605,0.40625,0.25
00000247--b657952782--22,P0,1000168,143,1405352403219,1,150,149,1.2507209777832031,0.75,0.25
00000247--b657952782--22,P0,1000167,148,1405853218015,1,148,151,1.2623138427734375,0.1875,0.0
00000247--b657952782--22,P0,1000204,177,1408753744824,1,178,173,2.2674331665039062,0.8125,0.75
00000247--b657952782--22,P0,1000247,207,1411752785187,1,220,222,0.5042810440063477,0.375,0.25
00000247--b657952782--22,P0,1000247,210,1412055029576,1,222,220,2.2274208068847656,0.15625,0.0
00000247--b657952782--22,P0,1000371,299,1420952449757,1,340,343,2.4920883178710938,0.25,0.0
00000247--b657952782--22,P0,1000372,299,1420952449757,1,341,332,0.7363042831420898,0.03125,0.25
00000247--b657952782--22,P0,1000372,300,1421052573073,1,332,341,1.5135507583618164,0.09375,0.25
00000247--b657952782--22,P0,1000371,303,1421352254630,1,343,340,1.246133804321289,0.71875,0.25
00000247--b657952782--22,P0,1000396,339,1424952532169,1,365,378,2.7514495849609375,0.125,0.0
00000247--b657952782--22,P0,1000428,362,1427252517665,1,396,427,1.7474689483642578,0.46875,0.25
00000247--b657952782--22,P0,1000442,362,1427252517665,1,408,416,1.4975090026855469,0.34375,0.25
00000247--b657952782--22,P0,1000527,494,1440452902097,1,496,491,2.756256103515625,0.125,0.25
00000247--b657952782--22,P0,1000526,519,1442953145822,1,490,492,2.5224990844726562,0.625,0.0
00000247--b657952782--22,P0,1000605,540,1445053052390,1,566,563,2.490602493286133,0.28125,0.25
00000247--b657952782--22,P0,1000596,549,1445952844021,1,521,557,2.5075454711914062,0.75,0.25
00000247--b657952782--23,P0,1000161,276,1478652956518,1,162,163,3.98187255859375,0.25,0.25
00000247--b657952782--23,P0,1000161,279,1478952784881,1,163,162,3.9492034912109375,0.53125,0.25
00000247--b657952782--23,P0,1000173,300,1481055052507,1,174,176,5.164604187011719,0.75,0.0
00000247--b657952782--23,P0,1000173,304,1481453009486,1,176,174,5.08477783203125,0.1875,0.0
00000247--b657952782--23,P0,1000173,310,1482052789666,1,174,176,4.839937210083008,0.375,0.0
00000247--b657952782--23,P0,1000255,395,1490552305411,1,256,266,2.1232337951660156,1.0,0.0
00000247--b657952782--23,P0,1000281,439,1494954163124,1,281,300,2.499509811401367,0.09375,0.25
00000247--b657952782--23,P0,1000280,447,1495752678985,1,280,316,1.8800430297851562,0.46875,0.0
00000247--b657952782--23,P0,1000245,452,1496252336528,1,246,296,1.013214111328125,0.25,0.25
00000247--b657952782--23,P0,1000245,455,1496543169682,1,296,246,0.7516536712646484,0.28125,0.0
00000247--b657952782--23,P0,1000341,461,1497152892220,1,338,337,0.38411903381347656,0.875,0.0
00000247--b657952782--23,P0,1000367,478,1498853414331,1,359,363,1.015115737915039,0.84375,0.75
00000247--b657952782--24,P0,1000024,34,1514443178499,1,24,59,1.2942886352539062,0.09375,0.0
00000247--b657952782--24,P0,1000040,34,1514443178499,1,41,40,0.8002395629882812,0.0625,0.25
00000247--b657952782--24,P0,1000024,35,1514543052496,1,59,24,1.2542724609375,0.28125,0.0
00000247--b657952782--24,P0,1000040,35,1514543052496,1,40,41,2.5103492736816406,0.0625,0.25
00000247--b657952782--24,P0,1000055,37,1514742350558,1,55,61,2.2128143310546875,0.21875,0.0
00000247--b657952782--24,P0,1000024,39,1514942628117,1,24,59,0.994171142578125,0.09375,0.0
00000247--b657952782--24,P0,1000024,42,1515242414993,1,59,24,2.251270294189453,0.03125,0.0
00000247--b657952782--24,P0,1000061,42,1515242414993,1,60,55,1.9955520629882812,0.21875,0.25
00000247--b657952782--24,P0,1000066,42,1515242414993,1,65,71,2.2512664794921875,0.4375,0.0
00000247--b657952782--24,P0,1000048,44,1515442923204,1,66,48,0.7640838623046875,0.09375,0.0
00000247--b657952782--24,P0,1000061,44,1515442923204,1,55,60,0.7640838623046875,0.34375,0.0
00000247--b657952782--24,P0,1000048,45,1515543065307,1,48,66,1.9916000366210938,0.09375,0.0
00000247--b657952782--24,P0,1000049,45,1515543065307,1,51,75,1.9916000366210938,0.40625,0.0
00000247--b657952782--24,P0,1000061,45,1515543065307,1,60,55,1.9916000366210938,0.3125,0.0
00000247--b657952782--24,P0,1000081,49,1515943095252,1,77,51,2.0381393432617188,0.09375,0.0
00000247--b657952782--24,P0,1000036,52,1516243235161,1,70,37,0.9862518310546875,0.1875,1.0
00000247--b657952782--24,P0,1000039,55,1516542691686,1,39,36,0.7604579925537109,0.125,0.25
00000247--b657952782--24,P0,1000039,56,1516643260902,1,36,39,1.7358837127685547,0.1875,0.25
00000247--b657952782--24,P0,1000087,56,1516643260902,1,83,82,2.2414321899414062,0.8125,0.0
00000247--b657952782--24,P0,1000093,67,1517742892083,1,88,100,2.0232315063476562,0.1875,0.25
00000247--b657952782--24,P0,1000053,68,1517842299506,1,53,78,0.74755859375,0.0625,0.0
00000247--b657952782--24,P0,1000053,69,1517943176150,1,78,53,1.997833251953125,0.03125,0.0
00000247--b657952782--24,P0,1000093,69,1517943176150,1,100,88,0.49779510498046875,0.4375,0.0
00000247--b657952782--24,P0,1000108,84,1519442485152,1,101,103,1.7559967041015625,0.15625,0.0
00000247--b657952782--24,P0,1000120,94,1520442948804,1,112,119,1.8234214782714844,0.03125,0.25
00000247--b657952782--24,P0,1000123,106,1521642400260,1,102,95,2.9995288848876953,0.15625,0.25
00000247--b657952782--24,P0,1000140,106,1521642400260,1,130,129,1.7552108764648438,0.28125,0.0
00000247--b657952782--24,P0,1000164,137,1524742859291,1,153,161,1.7411394119262695,0.09375,0.0
00000247--b657952782--24,P0,1000177,152,1526242593730,1,151,124,1.5038909912109375,0.3125,0.0
00000247--b657952782--24,P0,1000191,152,1526242593730,1,179,182,1.7538414001464844,0.125,0.0
00000247--b657952782--24,P0,1000177,154,1526444936626,1,124,151,2.2175474166870117,0.375,0.0
00000247--b657952782--24,P0,1000179,154,1526444936626,1,167,180,1.7179584503173828,0.09375,0.0
00000247--b657952782--24,P0,1000191,154,1526444936626,1,182,179,1.96795654296875,0.09375,0.0
00000247--b657952782--24,P0,1000196,154,1526444936626,1,184,185,1.96795654296875,0.0,0.0
00000247--b657952782--24,P0,1000191,158,1526842518137,1,179,182,1.998870849609375,0.09375,0.0
00000247--b657952782--24,P0,1000196,158,1526842518137,1,185,184,1.998870849609375,0.03125,0.0
00000247--b657952782--24,P0,1000254,209,1531942599179,1,240,246,1.9886035919189453,0.03125,0.25
00000247--b657952782--24,P0,1000268,220,1533043309722,1,254,257,1.6996021270751953,0.09375,0.25
00000247--b657952782--24,P0,1000270,220,1533043309722,1,256,258,1.9449176788330078,0.09375,0.0
00000247--b657952782--24,P0,1000277,220,1533043309722,1,262,265,1.944915771484375,0.0625,0.0
00000247--b657952782--24,P0,1000273,229,1533942698810,1,264,259,1.9931411743164062,0.25,0.0
00000247--b657952782--24,P0,1000276,229,1533942698810,1,261,256,2.243144989013672,0.03125,0.0
00000247--b657952782--24,P0,1000283,229,1533942698810,1,266,270,1.7489089965820312,0.03125,0.25
00000247--b657952782--24,P0,1000285,229,1533942698810,1,268,271,1.7432365417480469,0.09375,0.0
00000247--b657952782--24,P0,1000295,236,1534643068913,1,277,280,1.9724349975585938,0.34375,0.0
00000247--b657952782--24,P0,1000300,236,1534643068913,1,282,285,1.9724349975585938,0.03125,0.0
00000247--b657952782--24,P0,1000314,250,1536042441242,1,296,298,1.7333297729492188,0.3125,0.25
00000247--b657952782--24,P0,1000307,253,1536343201737,1,289,282,1.9963455200195312,0.28125,0.0
00000247--b657952782--24,P0,1000320,268,1537843056743,1,301,315,1.9906330108642578,0.0625,0.0
00000247--b657952782--24,P0,1000310,273,1538343162292,1,292,283,2.0155258178710938,0.375,0.0
00000247--b657952782--24,P0,1000335,273,1538343162292,1,316,317,2.0155258178710938,0.125,0.0
00000247--b657952782--24,P0,1000328,284,1539442408796,1,309,303,1.9976372718811035,0.03125,0.25
00000247--b657952782--24,P0,1000369,312,1542243191509,1,349,352,1.9887847900390625,0.1875,0.0
00000247--b657952782--24,P0,1000346,323,1543344355607,1,327,348,2.0014305114746094,1.09375,0.25
00000247--b657952782--24,P0,1000388,327,1543743166811,1,368,375,2.0020751953125,0.03125,0.0
00000247--b657952782--24,P0,1000393,327,1543743166811,1,373,376,2.2520751953125,0.5,0.0
00000247--b657952782--24,P0,1000408,343,1545342878541,1,387,397,2.006195068359375,0.15625,0.25
00000247--b657952782--24,P0,1000439,363,1547342496474,1,417,423,2.0065231323242188,0.59375,0.0
00000247--b657952782--24,P0,1000456,379,1548942563394,1,433,438,1.7668781280517578,0.15625,0.25
00000247--b657952782--24,P0,1000456,381,1549142452830,1,438,433,1.9890155792236328,0.09375,0.0
00000247--b657952782--24,P0,1000463,381,1549142452830,1,440,444,2.2332382202148438,0.25,0.25
00000247--b657952782--24,P0,1000483,400,1551044441324,1,459,465,1.9708328247070312,0.28125,0.0
00000247--b657952782--24,P0,1000483,408,1551843139124,1,465,472,1.7323341369628906,0.1875,0.25
00000247--b657952782--24,P0,1000497,408,1551843139124,1,473,475,1.98797607421875,0.03125,0.0
00000247--b657952782--24,P0,1000510,422,1553243127528,1,485,486,2.2379150390625,1.375,0.0
00000247--b657952782--24,P0,1000483,429,1553942495360,1,465,472,1.9948692321777344,0.0625,0.0
00000247--b657952782--24,P0,1000514,442,1555242871066,1,489,467,1.7515168190002441,0.03125,0.25
00000247--b657952782--24,P0,1000524,446,1555645403517,1,497,504,2.108888626098633,0.0625,0.0
00000247--b657952782--24,P0,1000528,446,1555645403517,1,501,503,1.8512077331542969,0.15625,0.25
00000247--b657952782--24,P0,1000525,450,1556043209062,1,498,510,1.9916954040527344,0.09375,0.0
00000247--b657952782--24,P0,1000534,454,1556442820248,1,507,514,2.0325660705566406,0.15625,0.25
00000247--b657952782--24,P0,1000544,454,1556442820248,1,516,517,2.0325660705566406,0.125,0.25
00000247--b657952782--24,P0,1000560,477,1558742559043,1,532,535,1.9935874938964844,0.4375,0.0
00000247--b657952782--24,P0,1000565,485,1559542937967,1,537,544,1.9894142150878906,0.125,0.25
00000247--b657952782--24,P0,1000580,498,1560842299131,1,551,556,2.017732620239258,0.03125,0.0
00000247--b657952782--24,P0,1000547,501,1561143099292,1,519,526,1.7453155517578125,0.4375,0.0
00000247--b657952782--24,P0,1000547,502,1561242985552,1,526,519,0.2557830810546875,0.5,0.0
00000247--b657952782--24,P0,1000575,505,1561542996606,1,547,564,2.252676010131836,0.09375,0.25
00000247--b657952782--24,P0,1000547,506,1561643289672,1,519,526,1.9891281127929688,0.40625,0.0
00000247--b657952782--24,P0,1000582,506,1561643289672,1,557,567,1.989126205444336,0.09375,0.0
00000247--b657952782--24,P0,1000547,509,1561942797150,1,526,519,0.24944305419921875,0.5,0.0
00000247--b657952782--24,P0,1000564,509,1561942797150,1,543,536,0.7437744140625,0.5,0.25
00000247--b657952782--24,P0,1000564,510,1562042281601,1,536,543,1.2536544799804688,0.90625,0.0
00000247--b657952782--24,P0,1000576,511,1562144352204,1,548,549,1.966531753540039,0.0,0.0
00000247--b657952782--24,P0,1000602,513,1562342847725,1,570,571,2.0267372131347656,0.125,0.0
00000247--b657952782--24,P0,1000617,535,1564542803089,1,582,591,1.9961795806884766,0.15625,0.0
00000247--b657952782--24,P0,1000643,542,1565242995081,1,606,607,2.0009231567382812,0.09375,0.0
00000247--b657952782--24,P0,1000655,553,1566343171283,1,618,619,1.9958305358886719,0.0,0.0
00000247--b657952782--24,P0,1000658,556,1566642409075,1,621,623,1.748626708984375,0.1875,0.25
00000247--b657952782--24,P0,1000620,570,1568042726858,1,585,638,1.0035018920898438,0.21875,0.0
00000247--b657952782--24,P0,1000620,572,1568243308622,1,638,585,1.7424850463867188,0.21875,0.25
00000247--b657952782--24,P0,1000641,577,1568743026827,1,604,609,0.7829971313476562,0.125,0.0
00000247--b657952782--24,P0,1000666,577,1568743026827,1,629,640,1.5329971313476562,0.0625,0.0
00000247--b657952782--24,P0,1000641,578,1568842500601,1,609,604,1.7686767578125,0.15625,0.0
00000247--b657952782--24,P0,1000666,578,1568842500601,1,640,629,0.7686767578125,0.0625,0.0
00000247--b657952782--24,P0,1000666,579,1568942838248,1,629,640,1.7425537109375,0.0,0.0
00000247--b657952782--24,P0,1000666,581,1569142346138,1,640,629,0.7427825927734375,0.0625,0.25
00000247--b657952782--24,P0,1000641,582,1569242702581,1,604,609,0.5024185180664062,0.0,0.0
00000247--b657952782--24,P0,1000666,582,1569242702581,1,629,640,1.5024185180664062,0.0625,0.0
00000247--b657952782--24,P0,1000641,584,1569443274790,1,609,604,1.987945556640625,0.15625,0.0
00000247--b657952782--24,P0,1000666,584,1569443274790,1,640,629,1.237945556640625,0.15625,0.0
00000247--b657952782--24,P0,1000666,585,1569542274720,1,629,640,1.0128860473632812,0.1875,0.0
00000247--b657952782--24,P0,1000666,587,1569742454237,1,640,629,1.74627685546875,0.125,0.0
00000247--b657952782--24,P0,1000700,587,1569742454237,1,662,654,2.24627685546875,0.625,0.0
00000247--b657952782--24,P0,1000620,589,1569942307880,1,585,638,0.6145286560058594,0.25,0.0
00000247--b657952782--24,P0,1000641,589,1569942307880,1,604,609,0.4851493835449219,0.1875,0.0
00000247--b657952782--24,P0,1000690,589,1569942307880,1,652,654,0.614532470703125,0.09375,0.0
00000247--b657952782--24,P0,1000620,591,1570145047922,1,638,585,1.8581809997558594,0.46875,0.25
00000247--b657952782--24,P0,1000641,591,1570145047922,1,609,604,2.2377357482910156,0.28125,0.25
00000247--b657952782--24,P0,1000690,591,1570145047922,1,654,652,2.1031494140625,0.09375,0.0
00000247--b657952782--24,P0,1000694,598,1570842594814,1,656,674,1.7459564208984375,0.03125,0.5
00000247--b657952782--24,P0,1000720,598,1570842594814,1,665,670,2.00732421875,0.5,0.0
00000247--b657952782--24,P0,1000723,598,1570842594814,1,668,680,2.0129547119140625,0.125,0.25
00000247--b657952782--25,P0,1000004,4,1571443148141,1,5,24,2.2324657440185547,0.0625,0.0
00000247--b657952782--25,P0,1000008,4,1571443148141,1,9,25,2.2327308654785156,0.5,0.0
00000247--b657952782--25,P0,1000015,4,1571443148141,1,16,27,2.232463836669922,0.03125,0.0
00000247--b657952782--25,P0,1000016,4,1571443148141,1,17,22,1.727081298828125,0.25,0.25
00000247--b657952782--25,P0,1000004,6,1571644912149,1,24,5,0.7165069580078125,0.03125,0.0
00000247--b657952782--25,P0,1000015,6,1571644912149,1,27,16,0.7165069580078125,0.03125,0.0
00000247--b657952782--25,P0,1000016,6,1571644912149,1,22,17,0.7195892333984375,0.0,0.25
00000247--b657952782--25,P0,1000030,6,1571644912149,1,32,31,2.4695892333984375,0.1875,0.25
00000247--b657952782--25,P0,1000003,7,1571744866923,1,11,21,2.170989990234375,0.09375,0.25
00000247--b657952782--25,P0,1000004,7,1571744866923,1,5,24,2.176237106323242,0.03125,0.0
00000247--b657952782--25,P0,1000015,7,1571744866923,1,16,27,2.176237106323242,0.0625,0.0
00000247--b657952782--25,P0,1000016,7,1571744866923,1,17,22,2.170989990234375,0.09375,0.25
00000247--b657952782--25,P0,1000030,7,1571744866923,1,31,32,2.1762313842773438,0.1875,0.0
00000247--b657952782--25,P0,1000004,11,1572142379496,1,24,5,0.7652320861816406,0.0625,0.0
00000247--b657952782--25,P0,1000008,11,1572142379496,1,25,9,1.0154647827148438,0.71875,0.0
00000247--b657952782--25,P0,1000015,11,1572142379496,1,27,16,0.7596282958984375,0.09375,0.25
00000247--b657952782--25,P0,1000016,11,1572142379496,1,22,17,0.7654647827148438,0.25,0.0
00000247--b657952782--25,P0,1000004,12,1572243308499,1,5,24,1.9717483520507812,0.09375,0.0
00000247--b657952782--25,P0,1000008,12,1572243308499,1,9,25,1.7213134765625,0.75,0.0
00000247--b657952782--25,P0,1000015,12,1572243308499,1,16,27,1.977151870727539,0.125,0.25
00000247--b657952782--25,P0,1000016,12,1572243308499,1,17,22,1.9713134765625,0.3125,0.0
00000247--b657952782--25,P0,1000045,17,1572742329343,1,46,51,0.9125633239746094,0.25,0.0
00000247--b657952782--25,P0,1000009,19,1572943208736,1,10,5,2.2653255462646484,0.125,0.0
00000247--b657952782--25,P0,1000045,19,1572943208736,1,51,46,2.0153274536132812,0.21875,0.0
00000247--b657952782--25,P0,1000052,23,1573344220767,1,53,58,0.87384033203125,0.03125,0.25
00000247--b657952782--25,P0,1000052,24,1573444422028,1,58,53,1.8503532409667969,0.03125,0.25
00000247--b657952782--25,P0,1000052,25,1573545020825,1,53,58,0.7545242309570312,0.03125,0.25
00000247--b657952782--25,P0,1000003,27,1573742496012,1,11,21,2.2840919494628906,0.53125,0.25
00000247--b657952782--25,P0,1000052,27,1573742496012,1,58,53,2.028362274169922,0.0625,0.0
00000247--b657952782--25,P0,1000030,29,1573943162586,1,32,31,0.9178047180175781,0.09375,0.0
00000247--b657952782--25,P0,1000030,30,1574042776213,1,31,32,1.830780029296875,0.125,0.0
00000247--b657952782--25,P0,1000055,30,1574042776213,1,55,58,1.830780029296875,0.125,0.0
00000247--b657952782--25,P0,1000045,32,1574242636720,1,46,51,0.7759113311767578,0.28125,0.0
00000247--b657952782--25,P0,1000055,32,1574242636720,1,58,55,0.7759132385253906,0.125,0.0
00000247--b657952782--25,P0,1000045,33,1574342580952,1,51,46,2.145038604736328,0.28125,0.0
00000247--b657952782--25,P0,1000055,33,1574342580952,1,55,58,2.145038604736328,0.09375,0.0
00000247--b657952782--25,P0,1000052,35,1574543158296,1,54,53,0.7807941436767578,0.125,0.25
00000247--b657952782--25,P0,1000055,35,1574543158296,1,58,55,0.7807960510253906,0.0625,0.25
00000247--b657952782--25,P0,1000052,36,1574642528436,1,53,54,1.8490047454833984,0.09375,0.0
00000247--b657952782--25,P0,1000055,36,1574642528436,1,55,58,1.8490066528320312,0.0625,0.0
00000247--b657952782--25,P0,1000080,40,1575043423394,1,77,53,2.6615753173828125,0.0625,0.0
00000247--b657952782--25,P0,1000080,41,1575142313240,1,53,77,0.7705936431884766,0.03125,0.25
00000247--b657952782--25,P0,1000079,42,1575242723439,1,76,78,2.534351348876953,0.15625,0.0
00000247--b657952782--25,P0,1000093,42,1575242723439,1,88,55,2.0343494415283203,0.03125,0.0
00000247--b657952782--25,P0,1000069,43,1575343124886,1,66,82,0.9930915832519531,0.0625,0.0
00000247--b657952782--25,P0,1000080,43,1575343124886,1,77,53,2.743091583251953,0.09375,0.0
00000247--b657952782--25,P0,1000093,43,1575343124886,1,55,88,0.7430915832519531,0.0,0.0
00000247--b657952782--25,P0,1000069,45,1575543202912,1,82,66,1.997121810913086,0.09375,0.0
00000247--b657952782--25,P0,1000093,45,1575543202912,1,88,55,1.997121810913086,0.125,0.0
00000247--b657952782--25,P0,1000100,49,1575942449415,1,71,60,2.245565414428711,0.25,0.0
00000247--b657952782--25,P0,1000074,53,1576342526656,1,75,87,0.7440338134765625,0.0625,0.0
00000247--b657952782--25,P0,1000097,53,1576342526656,1,92,100,0.9974937438964844,0.03125,0.25
00000247--b657952782--25,P0,1000097,54,1576443083662,1,100,92,2.4844741821289062,0.1875,0.0
00000247--b657952782--25,P0,1000061,55,1576542886531,1,91,82,1.9955062866210938,0.09375,0.0
00000247--b657952782--25,P0,1000074,55,1576542886531,1,87,75,1.9955062866210938,0.0,0.0
00000247--b657952782--25,P0,1000117,58,1576842440758,1,106,107,1.8816566467285156,0.25,0.0
00000247--b657952782--25,P0,1000117,67,1577743250552,1,107,106,1.0046272277832031,0.125,0.25
00000247--b657952782--25,P0,1000117,69,1577943080329,1,106,107,2.2743377685546875,0.15625,0.0
00000247--b657952782--25,P0,1000126,69,1577943080329,1,114,124,2.024336814880371,0.0,0.0
00000247--b657952782--25,P0,1000151,81,1579143058208,1,112,141,1.9888420104980469,0.0,0.25
00000247--b657952782--25,P0,1000153,89,1579945196991,1,137,143,1.9876747131347656,0.0625,0.0
00000247--b657952782--25,P0,1000165,109,1581943210874,1,149,158,1.9897136688232422,0.09375,0.25
00000247--b657952782--25,P0,1000172,109,1581943210874,1,156,159,1.9927597045898438,0.125,0.0
00000247--b657952782--25,P0,1000178,120,1583044768187,1,162,177,1.7979850769042969,0.03125,0.0
00000247--b657952782--25,P0,1000179,120,1583044768187,1,163,181,2.260209560394287,0.0625,0.5
00000247--b657952782--25,P0,1000178,121,1583142610987,1,177,162,1.971038818359375,0.03125,0.0
00000247--b657952782--25,P0,1000190,121,1583142610987,1,174,175,1.971038818359375,0.0625,0.0
00000247--b657952782--25,P0,1000178,122,1583242346624,1,162,177,1.8160629272460938,0.0,0.0
00000247--b657952782--25,P0,1000190,122,1583242346624,1,175,174,1.8160629272460938,0.0,0.0
00000247--b657952782--25,P0,1000206,144,1585442989281,1,188,192,2.004458427429199,0.03125,0.0
00000247--b657952782--25,P0,1000207,144,1585442989281,1,189,197,1.7544593811035156,0.03125,0.0
00000247--b657952782--25,P0,1000216,144,1585442989281,1,198,200,2.0044593811035156,0.15625,0.0
00000247--b657952782--25,P0,1000212,149,1585942882283,1,194,195,1.6499242782592773,0.0625,0.0
00000247--b657952782--25,P0,1000216,150,1586043978006,1,200,198,1.4850311279296875,0.125,0.0
00000247--b657952782--25,P0,1000227,150,1586043978006,1,209,214,1.5821075439453125,0.0,0.25
00000247--b657952782--25,P0,1000234,150,1586043978006,1,216,217,1.5052509307861328,0.0625,0.0
00000247--b657952782--25,P0,1000216,159,1586942287104,1,198,200,1.997018814086914,0.0,0.0
00000247--b657952782--25,P0,1000227,159,1586942287104,1,214,209,1.997018814086914,0.0625,0.0
00000247--b657952782--25,P0,1000234,159,1586942287104,1,217,216,1.9945240020751953,0.0,0.0
00000247--b657952782--25,P0,1000240,171,1588142842637,1,221,237,2.4704818725585938,0.0625,0.25
00000247--b657952782--25,P0,1000257,183,1589342885999,1,238,241,1.8138046264648438,0.03125,0.0
00000247--b657952782--25,P0,1000262,183,1589342885999,1,242,245,1.81683349609375,0.25,0.25
00000247--b657952782--25,P0,1000257,184,1589442860853,1,241,238,2.2605667114257812,0.0,0.0
00000247--b657952782--25,P0,1000262,184,1589442860853,1,245,242,2.0388565063476562,0.3125,0.25
00000247--b657952782--25,P0,1000257,185,1589542917840,1,238,241,1.7775001525878906,0.0625,0.0
00000247--b657952782--25,P0,1000262,185,1589542917840,1,242,245,1.9961814880371094,0.1875,0.0
00000247--b657952782--25,P0,1000266,192,1590242937119,1,246,251,2.233386993408203,0.03125,0.25
00000247--b657952782--25,P0,1000275,201,1591142946048,1,252,255,1.9964332580566406,0.0,0.0
00000247--b657952782--25,P0,1000275,205,1591542721043,1,255,252,1.7165718078613281,0.0,0.0
00000247--b657952782--25,P0,1000281,205,1591542721043,1,258,260,1.9386100769042969,0.0,0.0
00000247--b657952782--25,P0,1000275,210,1592042998250,1,252,255,2.5090408325195312,0.0,0.0
00000247--b657952782--25,P0,1000281,210,1592042998250,1,260,258,2.034486770629883,0.125,0.0
00000247--b657952782--25,P0,1000294,232,1594242454265,1,271,277,2.289886474609375,0.0625,0.0
00000247--b657952782--25,P0,1000294,233,1594342558663,1,277,271,1.6991004943847656,0.03125,0.0
00000247--b657952782--25,P0,1000304,233,1594342558663,1,280,283,1.969970703125,0.09375,0.0
00000247--b657952782--25,P0,1000307,233,1594342558663,1,278,287,1.9529495239257812,0.0625,0.25
00000247--b657952782--25,P0,1000294,234,1594442408593,1,271,277,2.7552452087402344,0.03125,0.0
00000247--b657952782--25,P0,1000307,234,1594442408593,1,287,278,2.0018768310546875,0.0625,0.25
00000247--b657952782--25,P0,1000335,259,1596942451350,1,309,310,1.7352428436279297,0.0,0.25
00000247--b657952782--25,P0,1000354,301,1601142274734,1,328,331,1.9887065887451172,0.09375,0.0
00000247--b657952782--25,P0,1000366,303,1601342884466,1,340,346,1.0313835144042969,0.3125,0.0
00000247--b657952782--25,P0,1000375,303,1601342884466,1,348,351,1.2252616882324219,0.28125,0.0
00000247--b657952782--25,P0,1000358,306,1601643052371,1,332,357,2.293804168701172,0.0,0.0
00000247--b657952782--25,P0,1000397,314,1602442830962,1,348,350,2.0411338806152344,0.28125,0.0
00000247--b657952782--25,P0,1000453,368,1607842644201,1,421,425,1.7568817138671875,0.0,0.0
00000247--b657952782--25,P0,1000474,390,1610043229504,1,438,439,2.2844066619873047,0.125,0.25
00000247--b657952782--25,P0,1000470,395,1610542288282,1,435,456,2.173797607421875,0.125,0.0
00000247--b657952782--25,P0,1000477,401,1611142726761,1,441,453,1.7258968353271484,0.0625,0.0
00000247--b657952782--25,P0,1000481,401,1611142726761,1,445,466,1.7201271057128906,0.0,0.25
00000247--b657952782--25,P0,1000478,406,1611644664236,1,442,438,2.0099244117736816,0.03125,0.0
00000247--b657952782--25,P0,1000504,413,1612343027775,1,467,471,1.8116283416748047,0.09375,0.0
00000247--b657952782--25,P0,1000512,418,1612843014776,1,475,478,1.993825912475586,0.03125,0.25
00000247--b657952782--25,P0,1000513,418,1612843014776,1,476,477,1.8225517272949219,0.21875,0.0
00000247--b657952782--25,P0,1000511,422,1613244181970,1,474,487,1.7787532806396484,0.0625,0.0
00000247--b657952782--25,P0,1000493,435,1614534541626,1,460,473,0.8913497924804688,0.03125,0.25
00000247--b657952782--25,P0,1000513,435,1614534541626,1,477,476,0.7262058258056641,0.0625,0.25
00000247--b657952782--25,P0,1000525,435,1614534541626,1,488,492,0.7155227661132812,0.125,0.25
00000247--b657952782--25,P0,1000493,442,1615243036128,1,473,460,1.6119651794433594,0.0,0.25
00000247--b657952782--25,P0,1000525,442,1615243036128,1,492,488,1.793893814086914,0.125,0.25
00000247--b657952782--25,P0,1000535,442,1615243036128,1,498,505,1.6088638305664062,0.0625,0.0
00000247--b657952782--25,P0,1000537,442,1615243036128,1,500,504,1.3504047393798828,0.125,0.25
00000247--b657952782--25,P0,1000535,451,1616134140890,1,505,498,1.975912094116211,0.0,0.0
00000247--b657952782--25,P0,1000543,451,1616134140890,1,506,509,2.4119529724121094,0.0625,0.25
00000247--b657952782--25,P0,1000535,452,1616233826052,1,498,505,2.247422218322754,0.03125,0.0
00000247--b657952782--25,P0,1000543,452,1616233826052,1,509,506,1.7420101165771484,0.125,0.25
00000247--b657952782--25,P0,1000560,472,1618243370485,1,522,525,1.96368408203125,0.0,0.0
00000247--b657952782--25,P0,1000564,472,1618243370485,1,526,529,1.2635478973388672,0.71875,0.0
00000247--b657952782--25,P0,1000572,472,1618243370485,1,534,536,1.96368408203125,0.09375,0.0
00000247--b657952782--25,P0,1000570,473,1618342616172,1,532,533,1.7475547790527344,0.625,0.0
00000247--b657952782--25,P0,1000572,473,1618342616172,1,536,534,1.7475547790527344,0.09375,0.0
00000247--b657952782--25,P0,1000570,483,1619334541328,1,533,532,1.9546184539794922,0.09375,0.0
00000247--b657952782--25,P0,1000572,483,1619334541328,1,534,536,1.9546184539794922,0.15625,0.0
00000247--b657952782--25,P0,1000582,490,1620043158111,1,544,552,2.0079612731933594,0.0625,0.0
00000247--b657952782--25,P0,1000587,490,1620043158111,1,549,555,2.0079612731933594,0.0625,0.0
00000247--b657952782--25,P0,1000596,500,1621034455013,1,558,563,2.014902114868164,0.03125,0.25
00000247--b657952782--25,P0,1000619,519,1622933395758,1,581,575,1.9786434173583984,0.0625,0.0
00000247--b657952782--25,P0,1000623,531,1624134465095,1,584,602,2.2227249145507812,0.15625,0.0
00000247--b657952782--25,P0,1000645,535,1624533312203,1,604,612,1.7283477783203125,0.21875,0.0
00000247--b657952782--25,P0,1000634,537,1624733413019,1,613,594,0.9920120239257812,0.15625,0.0
00000247--b657952782--25,P0,1000626,538,1624832596172,1,591,586,0.7733154296875,0.5,0.0
00000247--b657952782--25,P0,1000634,538,1624832596172,1,594,613,1.7733154296875,0.15625,0.0
00000247--b657952782--25,P0,1000626,539,1624943172593,1,586,591,1.9404067993164062,0.5,0.0
00000247--b657952782--25,P0,1000634,540,1625042996396,1,613,594,0.8100204467773438,0.15625,0.0
00000247--b657952782--25,P0,1000626,542,1625233065080,1,591,586,1.005218505859375,0.4375,0.0
00000247--b657952782--25,P0,1000636,542,1625233065080,1,596,618,2.505218505859375,0.375,0.0
00000247--b657952782--25,P0,1000626,543,1625333318286,1,586,591,1.7241287231445312,0.4375,0.0
00000247--b657952782--25,P0,1000633,543,1625333318286,1,593,597,0.9795207977294922,0.0,0.25
00000247--b657952782--25,P0,1000626,544,1625432684238,1,591,586,0.5218505859375,0.53125,0.0
00000247--b657952782--25,P0,1000633,544,1625432684238,1,597,593,1.7721576690673828,0.0,0.0
00000247--b657952782--25,P0,1000670,544,1625432684238,1,626,614,2.77215576171875,0.125,0.0
00000247--b657952782--25,P0,1000633,545,1625532960307,1,593,597,0.9979171752929688,0.03125,0.0
00000247--b657952782--25,P0,1000663,545,1625532960307,1,620,622,0.9979457855224609,0.125,0.0
00000247--b657952782--25,P0,1000633,547,1625734244863,1,597,593,1.976365089416504,0.0,0.0
00000247--b657952782--25,P0,1000663,547,1625734244863,1,622,620,1.9763641357421875,0.03125,0.0
00000247--b657952782--25,P0,1000633,550,1626032674995,1,593,597,0.5605816841125488,0.03125,0.0
00000247--b657952782--25,P0,1000645,550,1626032674995,1,612,604,0.5605812072753906,0.0625,0.0
00000247--b657952782--25,P0,1000652,550,1626032674995,1,625,610,0.5631771087646484,0.03125,0.0
00000247--b657952782--25,P0,1000663,550,1626032674995,1,620,622,0.5547752380371094,0.0625,0.25
00000247--b657952782--25,P0,1000633,551,1626143114958,1,597,593,1.8205718994140625,0.03125,0.0
00000247--b657952782--25,P0,1000645,551,1626143114958,1,604,612,2.0115766525268555,0.03125,0.0
00000247--b657952782--25,P0,1000652,551,1626143114958,1,610,625,2.0173816680908203,0.03125,0.25
00000247--b657952782--25,P0,1000663,551,1626143114958,1,622,620,2.0173826217651367,0.03125,0.25
00000247--b657952782--25,P0,1000664,554,1626433169908,1,621,622,1.9860715866088867,0.0625,0.0
00000247--b657952782--25,P0,1000623,558,1626832976769,1,602,591,2.5481185913085938,0.15625,0.25
00000247--b657952782--25,P0,1000682,568,1627832954045,1,635,639,1.9985084533691406,0.125,0.0
00000247--b657952782--25,P0,1000707,568,1627832954045,1,656,657,2.986980438232422,0.09375,0.5
00000247--b657952782--25,P0,1000705,572,1628232531827,1,638,635,2.0222177505493164,0.125,0.0
00000247--b657952782--26,P0,1000028,24,1633432298086,1,29,44,1.756582260131836,0.0625,0.0
00000247--b657952782--26,P0,1000045,24,1633432298086,1,45,49,2.2624244689941406,0.03125,0.25
00000247--b657952782--26,P0,1000020,29,1633932916824,1,21,33,2.0021934509277344,0.03125,0.25
00000247--b657952782--26,P0,1000027,29,1633932916824,1,30,28,2.0021915435791016,0.03125,0.25
00000247--b657952782--26,P0,1000047,34,1634433562629,1,47,55,1.9980087280273438,0.0625,0.25
00000247--b657952782--26,P0,1000061,38,1634832365076,1,61,71,2.0258522033691406,0.0,0.0
00000247--b657952782--26,P0,1000050,43,1635332738787,1,50,21,1.996938705444336,0.15625,0.25
00000247--b657952782--26,P0,1000062,43,1635332738787,1,62,77,1.9911842346191406,0.0,0.0
00000247--b657952782--26,P0,1000077,52,1636232795069,1,75,91,2.0257186889648438,0.0625,0.0
00000247--b657952782--26,P0,1000113,67,1637732626809,1,107,75,1.9845314025878906,0.0,0.0
00000247--b657952782--26,P0,1000114,67,1637732626809,1,108,111,1.9902114868164062,0.09375,0.25
00000247--b657952782--26,P0,1000124,74,1638433121456,1,118,121,1.9898605346679688,0.125,0.0
00000247--b657952782--26,P0,1000163,97,1640734998342,1,156,161,1.7329139709472656,0.0,0.0
00000247--b657952782--26,P0,1000135,103,1641332369621,1,129,144,1.9934844970703125,0.09375,0.0
00000247--b657952782--26,P0,1000169,109,1641932682519,1,162,178,1.7437610626220703,0.40625,0.25
00000247--b657952782--26,P0,1000174,114,1642432578963,1,167,183,2.0250701904296875,1.09375,0.0
00000247--b657952782--26,P0,1000202,124,1643432571436,1,194,206,2.001007080078125,0.0625,0.25
00000247--b657952782--26,P0,1000210,131,1644133217885,1,202,210,1.9751434326171875,0.40625,0.0
00000247--b657952782--26,P0,1000217,131,1644133217885,1,209,213,1.9691944122314453,0.0625,0.25
00000247--b657952782--26,P0,1000209,141,1645132597843,1,201,207,2.0016250610351562,0.03125,0.0
00000247--b657952782--26,P0,1000202,150,1646032591909,1,206,194,1.7546272277832031,0.25,0.0
00000247--b657952782--26,P0,1000210,150,1646032591909,1,210,202,1.7546234130859375,0.0,0.0
00000247--b657952782--26,P0,1000223,150,1646032591909,1,214,224,1.7546253204345703,0.0,0.0
00000247--b657952782--26,P0,1000285,197,1650732709182,1,274,278,3.743560791015625,0.78125,0.0
00000247--b657952782--26,P0,1000298,218,1652832647168,1,287,291,2.0111045837402344,0.15625,0.25
00000247--b657952782--26,P0,1000304,218,1652832647168,1,292,295,1.9997749328613281,0.0,0.25
00000247--b657952782--26,P0,1000298,219,1652932363682,1,291,287,1.9918212890625,0.09375,0.25
00000247--b657952782--26,P0,1000304,219,1652932363682,1,295,292,2.003185272216797,0.09375,0.25
00000247--b657952782--26,P0,1000307,219,1652932363682,1,294,297,2.003185272216797,0.0,0.25
00000247--b657952782--26,P0,1000313,219,1652932363682,1,300,299,1.9918212890625,0.1875,0.25
00000247--b657952782--26,P0,1000298,220,1653032290707,1,287,291,2.25933837890625,0.0,0.25
00000247--b657952782--26,P0,1000304,220,1653032290707,1,292,295,2.2479591369628906,0.09375,0.25
00000247--b657952782--26,P0,1000307,220,1653032290707,1,297,294,2.2479591369628906,0.0625,0.25
00000247--b657952782--26,P0,1000313,220,1653032290707,1,299,300,2.25933837890625,0.0625,0.25
00000247--b657952782--26,P0,1000323,238,1654833033357,1,310,312,1.7605876922607422,0.09375,0.0
00000247--b657952782--26,P0,1000323,245,1655532404009,1,312,310,1.9805850982666016,0.0,0.25
00000247--b657952782--26,P0,1000328,245,1655532404009,1,315,320,1.9864959716796875,0.3125,0.0
00000247--b657952782--26,P0,1000357,275,1658532785993,1,343,345,1.7644882202148438,0.1875,0.0
00000247--b657952782--26,P0,1000360,275,1658532785993,1,346,353,1.7644882202148438,0.0625,0.0
00000247--b657952782--26,P0,1000378,282,1659232296351,1,362,363,2.026081085205078,0.34375,0.0
00000247--b657952782--26,P0,1000400,310,1662032259139,1,383,385,2.000913619995117,0.03125,0.25
00000247--b657952782--26,P0,1000396,312,1662233029197,1,379,394,1.7520761489868164,0.0625,0.25
00000247--b657952782--26,P0,1000410,312,1662233029197,1,393,400,2.0076904296875,0.03125,0.0
00000247--b657952782--26,P0,1000400,319,1662932853149,1,385,383,1.9851045608520508,0.0625,0.0
00000247--b657952782--26,P0,1000410,319,1662932853149,1,400,393,1.9851036071777344,0.1875,0.0
00000247--b657952782--26,P0,1000413,319,1662932853149,1,399,396,1.9851055145263672,0.125,0.0
00000247--b657952782--26,P0,1000400,320,1663032794965,1,383,385,2.00711727142334,0.09375,0.0
00000247--b657952782--26,P0,1000410,320,1663032794965,1,393,400,2.0071182250976562,0.09375,0.0
00000247--b657952782--26,P0,1000413,320,1663032794965,1,396,399,2.00711727142334,0.0625,0.0
00000247--b657952782--26,P0,1000400,321,1663132646576,1,385,383,1.990053653717041,0.125,0.0
00000247--b657952782--26,P0,1000410,321,1663132646576,1,400,393,1.9900550842285156,0.09375,0.0
00000247--b657952782--26,P0,1000413,321,1663132646576,1,399,396,1.9900531768798828,0.09375,0.0
00000247--b657952782--26,P0,1000435,336,1664632957414,1,418,413,2.260425567626953,0.21875,0.0
00000247--b657952782--26,P0,1000489,363,1667332423600,1,471,470,2.053882598876953,0.125,0.0
00000247--b657952782--26,P0,1000493,363,1667332423600,1,475,477,2.310070037841797,0.03125,0.25
00000247--b657952782--26,P0,1000501,372,1668232391876,1,482,491,2.0078563690185547,0.09375,0.0
00000247--b657952782--26,P0,1000521,381,1669132966958,1,501,504,2.0084457397460938,0.40625,0.0
00000247--b657952782--26,P0,1000530,387,1669733164077,1,510,511,1.989654541015625,0.25,0.25
00000247--b657952782--26,P0,1000533,387,1669733164077,1,512,514,1.9953422546386719,0.21875,0.0
00000247--b657952782--26,P0,1000512,392,1670233128276,1,493,521,1.987375259399414,0.0,0.0
00000247--b657952782--26,P0,1000522,401,1671133139491,1,502,535,1.987783432006836,0.0,0.0
00000247--b657952782--26,P0,1000546,401,1671133139491,1,525,537,1.2434310913085938,0.9375,0.25
00000247--b657952782--26,P0,1000546,416,1672632926828,1,525,537,1.0129928588867188,0.71875,0.25
00000247--b657952782--26,P0,1000568,416,1672632926828,1,545,550,2.0130863189697266,0.03125,0.25
00000247--b657952782--26,P0,1000570,416,1672632926828,1,547,558,2.007338523864746,0.0,0.0
00000247--b657952782--26,P0,1000546,427,1673733149826,1,537,525,2.278533935546875,1.03125,0.0
00000247--b657952782--26,P0,1000546,431,1674132612975,1,525,537,0.9845352172851562,0.96875,0.0
00000247--b657952782--26,P0,1000577,431,1674132612975,1,554,580,1.978684425354004,0.125,0.25
00000247--b657952782--26,P0,1000642,478,1678832853470,1,617,618,1.9817924499511719,0.09375,0.0
00000247--b657952782--26,P0,1000650,488,1679832698018,1,625,650,2.5001907348632812,0.125,0.25
00000247--b657952782--26,P0,1000657,488,1679832698018,1,632,648,2.0059432983398438,0.15625,0.0
00000247--b657952782--26,P0,1000672,506,1681634965499,1,647,672,1.7620487213134766,0.21875,0.0
00000247--b657952782--26,P0,1000676,506,1681634965499,1,651,674,2.0120487213134766,0.0625,0.0
00000247--b657952782--26,P0,1000687,513,1682332544977,1,661,676,2.7376537322998047,0.03125,0.0
00000247--b657952782--26,P0,1000650,528,1683832913349,1,625,650,2.7665367126464844,0.6875,0.25
00000247--b657952782--26,P0,1000717,528,1683832913349,1,690,692,2.0108680725097656,0.0,0.0
00000247--b657952782--26,P0,1000717,543,1685333022776,1,692,705,2.006734848022461,0.0,0.0
00000247--b657952782--26,P0,1000746,544,1685433022965,1,696,718,2.2385597229003906,0.0625,0.0
00000247--b657952782--26,P0,1000723,549,1685932956468,1,690,731,2.264204978942871,0.03125,0.0
00000247--b657952782--26,P0,1000746,549,1685932956468,1,718,696,2.2642059326171875,0.0,0.0
00000247--b657952782--26,P0,1000740,554,1686433580864,1,716,733,2.2086219787597656,0.0625,0.0
00000247--b657952782--26,P0,1000752,554,1686433580864,1,723,734,2.208620071411133,0.03125,0.0
00000247--b657952782--26,P0,1000735,561,1687133235975,1,707,743,1.9972419738769531,0.0625,0.0
00000247--b657952782--26,P0,1000775,569,1687933028625,1,745,760,2.716663360595703,0.0,0.0
00000247--b657952782--26,P0,1000771,570,1688033038597,1,741,716,2.197638511657715,0.09375,0.0
00000247--b657952782--26,P0,1000775,570,1688033038597,1,760,745,2.1976394653320312,0.3125,0.0
00000247--b657952782--26,P0,1000787,571,1688132919147,1,756,767,1.5066947937011719,0.03125,0.0
00000247--b657952782--26,P0,1000787,579,1688933079347,1,767,759,3.010024070739746,0.0625,0.25
00000247--b657952782--26,P0,1000776,581,1689132647061,1,746,747,1.259164810180664,0.0625,0.25
00000247--b657952782--26,P0,1000805,581,1689132647061,1,772,773,2.020313262939453,0.15625,0.25
00000247--b657952782--27,P0,1000001,3,1691332468111,1,7,2,2.229633331298828,1.09375,0.0
00000247--b657952782--27,P0,1000010,3,1691332468111,1,12,11,2.2296323776245117,0.0625,0.0
00000247--b657952782--27,P0,1000001,4,1691432204430,1,2,7,2.3026504516601562,0.8125,0.0
00000247--b657952782--27,P0,1000018,9,1691932475538,1,19,22,1.765411376953125,0.0625,0.0
00000247--b657952782--27,P0,1000001,10,1692033232592,1,7,2,1.9882011413574219,0.09375,0.25
00000247--b657952782--27,P0,1000018,10,1692033232592,1,22,19,1.9825477600097656,0.0625,0.0
00000247--b657952782--27,P0,1000001,13,1692333045890,1,2,7,1.937103271484375,0.15625,0.5
00000247--b657952782--27,P0,1000018,13,1692333045890,1,19,22,2.190563201904297,0.15625,0.25
00000247--b657952782--27,P0,1000018,34,1694434490301,1,22,19,2.2054758071899414,0.125,0.0
00000247--b657952782--27,P0,1000056,40,1695033116512,1,57,60,1.7873382568359375,0.21875,0.0
00000247--b657952782--27,P0,1000026,47,1695732749152,1,27,62,2.463003158569336,0.03125,0.0
00000247--b657952782--27,P0,1000047,47,1695732749152,1,48,51,2.4634552001953125,0.0,0.0
00000247--b657952782--27,P0,1000065,51,1696133309908,1,64,69,1.2130260467529297,0.0,0.0
00000247--b657952782--27,P0,1000065,55,1696532477273,1,69,64,2.482059955596924,0.0,0.25
00000247--b657952782--27,P0,1000089,59,1696932450070,1,85,87,2.202972412109375,0.15625,0.0
00000247--b657952782--27,P0,1000113,77,1698733008331,1,109,113,2.1823673248291016,0.0625,0.0
00000247--b657952782--27,P0,1000101,80,1699034674112,1,97,125,1.9818077087402344,0.03125,0.0
00000247--b657952782--27,P0,1000112,80,1699034674112,1,108,102,1.8169593811035156,0.15625,0.0
00000247--b657952782--27,P0,1000121,80,1699034674112,1,116,110,2.029482841491699,0.09375,0.0
00000247--b657952782--27,P0,1000128,80,1699034674112,1,122,124,1.8169631958007812,0.3125,0.0
00000247--b657952782--27,P0,1000101,82,1699235391783,1,125,97,0.9842987060546875,0.03125,0.0
00000247--b657952782--27,P0,1000113,82,1699235391783,1,113,109,0.9843025207519531,0.03125,0.0
00000247--b657952782--27,P0,1000122,82,1699235391783,1,117,127,0.9843025207519531,0.09375,0.0
00000247--b657952782--27,P0,1000113,84,1699433142346,1,109,113,1.7878446578979492,0.0625,0.0
00000247--b657952782--27,P0,1000122,84,1699433142346,1,127,117,1.7878446578979492,0.0,0.0
00000247--b657952782--27,P0,1000101,85,1699533030706,1,97,125,2.7125988006591797,0.0625,0.0
00000247--b657952782--27,P0,1000112,87,1699732602903,1,102,108,2.49456787109375,0.03125,0.0
00000247--b657952782--27,P0,1000093,90,1700033295382,1,98,141,1.7923212051391602,0.0625,0.5
00000247--b657952782--27,P0,1000127,95,1700533020953,1,111,143,1.9683780670166016,0.125,0.0
00000247--b657952782--27,P0,1000152,95,1700533020953,1,144,145,1.3816299438476562,0.03125,0.0
00000247--b657952782--27,P0,1000112,103,1701333173780,1,108,158,1.9915657043457031,0.03125,0.25
00000247--b657952782--27,P0,1000170,111,1702133280175,1,162,163,2.1569366455078125,0.09375,0.0
00000247--b657952782--27,P0,1000169,124,1703432441764,1,161,188,2.2519893646240234,0.25,0.0
00000247--b657952782--27,P0,1000182,130,1704035482112,1,174,195,2.2927894592285156,0.25,0.0
00000247--b657952782--27,P0,1000198,130,1704035482112,1,190,196,2.2815399169921875,0.8125,0.25
00000247--b657952782--27,P0,1000198,140,1705033147269,1,199,196,0.5370559692382812,0.21875,0.0
00000247--b657952782--27,P0,1000198,141,1705132675102,1,196,199,1.9604949951171875,0.125,0.0
00000247--b657952782--27,P0,1000218,152,1706232862117,1,210,232,1.595001220703125,0.0,0.0
00000247--b657952782--27,P0,1000198,153,1706332749977,1,196,224,1.9691848754882812,0.21875,0.25
00000247--b657952782--27,P0,1000223,157,1706732445369,1,214,237,2.014558792114258,0.03125,0.0
00000247--b657952782--27,P0,1000248,169,1707932909678,1,238,248,1.2072525024414062,0.03125,0.0
00000247--b657952782--27,P0,1000249,169,1707932909678,1,239,241,0.9978961944580078,0.03125,0.0
00000247--b657952782--27,P0,1000248,172,1708232835834,1,248,238,1.7916126251220703,0.03125,0.0
00000247--b657952782--27,P0,1000265,178,1708835298943,1,255,252,1.567718505859375,0.0625,0.0
00000247--b657952782--27,P0,1000269,178,1708835298943,1,258,261,2.037841796875,1.0625,0.0
00000247--b657952782--27,P0,1000288,191,1710132848360,1,274,281,2.427544593811035,0.03125,0.0
00000247--b657952782--27,P0,1000256,194,1710435139372,1,246,259,1.7933731079101562,0.09375,0.25
00000247--b657952782--27,P0,1000279,194,1710435139372,1,265,262,1.8230891227722168,0.03125,0.0
00000247--b657952782--27,P0,1000291,194,1710435139372,1,277,276,2.0459041595458984,0.09375,0.0
00000247--b657952782--27,P0,1000305,194,1710435139372,1,289,290,1.5838050842285156,0.03125,0.25
00000247--b657952782--27,P0,1000308,198,1710832324760,1,292,294,1.6382904052734375,0.0625,0.0
00000247--b657952782--27,P0,1000321,211,1712132563889,1,304,316,2.199687957763672,0.15625,0.25
00000247--b657952782--27,P0,1000327,211,1712132563889,1,310,294,2.160898208618164,0.0625,0.0
00000247--b657952782--27,P0,1000284,215,1712532750042,1,270,320,1.751652717590332,0.0,0.0
00000247--b657952782--27,P0,1000331,228,1713832925952,1,314,336,1.9828567504882812,0.03125,0.0
00000247--b657952782--27,P0,1000347,228,1713832925952,1,326,322,1.9859199523925781,0.0,0.25
00000247--b657952782--27,P0,1000345,229,1713932625353,1,324,337,2.7637977600097656,0.0625,0.0
00000247--b657952782--27,P0,1000341,235,1714533153721,1,308,330,1.7397232055664062,0.21875,0.25
00000247--b657952782--27,P0,1000335,244,1715432288043,1,317,359,1.992441177368164,0.03125,0.0
00000247--b657952782--27,P0,1000378,256,1716632194431,1,356,375,2.3675079345703125,0.0,0.25
00000247--b657952782--27,P0,1000402,264,1717433116927,1,374,372,2.008787155151367,0.03125,0.0
00000247--b657952782--27,P0,1000387,269,1717932495373,1,365,390,2.1844329833984375,0.0,0.0
00000247--b657952782--27,P0,1000411,269,1717932495373,1,386,388,2.2013168334960938,0.0625,0.0
00000247--b657952782--27,P0,1000385,278,1718832312658,1,363,395,1.0787506103515625,0.03125,0.25
00000247--b657952782--27,P0,1000388,278,1718832312658,1,366,404,1.1953983306884766,0.0,0.0
00000247--b657952782--27,P0,1000391,278,1718832312658,1,369,401,0.8231277465820312,0.0,0.0
00000247--b657952782--27,P0,1000411,278,1718832312658,1,388,386,1.0104045867919922,0.21875,0.0
00000247--b657952782--27,P0,1000420,278,1718832312658,1,394,398,1.1953964233398438,0.125,0.0
00000247--b657952782--27,P0,1000385,281,1719132849014,1,395,363,2.1746082305908203,0.0625,0.25
00000247--b657952782--27,P0,1000391,281,1719132849014,1,401,369,1.9246082305908203,0.03125,0.25
00000247--b657952782--27,P0,1000394,281,1719132849014,1,371,412,1.9733543395996094,0.1875,0.0
00000247--b657952782--27,P0,1000411,281,1719132849014,1,386,388,1.9898977279663086,0.0,0.0
00000247--b657952782--27,P0,1000414,281,1719132849014,1,389,413,2.1831130981445312,0.0625,0.25
00000247--b657952782--27,P0,1000420,281,1719132849014,1,398,394,1.7886428833007812,0.59375,0.25
00000247--b657952782--27,P0,1000391,282,1719232191429,1,369,401,0.8453330993652344,0.0625,0.25
00000247--b657952782--27,P0,1000394,282,1719232191429,1,412,371,1.0326347351074219,0.03125,0.25
00000247--b657952782--27,P0,1000435,284,1719432289108,1,416,409,2.002349853515625,0.28125,0.0
00000247--b657952782--27,P0,1000385,287,1719724869471,1,363,395,0.9514427185058594,0.03125,0.0
00000247--b657952782--27,P0,1000389,287,1719724869471,1,367,399,0.9514427185058594,0.03125,0.0
00000247--b657952782--27,P0,1000389,289,1719934357489,1,399,367,2.9747071266174316,0.0625,0.0
00000247--b657952782--27,P0,1000391,289,1719934357489,1,401,369,2.971933364868164,0.0,0.0
00000247--b657952782--27,P0,1000414,289,1719934357489,1,413,411,2.9799070358276367,0.0,0.25
00000247--b657952782--27,P0,1000394,296,1720633038277,1,371,412,1.8060493469238281,0.0,0.0
00000247--b657952782--27,P0,1000451,296,1720633038277,1,422,431,1.8060455322265625,0.15625,0.0
00000247--b657952782--27,P0,1000435,298,1720833086470,1,409,416,0.5879020690917969,0.0625,0.0
00000247--b657952782--27,P0,1000432,303,1721332779883,1,406,407,2.200155258178711,0.0,0.0
00000247--b657952782--27,P0,1000435,303,1721332779883,1,416,409,2.197772979736328,0.09375,0.0
00000247--b657952782--27,P0,1000416,304,1721432484356,1,391,393,1.047475814819336,0.15625,0.0
00000247--b657952782--27,P0,1000420,304,1721432484356,1,394,398,1.0420207977294922,0.09375,0.25
00000247--b657952782--27,P0,1000432,304,1721432484356,1,407,406,1.047475814819336,0.03125,0.0
00000247--b657952782--27,P0,1000470,304,1721432484356,1,439,441,1.0420207977294922,0.0,0.25
00000247--b657952782--27,P0,1000473,304,1721432484356,1,442,444,1.0474777221679688,0.03125,0.0
00000247--b657952782--27,P0,1000458,308,1721833217467,1,427,450,2.013683319091797,0.0,0.0
00000247--b657952782--27,P0,1000435,309,1721933110993,1,409,416,1.4735126495361328,0.1875,0.25
00000247--b657952782--27,P0,1000451,309,1721933110993,1,431,422,1.0189476013183594,0.0,0.0
00000247--b657952782--27,P0,1000457,309,1721933110993,1,426,445,1.2451057434082031,0.0,0.0
00000247--b657952782--27,P0,1000458,309,1721933110993,1,450,427,1.244293212890625,0.15625,0.0
00000247--b657952782--27,P0,1000420,310,1722033194666,1,398,394,2.2343478202819824,0.0625,0.0
00000247--b657952782--27,P0,1000432,310,1722033194666,1,406,407,1.7640361785888672,0.09375,0.25
00000247--b657952782--27,P0,1000435,310,1722033194666,1,416,409,1.7791671752929688,0.09375,0.25
00000247--b657952782--27,P0,1000450,310,1722033194666,1,433,421,2.2343482971191406,0.0,0.0
00000247--b657952782--27,P0,1000451,310,1722033194666,1,422,431,2.2343482971191406,0.0,0.0
00000247--b657952782--27,P0,1000457,310,1722033194666,1,445,426,2.008190155029297,0.0,0.0
00000247--b657952782--27,P0,1000458,310,1722033194666,1,427,450,2.0084190368652344,0.125,0.0
00000247--b657952782--27,P0,1000471,310,1722033194666,1,440,449,1.782257080078125,0.21875,0.0
00000247--b657952782--27,P0,1000473,310,1722033194666,1,444,442,2.0084190368652344,0.15625,0.0
00000247--b657952782--27,P0,1000478,310,1722033194666,1,446,447,2.0139389038085938,0.25,0.25
00000247--b657952782--27,P0,1000458,319,1722932661608,1,450,453,2.221332550048828,0.0,0.25
00000247--b657952782--27,P0,1000506,331,1724132458206,1,474,477,2.231689453125,0.0625,0.25
00000247--b657952782--27,P0,1000500,338,1724833122737,1,468,475,1.8120765686035156,0.125,0.25
00000247--b657952782--27,P0,1000519,339,1724932504920,1,486,490,2.9457626342773438,0.21875,0.25
00000247--b657952782--27,P0,1000519,340,1725032477337,1,490,486,2.016651153564453,0.15625,0.25
00000247--b657952782--27,P0,1000519,357,1726732360497,1,486,490,3.215648651123047,0.125,0.0
00000247--b657952782--27,P0,1000529,357,1726732360497,1,494,501,1.9680423736572266,0.03125,0.0
00000247--b657952782--27,P0,1000519,358,1726832695180,1,490,486,0.5336036682128906,0.03125,0.0
00000247--b657952782--27,P0,1000529,358,1726832695180,1,501,494,2.031198501586914,0.0625,0.0
00000247--b657952782--27,P0,1000529,359,1726932378591,1,494,501,2.2427139282226562,0.09375,0.0
00000247--b657952782--27,P0,1000665,497,1740732313817,1,626,632,2.4770612716674805,0.21875,0.5
00000247--b657952782--27,P0,1000665,498,1740822645330,1,632,626,2.2871627807617188,0.1875,0.25
00000247--b657952782--27,P0,1000699,540,1745022489816,1,659,648,2.5022201538085938,0.53125,0.25
00000247--b657952782--27,P0,1000716,569,1747923195696,1,682,675,2.488300323486328,0.0,0.25
00000247--b657952782--27,P0,1000716,579,1748922740772,1,675,682,2.477447509765625,0.1875,0.25
00000247--b657952782--27,P0,1000725,579,1748922740772,1,684,685,1.227447509765625,0.25,0.25
00000247--b657952782--27,P0,1000731,579,1748922740772,1,691,690,1.965911865234375,0.0625,0.25
00000247--b657952782--27,P0,1000716,580,1749022958136,1,682,675,2.4963197708129883,0.125,0.5
00000247--b657952782--27,P0,1000731,580,1749022958136,1,690,691,2.7576522827148438,0.625,0.0
00000247--b657952782--27,P0,1000725,583,1749323189253,1,684,685,1.486602783203125,0.0625,0.0
00000247--b657952782--27,P0,1000731,583,1749323189253,1,691,690,2.2308387756347656,0.28125,0.25
00000247--b657952782--27,P0,1000731,586,1749622211985,1,690,691,2.7827415466308594,0.15625,0.0
00000247--b657952782--27,P0,1000731,587,1749722724695,1,691,690,1.7403068542480469,0.09375,0.0
00000247--b657952782--27,P0,1000731,588,1749823100641,1,690,691,2.991130828857422,0.03125,0.0
00000247--b657952782--27,P0,1000738,588,1749823100641,1,684,689,3.241130828857422,0.03125,0.0
00000247--b657952782--27,P0,1000738,593,1750323226233,1,689,684,3.0047245025634766,0.0,0.0
00000247--b657952782--28,P0,1000005,3,1751323009127,1,6,12,2.236248016357422,0.15625,0.25
00000247--b657952782--28,P0,1000006,3,1751323009127,1,7,8,2.9863319396972656,0.125,0.25
00000247--b657952782--28,P0,1000006,8,1751822244106,1,8,7,2.5813674926757812,0.03125,0.0
00000247--b657952782--28,P0,1000031,27,1753722862497,1,30,31,2.0047378540039062,0.15625,0.5
00000247--b657952782--28,P0,1000052,55,1756522525734,1,52,63,2.2803268432617188,0.03125,0.0
00000247--b657952782--28,P0,1000058,55,1756522525734,1,57,56,2.5185165405273438,0.03125,0.5
00000247--b657952782--28,P0,1000052,56,1756622444958,1,63,52,2.2782249450683594,0.03125,0.0
00000247--b657952782--28,P0,1000058,56,1756622444958,1,56,57,1.7842864990234375,0.0625,0.25
00000247--b657952782--28,P0,1000052,57,1756722986913,1,52,53,3.179513931274414,0.03125,0.0
00000247--b657952782--28,P0,1000058,57,1756722986913,1,57,56,2.67388916015625,0.03125,0.25
00000247--b657952782--28,P0,1000066,73,1758323030276,1,64,69,1.9917716979980469,0.09375,0.0
00000247--b657952782--28,P0,1000095,101,1761123082465,1,93,105,2.5333709716796875,0.0625,0.25
00000247--b657952782--28,P0,1000098,101,1761123082465,1,96,97,2.5387344360351562,0.125,0.0
00000247--b657952782--28,P0,1000100,101,1761123082465,1,98,111,2.5445194244384766,0.0,0.25
00000247--b657952782--28,P0,1000095,102,1761222254262,1,105,93,2.0455551147460938,0.03125,0.0
00000247--b657952782--28,P0,1000098,102,1761222254262,1,97,96,2.0455551147460938,0.0625,0.0
00000247--b657952782--28,P0,1000100,102,1761222254262,1,111,98,2.039773941040039,0.125,0.25
00000247--b657952782--28,P0,1000091,104,1761422459897,1,89,91,0.9855556488037109,0.0,0.0
00000247--b657952782--28,P0,1000091,105,1761522722941,1,91,89,3.4917593002319336,0.03125,0.0
00000247--b657952782--28,P0,1000140,120,1763023136191,1,131,136,2.2281341552734375,0.375,0.25
00000247--b657952782--28,P0,1000127,121,1763122502974,1,123,122,2.2523813247680664,0.09375,0.0
00000247--b657952782--28,P0,1000140,121,1763122502974,1,136,131,2.0081138610839844,0.21875,0.25
00000247--b657952782--28,P0,1000140,139,1764922513887,1,131,136,2.5031509399414062,0.28125,0.25
00000247--b657952782--28,P0,1000159,139,1764922513887,1,150,155,2.7418060302734375,0.125,0.25
00000247--b657952782--28,P0,1000140,140,1765022640678,1,136,131,2.2539968490600586,0.34375,0.0
00000247--b657952782--28,P0,1000159,140,1765022640678,1,155,150,1.7596244812011719,0.0,0.25
00000247--b657952782--28,P0,1000140,141,1765123463684,1,131,136,2.2184886932373047,0.34375,0.0
00000247--b657952782--28,P0,1000159,141,1765123463684,1,150,155,2.7188453674316406,0.03125,0.0
00000247--b657952782--28,P0,1000140,142,1765222269599,1,136,131,2.0333423614501953,0.40625,0.0
00000247--b657952782--28,P0,1000159,142,1765222269599,1,155,150,1.5329666137695312,0.03125,0.0
00000247--b657952782--28,P0,1000140,143,1765322900685,1,131,136,2.490631103515625,0.4375,0.0
00000247--b657952782--28,P0,1000159,143,1765322900685,1,150,155,2.740734100341797,0.0625,0.0
00000247--b657952782--28,P0,1000159,144,1765423095176,1,155,150,2.0089492797851562,0.03125,0.0
00000247--b657952782--28,P0,1000159,145,1765523040305,1,150,155,2.4903602600097656,0.0,0.0
00000247--b657952782--28,P0,1000159,146,1765623295471,1,155,150,1.9822826385498047,0.15625,0.0
00000247--b657952782--28,P0,1000200,176,1768623300985,1,191,200,3.0000057220458984,0.15625,0.25
00000247--b657952782--28,P0,1000200,177,1768722602281,1,200,191,1.9998531341552734,0.28125,0.5
00000247--b657952782--28,P0,1000221,186,1769623144481,1,212,227,2.2386598587036133,0.28125,0.0
00000247--b657952782--28,P0,1000225,186,1769623144481,1,216,223,1.7329559326171875,0.03125,0.25
00000247--b657952782--28,P0,1000239,186,1769623144481,1,230,232,1.9943618774414062,0.21875,0.25
00000247--b657952782--28,P0,1000221,187,1769722769248,1,227,212,2.493337631225586,0.3125,0.0
00000247--b657952782--28,P0,1000225,187,1769722769248,1,223,216,2.7490386962890625,0.125,0.25
00000247--b657952782--28,P0,1000239,187,1769722769248,1,232,230,2.7376365661621094,0.03125,0.25
00000247--b657952782--28,P0,1000221,188,1769823274440,1,212,227,1.9887394905090332,0.34375,0.0
00000247--b657952782--28,P0,1000225,188,1769823274440,1,216,223,1.9832382202148438,0.03125,0.25
00000247--b657952782--28,P0,1000239,188,1769823274440,1,230,232,1.9942436218261719,0.0,0.25
00000247--b657952782--28,P0,1000263,210,1772022903719,1,252,254,2.030559539794922,0.09375,0.0
00000247--b657952782--28,P0,1000263,211,1772123888464,1,254,252,0.9756317138671875,0.0,0.0
00000247--b657952782--28,P0,1000274,211,1772123888464,1,262,264,1.7201690673828125,0.125,0.25
00000247--b657952782--28,P0,1000263,212,1772224930132,1,252,254,3.222137451171875,0.03125,0.25
00000247--b657952782--28,P0,1000274,212,1772224930132,1,264,262,2.7328147888183594,0.0625,0.25
00000247--b657952782--28,P0,1000263,213,1772323137718,1,254,252,1.0244598388671875,0.0,0.0
00000247--b657952782--28,P0,1000274,213,1772323137718,1,262,264,2.024730682373047,0.0625,0.0
00000247--b657952782--28,P0,1000274,214,1772422306871,1,264,262,2.7790069580078125,0.03125,0.0
00000247--b657952782--28,P0,1000274,215,1772522618156,1,262,264,2.0189876556396484,0.0625,0.0
00000247--b657952782--28,P0,1000274,216,1772622275984,1,264,262,2.528261184692383,0.09375,0.25
00000247--b657952782--28,P0,1000274,217,1772723385407,1,262,264,1.9613227844238281,0.1875,0.25
00000247--b657952782--28,P0,1000318,246,1775624125854,1,310,303,2.990997314453125,0.15625,0.0
00000247--b657952782--28,P0,1000318,247,1775723248802,1,303,310,2.009246826171875,0.125,0.0
00000247--b657952782--28,P0,1000322,249,1775922660214,1,307,321,2.0175209045410156,0.03125,0.25
00000247--b657952782--28,P0,1000332,251,1776123124439,1,317,318,1.9827804565429688,0.4375,0.0
00000247--b657952782--28,P0,1000332,252,1776222492478,1,318,317,2.5079574584960938,0.59375,0.0
00000247--b657952782--28,P0,1000375,287,1779723193953,1,356,367,2.0115108489990234,0.21875,0.25
00000247--b657952782--28,P0,1000375,288,1779822416102,1,367,356,2.0061893463134766,0.15625,0.0
00000247--b657952782--28,P0,1000375,289,1779922686636,1,356,367,1.7443428039550781,0.125,0.0
00000247--b657952782--28,P0,1000404,327,1783723474450,1,385,406,2.0258712768554688,0.0,0.0
00000247--b657952782--28,P0,1000404,330,1784022583912,1,406,385,2.0031938552856445,0.0,0.25
00000247--b657952782--28,P0,1000489,376,1788622919215,1,470,478,2.039815902709961,0.0625,0.0
00000247--b657952782--28,P0,1000491,376,1788622919215,1,472,475,2.0398178100585938,0.03125,0.0
00000247--b657952782--28,P0,1000489,377,1788722519650,1,478,470,2.7635650634765625,0.03125,0.0
00000247--b657952782--28,P0,1000491,377,1788722519650,1,475,472,2.5135650634765625,0.03125,0.0
00000247--b657952782--28,P0,1000489,378,1788822320023,1,470,478,1.9623908996582031,0.09375,0.0
00000247--b657952782--28,P0,1000491,378,1788822320023,1,472,475,1.9623908996582031,0.0625,0.0
00000247--b657952782--28,P0,1000516,378,1788822320023,1,490,496,1.9439697265625,0.5625,0.75
00000247--b657952782--28,P0,1000489,379,1788923389969,1,478,470,2.720264434814453,0.0625,0.25
00000247--b657952782--28,P0,1000491,379,1788923389969,1,475,472,2.714923858642578,0.0625,0.0
00000247--b657952782--28,P0,1000502,379,1788923389969,1,483,492,2.720264434814453,0.375,0.25
00000247--b657952782--28,P0,1000516,379,1788923389969,1,496,490,2.7256088256835938,0.125,0.5
00000247--b657952782--28,P0,1000489,380,1789022242472,1,470,478,2.026123046875,0.03125,0.25
00000247--b657952782--28,P0,1000491,380,1789022242472,1,472,475,2.0314645767211914,0.0625,0.0
00000247--b657952782--28,P0,1000502,380,1789022242472,1,492,483,2.031810760498047,0.21875,0.0
00000247--b657952782--28,P0,1000516,380,1789022242472,1,490,496,2.020782470703125,0.34375,0.5
00000247--b657952782--28,P0,1000502,393,1790322497866,1,483,492,2.271799087524414,0.0625,0.25
00000247--b657952782--28,P0,1000516,393,1790322497866,1,496,490,3.515623092651367,0.09375,0.0
00000247--b657952782--28,P0,1000502,394,1790422431611,1,492,483,1.9497747421264648,0.0625,0.25
00000247--b657952782--28,P0,1000516,394,1790422431611,1,490,496,0.4559516906738281,0.09375,0.0
00000247--b657952782--28,P0,1000502,395,1790523200159,1,483,492,2.2503042221069336,0.09375,0.25
00000247--b657952782--28,P0,1000516,395,1790523200159,1,496,490,3.7446584701538086,0.125,0.0
00000247--b657952782--28,P0,1000502,396,1790622601587,1,492,483,2.0041980743408203,0.0625,0.0
00000247--b657952782--28,P0,1000516,396,1790622601587,1,490,496,0.7541532516479492,0.09375,0.0
00000247--b657952782--28,P0,1000529,400,1791022413805,1,509,523,2.2597808837890625,0.1875,0.25
00000247--b657952782--28,P0,1000540,400,1791022413805,1,520,522,2.009868621826172,0.0625,0.25
00000247--b657952782--28,P0,1000529,401,1791122604985,1,523,509,2.2323684692382812,0.15625,0.25
00000247--b657952782--28,P0,1000540,401,1791122604985,1,522,520,2.4821090698242188,0.1875,0.25
00000247--b657952782--28,P0,1000555,416,1792622232692,1,534,535,2.262042999267578,0.09375,0.0
00000247--b657952782--28,P0,1000555,417,1792722695363,1,535,534,1.9935874938964844,0.1875,0.0
00000247--b657952782--28,P0,1000555,418,1792822576188,1,534,535,2.7558059692382812,0.125,0.0
00000247--b657952782--28,P0,1000557,429,1793922925108,1,548,546,1.9961652755737305,0.03125,0.25
00000247--b657952782--28,P0,1000557,430,1794023335747,1,546,548,2.481557846069336,0.0625,0.25
00000247--b657952782--28,P0,1000560,430,1794023335747,1,539,551,1.9761180877685547,0.125,0.0
00000247--b657952782--28,P0,1000560,431,1794123171780,1,551,539,1.9954586029052734,0.125,0.0
00000247--b657952782--28,P0,1000599,457,1796722803813,1,578,579,2.4251174926757812,0.9375,0.25
00000247--b657952782--28,P0,1000594,458,1796822271365,1,581,573,2.0096893310546875,0.03125,0.25
00000247--b657952782--28,P0,1000599,458,1796822271365,1,579,578,2.0096893310546875,0.25,0.25
00000247--b657952782--28,P0,1000594,459,1796922621790,1,573,581,2.4854202270507812,0.03125,0.25
00000247--b657952782--28,P0,1000599,459,1796922621790,1,578,579,2.23541259765625,0.03125,0.25
00000247--b657952782--28,P0,1000599,474,1798422854046,1,579,578,1.9579124450683594,0.1875,0.0
00000247--b657952782--28,P0,1000649,531,1804122567755,1,624,630,2.1867446899414062,0.25,1.0
00000247--b657952782--28,P0,1000673,549,1805922771243,1,648,651,2.749034881591797,0.15625,0.0
00000247--b657952782--28,P0,1000689,566,1807623561282,1,663,664,1.4792251586914062,0.0625,0.0
00000247--b657952782--28,P0,1000684,567,1807723453728,1,659,668,3.31280517578125,0.125,0.0
00000247--b657952782--28,P0,1000684,568,1807822364036,1,668,659,2.0370635986328125,0.40625,0.25
00000247--b657952782--29,P0,1000005,9,1811922735910,1,6,9,2.4747133255004883,0.125,0.0
00000247--b657952782--29,P0,1000005,10,1812022377368,1,9,6,2.0174808502197266,0.125,0.0
00000247--b657952782--29,P0,1000088,116,1822622988075,1,88,91,0.5042266845703125,0.03125,0.0
00000247--b657952782--29,P0,1000088,117,1822723155517,1,91,88,3.497051239013672,0.03125,0.0
00000247--b657952782--29,P0,1000089,117,1822723155517,1,94,89,2.247049331665039,0.09375,0.0
00000247--b657952782--29,P0,1000100,137,1824722917549,1,99,107,1.9411277770996094,0.03125,0.25
00000247--b657952782--29,P0,1000105,137,1824722917549,1,104,106,1.9470462799072266,0.0,0.0
00000247--b657952782--29,P0,1000162,217,1832722539355,1,159,164,2.249767303466797,0.09375,0.25
00000247--b657952782--29,P0,1000173,229,1833922370193,1,172,170,2.2746315002441406,0.28125,0.5
00000247--b657952782--29,P0,1000173,231,1834122438625,1,170,172,4.2140116691589355,0.03125,0.25
00000247--b657952782--29,P0,1000188,250,1836022840254,1,185,187,2.0083980560302734,0.03125,0.0
00000247--b657952782--29,P0,1000189,250,1836022840254,1,186,188,1.77587890625,0.03125,0.0
00000247--b657952782--29,P0,1000192,252,1836222911486,1,190,189,1.7288665771484375,0.125,0.0
00000247--b657952782--29,P0,1000192,253,1836323732607,1,189,190,3.2487335205078125,0.125,0.0
00000247--b657952782--29,P0,1000192,254,1836424030213,1,190,189,1.2580795288085938,0.03125,0.25
00000247--b657952782--29,P0,1000194,254,1836424030213,1,191,192,2.0496673583984375,0.03125,0.5
00000247--b657952782--29,P0,1000192,255,1836523272612,1,189,190,3.2550506591796875,0.15625,0.0
00000247--b657952782--29,P0,1000194,255,1836523272612,1,192,191,2.973602294921875,0.09375,0.5
00000247--b657952782--29,P0,1000192,256,1836622288304,1,190,189,1.3043327331542969,0.03125,0.0
00000247--b657952782--29,P0,1000194,256,1836622288304,1,191,192,2.0259170532226562,0.1875,0.0
00000247--b657952782--29,P0,1000192,258,1836822875391,1,189,190,1.7110633850097656,0.0625,0.0
00000247--b657952782--29,P0,1000192,259,1836922745675,1,190,189,3.001056671142578,0.03125,0.0
00000247--b657952782--29,P0,1000206,271,1838123061409,1,202,204,2.001558303833008,0.0,0.0
00000247--b657952782--29,P0,1000209,271,1838123061409,1,205,210,2.4300975799560547,0.03125,0.0
00000247--b657952782--29,P0,1000249,309,1841922877925,1,245,249,2.249561309814453,0.0625,0.25
00000247--b657952782--29,P0,1000249,310,1842023166456,1,249,245,2.2395973205566406,0.03125,0.25
00000247--b657952782--29,P0,1000304,355,1846522486264,1,299,315,2.2247238159179688,0.6875,0.0
00000247--b657952782--29,P0,1000322,355,1846522486264,1,316,322,2.224721908569336,0.15625,0.0
00000247--b657952782--29,P0,1000322,358,1846823099383,1,322,316,2.248631000518799,0.1875,0.0
00000247--b657952782--29,P0,1000333,363,1847314968814,1,327,346,1.9549064636230469,0.0,0.5
00000247--b657952782--29,P0,1000369,376,1848622926739,1,360,368,2.76947021484375,0.03125,0.25
00000247--b657952782--29,P0,1000393,393,1850312603617,1,384,385,1.7460708618164062,0.1875,0.0
00000247--b657952782--29,P0,1000391,396,1850613109576,1,382,383,2.0201969146728516,0.25,0.25
00000247--b657952782--29,P0,1000393,396,1850613109576,1,385,384,1.5308303833007812,0.09375,0.25
00000247--b657952782--29,P0,1000391,397,1850713320641,1,383,382,3.254446029663086,0.28125,0.25
00000247--b657952782--29,P0,1000393,397,1850713320641,1,384,385,3.743316650390625,0.0625,0.25
00000247--b657952782--29,P0,1000391,398,1850812804503,1,382,383,2.006816864013672,0.3125,0.25
00000247--b657952782--29,P0,1000393,398,1850812804503,1,385,384,1.5122604370117188,0.09375,0.0
00000247--b657952782--29,P0,1000393,402,1851212395229,1,384,385,2.250091552734375,0.0,0.0
00000247--b657952782--29,P0,1000509,451,1856112802318,1,499,500,2.000459671020508,0.03125,0.0
00000247--b657952782--29,P0,1000525,463,1857313499588,1,515,516,3.733642578125,0.375,0.25
00000247--b657952782--29,P0,1000525,464,1857412534341,1,516,515,2.2937545776367188,0.21875,0.25
00000247--b657952782--29,P0,1000531,464,1857412534341,1,527,521,2.293750762939453,0.125,0.25
00000247--b657952782--29,P0,1000532,464,1857412534341,1,525,522,2.0437545776367188,1.03125,0.25
00000247--b657952782--29,P0,1000525,465,1857512868455,1,515,516,2.7342147827148438,0.1875,0.25
00000247--b657952782--29,P0,1000525,466,1857613189132,1,516,515,2.0055007934570312,0.21875,0.0
00000247--b657952782--29,P0,1000525,467,1857713491372,1,515,516,2.9718856811523438,0.375,0.25
00000247--b657952782--29,P0,1000531,467,1857713491372,1,521,527,2.9661808013916016,0.03125,0.0
00000247--b657952782--29,P0,1000531,468,1857813210622,1,527,521,1.7923698425292969,0.0625,0.0
00000247--b657952782--29,P0,1000531,469,1857913502863,1,521,527,2.959920883178711,0.0625,0.0
00000247--b657952782--29,P0,1000525,476,1858613181160,1,516,515,0.49826812744140625,0.34375,0.0
00000247--b657952782--29,P0,1000538,476,1858613181160,1,539,514,1.5040206909179688,0.34375,0.25
00000247--b657952782--29,P0,1000538,477,1858713370383,1,514,539,3.4601516723632812,0.3125,0.25
00000247--b657952782--29,P0,1000556,477,1858713370383,1,542,543,3.2044143676757812,0.0625,0.5
00000247--b657952782--29,P0,1000538,478,1858812275974,1,539,514,1.7889022827148438,0.375,0.25
00000247--b657952782--29,P0,1000556,478,1858812275974,1,543,542,1.7889060974121094,0.125,0.25
00000247--b657952782--29,P0,1000559,478,1858812275974,1,548,545,1.7831802368164062,0.40625,0.0
00000247--b657952782--29,P0,1000556,479,1858912480092,1,542,543,3.242584228515625,0.125,0.0
00000247--b657952782--29,P0,1000556,480,1859013129447,1,543,542,2.005369186401367,0.0625,0.0
00000247--b657952782--29,P0,1000556,481,1859112781041,1,542,543,3.2483463287353516,0.03125,0.0
00000247--b657952782--29,P0,1000559,481,1859112781041,1,545,548,2.9983444213867188,0.03125,0.0
00000247--b657952782--29,P0,1000556,482,1859212670800,1,543,542,2.0000648498535156,0.03125,0.0
00000247--b657952782--29,P0,1000559,482,1859212670800,1,548,545,2.00006103515625,0.09375,0.0
00000247--b657952782--29,P0,1000564,482,1859212670800,1,552,550,0.50006103515625,0.1875,0.0
00000247--b657952782--29,P0,1000559,483,1859312567119,1,545,548,3.2537765502929688,0.09375,0.25
00000247--b657952782--29,P0,1000559,484,1859412561870,1,548,545,2.0002670288085938,0.09375,0.0
00000247--b657952782--29,P0,1000589,499,1860912838990,1,572,570,2.505950927734375,0.09375,0.25
00000247--b657952782--29,P0,1000594,501,1861112932181,1,577,576,2.497486114501953,0.03125,0.0
00000247--b657952782--29,P0,1000551,504,1861413009334,1,537,576,2.55963134765625,0.21875,0.0
00000247--b657952782--29,P0,1000551,505,1861512709877,1,576,537,2.2531261444091797,0.25,0.25
00000247--b657952782--29,P0,1000591,505,1861512709877,1,574,578,2.01483154296875,0.375,0.25
00000247--b657952782--29,P0,1000591,506,1861612804202,1,578,574,2.7583541870117188,0.34375,0.25
00000247--b657952782--29,P0,1000599,511,1862112486909,1,581,589,2.7486572265625,0.03125,0.0
00000247--b657952782--29,P0,1000612,518,1862812632767,1,594,595,2.7512969970703125,0.09375,0.0
00000247--b657952782--29,P0,1000618,528,1863813274482,1,599,602,3.223888397216797,0.09375,0.0
00000247--b657952782--29,P0,1000624,540,1865012490569,1,605,606,1.9873542785644531,0.125,0.25
00000247--b657952782--29,P0,1000651,577,1868713161639,1,632,638,1.450882911682129,0.28125,0.5
00000247--b657952782--3,P0,1000002,44,255443862649,1,3,66,1.6315975189208984,0.15625,0.25
00000247--b657952782--3,P0,1000040,50,256033248982,1,71,41,1.7208175659179688,0.9375,0.5
00000247--b657952782--3,P0,1000040,51,256133355549,1,41,71,0.5015640258789062,0.875,0.0
00000247--b657952782--3,P0,1000053,51,256133355549,1,54,81,2.7462539672851562,0.125,0.25
00000247--b657952782--3,P0,1000040,52,256232546392,1,71,41,1.5190353393554688,0.78125,0.0
00000247--b657952782--3,P0,1000040,54,256433355618,1,41,71,0.48395538330078125,0.84375,0.0
00000247--b657952782--3,P0,1000040,56,256632529229,1,71,41,1.501922607421875,0.875,0.0
00000247--b657952782--3,P0,1000040,58,256835122799,1,41,71,0.63177490234375,0.84375,0.0
00000247--b657952782--3,P0,1000086,62,257232607416,1,84,89,2.2221832275390625,0.59375,0.5
00000247--b657952782--3,P0,1000079,84,259433576392,1,77,78,1.9849853515625,0.3125,0.0
00000247--b657952782--3,P0,1000125,92,260233372597,1,120,77,1.511016845703125,1.125,0.0
00000247--b657952782--3,P0,1000125,111,262133353409,1,77,120,0.7525062561035156,1.09375,0.0
00000247--b657952782--3,P0,1000125,112,262232578502,1,120,77,1.0049171447753906,0.46875,0.25
00000247--b657952782--3,P0,1000076,127,263733329107,1,74,159,0.9920158386230469,0.4375,0.0
00000247--b657952782--3,P0,1000076,128,263833559042,1,159,74,0.24481582641601562,0.15625,0.25
00000247--b657952782--3,P0,1000220,190,270043452088,1,200,176,0.0,0.0,0.0
00000247--b657952782--30,P0,1000027,43,1875413176475,1,28,31,1.2546577453613281,0.0,0.0
00000247--b657952782--30,P0,1000167,294,1900512925508,1,167,171,1.993682861328125,0.21875,0.0
00000247--b657952782--30,P0,1000167,304,1901512783731,1,171,167,2.5357656478881836,0.0625,0.0
00000247--b657952782--30,P0,1000170,304,1901512783731,1,170,177,2.2740478515625,0.03125,0.5
00000247--b657952782--30,P0,1000174,304,1901512783731,1,181,174,2.5357666015625,0.03125,0.0
00000247--b657952782--30,P0,1000179,304,1901512783731,1,179,180,2.5357666015625,0.1875,0.0
00000247--b657952782--30,P0,1000179,305,1901612261386,1,180,179,2.4718055725097656,0.09375,0.0
00000247--b657952782--30,P0,1000179,315,1902612231926,1,179,180,2.4582958221435547,0.0625,0.25
00000247--b657952782--30,P0,1000179,316,1902713331369,1,180,179,2.264902114868164,0.0,0.25
00000247--b657952782--30,P0,1000213,341,1905213020555,1,212,214,2.25482177734375,0.0625,0.25
00000247--b657952782--30,P0,1000213,342,1905312851985,1,214,212,2.4924087524414062,0.03125,0.25
00000247--b657952782--30,P0,1000252,373,1908412591933,1,251,252,2.252511978149414,0.1875,0.25
00000247--b657952782--30,P0,1000267,393,1910412359031,1,266,267,2.258258819580078,0.0625,0.25
00000247--b657952782--30,P0,1000267,394,1910513338204,1,267,266,2.205890655517578,0.0625,0.25
00000247--b657952782--30,P0,1000267,400,1911113251992,1,266,267,3.025646209716797,0.03125,0.25
00000247--b657952782--30,P0,1000267,401,1911212717598,1,267,266,2.7083606719970703,0.03125,0.25
00000247--b657952782--30,P0,1000267,402,1911313201065,1,266,267,2.849681854248047,0.03125,0.25
00000247--b657952782--30,P0,1000267,403,1911413091908,1,267,266,1.6459765434265137,0.0,0.25
00000247--b657952782--30,P0,1000274,408,1911913396754,1,273,275,2.2013816833496094,0.0625,0.25
00000247--b657952782--30,P0,1000330,461,1917212006408,1,329,331,2.704583168029785,0.125,0.0
00000247--b657952782--30,P0,1000418,543,1925413755880,1,416,414,2.0190086364746094,0.59375,0.5
00000247--b657952782--30,P0,1000414,564,1927513262477,1,412,431,2.2097702026367188,0.09375,0.25
00000247--b657952782--30,P0,1000432,569,1928012895852,1,437,430,2.7134552001953125,0.125,0.25
00000247--b657952782--30,P0,1000432,570,1928112694378,1,430,437,4.0432586669921875,0.15625,0.0
00000247--b657952782--30,P0,1000435,570,1928112694378,1,438,433,4.288658142089844,0.0,0.0
00000247--b657952782--30,P0,1000454,576,1928713134550,1,451,456,2.297515869140625,0.1875,0.0
00000247--b657952782--30,P0,1000457,576,1928713134550,1,453,454,4.007621765136719,0.15625,0.25
00000247--b657952782--30,P0,1000454,577,1928813177644,1,456,451,2.2152252197265625,0.03125,0.0
00000247--b657952782--30,P0,1000457,577,1928813177644,1,454,453,0.7583808898925781,0.0,0.0
00000247--b657952782--30,P0,1000454,582,1929312829862,1,451,456,2.7551231384277344,0.03125,0.25
00000247--b657952782--30,P0,1000454,587,1929812911164,1,456,451,2.7011032104492188,0.03125,0.0
00000247--b657952782--30,P0,1000471,587,1929812911164,1,469,465,2.458770751953125,0.09375,0.0
00000247--b657952782--30,P0,1000454,595,1930612668792,1,451,456,3.7522201538085938,0.0625,0.0
00000247--b657952782--30,P0,1000487,595,1930612668792,1,478,479,3.7522430419921875,0.09375,0.0
00000247--b657952782--31,P0,1000001,3,1931312732988,1,2,4,3.471385955810547,0.0625,0.25
00000247--b657952782--31,P0,1000001,6,1931612630340,1,4,2,2.7612838745117188,0.0625,0.25
00000247--b657952782--31,P0,1000001,8,1931814221907,1,2,4,3.8376541137695312,0.0625,0.25
00000247--b657952782--31,P0,1000001,9,1931912537483,1,4,2,2.7534027099609375,0.03125,0.0
00000247--b657952782--31,P0,1000023,24,1933414056295,1,23,27,2.3202056884765625,0.03125,0.5
00000247--b657952782--31,P0,1000014,28,1933813099842,1,15,38,2.8057289123535156,0.0625,0.25
00000247--b657952782--31,P0,1000014,29,1933913152145,1,38,15,2.188701629638672,0.0625,0.25
00000247--b657952782--31,P0,1000029,44,1935413162651,1,28,27,2.7443809509277344,0.0625,0.25
00000247--b657952782--31,P0,1000042,44,1935413162651,1,41,50,2.9943809509277344,0.15625,0.25
00000247--b657952782--31,P0,1000044,44,1935413162651,1,43,51,3.2735595703125,0.125,0.0
00000247--b657952782--31,P0,1000042,45,1935513466812,1,50,41,2.778766632080078,0.1875,0.25
00000247--b657952782--31,P0,1000044,45,1935513466812,1,51,43,2.466522216796875,0.09375,0.0
00000247--b657952782--31,P0,1000042,46,1935612785870,1,41,50,2.470531463623047,0.1875,0.25
00000247--b657952782--31,P0,1000044,46,1935612785870,1,43,51,2.78277587890625,0.0625,0.0
00000247--b657952782--31,P0,1000042,47,1935712955039,1,50,41,2.7282867431640625,0.1875,0.25
00000247--b657952782--31,P0,1000044,47,1935712955039,1,51,43,2.4479331970214844,0.0625,0.0
00000247--b657952782--31,P0,1000042,52,1936212813955,1,41,50,2.708425521850586,0.0,0.25
00000247--b657952782--31,P0,1000044,52,1936212813955,1,43,51,2.9961585998535156,0.15625,0.25
00000247--b657952782--31,P0,1000055,52,1936212813955,1,54,57,2.6939468383789062,0.46875,0.0
00000247--b657952782--31,P0,1000061,52,1936212813955,1,60,61,2.4118881225585938,0.09375,0.25
00000247--b657952782--31,P0,1000042,53,1936312660431,1,50,41,2.7940521240234375,0.03125,0.25
00000247--b657952782--31,P0,1000043,53,1936312660431,1,42,64,2.815042495727539,0.0625,0.25
00000247--b657952782--31,P0,1000044,53,1936312660431,1,51,43,2.507049560546875,0.03125,0.25
00000247--b657952782--31,P0,1000054,53,1936312660431,1,53,63,2.7801780700683594,0.59375,0.25
00000247--b657952782--31,P0,1000055,53,1936312660431,1,57,54,2.8092575073242188,0.3125,0.0
00000247--b657952782--31,P0,1000061,53,1936312660431,1,61,60,3.090587615966797,0.0,0.25
00000247--b657952782--31,P0,1000042,54,1936404314841,1,41,50,2.402353286743164,0.03125,0.25
00000247--b657952782--31,P0,1000044,54,1936404314841,1,43,51,2.683683395385742,0.03125,0.0
00000247--b657952782--31,P0,1000054,54,1936404314841,1,63,53,2.410552978515625,0.53125,0.0
00000247--b657952782--31,P0,1000055,54,1936404314841,1,54,57,2.683685302734375,0.59375,0.0
00000247--b657952782--31,P0,1000061,54,1936404314841,1,60,61,2.4023513793945312,0.25,0.25
00000247--b657952782--31,P0,1000102,84,1939412291716,1,97,98,2.226593017578125,0.125,0.0
00000247--b657952782--31,P0,1000096,85,1939512782891,1,91,95,4.0319976806640625,0.09375,0.25
00000247--b657952782--31,P0,1000102,85,1939512782891,1,98,97,3.766815185546875,0.0625,0.25
00000247--b657952782--31,P0,1000105,85,1939512782891,1,100,105,3.495391845703125,0.1875,0.25
00000247--b657952782--31,P0,1000096,86,1939604979612,1,95,91,2.1783523559570312,0.03125,0.25
00000247--b657952782--31,P0,1000102,86,1939604979612,1,97,98,2.1783447265625,0.3125,0.25
00000247--b657952782--31,P0,1000105,86,1939604979612,1,105,100,2.4497718811035156,0.25,0.25
00000247--b657952782--31,P0,1000116,97,1940712595545,1,110,116,2.7548866271972656,0.09375,0.0
00000247--b657952782--31,P0,1000105,98,1940812351862,1,100,105,2.719794273376465,0.03125,0.5
00000247--b657952782--31,P0,1000105,99,1940912925688,1,105,100,3.01778507232666,0.03125,0.0
00000247--b657952782--31,P0,1000102,106,1941612322396,1,97,126,2.4798660278320312,0.09375,0.25
00000247--b657952782--31,P0,1000106,111,1942112648162,1,101,99,2.4968948364257812,0.09375,0.25
00000247--b657952782--31,P0,1000149,118,1942812294060,1,138,139,2.5542984008789062,0.0625,0.5
00000247--b657952782--31,P0,1000101,126,1943612628192,1,96,101,2.739522933959961,0.03125,0.25
00000247--b657952782--31,P0,1000164,126,1943612628192,1,153,167,2.955547332763672,0.03125,0.0
00000247--b657952782--31,P0,1000153,130,1944012560580,1,142,176,2.5255355834960938,0.34375,0.0
00000247--b657952782--31,P0,1000173,130,1944012560580,1,162,175,2.70648193359375,0.21875,0.0
